time,lat,lon,freq_index,peak_val,noise_mean
20260805_135044,,,0,3,1
20260805_135044,,,1,2,1
20260805_135045,,,2,4,1
20260805_135045,,,3,9,2
20260805_135046,,,4,5,1
20260805_135046,43.134388,-70.936296,5,5,2
20260805_135047,43.134388,-70.936296,6,16,4
20260805_135047,43.134342,-70.93627,7,19,8
20260805_135048,43.134342,-70.93627,8,9,5
20260805_135048,43.134293,-70.936254,9,6,2
20260805_135049,43.134293,-70.936254,10,2,1
20260805_135049,43.134245,-70.936245,11,2,1
20260805_135050,43.134245,-70.936245,12,3,1
20260805_135050,43.134195,-70.936242,13,3,1
20260805_135051,43.134195,-70.936242,14,2,1
20260805_135051,43.134146,-70.936242,15,3,1
20260805_135052,43.134146,-70.936242,16,2,1
20260805_135052,43.1341,-70.936248,17,1,0
20260805_135053,43.1341,-70.936248,18,4,2
20260805_135053,43.134057,-70.936254,19,6,2
20260805_135054,43.134057,-70.936254,20,5,2
20260805_135054,,,0,5,2
20260805_135055,,,1,2,1
20260805_135055,,,2,4,1
20260805_135056,,,3,6,2
20260805_135056,,,4,5,1
20260805_135057,,,5,5,2
20260805_135057,,,6,11,4
20260805_135058,,,7,15,6
20260805_135058,,,8,8,3
20260805_135059,,,9,7,3
20260805_135059,43.134073,-70.936635,10,6,3
20260805_135100,43.134073,-70.936635,11,4,2
20260805_135100,43.134104,-70.936699,12,5,3
20260805_135101,43.134137,-70.936764,13,4,2
20260805_135101,43.134137,-70.936764,14,5,3
20260805_135102,43.134176,-70.936834,15,7,3
20260805_135102,43.134176,-70.936834,16,5,2
20260805_135103,43.134217,-70.936905,17,3,2
20260805_135103,43.134217,-70.936905,18,3,2
20260805_135104,43.134259,-70.936977,19,7,2
20260805_135104,43.134259,-70.936977,20,3,2
20260805_135105,43.134304,-70.937048,0,5,2
20260805_135105,43.134304,-70.937048,1,5,2
20260805_135106,43.134351,-70.93712,2,4,2
20260805_135106,43.134351,-70.93712,3,8,3
20260805_135107,43.134398,-70.937192,4,6,2
20260805_135107,43.134398,-70.937192,5,6,3
20260805_135108,43.134444,-70.937263,6,16,4
20260805_135108,43.134444,-70.937263,7,17,8
20260805_135109,43.134487,-70.937332,8,12,6
20260805_135109,43.134487,-70.937332,9,8,2
20260805_135110,43.134529,-70.937399,10,3,1
20260805_135110,43.134529,-70.937399,11,3,2
20260805_135111,43.134568,-70.937466,12,4,2
20260805_135111,43.134568,-70.937466,13,4,2
20260805_135112,,,14,3,1
20260805_135112,,,15,4,1
20260805_135113,,,16,4,2
20260805_135113,,,17,3,1
20260805_135114,,,18,4,2
20260805_135114,,,19,5,2
20260805_135115,,,20,5,2
20260805_135115,,,0,4,1
20260805_135116,43.134749,-70.937781,1,2,1
20260805_135116,43.134749,-70.937781,2,3,2
20260805_135117,43.134758,-70.937816,3,9,3
20260805_135117,43.134758,-70.937816,4,4,1
20260805_135118,43.134785,-70.937862,5,5,2
20260805_135119,43.134785,-70.937862,6,9,3
20260805_135119,,,7,21,8
20260805_135120,,,8,8,3
20260805_135120,,,9,7,3
20260805_135121,,,10,6,2
20260805_135121,,,11,2,1
20260805_135122,,,12,4,2
20260805_135122,43.134593,-70.937904,13,4,2
20260805_135123,43.134593,-70.937904,14,3,2
20260805_135123,43.134549,-70.937964,15,6,2
20260805_135124,43.134549,-70.937964,16,3,1
20260805_135124,43.1345,-70.938024,17,3,1
20260805_135125,43.1345,-70.938024,18,5,2
20260805_135125,43.134448,-70.938081,19,6,2
20260805_135126,43.134448,-70.938081,20,4,2
20260805_135126,43.134393,-70.938134,0,4,2
20260805_135127,43.134393,-70.938134,1,3,1
20260805_135127,43.134337,-70.938185,2,5,2
20260805_135128,43.134337,-70.938185,3,8,3
20260805_135128,43.134283,-70.938233,4,8,4
20260805_135129,43.134283,-70.938233,5,6,2
20260805_135129,43.134228,-70.938275,6,15,4
20260805_135130,43.134228,-70.938275,7,15,6
20260805_135130,43.134173,-70.938311,8,16,7
20260805_135131,43.134173,-70.938311,9,8,3
20260805_135131,43.134122,-70.938341,10,4,2
20260805_135132,43.134122,-70.938341,11,3,1
20260805_135132,,,12,4,2
20260805_135133,,,13,4,1
20260805_135133,,,14,3,1
20260805_135134,,,15,4,2
20260805_135134,,,16,3,1
20260805_135135,,,17,3,1
20260805_135135,,,18,3,1
20260805_135136,,,19,4,2
20260805_135136,,,20,3,1
20260805_135137,,,0,5,2
20260805_135137,,,1,4,2
20260805_135138,,,2,4,2
20260805_135138,,,3,10,4
20260805_135139,,,4,7,3
20260805_135139,43.133968,-70.938193,5,5,2
20260805_135140,43.133968,-70.938193,6,16,4
20260805_135140,43.133974,-70.938176,7,20,9
20260805_135141,43.133976,-70.938163,8,8,5
20260805_135141,43.133976,-70.938163,9,7,3
20260805_135142,43.133977,-70.938156,10,4,2
20260805_135142,43.133977,-70.938156,11,2,1
20260805_135143,43.133975,-70.938151,12,3,2
20260805_135143,43.133975,-70.938151,13,3,1
20260805_135144,43.133974,-70.938148,14,3,2
20260805_135144,43.133974,-70.938148,15,4,1
20260805_135145,43.133974,-70.938146,16,4,1
20260805_135145,43.133974,-70.938146,17,3,1
20260805_135146,43.133973,-70.938145,18,4,2
20260805_135146,43.133973,-70.938145,19,7,2
20260805_135147,43.133973,-70.938144,20,5,2
20260805_135147,43.133973,-70.938144,0,3,1
20260805_135148,43.133974,-70.938144,1,4,2
20260805_135148,43.133974,-70.938144,2,4,2
20260805_135149,43.133974,-70.938143,3,6,2
20260805_135149,43.133974,-70.938143,4,6,2
20260805_135150,43.133974,-70.938143,5,6,3
20260805_135150,43.133974,-70.938143,6,13,4
20260805_135151,43.133974,-70.938143,7,16,7
20260805_135151,43.133974,-70.938143,8,8,3
20260805_135152,43.133974,-70.938143,9,9,3
20260805_135152,43.133974,-70.938143,10,5,2
20260805_135153,43.133974,-70.938142,11,4,2
20260805_135153,43.133974,-70.938142,12,5,2
20260805_135154,43.133974,-70.938142,13,5,2
20260805_135154,43.133974,-70.938142,14,3,1
20260805_135155,43.133974,-70.938142,15,4,2
20260805_135155,43.133974,-70.938142,16,4,2
20260805_135156,43.133975,-70.938142,17,5,2
20260805_135156,43.133975,-70.938142,18,4,3
20260805_135157,43.133975,-70.938142,19,8,3
20260805_135157,43.133975,-70.938142,20,4,2
20260805_135158,43.133974,-70.938141,0,5,2
20260805_135159,43.133974,-70.938141,1,5,2
20260805_135159,43.133975,-70.938141,2,4,1
20260805_135200,43.133975,-70.938141,3,9,3
20260805_135200,43.133975,-70.938141,4,6,2
20260805_135201,43.133975,-70.938141,5,6,2
20260805_135201,43.133975,-70.938141,6,16,4
20260805_135202,43.133975,-70.938141,7,18,8
20260805_135202,43.133975,-70.938141,8,9,5
20260805_135203,43.133975,-70.938141,9,6,3
20260805_135203,43.133976,-70.93814,10,3,2
20260805_135204,43.133976,-70.93814,11,3,2
20260805_135204,43.133976,-70.93814,12,4,2
20260805_135205,43.133976,-70.93814,13,5,2
20260805_135205,43.133977,-70.938139,14,4,2
20260805_135206,43.133977,-70.938139,15,5,2
20260805_135206,43.133977,-70.938139,16,4,2
20260805_135207,43.133977,-70.938139,17,4,2
20260805_135207,43.133978,-70.938138,18,5,2
20260805_135208,43.133978,-70.938138,19,6,2
20260805_135208,43.133979,-70.938138,20,5,2
20260805_135209,43.133979,-70.938138,0,6,2
20260805_135209,43.133979,-70.938138,1,3,2
20260805_135210,43.133979,-70.938138,2,4,2
20260805_135210,43.13398,-70.938138,3,7,3
20260805_135211,43.13398,-70.938138,4,7,3
20260805_135211,43.13398,-70.938138,5,6,3
20260805_135212,43.13398,-70.938138,6,11,4
20260805_135212,43.13398,-70.938138,7,15,9
20260805_135213,43.13398,-70.938138,8,7,3
20260805_135213,43.133981,-70.938138,9,6,3
20260805_135214,43.133981,-70.938138,10,6,3
20260805_135214,43.133981,-70.938138,11,2,1
20260805_135215,43.133981,-70.938138,12,4,2
20260805_135215,43.133981,-70.938138,13,4,2
20260805_135216,43.133981,-70.938138,14,4,1
20260805_135216,43.133981,-70.938138,15,4,1
20260805_135217,43.133981,-70.938138,16,3,1
20260805_135217,43.133981,-70.938138,17,2,1
20260805_135218,43.133981,-70.938138,18,3,1
20260805_135218,43.133981,-70.938139,19,5,1
20260805_135219,43.133981,-70.938139,20,3,1
20260805_135219,43.133981,-70.938139,0,3,1
20260805_135220,43.133981,-70.938139,1,3,1
20260805_135220,43.133981,-70.938139,2,4,1
20260805_135221,43.133981,-70.938139,3,7,2
20260805_135221,43.133981,-70.938139,4,6,2
20260805_135222,43.133981,-70.938139,5,5,2
20260805_135222,43.133981,-70.93814,6,15,4
20260805_135223,43.133981,-70.93814,7,16,7
20260805_135223,43.133981,-70.93814,8,13,6
20260805_135224,43.133981,-70.93814,9,9,3
20260805_135224,43.133981,-70.93814,10,4,2
20260805_135225,43.133981,-70.93814,11,4,2
20260805_135225,43.133981,-70.93814,12,3,1
20260805_135226,43.133981,-70.938141,13,4,2
20260805_135226,43.133981,-70.938141,14,3,2
20260805_135227,43.133981,-70.938141,15,4,2
20260805_135227,43.133981,-70.938141,16,5,2
20260805_135228,43.133981,-70.938141,17,4,2
20260805_135228,43.133981,-70.938141,18,5,3
20260805_135229,43.133981,-70.938142,19,6,2
20260805_135229,43.133981,-70.938142,20,4,2
20260805_135230,43.133981,-70.938142,0,5,2
20260805_135230,43.133981,-70.938142,1,4,2
20260805_135231,43.13398,-70.938142,2,3,1
20260805_135231,43.13398,-70.938142,3,9,3
20260805_135232,43.13398,-70.938142,4,5,2
20260805_135232,43.13398,-70.938142,5,5,2
20260805_135233,43.13398,-70.938142,6,8,3
20260805_135233,43.13398,-70.938142,7,20,9
20260805_135234,43.13398,-70.938143,8,7,3
20260805_135234,43.13398,-70.938143,9,6,3
20260805_135235,43.13398,-70.938143,10,6,2
20260805_135235,43.13398,-70.938143,11,2,1
20260805_135236,43.13398,-70.938143,12,3,1
20260805_135236,43.13398,-70.938143,13,3,1
20260805_135237,43.13398,-70.938143,14,3,1
20260805_135237,43.13398,-70.938143,15,6,2
20260805_135238,43.133979,-70.938143,16,4,2
20260805_135238,43.133979,-70.938143,17,4,2
20260805_135239,43.133979,-70.938144,18,4,2
20260805_135240,43.133979,-70.938144,19,7,2
20260805_135240,43.133979,-70.938144,20,3,1
20260805_135241,43.133979,-70.938144,0,4,2
20260805_135241,43.133979,-70.938144,1,3,1
20260805_135242,43.133979,-70.938144,2,3,2
20260805_135242,43.133979,-70.938144,3,8,3
20260805_135243,43.133979,-70.938144,4,8,3
20260805_135243,43.133978,-70.938144,5,6,3
20260805_135244,43.133978,-70.938144,6,15,4
20260805_135244,43.133978,-70.938144,7,15,7
20260805_135245,43.133978,-70.938144,8,15,7
20260805_135245,43.133978,-70.938145,9,9,3
20260805_135246,43.133978,-70.938145,10,4,2
20260805_135246,43.133978,-70.938145,11,3,2
20260805_135247,43.133978,-70.938145,12,4,2
20260805_135247,43.133978,-70.938145,13,4,2
20260805_135248,43.133978,-70.938145,14,3,2
20260805_135248,43.133978,-70.938145,15,4,2
20260805_135249,43.133978,-70.938145,16,4,1
20260805_135249,43.133978,-70.938145,17,3,1
20260805_135250,43.133978,-70.938145,18,4,2
20260805_135250,43.133978,-70.938146,19,6,2
20260805_135251,43.133978,-70.938146,20,4,2
20260805_135251,43.133977,-70.938146,0,5,1
20260805_135252,43.133977,-70.938146,1,4,2
20260805_135252,43.133977,-70.938146,2,3,1
20260805_135253,43.133977,-70.938146,3,10,4
20260805_135253,43.133977,-70.938146,4,5,2
20260805_135254,43.133977,-70.938146,5,5,2
20260805_135254,43.133977,-70.938146,6,16,5
20260805_135255,43.133977,-70.938146,7,21,9
20260805_135255,43.133977,-70.938147,8,9,5
20260805_135256,43.133977,-70.938147,9,8,3
20260805_135256,43.133976,-70.938147,10,4,2
20260805_135257,43.133976,-70.938147,11,4,2
20260805_135257,43.133976,-70.938147,12,4,2
20260805_135258,43.133976,-70.938147,13,4,2
20260805_135258,43.133976,-70.938147,14,4,2
20260805_135259,43.133976,-70.938147,15,6,2
20260805_135259,43.133976,-70.938148,16,5,2
20260805_135300,43.133976,-70.938148,17,4,2
20260805_135300,43.133975,-70.938148,18,5,2
20260805_135301,43.133975,-70.938148,19,7,3
20260805_135301,43.133975,-70.938148,20,5,2
20260805_135302,43.133975,-70.938148,0,4,2
20260805_135302,43.133975,-70.938148,1,3,2
20260805_135303,43.133975,-70.938148,2,5,2
20260805_135303,43.133975,-70.938149,3,7,3
20260805_135304,43.133975,-70.938149,4,7,2
20260805_135304,43.133975,-70.938149,5,7,3
20260805_135305,43.133975,-70.938149,6,14,4
20260805_135305,43.133975,-70.938149,7,15,7
20260805_135306,43.133975,-70.938149,8,9,4
20260805_135306,43.133975,-70.938149,9,8,4
20260805_135307,43.133975,-70.938149,10,5,3
20260805_135307,43.133975,-70.938149,11,4,2
20260805_135308,43.133975,-70.938149,12,5,3
20260805_135308,43.133975,-70.938149,13,6,3
20260805_135309,43.133975,-70.93815,14,5,3
20260805_135309,43.133975,-70.93815,15,5,3
20260805_135310,43.133975,-70.93815,16,5,2
20260805_135310,43.133975,-70.93815,17,4,2
20260805_135311,43.133974,-70.93815,18,5,3
20260805_135311,43.133974,-70.93815,19,6,3
20260805_135312,43.133974,-70.93815,20,4,3
20260805_135312,43.133974,-70.93815,0,6,3
20260805_135313,43.133974,-70.93815,1,6,3
20260805_135313,43.133974,-70.93815,2,5,3
20260805_135314,43.133974,-70.938151,3,11,4
20260805_135314,43.133974,-70.938151,4,6,3
20260805_135315,43.133974,-70.938151,5,6,2
20260805_135315,43.133974,-70.938151,6,18,5
20260805_135316,43.133975,-70.938151,7,20,9
20260805_135316,43.133975,-70.938151,8,10,6
20260805_135317,43.133975,-70.938151,9,8,4
20260805_135317,43.133975,-70.938151,10,4,2
20260805_135318,43.133975,-70.938152,11,3,2
20260805_135318,43.133975,-70.938152,12,4,2
20260805_135319,43.133975,-70.938152,13,4,2
20260805_135319,43.133975,-70.938152,14,4,2
20260805_135320,43.133975,-70.938152,15,6,3
20260805_135320,43.133975,-70.938152,16,6,3
20260805_135321,43.133975,-70.938152,17,6,3
20260805_135321,43.133975,-70.938152,18,5,3
20260805_135322,43.133975,-70.938152,19,8,3
20260805_135322,43.133975,-70.938152,20,6,3
20260805_135323,43.133975,-70.938153,0,6,2
20260805_135323,43.133975,-70.938153,1,4,2
20260805_135324,43.133975,-70.938153,2,5,2
20260805_135325,43.133975,-70.938153,3,6,2
20260805_135325,43.133975,-70.938153,4,6,2
20260805_135326,43.133975,-70.938153,5,7,3
20260805_135326,43.133975,-70.938153,6,13,5
20260805_135327,43.133975,-70.938153,7,15,7
20260805_135327,43.133975,-70.938153,8,8,4
20260805_135328,43.133975,-70.938153,9,8,4
20260805_135328,43.133975,-70.938154,10,5,3
20260805_135329,43.133975,-70.938154,11,4,2
20260805_135329,43.133975,-70.938154,12,5,2
20260805_135330,43.133975,-70.938154,13,4,2
20260805_135330,43.133975,-70.938154,14,4,2
20260805_135331,43.133975,-70.938154,15,4,2
20260805_135331,43.133975,-70.938154,16,5,2
20260805_135332,43.133975,-70.938154,17,3,2
20260805_135332,43.133975,-70.938154,18,4,2
20260805_135333,43.133975,-70.938154,19,7,2
20260805_135333,43.133975,-70.938155,20,3,1
20260805_135334,43.133975,-70.938155,0,4,1
20260805_135334,43.133975,-70.938155,1,4,1
20260805_135335,43.133975,-70.938155,2,4,2
20260805_135335,43.133975,-70.938155,3,9,3
20260805_135336,43.133975,-70.938155,4,7,2
20260805_135336,43.133975,-70.938155,5,5,2
20260805_135337,43.133975,-70.938155,6,17,4
20260805_135337,43.133975,-70.938154,7,19,9
20260805_135338,43.133975,-70.938154,8,12,6
20260805_135338,43.133975,-70.938149,9,7,3
20260805_135339,43.133975,-70.938149,10,4,2
20260805_135339,43.133973,-70.938139,11,3,1
20260805_135340,43.133973,-70.938139,12,3,2
20260805_135340,43.133971,-70.938128,13,4,1
20260805_135341,43.133971,-70.938128,14,3,1
20260805_135341,43.133969,-70.938117,15,5,2
20260805_135342,43.133969,-70.938117,16,5,2
20260805_135342,,,17,3,2
20260805_135343,,,18,5,2
20260805_135343,,,19,6,2
20260805_135344,,,20,5,2
20260805_135344,,,0,5,2
20260805_135345,,,1,3,2
20260805_135345,43.133974,-70.938104,2,4,2
20260805_135346,43.133974,-70.938104,3,6,3
20260805_135346,43.133981,-70.938104,4,6,2
20260805_135347,43.133981,-70.938104,5,6,3
20260805_135347,43.133989,-70.93811,6,12,4
20260805_135348,43.133989,-70.93811,7,16,6
20260805_135348,,,8,7,3
20260805_135349,,,9,7,3
20260805_135349,,,10,5,2
20260805_135350,,,11,4,2
20260805_135350,,,12,5,3
20260805_135351,,,13,4,3
20260805_135351,,,14,4,2
20260805_135352,43.133995,-70.938147,15,6,2
20260805_135352,43.133995,-70.938147,16,4,1
20260805_135353,43.133995,-70.938164,17,2,1
20260805_135353,43.133995,-70.938164,18,4,2
20260805_135354,43.133995,-70.938171,19,7,2
20260805_135354,43.133995,-70.938171,20,3,1
20260805_135355,43.133995,-70.938172,0,4,1
20260805_135355,43.133995,-70.938172,1,4,2
20260805_135356,43.133996,-70.938173,2,4,1
20260805_135356,43.133996,-70.938173,3,8,2
20260805_135357,43.133996,-70.938175,4,5,2
20260805_135357,43.133996,-70.938175,5,5,2
20260805_135358,43.133997,-70.938176,6,16,4
20260805_135358,43.133997,-70.938176,7,17,7
20260805_135359,43.133997,-70.938177,8,11,6
20260805_135359,43.133997,-70.938177,9,8,3
20260805_135400,43.133998,-70.938179,10,3,2
20260805_135400,43.133998,-70.938179,11,4,2
20260805_135401,43.133999,-70.93818,12,3,2
20260805_135401,43.133999,-70.93818,13,4,2
20260805_135402,43.133999,-70.938181,14,2,1
20260805_135402,43.133999,-70.938181,15,4,2
20260805_135403,43.134,-70.938182,16,4,1
20260805_135403,43.134,-70.938182,17,3,1
20260805_135404,43.134,-70.938183,18,4,2
20260805_135404,43.134,-70.938183,19,5,2
20260805_135405,43.134001,-70.938184,20,6,2
20260805_135405,43.134001,-70.938184,0,6,2
20260805_135406,43.134002,-70.938185,1,3,1
20260805_135406,43.134002,-70.938185,2,4,2
20260805_135407,43.134002,-70.938187,3,5,2
20260805_135407,43.134002,-70.938187,4,6,2
20260805_135408,43.134003,-70.938188,5,5,2
20260805_135408,43.134003,-70.938188,6,10,3
20260805_135409,43.134003,-70.938189,7,21,8
20260805_135410,43.134003,-70.938189,8,7,3
20260805_135410,43.134004,-70.93819,9,7,3
20260805_135411,43.134004,-70.93819,10,5,2
20260805_135411,43.134004,-70.938191,11,3,1
20260805_135412,43.134004,-70.938191,12,3,1
20260805_135412,43.134005,-70.938192,13,4,2
20260805_135413,43.134005,-70.938192,14,3,2
20260805_135413,43.134005,-70.938192,15,5,1
20260805_135414,43.134005,-70.938192,16,4,2
20260805_135414,43.134006,-70.938193,17,3,2
20260805_135415,43.134006,-70.938193,18,3,1
20260805_135415,43.134006,-70.938194,19,6,2
20260805_135416,43.134006,-70.938194,20,3,1
20260805_135416,43.134007,-70.938195,0,4,2
20260805_135417,43.134007,-70.938195,1,3,2
20260805_135417,43.134007,-70.938197,2,4,2
20260805_135418,43.134007,-70.938197,3,7,3
20260805_135418,43.134007,-70.9382,4,7,3
20260805_135419,43.134007,-70.9382,5,6,2
20260805_135419,43.134007,-70.938206,6,15,4
20260805_135420,43.134007,-70.938206,7,16,7
20260805_135420,43.134005,-70.938219,8,13,7
20260805_135421,43.134005,-70.938219,9,9,3
20260805_135421,43.134002,-70.938234,10,3,2
20260805_135422,43.134002,-70.938234,11,3,1
20260805_135422,,,12,3,2
20260805_135423,,,13,5,2
20260805_135423,43.133996,-70.938248,14,3,2
20260805_135424,43.133996,-70.938248,15,5,2
20260805_135424,,,16,6,2
20260805_135425,,,17,4,2
20260805_135425,,,18,5,3
20260805_135426,,,19,6,3
20260805_135426,,,20,3,2
20260805_135427,,,0,5,2
20260805_135427,,,1,3,1
20260805_135428,,,2,3,1
20260805_135428,,,3,10,3
20260805_135429,,,4,6,2
20260805_135429,,,5,6,3
20260805_135430,,,6,9,3
20260805_135430,,,7,22,9
20260805_135431,,,8,8,4
20260805_135431,,,9,7,3
20260805_135432,,,10,6,3
20260805_135432,43.133609,-70.93844,11,3,2
20260805_135433,43.133609,-70.93844,12,4,2
20260805_135433,43.133565,-70.938468,13,4,2
20260805_135434,43.133565,-70.938468,14,3,2
20260805_135434,43.133523,-70.938499,15,6,2
20260805_135435,43.133523,-70.938499,16,5,2
20260805_135435,43.133481,-70.938532,17,5,3
20260805_135436,43.133441,-70.938566,18,5,3
20260805_135436,43.133441,-70.938566,19,8,3
20260805_135437,43.133401,-70.9386,20,5,2
20260805_135437,43.133401,-70.9386,0,6,2
20260805_135438,43.133361,-70.938635,1,3,2
20260805_135438,43.133361,-70.938635,2,4,2
20260805_135439,43.13332,-70.938671,3,7,3
20260805_135439,43.13332,-70.938671,4,8,3
20260805_135440,43.133278,-70.938707,5,7,3
20260805_135440,43.133278,-70.938707,6,16,5
20260805_135441,43.133237,-70.938743,7,15,7
20260805_135441,43.133237,-70.938743,8,16,7
20260805_135442,43.133195,-70.938778,9,9,3
20260805_135442,43.133195,-70.938778,10,5,3
20260805_135443,43.133155,-70.938813,11,3,2
20260805_135443,43.133155,-70.938813,12,4,2
20260805_135444,43.133117,-70.938845,13,5,3
20260805_135444,43.133117,-70.938845,14,5,3
20260805_135445,43.133084,-70.938876,15,5,2
20260805_135445,43.133084,-70.938876,16,5,3
20260805_135446,43.133055,-70.938903,17,4,2
20260805_135446,43.133055,-70.938903,18,5,3
20260805_135447,43.133028,-70.938926,19,6,3
20260805_135447,43.133028,-70.938926,20,4,2
20260805_135448,43.133003,-70.938948,0,5,2
20260805_135448,43.133003,-70.938948,1,4,2
20260805_135449,43.132978,-70.93897,2,4,2
20260805_135449,43.132978,-70.93897,3,11,4
20260805_135450,,,4,6,3
20260805_135450,,,5,5,3
20260805_135451,,,6,18,5
20260805_135451,,,7,22,10
20260805_135452,,,8,10,5
20260805_135453,,,9,8,4
20260805_135453,,,10,4,2
20260805_135454,,,11,4,2
20260805_135454,,,12,5,2
20260805_135455,,,13,4,2
20260805_135455,,,14,3,1
20260805_135456,,,15,6,2
20260805_135456,,,16,5,2
20260805_135457,,,17,5,2
20260805_135457,43.133152,-70.939145,18,5,3
20260805_135458,43.133152,-70.939145,19,8,3
20260805_135458,43.133193,-70.939154,20,6,3
20260805_135459,43.133193,-70.939154,0,5,2
20260805_135459,43.133225,-70.939167,1,3,2
20260805_135500,43.133225,-70.939167,2,5,3
20260805_135500,43.133259,-70.93918,3,7,3
20260805_135501,43.133259,-70.93918,4,7,2
20260805_135501,43.133298,-70.939196,5,7,3
20260805_135502,43.133298,-70.939196,6,13,4
20260805_135502,43.133341,-70.939213,7,16,7
20260805_135503,43.133341,-70.939213,8,8,3
20260805_135503,43.133384,-70.939234,9,8,3
20260805_135504,43.133384,-70.939234,10,5,3
20260805_135504,43.13343,-70.939255,11,3,2
20260805_135505,43.13343,-70.939255,12,6,3
20260805_135505,43.133477,-70.939277,13,5,3
20260805_135506,43.133477,-70.939277,14,5,3
20260805_135506,43.133524,-70.939302,15,4,2
20260805_135507,43.133524,-70.939302,16,4,2
20260805_135507,43.133573,-70.939326,17,4,2
20260805_135508,43.133573,-70.939326,18,4,3
20260805_135508,43.133624,-70.939351,19,6,3
20260805_135509,43.133624,-70.939351,20,4,2
20260805_135509,43.133675,-70.939376,0,6,3
20260805_135510,43.133675,-70.939376,1,4,2
20260805_135510,43.133726,-70.939401,2,5,2
20260805_135511,43.133726,-70.939401,3,9,4
20260805_135511,43.133778,-70.939429,4,7,3
20260805_135512,43.133778,-70.939429,5,6,2
20260805_135512,43.133829,-70.939457,6,17,4
20260805_135513,43.133829,-70.939457,7,19,8
20260805_135513,43.133878,-70.939484,8,10,5
20260805_135514,43.133878,-70.939484,9,6,3
20260805_135514,43.133927,-70.939515,10,3,1
20260805_135515,43.133927,-70.939515,11,3,1
20260805_135515,43.133975,-70.93955,12,3,1
20260805_135516,43.133975,-70.93955,13,3,2
20260805_135516,43.134017,-70.939586,14,3,1
20260805_135517,43.134017,-70.939586,15,4,1
20260805_135517,,,16,3,1
20260805_135518,,,17,3,1
20260805_135518,,,18,4,1
20260805_135519,,,19,5,1
20260805_135519,,,20,5,2
20260805_135520,,,0,6,3
20260805_135520,,,1,3,2
20260805_135521,,,2,4,2
20260805_135521,,,3,6,3
20260805_135522,,,4,7,2
20260805_135522,,,5,7,3
20260805_135523,,,6,13,5
20260805_135523,,,7,15,6
20260805_135524,43.13388,-70.93999,8,7,3
20260805_135524,43.13388,-70.93999,9,8,3
20260805_135525,43.133828,-70.939974,10,6,3
20260805_135525,43.133828,-70.939974,11,4,2
20260805_135526,43.133775,-70.939938,12,5,3
20260805_135526,43.133775,-70.939938,13,4,2
20260805_135527,43.133716,-70.9399,14,5,2
20260805_135527,43.133716,-70.9399,15,7,2
20260805_135528,43.133654,-70.93986,16,5,2
20260805_135528,43.133654,-70.93986,17,4,2
20260805_135529,43.133593,-70.939833,18,4,2
20260805_135529,43.133593,-70.939833,19,8,2
20260805_135530,43.133532,-70.939804,20,3,2
20260805_135530,43.133532,-70.939804,0,4,1
20260805_135531,43.133472,-70.939776,1,4,2
20260805_135531,43.133472,-70.939776,2,4,2
20260805_135532,43.133414,-70.939749,3,9,4
20260805_135532,43.133414,-70.939749,4,7,3
20260805_135533,43.133357,-70.93972,5,6,2
20260805_135533,43.133357,-70.93972,6,17,5
20260805_135534,43.1333,-70.939693,7,17,8
20260805_135534,43.1333,-70.939693,8,11,6
20260805_135535,43.133244,-70.939667,9,8,2
20260805_135536,43.133244,-70.939667,10,3,1
20260805_135536,43.133188,-70.939641,11,3,1
20260805_135537,43.133188,-70.939641,12,2,1
20260805_135537,43.133133,-70.939615,13,3,1
20260805_135538,43.133133,-70.939615,14,2,1
20260805_135538,43.133079,-70.93959,15,4,1
20260805_135539,43.133079,-70.93959,16,4,1
20260805_135539,43.133026,-70.939565,17,3,1
20260805_135540,43.133026,-70.939565,18,4,2
20260805_135540,43.132974,-70.93954,19,6,2
20260805_135541,43.132974,-70.93954,20,5,2
20260805_135541,43.132925,-70.939514,0,5,2
20260805_135542,43.132925,-70.939514,1,3,2
20260805_135542,43.132878,-70.939484,2,3,1
20260805_135543,43.132878,-70.939484,3,9,3
20260805_135543,43.132834,-70.939448,4,5,1
20260805_135544,43.132834,-70.939448,5,5,2
20260805_135544,,,6,9,3
20260805_135545,,,7,20,9
20260805_135545,,,8,8,4
20260805_135546,,,9,6,3
20260805_135546,,,10,5,2
20260805_135547,,,11,2,1
20260805_135547,,,12,3,1
20260805_135548,,,13,4,2
20260805_135548,,,14,4,2
20260805_135549,,,15,6,2
20260805_135549,,,16,4,2
20260805_135550,,,17,4,2
20260805_135550,,,18,5,2
20260805_135551,,,19,8,3
20260805_135551,43.132894,-70.939005,20,4,2
20260805_135552,43.132894,-70.939005,0,4,2
20260805_135552,43.132959,-70.93895,1,2,1
20260805_135553,43.132959,-70.93895,2,4,1
20260805_135553,43.133015,-70.938899,3,7,3
20260805_135554,43.133015,-70.938899,4,8,3
20260805_135554,43.133072,-70.938851,5,6,2
20260805_135555,43.133072,-70.938851,6,14,4
20260805_135555,43.133131,-70.938805,7,16,7
20260805_135556,43.133131,-70.938805,8,15,7
20260805_135556,43.133191,-70.938758,9,9,4
20260805_135557,43.133191,-70.938758,10,4,2
20260805_135557,43.133251,-70.93871,11,3,2
20260805_135558,43.133251,-70.93871,12,4,2
20260805_135558,43.133311,-70.93866,13,4,2
20260805_135559,43.133311,-70.93866,14,4,2
20260805_135559,43.13337,-70.93861,15,5,2
20260805_135600,43.13337,-70.93861,16,6,2
20260805_135600,43.133429,-70.93856,17,4,2
20260805_135601,43.133488,-70.938509,18,5,2
20260805_135601,43.133488,-70.938509,19,5,2
20260805_135602,43.133547,-70.938458,20,4,2
20260805_135602,43.133547,-70.938458,0,5,2
20260805_135603,43.133608,-70.93841,1,3,2
20260805_135603,43.133608,-70.93841,2,4,2
20260805_135604,43.133671,-70.938366,3,11,5
20260805_135604,43.133671,-70.938366,4,7,3
20260805_135605,43.133734,-70.938327,5,6,3
20260805_135605,43.133734,-70.938327,6,10,4
20260805_135606,43.133734,-70.938327,7,21,9
20260805_135606,,,8,8,4
20260805_135607,,,9,6,3
20260805_135607,,,10,6,2
20260805_135608,,,11,2,1
20260805_135608,,,12,3,2
20260805_135609,,,13,4,2
20260805_135609,,,14,3,1
20260805_135610,,,15,5,2
20260805_135610,,,16,4,2
20260805_135611,43.134097,-70.938065,17,3,2
20260805_135611,43.134097,-70.938065,18,4,2
20260805_135612,43.13417,-70.938039,19,6,1
20260805_135612,43.13417,-70.938039,20,3,1
20260805_135613,43.134242,-70.938002,0,3,1
20260805_135613,43.134242,-70.938002,1,2,1
20260805_135614,43.134311,-70.93796,2,4,1
20260805_135614,43.134311,-70.93796,3,7,2
20260805_135615,43.134378,-70.937913,4,7,3
20260805_135615,43.134378,-70.937913,5,6,3
20260805_135616,43.134443,-70.937864,6,15,5
20260805_135616,43.134443,-70.937864,7,17,8
20260805_135617,43.134502,-70.937814,8,17,8
20260805_135617,43.134502,-70.937814,9,9,4
20260805_135618,43.134554,-70.937768,10,5,3
20260805_135618,43.134554,-70.937768,11,4,2
20260805_135619,,,12,5,3
20260805_135620,,,13,5,3
20260805_135620,,,14,4,2
20260805_135621,,,15,4,2
20260805_135621,,,16,5,2
20260805_135622,,,17,4,2
20260805_135622,,,18,4,2
20260805_135623,,,19,5,2
20260805_135623,,,20,3,1
20260805_135624,,,0,5,2
20260805_135624,,,1,4,2
20260805_135625,,,2,4,2
20260805_135625,,,3,10,3
20260805_135626,,,4,6,2
20260805_135626,,,5,5,2
20260805_135627,,,6,16,4
20260805_135627,43.134664,-70.93759,7,21,9
20260805_135628,43.134664,-70.93759,8,8,4
20260805_135628,43.134631,-70.937532,9,6,3
20260805_135629,43.134631,-70.937532,10,3,2
20260805_135629,43.134595,-70.937472,11,3,1
20260805_135630,43.134595,-70.937472,12,3,1
20260805_135630,43.134558,-70.937412,13,4,2
20260805_135631,43.134558,-70.937412,14,4,2
20260805_135631,43.134526,-70.937352,15,5,2
20260805_135632,43.134526,-70.937352,16,6,2
20260805_135632,43.134491,-70.937288,17,4,2
20260805_135633,43.134491,-70.937288,18,5,3
20260805_135633,,,19,6,2
20260805_135634,,,20,4,1
20260805_135634,,,0,3,1
20260805_135635,,,1,2,1
20260805_135635,,,2,3,1
20260805_135636,,,3,6,2
20260805_135636,43.134206,-70.936915,4,4,1
20260805_135637,43.134206,-70.936915,5,6,2
20260805_135637,43.134147,-70.936818,6,13,3
20260805_135638,43.134147,-70.936818,7,15,6
20260805_135638,43.134094,-70.936724,8,8,3
20260805_135639,43.134094,-70.936724,9,8,3
20260805_135639,43.134047,-70.936635,10,5,2
20260805_135640,43.134047,-70.936635,11,3,1
20260805_135640,43.134006,-70.93655,12,4,1
20260805_135641,43.134006,-70.93655,13,3,1
20260805_135641,43.133963,-70.936469,14,3,1
20260805_135642,43.133963,-70.936469,15,3,2
20260805_135642,,,16,4,1
20260805_135643,,,17,2,1
20260805_135643,,,18,3,1
20260805_135644,,,19,7,2
20260805_135644,43.133987,-70.936354,20,3,1
20260805_135645,43.134005,-70.936317,0,4,2
20260805_135645,43.134005,-70.936317,1,4,1
20260805_135646,43.134035,-70.936282,2,4,2
20260805_135646,43.134035,-70.936282,3,10,4
20260805_135647,43.134035,-70.936282,4,6,2
20260805_135647,43.134073,-70.936255,5,6,2
20260805_135648,43.134073,-70.936255,6,16,4
20260805_135648,,,7,17,8
20260805_135649,,,8,10,5
20260805_135649,43.134138,-70.936208,9,6,2
20260805_135650,43.134186,-70.936194,10,4,1
20260805_135650,43.134186,-70.936194,11,3,1
20260805_135651,,,12,3,1
20260805_135651,,,13,4,1
20260805_135652,,,14,3,1
20260805_135652,,,15,4,1
20260805_135653,,,16,4,1
20260805_135653,,,17,3,1
20260805_135654,,,18,4,2
20260805_135654,,,19,6,2
20260805_135655,,,20,5,2
20260805_135655,,,0,5,2
20260805_135656,,,1,3,1
20260805_135656,,,2,3,1
20260805_135657,,,3,5,2
20260805_135657,,,4,4,1
20260805_135658,,,5,5,2
20260805_135658,,,6,10,3
20260805_135659,43.134664,-70.936444,7,14,5
20260805_135659,43.134664,-70.936444,8,7,3
20260805_135700,,,9,7,3
20260805_135700,,,10,5,2
20260805_135701,,,11,3,2
20260805_135702,,,12,4,2
20260805_135702,43.134789,-70.936427,13,4,2
20260805_135703,43.134789,-70.936427,14,3,1
20260805_135703,43.134843,-70.936436,15,5,2
20260805_135704,43.134843,-70.936436,16,3,1
20260805_135704,43.1349,-70.936438,17,3,1
20260805_135705,43.1349,-70.936438,18,4,2
20260805_135705,43.134955,-70.93643,19,7,2
20260805_135706,43.134955,-70.93643,20,3,1
20260805_135706,43.135009,-70.936412,0,5,2
20260805_135707,43.135009,-70.936412,1,4,2
20260805_135707,43.135062,-70.93639,2,5,2
20260805_135708,43.135062,-70.93639,3,9,3
20260805_135708,43.135112,-70.936365,4,6,2
20260805_135709,43.135112,-70.936365,5,6,2
20260805_135709,43.135161,-70.936336,6,16,5
20260805_135710,43.135161,-70.936336,7,19,9
20260805_135710,43.13521,-70.936307,8,14,7
20260805_135711,43.13521,-70.936307,9,9,3
20260805_135711,43.135258,-70.936275,10,4,2
20260805_135712,43.135258,-70.936275,11,5,2
20260805_135712,43.135306,-70.936242,12,4,2
20260805_135713,43.135306,-70.936242,13,5,2
20260805_135713,43.135352,-70.936208,14,4,2
20260805_135714,43.135352,-70.936208,15,5,2
20260805_135714,43.1354,-70.936173,16,6,2
20260805_135715,43.1354,-70.936173,17,3,1
20260805_135715,43.135448,-70.93614,18,4,2
20260805_135716,43.135448,-70.93614,19,5,2
20260805_135716,43.135498,-70.936108,20,6,2
20260805_135717,43.135498,-70.936108,0,5,1
20260805_135717,43.135549,-70.936077,1,3,1
20260805_135718,43.135549,-70.936077,2,3,1
20260805_135718,43.135601,-70.936049,3,9,3
20260805_135719,43.135601,-70.936049,4,6,2
20260805_135719,43.135656,-70.936021,5,6,2
20260805_135720,43.135656,-70.936021,6,9,3
20260805_135720,43.135709,-70.935994,7,20,9
20260805_135721,43.135709,-70.935994,8,8,4
20260805_135721,43.135768,-70.935968,9,8,4
20260805_135722,43.135768,-70.935968,10,7,3
20260805_135722,43.135827,-70.935941,11,3,1
20260805_135723,43.135827,-70.935941,12,4,2
20260805_135723,43.135883,-70.935912,13,4,2
20260805_135724,43.135883,-70.935912,14,4,2
20260805_135724,43.135939,-70.93588,15,5,2
20260805_135725,43.135995,-70.935846,16,4,2
20260805_135725,43.135995,-70.935846,17,4,2
20260805_135726,43.136051,-70.93581,18,4,2
20260805_135726,43.136051,-70.93581,19,5,1
20260805_135727,43.136051,-70.93581,20,4,1
20260805_135727,43.136107,-70.935774,0,4,2
20260805_135728,43.136164,-70.935737,1,3,1
20260805_135728,43.136164,-70.935737,2,4,2
20260805_135729,43.136223,-70.935699,3,7,3
20260805_135729,43.136223,-70.935699,4,7,2
20260805_135730,43.136279,-70.935659,5,6,2
20260805_135730,43.136279,-70.935659,6,15,4
20260805_135731,43.136336,-70.935627,7,15,7
20260805_135731,43.136336,-70.935627,8,15,7
20260805_135732,43.136391,-70.93559,9,8,3
20260805_135732,43.136391,-70.93559,10,4,2
20260805_135733,43.136446,-70.935551,11,4,2
20260805_135733,43.136446,-70.935551,12,5,2
20260805_135734,43.136502,-70.93551,13,5,3
20260805_135734,43.136502,-70.93551,14,4,3
20260805_135735,43.136557,-70.935468,15,6,3
20260805_135735,43.136557,-70.935468,16,4,2
20260805_135736,43.136613,-70.935425,17,3,2
20260805_135736,43.136613,-70.935425,18,4,2
20260805_135737,43.136669,-70.935382,19,6,3
20260805_135737,43.136669,-70.935382,20,4,2
20260805_135738,43.136726,-70.935339,0,5,2
20260805_135738,43.136726,-70.935339,1,4,2
20260805_135739,43.136784,-70.935295,2,3,2
20260805_135739,43.136784,-70.935295,3,9,3
20260805_135740,43.136842,-70.935252,4,6,2
20260805_135740,43.136842,-70.935252,5,5,2
20260805_135741,43.137064,-70.935054,6,16,4
20260805_135741,43.137064,-70.935054,7,21,9
20260805_135742,43.137138,-70.935,8,8,5
20260805_135743,43.137138,-70.935,9,6,3
20260805_135743,43.137206,-70.934951,10,4,2
20260805_135744,43.137206,-70.934951,11,3,1
20260805_135744,43.137269,-70.934904,12,4,2
20260805_135745,43.137269,-70.934904,13,4,2
20260805_135745,43.137331,-70.934857,14,3,2
20260805_135746,43.137331,-70.934857,15,5,2
20260805_135746,43.137393,-70.934809,16,5,2
20260805_135747,43.137393,-70.934809,17,4,2
20260805_135747,43.137454,-70.934759,18,5,2
20260805_135748,43.137454,-70.934759,19,7,2
20260805_135748,43.137514,-70.934708,20,5,2
20260805_135749,43.137514,-70.934708,0,4,1
20260805_135749,43.137573,-70.934656,1,4,2
20260805_135750,43.137573,-70.934656,2,4,2
20260805_135750,43.137634,-70.934604,3,7,3
20260805_135751,43.137634,-70.934604,4,7,2
20260805_135751,43.137693,-70.934555,5,7,3
20260805_135752,43.137693,-70.934555,6,12,4
20260805_135752,43.137752,-70.934507,7,16,7
20260805_135753,43.137752,-70.934507,8,7,3
20260805_135753,43.137805,-70.934463,9,8,3
20260805_135754,43.137805,-70.934463,10,5,2
20260805_135754,,,11,3,2
20260805_135755,,,12,4,2
20260805_135755,,,13,3,1
20260805_135756,,,14,2,1
20260805_135756,,,15,4,1
20260805_135757,,,16,4,2
20260805_135757,,,17,3,2
20260805_135758,,,18,4,2
20260805_135758,,,19,7,2
20260805_135759,,,20,4,2
20260805_135759,,,0,4,2
20260805_135800,,,1,4,2
20260805_135800,,,2,4,2
20260805_135801,,,3,8,3
20260805_135801,43.137861,-70.934414,4,6,2
20260805_135802,43.137861,-70.934414,5,4,2
20260805_135802,43.137867,-70.934417,6,17,4
20260805_135803,43.137867,-70.934417,7,19,8
20260805_135803,43.137884,-70.934399,8,10,6
20260805_135804,43.137884,-70.934399,9,7,3
20260805_135804,43.137903,-70.934362,10,4,2
20260805_135805,43.137903,-70.934362,11,4,2
20260805_135805,,,12,4,2
20260805_135806,,,13,4,2
20260805_135806,,,14,3,1
20260805_135807,,,15,6,2
20260805_135807,,,16,4,2
20260805_135808,,,17,3,1
20260805_135808,,,18,4,2
20260805_135809,,,19,7,2
20260805_135809,,,20,6,2
20260805_135810,,,0,5,1
20260805_135810,,,1,2,1
20260805_135811,,,2,3,1
20260805_135811,,,3,5,2
20260805_135812,,,4,5,1
20260805_135812,,,5,6,2
20260805_135813,43.137637,-70.933675,6,10,3
20260805_135813,43.137637,-70.933675,7,15,5
20260805_135814,43.137601,-70.933588,8,7,2
20260805_135814,43.137601,-70.933588,9,7,3
20260805_135815,43.137561,-70.933498,10,4,1
20260805_135815,43.137561,-70.933498,11,2,1
20260805_135816,43.137521,-70.933403,12,4,1
20260805_135816,43.137521,-70.933403,13,3,1
20260805_135817,43.13748,-70.933306,14,4,1
20260805_135817,43.13748,-70.933306,15,5,1
20260805_135818,43.137437,-70.933205,16,3,1
20260805_135818,43.137437,-70.933205,17,3,1
20260805_135819,43.137392,-70.933102,18,4,2
20260805_135819,43.137392,-70.933102,19,8,3
20260805_135820,43.137346,-70.932999,20,4,2
20260805_135820,43.137346,-70.932999,0,4,2
20260805_135821,43.137298,-70.932894,1,4,1
20260805_135821,43.137298,-70.932894,2,4,2
20260805_135822,43.137251,-70.932787,3,9,3
20260805_135822,43.137251,-70.932787,4,6,2
20260805_135823,43.1372,-70.932677,5,6,3
20260805_135823,43.1372,-70.932677,6,17,4
20260805_135824,43.137148,-70.932566,7,17,8
20260805_135825,43.137148,-70.932566,8,13,6
20260805_135825,43.137096,-70.932454,9,8,3
20260805_135826,43.137096,-70.932454,10,3,1
20260805_135826,43.137043,-70.932341,11,3,2
20260805_135827,43.137043,-70.932341,12,4,2
20260805_135827,43.136989,-70.932226,13,4,2
20260805_135828,43.136989,-70.932226,14,3,2
20260805_135828,,,15,5,2
20260805_135829,,,16,6,2
20260805_135829,,,17,3,2
20260805_135830,,,18,5,3
20260805_135830,,,19,5,2
20260805_135831,,,20,5,2
20260805_135831,,,0,5,2
20260805_135832,,,1,4,2
20260805_135832,,,2,4,2
20260805_135833,,,3,9,3
20260805_135833,,,4,5,1
20260805_135834,,,5,4,2
20260805_135834,,,6,8,2
20260805_135835,,,7,22,9
20260805_135835,,,8,8,3
20260805_135836,,,9,7,3
20260805_135836,,,10,6,2
20260805_135837,,,11,2,1
20260805_135837,,,12,4,2
20260805_135838,,,13,3,1
20260805_135838,,,14,3,1
20260805_135839,,,15,4,1
20260805_135839,,,16,3,1
20260805_135840,,,17,3,1
20260805_135840,,,18,4,2
20260805_135841,,,19,6,2
20260805_135841,,,20,3,1
20260805_135842,,,0,3,1
20260805_135842,,,1,2,1
20260805_135843,,,2,4,1
20260805_135843,,,3,7,3
20260805_135844,,,4,8,3
20260805_135844,,,5,8,3
20260805_135845,,,6,15,5
20260805_135845,,,7,16,7
20260805_135846,,,8,15,7
20260805_135846,,,9,9,3
20260805_135847,,,10,5,3
20260805_135847,,,11,4,2
20260805_135848,,,12,5,3
20260805_135848,,,13,6,3
20260805_135849,,,14,4,2
20260805_135849,,,15,6,3
20260805_135850,,,16,5,3
20260805_135850,,,17,4,2
20260805_135851,,,18,6,3
20260805_135851,,,19,6,3
20260805_135852,,,20,5,3
20260805_135852,,,0,6,2
20260805_135853,,,1,5,2
20260805_135853,,,2,4,2
20260805_135854,,,3,10,4
20260805_135854,,,4,6,2
20260805_135855,,,5,6,3
20260805_135855,,,6,8,4
20260805_135856,,,7,21,10
20260805_135856,,,8,8,5
20260805_135857,,,9,6,3
20260805_135857,,,10,3,2
20260805_135858,,,11,3,2
20260805_135858,,,12,4,2
20260805_135859,,,13,4,2
20260805_135859,,,14,4,2
20260805_135900,,,15,7,3
20260805_135900,,,16,5,3
20260805_135901,,,17,4,2
20260805_135901,,,18,6,3
20260805_135902,,,19,8,3
20260805_135902,,,20,6,3
20260805_135903,,,0,4,2
20260805_135903,,,1,4,2
20260805_135904,,,2,5,3
20260805_135904,,,3,7,4
20260805_135905,,,4,10,4
20260805_135905,,,5,7,3
20260805_135906,,,6,14,5
20260805_135907,,,7,16,7
20260805_135907,,,8,8,3
20260805_135908,,,9,8,4
20260805_135908,,,10,5,3
20260805_135909,,,11,4,2
20260805_135909,,,12,6,3
20260805_135910,,,13,5,2
20260805_135910,,,14,4,3
20260805_135911,,,15,5,2
20260805_135911,,,16,5,2
20260805_135912,,,17,4,2
20260805_135912,,,18,4,2
20260805_135913,,,19,6,2
20260805_135913,,,20,5,3
20260805_135914,,,0,5,2
20260805_135914,,,1,5,2
20260805_135915,,,2,5,2
20260805_135915,,,3,10,4
20260805_135916,,,4,7,3
20260805_135916,,,5,6,3
20260805_135917,,,6,17,5
20260805_135917,,,7,20,10
20260805_135918,,,8,10,6
20260805_135918,,,9,7,4
20260805_135919,,,10,4,2
20260805_135919,,,11,4,2
20260805_135920,,,12,4,2
20260805_135920,,,13,4,2
20260805_135921,,,14,4,2
20260805_135921,,,15,5,2
20260805_135922,,,16,4,2
20260805_135922,,,17,4,2
20260805_135923,,,18,5,3
20260805_135923,,,19,7,2
20260805_135924,,,20,5,2
20260805_135924,43.134191,-70.926316,0,6,2
20260805_135925,43.134191,-70.926316,1,4,2
20260805_135925,43.134164,-70.926241,2,4,2
20260805_135926,43.134164,-70.926241,3,7,3
20260805_135926,43.134142,-70.926173,4,7,3
20260805_135927,43.134142,-70.926173,5,7,4
20260805_135927,43.13412,-70.926108,6,12,5
20260805_135928,43.13412,-70.926108,7,16,7
20260805_135928,43.134099,-70.926044,8,8,4
20260805_135929,43.134099,-70.926044,9,9,5
20260805_135929,43.134079,-70.925981,10,7,4
20260805_135930,43.134079,-70.925981,11,5,3
20260805_135930,43.134059,-70.925918,12,5,3
20260805_135931,43.134059,-70.925918,13,6,3
20260805_135931,43.134038,-70.925854,14,5,3
20260805_135932,43.134018,-70.925789,15,8,3
20260805_135932,43.134018,-70.925789,16,5,3
20260805_135933,43.133997,-70.925725,17,5,3
20260805_135933,43.133997,-70.925725,18,5,3
20260805_135934,43.133977,-70.92566,19,9,4
20260805_135934,43.133977,-70.92566,20,5,3
20260805_135935,43.133957,-70.925596,0,6,3
20260805_135935,43.133957,-70.925596,1,5,3
20260805_135936,43.133936,-70.925532,2,5,3
20260805_135936,43.133936,-70.925532,3,10,5
20260805_135937,43.133914,-70.925467,4,7,3
20260805_135937,43.133914,-70.925467,5,6,3
20260805_135938,43.13389,-70.925401,6,17,5
20260805_135938,43.13389,-70.925401,7,18,9
20260805_135939,43.133867,-70.925333,8,12,7
20260805_135939,43.133867,-70.925333,9,8,4
20260805_135940,43.133845,-70.925264,10,4,2
20260805_135940,43.133845,-70.925264,11,5,3
20260805_135941,43.133824,-70.925196,12,5,2
20260805_135941,43.133824,-70.925196,13,4,2
20260805_135942,43.133807,-70.925125,14,4,2
20260805_135942,43.133807,-70.925125,15,5,2
20260805_135943,43.133791,-70.925056,16,6,2
20260805_135943,43.133791,-70.925056,17,3,2
20260805_135944,43.133782,-70.92499,18,5,2
20260805_135944,43.133782,-70.92499,19,6,2
20260805_135945,,,20,6,2
20260805_135945,,,0,6,2
20260805_135946,,,1,5,2
20260805_135946,,,2,5,3
20260805_135947,,,3,7,3
20260805_135947,,,4,7,2
20260805_135948,,,5,6,3
20260805_135948,,,6,12,5
20260805_135949,,,7,22,10
20260805_135949,,,8,8,4
20260805_135950,,,9,8,4
20260805_135951,,,10,6,3
20260805_135951,,,11,5,3
20260805_135952,,,12,5,3
20260805_135952,43.13407,-70.924773,13,6,3
20260805_135953,43.13407,-70.924773,14,5,3
20260805_135953,43.134137,-70.924784,15,7,3
20260805_135954,43.134137,-70.924784,16,5,3
20260805_135954,43.1342,-70.924799,17,5,3
20260805_135955,43.1342,-70.924799,18,5,3
20260805_135955,43.134263,-70.924814,19,8,3
20260805_135956,43.134263,-70.924814,20,5,3
20260805_135956,43.134325,-70.92483,0,6,3
20260805_135957,43.134325,-70.92483,1,5,2
20260805_135957,43.134386,-70.924845,2,5,3
20260805_135958,43.134386,-70.924845,3,8,3
20260805_135958,43.134448,-70.92486,4,7,3
20260805_135959,43.134448,-70.92486,5,6,2
20260805_135959,43.134508,-70.924876,6,16,4
20260805_140000,43.134508,-70.924876,7,16,8
20260805_140000,43.134569,-70.924894,8,13,7
20260805_140001,43.134569,-70.924894,9,9,3
20260805_140001,43.134629,-70.924914,10,4,2
20260805_140002,43.134629,-70.924914,11,4,2
20260805_140002,43.134688,-70.924934,12,4,2
20260805_140003,43.134688,-70.924934,13,5,2
20260805_140003,43.134746,-70.924955,14,4,2
20260805_140004,43.134746,-70.924955,15,7,3
20260805_140004,43.134802,-70.924975,16,6,2
20260805_140005,43.134802,-70.924975,17,5,2
20260805_140005,43.134852,-70.924996,18,5,2
20260805_140006,43.134852,-70.924996,19,6,2
20260805_140006,43.134898,-70.925016,20,8,2
20260805_140007,43.134898,-70.925016,0,6,2
20260805_140007,,,1,4,2
20260805_140008,,,2,3,2
20260805_140008,,,3,10,3
20260805_140009,,,4,5,2
20260805_140009,,,5,5,2
20260805_140010,,,6,10,3
20260805_140010,,,7,21,9
20260805_140011,,,8,9,4
20260805_140011,,,9,8,4
20260805_140012,,,10,7,3
20260805_140012,,,11,4,2
20260805_140013,,,12,4,2
20260805_140013,,,13,4,2
20260805_140014,,,14,4,2
20260805_140014,,,15,6,2
20260805_140015,,,16,5,2
20260805_140015,,,17,4,2
20260805_140016,,,18,5,2
20260805_140016,,,19,6,2
20260805_140017,43.135046,-70.925476,20,3,1
20260805_140017,43.135046,-70.925476,0,4,2
20260805_140018,43.135061,-70.925557,1,3,1
20260805_140018,43.135061,-70.925557,2,4,2
20260805_140019,43.135082,-70.925637,3,8,3
20260805_140019,43.135082,-70.925637,4,8,3
20260805_140020,43.135106,-70.925718,5,7,3
20260805_140020,43.135106,-70.925718,6,15,4
20260805_140021,43.135131,-70.9258,7,16,7
20260805_140021,43.135131,-70.9258,8,15,7
20260805_140022,43.135158,-70.925884,9,8,3
20260805_140022,43.135158,-70.925884,10,3,1
20260805_140023,43.135186,-70.925968,11,3,1
20260805_140023,43.135186,-70.925968,12,3,1
20260805_140024,43.135214,-70.926053,13,4,2
20260805_140024,43.135214,-70.926053,14,3,1
20260805_140025,43.13524,-70.926139,15,3,1
20260805_140025,43.13524,-70.926139,16,3,1
20260805_140026,43.135268,-70.926225,17,2,1
20260805_140026,43.135268,-70.926225,18,3,1
20260805_140027,43.135295,-70.92631,19,5,2
20260805_140027,43.135295,-70.92631,20,3,2
20260805_140028,43.135323,-70.926395,0,5,2
20260805_140028,43.135323,-70.926395,1,4,1
20260805_140029,43.135352,-70.926483,2,3,1
20260805_140029,43.135352,-70.926483,3,9,3
20260805_140030,43.135381,-70.926571,4,4,1
20260805_140030,43.135381,-70.926571,5,5,2
20260805_140031,43.135412,-70.926662,6,8,3
20260805_140031,43.135412,-70.926662,7,22,9
20260805_140032,43.135444,-70.926756,8,8,5
20260805_140032,43.135444,-70.926756,9,6,3
20260805_140033,43.135477,-70.926853,10,3,2
20260805_140034,43.135477,-70.926853,11,3,1
20260805_140034,43.135509,-70.92695,12,4,2
20260805_140035,43.135509,-70.92695,13,4,2
20260805_140035,43.13554,-70.927047,14,3,2
20260805_140036,43.13554,-70.927047,15,6,2
20260805_140036,43.135573,-70.927145,16,4,2
20260805_140037,43.135573,-70.927145,17,3,1
20260805_140037,43.135604,-70.927243,18,5,3
20260805_140038,43.135604,-70.927243,19,8,3
20260805_140038,43.135637,-70.927342,20,6,2
20260805_140039,43.135637,-70.927342,0,4,2
20260805_140039,43.13567,-70.92744,1,3,2
20260805_140040,43.13567,-70.92744,2,4,2
20260805_140040,43.135704,-70.927534,3,7,3
20260805_140041,43.135704,-70.927534,4,8,3
20260805_140041,43.135733,-70.927626,5,8,4
20260805_140042,43.135733,-70.927626,6,14,4
20260805_140042,43.135755,-70.927715,7,16,7
20260805_140043,43.135755,-70.927715,8,7,3
20260805_140043,43.135779,-70.927805,9,8,3
20260805_140044,43.135779,-70.927805,10,5,3
20260805_140044,,,11,3,2
20260805_140045,,,12,4,2
20260805_140045,,,13,4,2
20260805_140046,,,14,4,2
20260805_140046,,,15,4,1
20260805_140047,,,16,5,2
20260805_140047,,,17,4,2
20260805_140048,,,18,5,2
20260805_140048,,,19,4,2
20260805_140049,,,20,4,2
20260805_140049,,,0,6,2
20260805_140050,,,1,4,2
20260805_140050,,,2,5,3
20260805_140051,,,3,10,4
20260805_140051,,,4,7,3
20260805_140052,,,5,5,2
20260805_140052,43.135486,-70.928597,6,15,4
20260805_140053,43.135486,-70.928597,7,19,9
20260805_140053,43.135441,-70.928648,8,10,5
20260805_140054,43.135441,-70.928648,9,7,3
20260805_140054,43.135394,-70.928688,10,3,1
20260805_140055,43.135394,-70.928688,11,3,2
20260805_140055,,,12,4,2
20260805_140056,,,13,4,2
20260805_140056,,,14,3,1
20260805_140057,,,15,5,2
20260805_140057,,,16,5,3
20260805_140058,,,17,5,2
20260805_140058,,,18,4,2
20260805_140059,,,19,7,2
20260805_140059,,,20,6,2
20260805_140100,,,0,5,2
20260805_140100,,,1,3,1
20260805_140101,43.13511,-70.928374,2,4,2
20260805_140101,43.13511,-70.928374,3,6,3
20260805_140102,43.135071,-70.928289,4,8,3
20260805_140102,43.135071,-70.928289,5,7,4
20260805_140103,43.135029,-70.928202,6,13,5
20260805_140103,43.135029,-70.928202,7,16,7
20260805_140104,43.134986,-70.928117,8,8,4
20260805_140104,43.134986,-70.928117,9,8,4
20260805_140105,43.134942,-70.92803,10,6,3
20260805_140105,43.134942,-70.92803,11,4,2
20260805_140106,43.134898,-70.927944,12,5,3
20260805_140106,43.134898,-70.927944,13,5,3
20260805_140107,43.134853,-70.927858,14,4,2
20260805_140107,43.134853,-70.927858,15,6,2
20260805_140108,43.13481,-70.927776,16,5,2
20260805_140108,43.13481,-70.927776,17,4,2
20260805_140109,43.134769,-70.927696,18,4,2
20260805_140109,43.134769,-70.927696,19,9,4
20260805_140110,43.134728,-70.927617,20,7,4
20260805_140110,43.134728,-70.927617,0,7,3
20260805_140111,43.134685,-70.927537,1,7,3
20260805_140111,43.134685,-70.927537,2,5,3
20260805_140112,43.134643,-70.927454,3,9,4
20260805_140112,43.134643,-70.927454,4,7,3
20260805_140113,43.134601,-70.927371,5,7,3
20260805_140113,43.134601,-70.927371,6,17,5
20260805_140114,43.134562,-70.927288,7,18,9
20260805_140114,43.134562,-70.927288,8,12,7
20260805_140115,43.134523,-70.927202,9,9,4
20260805_140116,43.134523,-70.927202,10,4,2
20260805_140116,43.134485,-70.927116,11,4,2
20260805_140117,43.134485,-70.927116,12,4,3
20260805_140117,43.134449,-70.927031,13,5,3
20260805_140118,43.134449,-70.927031,14,5,3
20260805_140118,43.134415,-70.926945,15,8,4
20260805_140119,43.134415,-70.926945,16,7,4
20260805_140119,43.134381,-70.926862,17,4,3
20260805_140120,43.134381,-70.926862,18,6,3
20260805_140120,43.134352,-70.926785,19,7,3
20260805_140121,43.134352,-70.926785,20,7,3
20260805_140121,,,0,6,2
20260805_140122,,,1,4,2
20260805_140122,,,2,4,2
20260805_140123,,,3,5,3
20260805_140123,,,4,7,2
20260805_140124,,,5,5,3
20260805_140124,,,6,11,4
20260805_140125,,,7,21,10
20260805_140125,,,8,8,4
20260805_140126,,,9,7,3
20260805_140126,,,10,6,3
20260805_140127,,,11,3,2
20260805_140127,,,12,5,3
20260805_140128,,,13,5,2
20260805_140128,,,14,3,1
20260805_140129,,,15,6,2
20260805_140129,43.134363,-70.926621,16,4,1
20260805_140130,43.134363,-70.926621,17,3,1
20260805_140130,43.134367,-70.926621,18,3,1
20260805_140131,43.134367,-70.926621,19,8,3
20260805_140131,43.134368,-70.926621,20,4,2
20260805_140132,43.134368,-70.926621,0,4,2
20260805_140132,43.134368,-70.92662,1,2,1
20260805_140133,43.134368,-70.92662,2,4,1
20260805_140133,43.134369,-70.92662,3,8,3
20260805_140134,43.134369,-70.92662,4,8,3
20260805_140134,43.134369,-70.92662,5,7,3
20260805_140135,43.134369,-70.92662,6,16,4
20260805_140135,43.134369,-70.92662,7,16,7
20260805_140136,43.134369,-70.92662,8,15,7
20260805_140136,43.134369,-70.92662,9,8,4
20260805_140137,43.134369,-70.92662,10,4,2
20260805_140137,43.134369,-70.926619,11,4,3
20260805_140138,43.134369,-70.926619,12,4,2
20260805_140138,43.134369,-70.926619,13,5,3
20260805_140139,43.134369,-70.926619,14,4,2
20260805_140139,43.134369,-70.926619,15,6,3
20260805_140140,43.134369,-70.926619,16,6,2
20260805_140140,43.134369,-70.926619,17,6,3
20260805_140141,43.134369,-70.926619,18,6,3
20260805_140141,43.134369,-70.926619,19,7,3
20260805_140142,43.134369,-70.926618,20,4,2
20260805_140142,43.134369,-70.926618,0,6,3
20260805_140143,43.134369,-70.926618,1,4,2
20260805_140143,43.134369,-70.926618,2,4,3
20260805_140144,43.134369,-70.926618,3,10,4
20260805_140144,43.134369,-70.926618,4,6,2
20260805_140145,43.134369,-70.926618,5,6,3
20260805_140145,43.134369,-70.926618,6,9,4
20260805_140146,43.134369,-70.926618,7,20,9
20260805_140146,43.134369,-70.926618,8,8,4
20260805_140147,43.134369,-70.926618,9,6,3
20260805_140147,43.134369,-70.926618,10,6,2
20260805_140148,43.134369,-70.926618,11,3,1
20260805_140148,43.134369,-70.926618,12,3,1
20260805_140149,43.134369,-70.926618,13,3,2
20260805_140149,43.134369,-70.926618,14,3,1
20260805_140150,43.134369,-70.926617,15,7,2
20260805_140150,43.134369,-70.926617,16,4,2
20260805_140151,43.134369,-70.926617,17,4,2
20260805_140151,43.134369,-70.926617,18,5,2
20260805_140152,43.134369,-70.926617,19,8,3
20260805_140152,43.134369,-70.926617,20,5,2
20260805_140153,43.134369,-70.926617,0,5,2
20260805_140153,43.134369,-70.926617,1,3,1
20260805_140154,43.134369,-70.926617,2,4,1
20260805_140154,43.134369,-70.926617,3,6,2
20260805_140155,43.134369,-70.926617,4,7,2
20260805_140155,43.134369,-70.926617,5,6,3
20260805_140156,43.13437,-70.926617,6,14,4
20260805_140156,43.13437,-70.926617,7,16,7
20260805_140157,43.13437,-70.926617,8,15,7
20260805_140157,43.13437,-70.926617,9,8,3
20260805_140158,43.13437,-70.926617,10,5,3
20260805_140158,43.13437,-70.926617,11,4,2
20260805_140159,43.13437,-70.926617,12,4,2
20260805_140159,43.13437,-70.926617,13,5,2
20260805_140200,43.13437,-70.926617,14,4,2
20260805_140201,43.13437,-70.926617,15,4,1
20260805_140201,43.13437,-70.926617,16,4,1
20260805_140202,43.13437,-70.926617,17,3,1
20260805_140202,43.13437,-70.926617,18,3,1
20260805_140203,43.13437,-70.926617,19,5,2
20260805_140203,43.134369,-70.926617,20,3,2
20260805_140204,43.134369,-70.926617,0,5,1
20260805_140204,43.134369,-70.926617,1,3,1
20260805_140205,43.134369,-70.926617,2,3,1
20260805_140205,43.134369,-70.926617,3,10,4
20260805_140206,43.134369,-70.926617,4,6,2
20260805_140206,43.134369,-70.926617,5,5,2
20260805_140207,43.134369,-70.926617,6,8,3
20260805_140207,43.134369,-70.926617,7,21,9
20260805_140208,43.134369,-70.926617,8,8,4
20260805_140208,43.134369,-70.926618,9,7,4
20260805_140209,43.134369,-70.926618,10,3,1
20260805_140209,43.134369,-70.926618,11,3,1
20260805_140210,43.134369,-70.926618,12,3,1
20260805_140210,43.134369,-70.926618,13,3,1
20260805_140211,43.134369,-70.926618,14,3,1
20260805_140211,43.134369,-70.926618,15,5,1
20260805_140212,43.134369,-70.926618,16,3,1
20260805_140212,43.134369,-70.926618,17,3,1
20260805_140213,43.134369,-70.926618,18,4,2
20260805_140213,43.134369,-70.926618,19,6,1
20260805_140214,43.134369,-70.926618,20,3,1
20260805_140214,43.134369,-70.926618,0,3,1
20260805_140215,43.134369,-70.926618,1,2,1
20260805_140215,43.134369,-70.926618,2,4,2
20260805_140216,43.134369,-70.926618,3,6,3
20260805_140216,43.134369,-70.926618,4,6,2
20260805_140217,43.134369,-70.926618,5,6,3
20260805_140217,43.134369,-70.926618,6,13,4
20260805_140218,43.134369,-70.926618,7,15,6
20260805_140218,43.134369,-70.926618,8,7,2
20260805_140219,43.134369,-70.926618,9,8,3
20260805_140219,43.134369,-70.926618,10,4,2
20260805_140220,43.134369,-70.926618,11,2,1
20260805_140220,43.134369,-70.926618,12,4,2
20260805_140221,43.134369,-70.926618,13,4,2
20260805_140221,43.134369,-70.926618,14,3,1
20260805_140222,43.134369,-70.926618,15,3,1
20260805_140222,43.134369,-70.926618,16,4,2
20260805_140223,43.134369,-70.926618,17,2,1
20260805_140223,43.134369,-70.926618,18,3,1
20260805_140224,43.134369,-70.926618,19,4,2
20260805_140224,43.134369,-70.926618,20,3,1
20260805_140225,43.134369,-70.926618,0,4,1
20260805_140225,43.134369,-70.926618,1,4,2
20260805_140226,43.134369,-70.926618,2,4,2
20260805_140226,43.134369,-70.926618,3,9,3
20260805_140227,43.134369,-70.926618,4,6,2
20260805_140227,43.134369,-70.926618,5,7,3
20260805_140228,43.134369,-70.926618,6,17,5
20260805_140228,43.134369,-70.926618,7,19,9
20260805_140229,43.134369,-70.926618,8,11,6
20260805_140229,43.134369,-70.926618,9,6,3
20260805_140230,43.134369,-70.926618,10,4,2
20260805_140230,43.134369,-70.926618,11,3,2
20260805_140231,43.134369,-70.926618,12,4,2
20260805_140231,43.134369,-70.926618,13,4,2
20260805_140232,43.134369,-70.926619,14,3,2
20260805_140232,43.134369,-70.926619,15,5,2
20260805_140233,43.134369,-70.926619,16,4,1
20260805_140233,43.134369,-70.926619,17,3,2
20260805_140234,43.134369,-70.926619,18,5,2
20260805_140234,43.134369,-70.926619,19,8,3
20260805_140235,43.134369,-70.926619,20,6,2
20260805_140235,43.134369,-70.926619,0,5,2
20260805_140236,43.134369,-70.926619,1,3,2
20260805_140236,43.134369,-70.926619,2,3,2
20260805_140237,43.134368,-70.926619,3,5,2
20260805_140237,43.134368,-70.926619,4,5,2
20260805_140238,43.134368,-70.926619,5,5,2
20260805_140238,43.134368,-70.926619,6,11,3
20260805_140239,43.134368,-70.926619,7,14,6
20260805_140239,43.134368,-70.926619,8,9,4
20260805_140240,43.134368,-70.926619,9,9,3
20260805_140240,43.134368,-70.926619,10,6,3
20260805_140241,43.134368,-70.926619,11,4,2
20260805_140241,43.134368,-70.926619,12,4,2
20260805_140242,43.134368,-70.926619,13,4,2
20260805_140243,43.134368,-70.926619,14,4,2
20260805_140243,43.134368,-70.926619,15,6,2
20260805_140244,43.134368,-70.926619,16,3,1
20260805_140244,43.134368,-70.926619,17,3,1
20260805_140245,43.134368,-70.926619,18,3,2
20260805_140245,43.134368,-70.926619,19,8,3
20260805_140246,43.134368,-70.926619,20,3,1
20260805_140246,43.134368,-70.926619,0,4,2
20260805_140247,43.134368,-70.926619,1,4,1
20260805_140247,43.134368,-70.926619,2,5,3
20260805_140248,43.134368,-70.926619,3,9,4
20260805_140248,43.134368,-70.926619,4,8,3
20260805_140249,43.134368,-70.926619,5,6,3
20260805_140249,43.134368,-70.926619,6,17,5
20260805_140250,43.134368,-70.926619,7,18,8
20260805_140250,43.134368,-70.926619,8,12,6
20260805_140251,43.134368,-70.926619,9,8,3
20260805_140251,43.134368,-70.926619,10,3,2
20260805_140252,43.134368,-70.926619,11,4,2
20260805_140252,43.134367,-70.926619,12,3,1
20260805_140253,43.134367,-70.926619,13,4,2
20260805_140253,43.134367,-70.926619,14,3,2
20260805_140254,43.134367,-70.926619,15,5,2
20260805_140254,43.134367,-70.926619,16,4,1
20260805_140255,43.134367,-70.926619,17,3,1
20260805_140255,43.134367,-70.926619,18,4,2
20260805_140256,43.134367,-70.926619,19,5,2
20260805_140256,43.134367,-70.926619,20,4,1
20260805_140257,43.134367,-70.926619,0,5,1
20260805_140257,43.134367,-70.926619,1,4,2
20260805_140258,43.134367,-70.926619,2,4,2
20260805_140258,43.134367,-70.926619,3,5,2
20260805_140259,43.134367,-70.926619,4,4,1
20260805_140259,43.134367,-70.926618,5,6,3
20260805_140300,43.134367,-70.926618,6,10,4
20260805_140300,43.134367,-70.926618,7,21,9
20260805_140301,43.134367,-70.926618,8,7,3
20260805_140301,43.134366,-70.926618,9,7,3
20260805_140302,43.134366,-70.926618,10,5,2
20260805_140302,43.134366,-70.926618,11,3,2
20260805_140303,43.134366,-70.926618,12,4,2
20260805_140303,43.134366,-70.926618,13,4,2
20260805_140304,43.134366,-70.926618,14,3,1
20260805_140304,43.134366,-70.926618,15,7,3
20260805_140305,43.134366,-70.926618,16,5,3
20260805_140305,43.134366,-70.926618,17,4,2
20260805_140306,43.134366,-70.926618,18,3,2
20260805_140306,43.134366,-70.926618,19,8,3
20260805_140307,43.134366,-70.926618,20,4,2
20260805_140307,43.134366,-70.926618,0,4,2
20260805_140308,43.134366,-70.926618,1,4,3
20260805_140308,43.134366,-70.926618,2,5,3
20260805_140309,43.134366,-70.926618,3,9,4
20260805_140309,43.134366,-70.926618,4,7,3
20260805_140310,43.134366,-70.926618,5,7,4
20260805_140310,43.134366,-70.926618,6,16,4
20260805_140311,43.134366,-70.926618,7,16,7
20260805_140311,43.134366,-70.926618,8,15,7
20260805_140312,43.134366,-70.926618,9,8,3
20260805_140312,43.134366,-70.926618,10,3,2
20260805_140313,43.134366,-70.926618,11,3,1
20260805_140313,43.134366,-70.926618,12,3,1
20260805_140314,43.134366,-70.926618,13,5,2
20260805_140314,43.134366,-70.926618,14,4,2
20260805_140315,43.134366,-70.926618,15,6,2
20260805_140315,43.134366,-70.926618,16,6,2
20260805_140316,43.134366,-70.926618,17,5,3
20260805_140316,43.134366,-70.926618,18,6,4
20260805_140317,43.134366,-70.926618,19,6,3
20260805_140317,43.134366,-70.926618,20,4,2
20260805_140318,43.134366,-70.926618,0,6,2
20260805_140318,43.134366,-70.926618,1,3,2
20260805_140319,43.134366,-70.926618,2,3,1
20260805_140319,43.134366,-70.926618,3,10,3
20260805_140320,43.134366,-70.926618,4,5,1
20260805_140320,43.134366,-70.926618,5,5,2
20260805_140321,43.134366,-70.926618,6,9,3
20260805_140321,43.134366,-70.926618,7,21,9
20260805_140322,43.134366,-70.926618,8,7,4
20260805_140322,43.134366,-70.926618,9,7,3
20260805_140323,43.134366,-70.926618,10,7,3
20260805_140323,43.134366,-70.926618,11,3,1
20260805_140324,43.134366,-70.926618,12,4,2
20260805_140324,43.134366,-70.926618,13,4,2
20260805_140325,43.134366,-70.926618,14,5,3
20260805_140326,43.134366,-70.926618,15,7,3
20260805_140326,43.134366,-70.926618,16,5,2
20260805_140327,43.134366,-70.926618,17,4,2
20260805_140327,43.134366,-70.926618,18,4,2
20260805_140328,43.134366,-70.926618,19,7,3
20260805_140328,43.134366,-70.926618,20,6,3
20260805_140329,43.134366,-70.926618,0,4,2
20260805_140329,43.134366,-70.926618,1,3,1
20260805_140330,43.134366,-70.926618,2,4,2
20260805_140330,43.134366,-70.926618,3,8,3
20260805_140331,43.134366,-70.926618,4,8,3
20260805_140331,43.134366,-70.926618,5,7,3
20260805_140332,43.134366,-70.926618,6,14,4
20260805_140332,43.134367,-70.926617,7,14,6
20260805_140333,43.134367,-70.926617,8,16,8
20260805_140333,43.134367,-70.926617,9,8,3
20260805_140334,43.134367,-70.926617,10,4,2
20260805_140334,43.134367,-70.926617,11,4,2
20260805_140335,43.134367,-70.926617,12,5,3
20260805_140335,43.134367,-70.926617,13,5,3
20260805_140336,43.134367,-70.926617,14,4,2
20260805_140336,43.134367,-70.926617,15,6,3
20260805_140337,43.134367,-70.926617,16,5,3
20260805_140337,43.134367,-70.926617,17,4,2
20260805_140338,43.134367,-70.926617,18,4,2
20260805_140338,43.134367,-70.926617,19,5,2
20260805_140339,43.134367,-70.926617,20,3,2
20260805_140339,43.134367,-70.926617,0,5,2
20260805_140340,43.134367,-70.926617,1,4,2
20260805_140340,43.134367,-70.926617,2,3,1
20260805_140341,43.134367,-70.926617,3,9,3
20260805_140341,43.134367,-70.926617,4,6,3
20260805_140342,43.134367,-70.926617,5,6,3
20260805_140342,43.134367,-70.926617,6,16,4
20260805_140343,43.134367,-70.926617,7,21,9
20260805_140343,43.134367,-70.926617,8,10,5
20260805_140344,43.134367,-70.926617,9,7,4
20260805_140344,43.134367,-70.926617,10,3,2
20260805_140345,43.134367,-70.926617,11,4,2
20260805_140345,43.134367,-70.926617,12,4,2
20260805_140346,43.134367,-70.926617,13,5,3
20260805_140346,43.134367,-70.926617,14,4,2
20260805_140347,43.134367,-70.926617,15,6,2
20260805_140347,43.134367,-70.926617,16,6,3
20260805_140348,43.134367,-70.926617,17,5,3
20260805_140348,43.134367,-70.926617,18,6,3
20260805_140349,43.134367,-70.926617,19,7,3
20260805_140349,43.134367,-70.926617,20,5,2
20260805_140350,43.134367,-70.926617,0,6,3
20260805_140350,43.134367,-70.926617,1,4,2
20260805_140351,43.134367,-70.926617,2,4,2
20260805_140351,43.134367,-70.926617,3,7,3
20260805_140352,43.134367,-70.926617,4,7,2
20260805_140352,43.134367,-70.926617,5,7,3
20260805_140353,43.134367,-70.926617,6,13,4
20260805_140353,43.134367,-70.926617,7,15,7
20260805_140354,43.134367,-70.926617,8,8,4
20260805_140354,43.134367,-70.926617,9,9,4
20260805_140355,43.134367,-70.926617,10,6,3
20260805_140355,43.134367,-70.926617,11,5,2
20260805_140356,43.134367,-70.926617,12,4,2
20260805_140356,43.134367,-70.926617,13,5,3
20260805_140357,43.134367,-70.926617,14,4,2
20260805_140357,43.134367,-70.926617,15,5,2
20260805_140358,43.134367,-70.926617,16,5,3
20260805_140358,43.134367,-70.926617,17,4,2
20260805_140359,43.134367,-70.926617,18,4,2
20260805_140359,43.134367,-70.926617,19,9,3
20260805_140400,43.134367,-70.926617,20,4,2
20260805_140400,43.134367,-70.926617,0,6,2
20260805_140401,43.134367,-70.926617,1,5,2
20260805_140401,43.134367,-70.926617,2,4,2
20260805_140402,43.134367,-70.926617,3,9,3
20260805_140402,43.134367,-70.926617,4,6,2
20260805_140403,43.134367,-70.926617,5,5,2
20260805_140403,43.134367,-70.926617,6,16,5
20260805_140404,43.134367,-70.926617,7,19,9
20260805_140404,43.134367,-70.926617,8,12,6
20260805_140405,43.134367,-70.926617,9,7,4
20260805_140405,43.134367,-70.926617,10,4,2
20260805_140406,43.134367,-70.926617,11,4,2
20260805_140406,43.134367,-70.926617,12,3,2
20260805_140407,43.134367,-70.926617,13,5,2
20260805_140407,43.134367,-70.926617,14,5,3
20260805_140408,43.134367,-70.926617,15,6,3
20260805_140409,43.134367,-70.926617,16,6,3
20260805_140409,43.134367,-70.926617,17,4,2
20260805_140410,43.134367,-70.926617,18,5,2
20260805_140410,43.134367,-70.926617,19,7,3
20260805_140411,43.134367,-70.926617,20,6,3
20260805_140411,43.134367,-70.926617,0,6,2
20260805_140412,43.134367,-70.926617,1,3,1
20260805_140412,43.134367,-70.926618,2,3,2
20260805_140413,43.134367,-70.926618,3,6,2
20260805_140413,43.134367,-70.926618,4,6,2
20260805_140414,43.134367,-70.926618,5,6,3
20260805_140414,43.134367,-70.926618,6,12,5
20260805_140415,43.134367,-70.926618,7,15,6
20260805_140415,43.134367,-70.926618,8,6,3
20260805_140416,43.134367,-70.926618,9,8,3
20260805_140416,43.134367,-70.926618,10,5,3
20260805_140417,43.134367,-70.926618,11,3,1
20260805_140417,43.134366,-70.926618,12,4,2
20260805_140418,43.134366,-70.926618,13,4,2
20260805_140418,43.134366,-70.926618,14,3,2
20260805_140419,43.134366,-70.926618,15,6,2
20260805_140419,43.134366,-70.926618,16,5,2
20260805_140420,43.134366,-70.926618,17,4,2
20260805_140420,43.134366,-70.926618,18,4,2
20260805_140421,43.134366,-70.926618,19,8,3
20260805_140421,43.134366,-70.926618,20,4,2
20260805_140422,43.134366,-70.926618,0,6,3
20260805_140422,43.134366,-70.926618,1,6,3
20260805_140423,43.134366,-70.926618,2,5,2
20260805_140423,43.134366,-70.926618,3,10,4
20260805_140424,43.134366,-70.926618,4,8,4
20260805_140424,43.134366,-70.926618,5,7,3
20260805_140425,43.134366,-70.926618,6,18,5
20260805_140425,43.134366,-70.926618,7,20,9
20260805_140426,43.134366,-70.926618,8,13,7
20260805_140426,43.134366,-70.926618,9,10,4
20260805_140427,43.134366,-70.926618,10,5,3
20260805_140427,43.134366,-70.926618,11,4,3
20260805_140428,43.134366,-70.926618,12,6,3
20260805_140428,43.134366,-70.926619,13,5,2
20260805_140429,43.134366,-70.926619,14,4,2
20260805_140429,43.134366,-70.926619,15,6,3
20260805_140430,43.134366,-70.926619,16,5,2
20260805_140430,43.134366,-70.926619,17,5,2
20260805_140431,43.134366,-70.926619,18,6,3
20260805_140431,43.134366,-70.926619,19,6,2
20260805_140432,43.134366,-70.926619,20,5,2
20260805_140432,43.134366,-70.926619,0,6,2
20260805_140433,43.134366,-70.926619,1,4,2
20260805_140433,43.134365,-70.926619,2,5,3
20260805_140434,43.134365,-70.926619,3,6,4
20260805_140434,43.134365,-70.926619,4,7,3
20260805_140435,43.134365,-70.92662,5,6,3
20260805_140435,43.134365,-70.92662,6,10,4
20260805_140436,43.134365,-70.92662,7,21,9
20260805_140436,43.134365,-70.92662,8,8,4
20260805_140437,43.134365,-70.92662,9,7,3
20260805_140437,43.134365,-70.92662,10,5,2
20260805_140438,43.134365,-70.92662,11,2,1
20260805_140438,43.134365,-70.92662,12,4,2
20260805_140439,43.134365,-70.92662,13,4,2
20260805_140439,43.134365,-70.92662,14,4,2
20260805_140440,43.134365,-70.92662,15,5,1
20260805_140440,43.134365,-70.92662,16,3,1
20260805_140441,43.134365,-70.92662,17,3,1
20260805_140441,43.134365,-70.92662,18,2,1
20260805_140442,43.134365,-70.92662,19,6,2
20260805_140442,43.134365,-70.92662,20,4,2
20260805_140443,43.134365,-70.926621,0,4,2
20260805_140443,43.134365,-70.926621,1,3,2
20260805_140444,43.134365,-70.926621,2,5,3
20260805_140444,43.134365,-70.926621,3,9,4
20260805_140445,43.134365,-70.926621,4,8,4
20260805_140445,43.134365,-70.926621,5,6,2
20260805_140446,43.134365,-70.926621,6,15,4
20260805_140446,43.134365,-70.926621,7,17,8
20260805_140447,43.134365,-70.926621,8,14,7
20260805_140447,43.134365,-70.926621,9,8,3
20260805_140448,43.134364,-70.926621,10,5,3
20260805_140448,43.134364,-70.926621,11,4,2
20260805_140449,43.134364,-70.926621,12,4,2
20260805_140449,43.134364,-70.926621,13,5,2
20260805_140450,43.134364,-70.926621,14,4,2
20260805_140450,43.134364,-70.926621,15,5,2
20260805_140451,43.134364,-70.926621,16,4,1
20260805_140452,43.134364,-70.926621,17,2,1
20260805_140452,43.134364,-70.926622,18,4,2
20260805_140453,43.134364,-70.926622,19,5,2
20260805_140453,43.134364,-70.926622,20,3,1
20260805_140454,43.134364,-70.926622,0,5,2
20260805_140454,43.134364,-70.926622,1,4,2
20260805_140455,43.134364,-70.926622,2,3,1
20260805_140455,43.134363,-70.926622,3,10,3
20260805_140456,43.134363,-70.926622,4,6,1
20260805_140456,43.134363,-70.926622,5,4,2
20260805_140457,43.134363,-70.926622,6,7,2
20260805_140457,43.134363,-70.926622,7,21,9
20260805_140458,43.134363,-70.926622,8,9,5
20260805_140458,43.134363,-70.926622,9,6,3
20260805_140459,43.134363,-70.926622,10,7,2
20260805_140459,43.134363,-70.926622,11,3,1
20260805_140500,43.134363,-70.926622,12,4,2
20260805_140500,43.134363,-70.926622,13,4,2
20260805_140501,43.134363,-70.926622,14,3,1
20260805_140501,43.134363,-70.926622,15,5,2
20260805_140502,43.134363,-70.926622,16,4,1
20260805_140502,43.134363,-70.926622,17,3,2
20260805_140503,43.134363,-70.926622,18,4,2
20260805_140503,43.134363,-70.926622,19,6,2
20260805_140504,43.134363,-70.926622,20,4,2
20260805_140504,43.134363,-70.926622,0,3,1
20260805_140505,43.134363,-70.926622,1,3,1
20260805_140505,43.134363,-70.926622,2,4,2
20260805_140506,43.134363,-70.926622,3,7,3
20260805_140506,43.134363,-70.926622,4,7,3
20260805_140507,43.134363,-70.926622,5,6,2
20260805_140507,43.134363,-70.926622,6,14,4
20260805_140508,43.134363,-70.926622,7,15,6
20260805_140508,43.134363,-70.926622,8,8,4
20260805_140509,43.134363,-70.926622,9,8,3
20260805_140509,43.134363,-70.926622,10,5,3
20260805_140510,43.134363,-70.926622,11,4,2
20260805_140510,43.134363,-70.926622,12,5,3
20260805_140511,43.134363,-70.926622,13,4,2
20260805_140511,43.134363,-70.926622,14,4,2
20260805_140512,43.134363,-70.926622,15,4,1
20260805_140512,43.134362,-70.926622,16,4,2
20260805_140513,43.134362,-70.926622,17,3,1
20260805_140513,43.134362,-70.926622,18,3,2
20260805_140514,43.134362,-70.926622,19,5,3
20260805_140514,43.134362,-70.926622,20,4,2
20260805_140515,43.134362,-70.926622,0,6,3
20260805_140515,43.134362,-70.926622,1,5,2
20260805_140516,43.134362,-70.926622,2,3,2
20260805_140516,43.134362,-70.926623,3,10,4
20260805_140517,43.134362,-70.926623,4,6,2
20260805_140517,43.134362,-70.926623,5,5,2
20260805_140518,43.134362,-70.926623,6,17,4
20260805_140518,43.134362,-70.926623,7,20,9
20260805_140519,43.134362,-70.926623,8,9,5
20260805_140519,43.134362,-70.926623,9,7,3
20260805_140520,43.134362,-70.926623,10,3,1
20260805_140520,43.134362,-70.926623,11,2,1
20260805_140521,43.134362,-70.926623,12,3,1
20260805_140521,43.134362,-70.926623,13,3,1
20260805_140522,43.134362,-70.926623,14,3,1
20260805_140522,43.134362,-70.926623,15,5,2
20260805_140523,43.134362,-70.926623,16,4,2
20260805_140523,43.134362,-70.926623,17,3,1
20260805_140524,43.134362,-70.926623,18,4,2
20260805_140524,43.134362,-70.926623,19,5,2
20260805_140525,43.134362,-70.926623,20,4,1
20260805_140525,43.134362,-70.926623,0,5,1
20260805_140526,43.134362,-70.926623,1,2,1
20260805_140526,43.134362,-70.926623,2,3,1
20260805_140527,43.134362,-70.926623,3,5,2
20260805_140527,43.134362,-70.926623,4,4,1
20260805_140528,43.134362,-70.926623,5,5,2
20260805_140528,43.134362,-70.926623,6,11,3
20260805_140529,43.134362,-70.926623,7,15,6
20260805_140529,43.134362,-70.926623,8,8,3
20260805_140530,43.134362,-70.926623,9,8,3
20260805_140530,43.134362,-70.926623,10,5,2
20260805_140531,43.134362,-70.926623,11,4,2
20260805_140531,43.134362,-70.926623,12,4,2
20260805_140532,43.134362,-70.926623,13,4,2
20260805_140532,43.134362,-70.926623,14,4,2
20260805_140533,43.134362,-70.926623,15,4,2
20260805_140533,43.134362,-70.926623,16,3,1
20260805_140534,43.134362,-70.926624,17,3,1
20260805_140535,43.134362,-70.926624,18,4,1
20260805_140535,43.134362,-70.926624,19,8,3
20260805_140536,43.134362,-70.926624,20,4,2
20260805_140536,43.134362,-70.926624,0,6,3
20260805_140537,43.134362,-70.926624,1,5,2
20260805_140537,43.134362,-70.926624,2,5,2
20260805_140538,43.134362,-70.926624,3,10,4
20260805_140538,43.134362,-70.926624,4,8,4
20260805_140539,43.134362,-70.926624,5,6,3
20260805_140539,43.134362,-70.926624,6,16,4
20260805_140540,43.134362,-70.926624,7,18,9
20260805_140540,43.134362,-70.926624,8,10,5
20260805_140541,43.134362,-70.926624,9,7,3
20260805_140541,43.134362,-70.926624,10,4,2
20260805_140542,43.134362,-70.926624,11,3,1
20260805_140542,43.134362,-70.926624,12,3,2
20260805_140543,43.134362,-70.926624,13,4,2
20260805_140543,43.134362,-70.926624,14,3,2
20260805_140544,43.134362,-70.926624,15,4,1
20260805_140544,43.134362,-70.926624,16,5,2
20260805_140545,43.134362,-70.926624,17,4,2
20260805_140545,43.134362,-70.926624,18,5,2
20260805_140546,43.134362,-70.926624,19,7,3
20260805_140546,43.134362,-70.926624,20,6,2
20260805_140547,43.134362,-70.926624,0,6,2
20260805_140547,43.134362,-70.926624,1,4,2
20260805_140548,43.134362,-70.926624,2,5,2
20260805_140548,43.134362,-70.926624,3,6,3
20260805_140549,43.134362,-70.926624,4,7,2
20260805_140549,43.134362,-70.926624,5,6,3
20260805_140550,43.134362,-70.926624,6,12,4
20260805_140550,43.134362,-70.926624,7,21,9
20260805_140551,43.134362,-70.926624,8,8,4
20260805_140551,43.134362,-70.926624,9,8,4
20260805_140552,43.134362,-70.926624,10,6,3
20260805_140552,43.134362,-70.926624,11,4,2
20260805_140553,43.134362,-70.926624,12,5,3
20260805_140553,43.134362,-70.926624,13,5,3
20260805_140554,43.134362,-70.926624,14,5,3
20260805_140554,43.134362,-70.926624,15,7,3
20260805_140555,43.134362,-70.926624,16,5,3
20260805_140555,43.134362,-70.926624,17,4,2
20260805_140556,43.134362,-70.926624,18,4,2
20260805_140556,43.134362,-70.926624,19,8,3
20260805_140557,43.134362,-70.926624,20,5,3
20260805_140557,43.134362,-70.926624,0,5,2
20260805_140558,43.134362,-70.926624,1,6,2
20260805_140558,43.134362,-70.926624,2,6,3
20260805_140559,43.134362,-70.926624,3,9,4
20260805_140559,43.134362,-70.926624,4,7,3
20260805_140600,43.134362,-70.926624,5,6,2
20260805_140600,43.134362,-70.926624,6,17,5
20260805_140601,43.134362,-70.926624,7,17,8
20260805_140601,43.134362,-70.926624,8,13,6
20260805_140602,43.134362,-70.926624,9,8,3
20260805_140602,43.134362,-70.926624,10,3,1
20260805_140603,43.134362,-70.926624,11,3,1
20260805_140603,43.134362,-70.926624,12,4,2
20260805_140604,43.134362,-70.926624,13,5,2
20260805_140604,43.134362,-70.926624,14,3,2
20260805_140605,43.134362,-70.926624,15,4,2
20260805_140605,43.134362,-70.926624,16,5,2
20260805_140606,43.134362,-70.926624,17,3,2
20260805_140606,43.134362,-70.926624,18,4,2
20260805_140607,43.134362,-70.926624,19,5,2
20260805_140607,43.134362,-70.926624,20,6,2
20260805_140608,43.134362,-70.926624,0,6,2
20260805_140608,43.134362,-70.926624,1,4,2
20260805_140609,43.134362,-70.926624,2,4,2
20260805_140609,43.134362,-70.926624,3,10,4
20260805_140610,43.134362,-70.926624,4,6,2
20260805_140610,43.134362,-70.926624,5,6,3
20260805_140611,43.134362,-70.926624,6,10,4
20260805_140611,43.134362,-70.926624,7,22,9
20260805_140612,43.134362,-70.926623,8,7,3
20260805_140612,43.134362,-70.926623,9,6,3
20260805_140613,43.134362,-70.926623,10,5,2
20260805_140613,43.134362,-70.926623,11,3,1
20260805_140614,43.134362,-70.926623,12,3,1
20260805_140614,43.134362,-70.926623,13,4,2
20260805_140615,43.134362,-70.926623,14,4,2
20260805_140615,43.134362,-70.926623,15,6,2
20260805_140616,43.134362,-70.926623,16,4,2
20260805_140616,43.134362,-70.926623,17,3,1
20260805_140617,43.134363,-70.926623,18,2,2
20260805_140618,43.134363,-70.926623,19,7,2
20260805_140618,43.134363,-70.926623,20,4,2
20260805_140619,43.134363,-70.926623,0,4,2
20260805_140619,43.134363,-70.926623,1,2,1
20260805_140620,43.134363,-70.926623,2,3,1
20260805_140620,43.134363,-70.926623,3,7,2
20260805_140621,43.134363,-70.926623,4,7,2
20260805_140621,43.134363,-70.926623,5,6,2
20260805_140622,43.134363,-70.926623,6,15,4
20260805_140622,43.134363,-70.926623,7,15,7
20260805_140623,43.134363,-70.926623,8,15,7
20260805_140623,43.134363,-70.926623,9,9,3
20260805_140624,43.134363,-70.926623,10,4,2
20260805_140624,43.134363,-70.926623,11,3,2
20260805_140625,43.134363,-70.926623,12,4,2
20260805_140625,43.134363,-70.926623,13,4,2
20260805_140626,43.134363,-70.926623,14,3,1
20260805_140626,43.134363,-70.926623,15,4,2
20260805_140627,43.134363,-70.926623,16,5,2
20260805_140627,43.134363,-70.926623,17,4,2
20260805_140628,43.134363,-70.926623,18,5,3
20260805_140628,43.134363,-70.926623,19,6,2
20260805_140629,43.134363,-70.926623,20,4,2
20260805_140629,43.134363,-70.926623,0,6,2
20260805_140630,43.134363,-70.926623,1,4,2
20260805_140630,43.134363,-70.926623,2,4,2
20260805_140631,43.134363,-70.926623,3,11,4
20260805_140631,43.134363,-70.926623,4,6,2
20260805_140632,43.134363,-70.926623,5,6,3
20260805_140632,43.134363,-70.926622,6,9,4
20260805_140633,43.134363,-70.926622,7,23,10
20260805_140633,43.134363,-70.926622,8,9,5
20260805_140634,43.134363,-70.926622,9,7,4
20260805_140634,43.134363,-70.926622,10,7,3
20260805_140635,43.134363,-70.926622,11,3,2
20260805_140635,43.134363,-70.926622,12,5,3
20260805_140636,43.134363,-70.926622,13,4,2
20260805_140636,43.134363,-70.926622,14,3,2
20260805_140637,43.134363,-70.926622,15,6,2
20260805_140637,43.134363,-70.926622,16,4,2
20260805_140638,43.134363,-70.926622,17,4,2
20260805_140638,43.134363,-70.926622,18,5,2
20260805_140639,43.134363,-70.926622,19,7,3
20260805_140639,43.134363,-70.926622,20,6,3
20260805_140640,43.134363,-70.926622,0,4,2
20260805_140640,43.134363,-70.926622,1,2,1
20260805_140641,43.134363,-70.926622,2,3,1
20260805_140641,43.134363,-70.926622,3,6,2
20260805_140642,43.134363,-70.926622,4,9,3
20260805_140642,43.134363,-70.926622,5,6,2
20260805_140643,43.134363,-70.926622,6,13,4
20260805_140643,43.134363,-70.926622,7,15,7
20260805_140644,43.134363,-70.926622,8,7,3
20260805_140644,43.134363,-70.926622,9,9,3
20260805_140645,43.134364,-70.926622,10,5,2
20260805_140645,43.134364,-70.926622,11,3,2
20260805_140646,43.134364,-70.926622,12,5,2
20260805_140646,43.134364,-70.926622,13,4,2
20260805_140647,43.134364,-70.926622,14,4,2
20260805_140647,43.134364,-70.926622,15,4,2
20260805_140648,43.134364,-70.926622,16,4,1
20260805_140648,43.134364,-70.926622,17,3,1
20260805_140649,43.134364,-70.926622,18,4,2
20260805_140649,43.134364,-70.926622,19,5,2
20260805_140650,43.134364,-70.926622,20,4,2
20260805_140650,43.134364,-70.926622,0,4,2
20260805_140651,43.134364,-70.926622,1,4,1
20260805_140651,43.134364,-70.926622,2,3,2
20260805_140652,43.134364,-70.926622,3,10,4
20260805_140652,43.134364,-70.926622,4,6,3
20260805_140653,43.134364,-70.926622,5,6,3
20260805_140653,43.134364,-70.926622,6,17,5
20260805_140654,43.134365,-70.926622,7,20,10
20260805_140654,43.134365,-70.926622,8,11,6
20260805_140655,43.134365,-70.926622,9,7,4
20260805_140655,43.134365,-70.926622,10,4,2
20260805_140656,43.134365,-70.926622,11,4,2
20260805_140656,43.134365,-70.926622,12,4,2
20260805_140657,43.134365,-70.926622,13,4,2
20260805_140657,43.134365,-70.926622,14,4,2
20260805_140658,43.134365,-70.926622,15,6,2
20260805_140658,43.134365,-70.926622,16,5,2
20260805_140659,43.134365,-70.926622,17,4,2
20260805_140659,43.134365,-70.926622,18,5,2
20260805_140700,43.134365,-70.926623,19,7,2
20260805_140700,43.134365,-70.926623,20,5,2
20260805_140701,43.134365,-70.926623,0,4,3
20260805_140702,43.134365,-70.926623,1,5,3
20260805_140702,43.134365,-70.926623,2,5,3
20260805_140703,43.134365,-70.926623,3,8,3
20260805_140703,43.134365,-70.926623,4,6,2
20260805_140704,43.134365,-70.926623,5,6,3
20260805_140704,43.134365,-70.926623,6,13,4
20260805_140705,43.134365,-70.926623,7,16,6
20260805_140705,43.134365,-70.926623,8,8,3
20260805_140706,43.134365,-70.926623,9,8,3
20260805_140706,43.134365,-70.926623,10,5,2
20260805_140707,43.134365,-70.926623,11,3,1
20260805_140707,43.134365,-70.926623,12,4,2
20260805_140708,43.134365,-70.926623,13,4,2
20260805_140708,43.134365,-70.926623,14,3,2
20260805_140709,43.134365,-70.926623,15,4,2
20260805_140709,43.134365,-70.926623,16,5,2
20260805_140710,43.134365,-70.926623,17,4,2
20260805_140710,43.134365,-70.926623,18,4,2
20260805_140711,43.134365,-70.926623,19,7,2
20260805_140711,43.134365,-70.926623,20,3,2
20260805_140712,43.134365,-70.926623,0,4,2
20260805_140712,43.134366,-70.926623,1,5,3
20260805_140713,43.134366,-70.926623,2,6,2
20260805_140713,43.134366,-70.926623,3,11,4
20260805_140714,43.134366,-70.926623,4,7,3
20260805_140714,43.134366,-70.926623,5,6,3
20260805_140715,43.134366,-70.926623,6,18,5
20260805_140715,43.134366,-70.926624,7,19,9
20260805_140716,43.134366,-70.926624,8,12,7
20260805_140716,43.134366,-70.926624,9,7,4
20260805_140717,43.134366,-70.926624,10,5,3
20260805_140717,43.134366,-70.926624,11,4,2
20260805_140718,43.134366,-70.926624,12,4,2
20260805_140718,43.134366,-70.926624,13,4,2
20260805_140719,43.134366,-70.926624,14,4,2
20260805_140719,43.134366,-70.926624,15,6,2
20260805_140720,43.134366,-70.926624,16,6,2
20260805_140720,43.134366,-70.926624,17,5,2
20260805_140721,43.134366,-70.926624,18,5,2
20260805_140721,43.134366,-70.926624,19,7,3
20260805_140722,43.134366,-70.926624,20,7,3
20260805_140722,43.134366,-70.926624,0,6,2
20260805_140723,43.134366,-70.926624,1,3,2
20260805_140723,43.134365,-70.926624,2,3,1
20260805_140724,43.134365,-70.926624,3,5,2
20260805_140724,43.134365,-70.926624,4,7,2
20260805_140725,43.134365,-70.926624,5,7,4
20260805_140725,43.134365,-70.926624,6,12,4
20260805_140726,43.134365,-70.926624,7,17,6
20260805_140726,43.134365,-70.926624,8,9,4
20260805_140727,43.134365,-70.926624,9,8,4
20260805_140727,43.134365,-70.926624,10,7,3
20260805_140728,43.134365,-70.926624,11,4,2
20260805_140728,43.134365,-70.926624,12,5,2
20260805_140729,43.134365,-70.926624,13,4,2
20260805_140729,43.134365,-70.926624,14,4,2
20260805_140730,43.134365,-70.926624,15,7,3
20260805_140730,43.134365,-70.926624,16,5,3
20260805_140731,43.134365,-70.926624,17,5,3
20260805_140731,43.134365,-70.926624,18,5,3
20260805_140732,43.134365,-70.926624,19,8,3
20260805_140732,43.134365,-70.926624,20,4,2
20260805_140733,43.134365,-70.926624,0,5,2
20260805_140733,43.134365,-70.926624,1,4,2
20260805_140734,43.134365,-70.926624,2,4,1
20260805_140734,43.134365,-70.926624,3,7,2
20260805_140735,43.134365,-70.926624,4,7,2
20260805_140735,43.134365,-70.926624,5,6,3
20260805_140736,43.134365,-70.926624,6,15,4
20260805_140736,43.134365,-70.926624,7,16,8
20260805_140737,43.134365,-70.926623,8,13,6
20260805_140737,43.134365,-70.926623,9,8,3
20260805_140738,43.134365,-70.926623,10,4,2
20260805_140738,43.134365,-70.926623,11,3,1
20260805_140739,43.134365,-70.926623,12,3,1
20260805_140739,43.134365,-70.926623,13,4,2
20260805_140740,43.134365,-70.926623,14,3,2
20260805_140740,43.134365,-70.926623,15,4,2
20260805_140741,43.134365,-70.926623,16,5,2
20260805_140741,43.134365,-70.926623,17,3,1
20260805_140742,43.134365,-70.926623,18,3,2
20260805_140742,43.134365,-70.926623,19,5,2
20260805_140743,43.134365,-70.926623,20,4,2
20260805_140744,43.134365,-70.926623,0,6,2
20260805_140744,43.134365,-70.926623,1,3,2
20260805_140745,43.134365,-70.926623,2,3,1
20260805_140745,43.134365,-70.926623,3,11,4
20260805_140746,43.134365,-70.926623,4,6,2
20260805_140746,43.134365,-70.926622,5,7,4
20260805_140747,43.134365,-70.926622,6,12,5
20260805_140747,43.134365,-70.926622,7,22,10
20260805_140748,43.134365,-70.926622,8,9,5
20260805_140748,43.134365,-70.926622,9,8,4
20260805_140749,43.134365,-70.926622,10,8,4
20260805_140749,43.134365,-70.926622,11,5,3
20260805_140750,43.134365,-70.926622,12,6,3
20260805_140750,43.134365,-70.926622,13,5,3
20260805_140751,43.134365,-70.926622,14,5,2
20260805_140751,43.134365,-70.926622,15,7,3
20260805_140752,43.134365,-70.926622,16,5,2
20260805_140752,43.134365,-70.926622,17,3,2
20260805_140753,43.134365,-70.926622,18,5,2
20260805_140753,43.134365,-70.926622,19,7,2
20260805_140754,43.134365,-70.926622,20,3,1
20260805_140754,43.134365,-70.926622,0,4,2
20260805_140755,43.134365,-70.926622,1,3,2
20260805_140755,43.134365,-70.926622,2,5,2
20260805_140756,43.134365,-70.926622,3,8,3
20260805_140756,43.134365,-70.926621,4,8,3
20260805_140757,43.134365,-70.926621,5,7,3
20260805_140757,43.134365,-70.926621,6,14,4
20260805_140758,43.134365,-70.926621,7,16,7
20260805_140758,43.134365,-70.926621,8,18,8
20260805_140759,43.134365,-70.926621,9,9,4
20260805_140759,43.134365,-70.926621,10,4,3
20260805_140800,43.134365,-70.926621,11,4,2
20260805_140800,43.134365,-70.926621,12,5,3
20260805_140801,43.134365,-70.926621,13,6,3
20260805_140801,43.134365,-70.926621,14,3,2
20260805_140802,43.134365,-70.926621,15,4,2
20260805_140802,43.134365,-70.926621,16,4,2
20260805_140803,43.134365,-70.926621,17,4,2
20260805_140803,43.134365,-70.926621,18,5,3
20260805_140804,43.134365,-70.926621,19,5,2
20260805_140804,43.134365,-70.926621,20,4,2
20260805_140805,43.134365,-70.926621,0,6,2
20260805_140805,43.134365,-70.926621,1,3,1
20260805_140806,43.134365,-70.926621,2,3,1
20260805_140806,43.134365,-70.926621,3,9,4
20260805_140807,43.134365,-70.926621,4,6,2
20260805_140807,43.134365,-70.926621,5,6,3
20260805_140808,43.134365,-70.92662,6,16,5
20260805_140808,43.134365,-70.92662,7,22,9
20260805_140809,43.134365,-70.92662,8,9,5
20260805_140809,43.134365,-70.92662,9,7,3
20260805_140810,43.134365,-70.92662,10,3,2
20260805_140810,43.134365,-70.92662,11,3,2
20260805_140811,43.134365,-70.92662,12,4,2
20260805_140811,43.134365,-70.92662,13,4,2
20260805_140812,43.134365,-70.92662,14,4,2
20260805_140812,43.134365,-70.92662,15,6,3
20260805_140813,43.134365,-70.92662,16,6,3
20260805_140813,43.134365,-70.92662,17,4,2
20260805_140814,43.134365,-70.92662,18,5,3
20260805_140814,43.134365,-70.92662,19,7,3
20260805_140815,43.134365,-70.92662,20,5,2
20260805_140815,43.134365,-70.92662,0,5,2
20260805_140816,43.134365,-70.92662,1,3,2
20260805_140816,43.134365,-70.92662,2,5,3
20260805_140817,43.134365,-70.92662,3,7,3
20260805_140817,43.134365,-70.92662,4,7,2
20260805_140818,43.134365,-70.92662,5,6,3
20260805_140818,43.134365,-70.92662,6,13,4
20260805_140819,43.134365,-70.92662,7,16,7
20260805_140819,43.134365,-70.92662,8,9,4
20260805_140820,43.134365,-70.92662,9,9,4
20260805_140820,43.134365,-70.92662,10,5,3
20260805_140821,43.134365,-70.92662,11,5,3
20260805_140821,43.134365,-70.92662,12,5,3
20260805_140822,43.134365,-70.92662,13,5,2
20260805_140822,43.134365,-70.92662,14,3,2
20260805_140823,43.134365,-70.92662,15,4,2
20260805_140823,43.134365,-70.92662,16,6,3
20260805_140824,43.134365,-70.92662,17,4,2
20260805_140824,43.134365,-70.92662,18,5,3
20260805_140825,43.134365,-70.92662,19,9,4
20260805_140826,43.134365,-70.92662,20,5,3
20260805_140826,43.134365,-70.92662,0,6,3
20260805_140827,43.134365,-70.92662,1,6,3
20260805_140827,43.134365,-70.92662,2,5,2
20260805_140828,43.134365,-70.92662,3,10,4
20260805_140828,43.134365,-70.92662,4,8,3
20260805_140829,43.134365,-70.92662,5,6,2
20260805_140829,43.134365,-70.92662,6,18,5
20260805_140830,43.134365,-70.92662,7,19,9
20260805_140830,43.134365,-70.92662,8,10,6
20260805_140831,43.134365,-70.92662,9,7,3
20260805_140831,43.134365,-70.92662,10,5,3
20260805_140832,43.134365,-70.92662,11,4,2
20260805_140832,43.134365,-70.92662,12,5,3
20260805_140833,43.134365,-70.92662,13,6,3
20260805_140833,43.134365,-70.92662,14,5,3
20260805_140834,43.134365,-70.92662,15,6,3
20260805_140834,43.134364,-70.92662,16,5,2
20260805_140835,43.134364,-70.92662,17,4,2
20260805_140835,43.134364,-70.92662,18,5,3
20260805_140836,43.134364,-70.92662,19,7,3
20260805_140836,43.134364,-70.92662,20,5,2
20260805_140837,43.134364,-70.92662,0,6,2
20260805_140837,43.134364,-70.92662,1,3,2
20260805_140838,43.134364,-70.92662,2,4,2
20260805_140838,43.134364,-70.92662,3,6,3
20260805_140839,43.134364,-70.92662,4,6,2
20260805_140839,43.134364,-70.92662,5,6,3
20260805_140840,43.134364,-70.92662,6,11,4
20260805_140840,43.134364,-70.926621,7,14,6
20260805_140841,43.134364,-70.926621,8,8,3
20260805_140841,43.134364,-70.926621,9,7,3
20260805_140842,43.134364,-70.926621,10,5,2
20260805_140842,43.134364,-70.926621,11,3,1
20260805_140843,43.134364,-70.926621,12,4,1
20260805_140843,43.134364,-70.926621,13,3,1
20260805_140844,43.134364,-70.926621,14,3,1
20260805_140844,43.134364,-70.926621,15,6,2
20260805_140845,43.134364,-70.926621,16,4,2
20260805_140845,43.134363,-70.926621,17,3,2
20260805_140846,43.134363,-70.926621,18,2,1
20260805_140846,43.134363,-70.926621,19,7,2
20260805_140847,43.134363,-70.926621,20,4,2
20260805_140847,43.134363,-70.926621,0,4,2
20260805_140848,43.134363,-70.926621,1,5,2
20260805_140848,43.134363,-70.926621,2,5,2
20260805_140849,43.134363,-70.926621,3,9,4
20260805_140849,43.134363,-70.926621,4,6,2
20260805_140850,43.134363,-70.926621,5,5,2
20260805_140850,43.134363,-70.926621,6,16,5
20260805_140851,43.134363,-70.926621,7,17,8
20260805_140851,43.134363,-70.926621,8,12,6
20260805_140852,43.134363,-70.926621,9,8,3
20260805_140852,43.134363,-70.926621,10,4,2
20260805_140853,43.134363,-70.926621,11,3,2
20260805_140853,43.134363,-70.926621,12,4,2
20260805_140854,43.134363,-70.926621,13,5,2
20260805_140854,43.134363,-70.926621,14,4,2
20260805_140855,43.134363,-70.926621,15,6,2
20260805_140855,43.134363,-70.926621,16,6,3
20260805_140856,43.134363,-70.926621,17,4,2
20260805_140856,43.134363,-70.926621,18,5,3
20260805_140857,43.134363,-70.926622,19,7,3
20260805_140857,43.134363,-70.926622,20,8,3
20260805_140858,43.134363,-70.926622,0,6,2
20260805_140858,43.134363,-70.926622,1,3,2
20260805_140859,43.134363,-70.926622,2,4,2
20260805_140859,43.134363,-70.926622,3,10,4
20260805_140900,43.134363,-70.926622,4,7,3
20260805_140900,43.134363,-70.926622,5,5,3
20260805_140901,43.134363,-70.926622,6,9,3
20260805_140901,43.134363,-70.926622,7,21,10
20260805_140902,43.134363,-70.926622,8,8,4
20260805_140902,43.134363,-70.926622,9,7,3
20260805_140903,43.134363,-70.926622,10,6,2
20260805_140903,43.134363,-70.926622,11,3,2
20260805_140904,43.134363,-70.926622,12,4,2
20260805_140904,43.134363,-70.926622,13,4,2
20260805_140905,43.134362,-70.926622,14,4,2
20260805_140905,43.134362,-70.926622,15,6,1
20260805_140906,43.134362,-70.926622,16,4,1
20260805_140906,43.134362,-70.926622,17,2,1
20260805_140907,43.134362,-70.926622,18,3,1
20260805_140908,43.134362,-70.926622,19,6,2
20260805_140908,43.134362,-70.926623,20,3,1
20260805_140909,43.134362,-70.926623,0,3,1
20260805_140909,43.134362,-70.926623,1,2,1
20260805_140910,43.134362,-70.926623,2,4,1
20260805_140910,43.134362,-70.926623,3,7,2
20260805_140911,43.134362,-70.926623,4,7,3
20260805_140911,43.134362,-70.926623,5,6,2
20260805_140912,43.134362,-70.926623,6,14,4
20260805_140912,43.134362,-70.926623,7,16,7
20260805_140913,43.134362,-70.926623,8,16,7
20260805_140913,43.134362,-70.926623,9,10,4
20260805_140914,43.134362,-70.926623,10,5,2
20260805_140914,43.134362,-70.926623,11,4,2
20260805_140915,43.134362,-70.926623,12,4,2
20260805_140915,43.134362,-70.926623,13,4,2
20260805_140916,43.134362,-70.926623,14,3,2
20260805_140916,43.134362,-70.926624,15,4,2
20260805_140917,43.134362,-70.926624,16,4,2
20260805_140917,43.134362,-70.926624,17,3,1
20260805_140918,43.134362,-70.926624,18,5,2
20260805_140918,43.134362,-70.926624,19,6,3
20260805_140919,43.134362,-70.926624,20,4,2
20260805_140919,43.134362,-70.926624,0,7,3
20260805_140920,43.134362,-70.926624,1,4,2
20260805_140920,43.134362,-70.926624,2,4,2
20260805_140921,43.134362,-70.926624,3,10,4
20260805_140921,43.134362,-70.926624,4,7,3
20260805_140922,43.134362,-70.926624,5,7,3
20260805_140922,43.134362,-70.926624,6,8,4
20260805_140923,43.134362,-70.926624,7,21,9
20260805_140923,43.134362,-70.926624,8,8,4
20260805_140924,43.134362,-70.926624,9,6,3
20260805_140924,43.134362,-70.926624,10,3,2
20260805_140925,43.134362,-70.926624,11,4,2
20260805_140925,43.134362,-70.926624,12,4,2
20260805_140926,43.134362,-70.926624,13,4,2
20260805_140926,43.134362,-70.926624,14,3,2
20260805_140927,43.134362,-70.926624,15,6,2
20260805_140927,43.134362,-70.926624,16,4,2
20260805_140928,43.134362,-70.926624,17,4,2
20260805_140928,43.134362,-70.926624,18,5,2
20260805_140929,43.134362,-70.926624,19,8,3
20260805_140929,43.134362,-70.926624,20,5,2
20260805_140930,43.134362,-70.926624,0,4,2
20260805_140930,43.134362,-70.926624,1,3,1
20260805_140931,43.134362,-70.926624,2,3,1
20260805_140931,43.134362,-70.926625,3,7,3
20260805_140932,43.134362,-70.926625,4,7,2
20260805_140932,43.134362,-70.926625,5,6,2
20260805_140933,43.134362,-70.926625,6,13,4
20260805_140933,43.134362,-70.926625,7,16,7
20260805_140934,43.134362,-70.926625,8,7,3
20260805_140934,43.134362,-70.926625,9,9,3
20260805_140935,43.134362,-70.926625,10,5,2
20260805_140935,43.134362,-70.926625,11,3,2
20260805_140936,43.134362,-70.926625,12,6,3
20260805_140936,43.134362,-70.926625,13,5,3
20260805_140937,43.134362,-70.926625,14,4,2
20260805_140937,43.134362,-70.926625,15,5,3
20260805_140938,43.134362,-70.926625,16,5,2
20260805_140938,43.134362,-70.926625,17,4,2
20260805_140939,43.134362,-70.926625,18,4,2
20260805_140939,43.134362,-70.926625,19,4,2
20260805_140940,43.134362,-70.926625,20,3,1
20260805_140940,43.134362,-70.926625,0,5,2
20260805_140941,43.134362,-70.926625,1,5,2
20260805_140941,43.134362,-70.926625,2,3,1
20260805_140942,43.134362,-70.926625,3,9,3
20260805_140942,43.134362,-70.926625,4,5,2
20260805_140943,43.134362,-70.926625,5,5,2
20260805_140943,43.134362,-70.926625,6,18,5
20260805_140944,43.134362,-70.926625,7,21,9
20260805_140944,43.134362,-70.926625,8,9,5
20260805_140945,43.134362,-70.926625,9,6,3
20260805_140945,43.134362,-70.926625,10,4,2
20260805_140946,43.134363,-70.926625,11,4,2
20260805_140946,43.134363,-70.926625,12,5,3
20260805_140947,43.134363,-70.926625,13,5,3
20260805_140947,43.134363,-70.926625,14,3,2
20260805_140948,43.134363,-70.926625,15,5,2
20260805_140948,43.134363,-70.926625,16,5,2
20260805_140949,43.134363,-70.926625,17,4,2
20260805_140949,43.134363,-70.926625,18,5,2
20260805_140950,43.134363,-70.926625,19,7,2
20260805_140950,43.134363,-70.926625,20,6,2
20260805_140951,43.134363,-70.926625,0,6,2
20260805_140952,43.134363,-70.926625,1,3,2
20260805_140952,43.134363,-70.926625,2,4,2
20260805_140953,43.134363,-70.926625,3,6,3
20260805_140953,43.134363,-70.926625,4,7,3
20260805_140954,43.134363,-70.926625,5,6,3
20260805_140954,43.134363,-70.926626,6,12,4
20260805_140955,43.134363,-70.926626,7,14,6
20260805_140955,43.134363,-70.926626,8,7,3
20260805_140956,43.134363,-70.926626,9,7,3
20260805_140956,43.134364,-70.926626,10,4,2
20260805_140957,43.134364,-70.926626,11,3,1
20260805_140957,43.134364,-70.926626,12,4,2
20260805_140958,43.134364,-70.926626,13,4,2
20260805_140958,43.134364,-70.926626,14,3,1
20260805_140959,43.134364,-70.926626,15,3,1
20260805_140959,43.134364,-70.926626,16,5,3
20260805_141000,43.134364,-70.926626,17,3,1
20260805_141000,43.134364,-70.926626,18,4,2
20260805_141001,43.134364,-70.926626,19,7,2
20260805_141001,43.134364,-70.926626,20,3,2
20260805_141002,43.134364,-70.926626,0,5,2
20260805_141002,43.134364,-70.926626,1,4,1
20260805_141003,43.134364,-70.926626,2,4,2
20260805_141003,43.134364,-70.926626,3,9,3
20260805_141004,43.134364,-70.926626,4,6,3
20260805_141004,43.134364,-70.926626,5,6,2
20260805_141005,43.134364,-70.926626,6,18,5
20260805_141005,43.134364,-70.926626,7,18,9
20260805_141006,43.134364,-70.926626,8,11,6
20260805_141006,43.134364,-70.926626,9,7,3
20260805_141007,43.134364,-70.926626,10,3,2
20260805_141007,43.134364,-70.926626,11,3,2
20260805_141008,43.134364,-70.926626,12,4,2
20260805_141008,43.134364,-70.926626,13,5,2
20260805_141009,43.134364,-70.926626,14,3,1
20260805_141009,43.134365,-70.926626,15,5,2
20260805_141010,43.134365,-70.926626,16,4,2
20260805_141010,43.134365,-70.926626,17,3,1
20260805_141011,43.134365,-70.926626,18,5,2
20260805_141011,43.134365,-70.926626,19,6,2
20260805_141012,43.134365,-70.926626,20,5,2
20260805_141012,43.134365,-70.926626,0,6,2
20260805_141013,43.134365,-70.926626,1,3,2
20260805_141013,43.134365,-70.926626,2,3,2
20260805_141014,43.134365,-70.926626,3,5,2
20260805_141014,43.134365,-70.926626,4,7,2
20260805_141015,43.134365,-70.926626,5,6,3
20260805_141015,43.134365,-70.926626,6,12,4
20260805_141016,43.134365,-70.926626,7,16,6
20260805_141016,43.134365,-70.926626,8,7,3
20260805_141017,43.134365,-70.926626,9,9,4
20260805_141017,43.134365,-70.926626,10,6,3
20260805_141018,43.134365,-70.926626,11,3,2
20260805_141018,43.134365,-70.926626,12,4,2
20260805_141019,43.134365,-70.926626,13,5,2
20260805_141019,43.134365,-70.926626,14,5,3
20260805_141020,43.134365,-70.926626,15,7,2
20260805_141020,43.134365,-70.926626,16,4,2
20260805_141021,43.134365,-70.926626,17,3,2
20260805_141021,43.134365,-70.926626,18,4,2
20260805_141022,43.134365,-70.926626,19,7,2
20260805_141022,43.134365,-70.926626,20,4,2
20260805_141023,43.134366,-70.926626,0,4,1
20260805_141023,43.134366,-70.926626,1,4,2
20260805_141024,43.134366,-70.926626,2,4,1
20260805_141024,43.134366,-70.926626,3,8,3
20260805_141025,43.134366,-70.926626,4,6,3
20260805_141025,43.134366,-70.926626,5,7,3
20260805_141026,43.134366,-70.926626,6,17,5
20260805_141026,43.134366,-70.926626,7,18,8
20260805_141027,43.134366,-70.926626,8,13,7
20260805_141027,43.134366,-70.926626,9,8,4
20260805_141028,43.134366,-70.926626,10,4,3
20260805_141028,43.134366,-70.926626,11,5,2
20260805_141029,43.134366,-70.926626,12,5,2
20260805_141029,43.134366,-70.926626,13,5,2
20260805_141030,43.134366,-70.926626,14,4,2
20260805_141030,43.134366,-70.926626,15,5,2
20260805_141031,43.134366,-70.926626,16,6,2
20260805_141031,43.134366,-70.926626,17,4,2
20260805_141032,43.134367,-70.926626,18,4,2
20260805_141032,43.134367,-70.926626,19,5,2
20260805_141033,43.134367,-70.926626,20,5,1
20260805_141034,43.134367,-70.926626,0,5,2
20260805_141034,43.134367,-70.926626,1,3,1
20260805_141035,43.134367,-70.926626,2,4,2
20260805_141035,43.134367,-70.926626,3,10,4
20260805_141036,43.134367,-70.926626,4,6,2
20260805_141036,43.134367,-70.926626,5,5,2
20260805_141037,43.134367,-70.926626,6,10,3
20260805_141037,43.134367,-70.926626,7,22,9
20260805_141038,43.134367,-70.926626,8,8,4
20260805_141038,43.134367,-70.926626,9,6,3
20260805_141039,43.134367,-70.926626,10,6,2
20260805_141039,43.134367,-70.926626,11,3,1
20260805_141040,43.134367,-70.926626,12,4,2
20260805_141040,43.134367,-70.926626,13,3,2
20260805_141041,43.134367,-70.926626,14,4,2
20260805_141041,43.134367,-70.926626,15,6,1
20260805_141042,43.134367,-70.926626,16,3,1
20260805_141042,43.134367,-70.926626,17,3,1
20260805_141043,43.134367,-70.926626,18,4,1
20260805_141043,43.134367,-70.926626,19,5,1
20260805_141044,43.134367,-70.926626,20,3,1
20260805_141044,43.134367,-70.926626,0,3,1
20260805_141045,43.134367,-70.926626,1,2,1
20260805_141045,43.134367,-70.926626,2,4,2
20260805_141046,43.134367,-70.926626,3,7,3
20260805_141046,43.134367,-70.926626,4,8,3
20260805_141047,43.134367,-70.926626,5,6,3
20260805_141047,43.134367,-70.926626,6,14,4
20260805_141048,43.134367,-70.926626,7,16,7
20260805_141048,43.134367,-70.926626,8,16,7
20260805_141049,43.134367,-70.926626,9,8,2
20260805_141049,43.134367,-70.926626,10,3,2
20260805_141050,43.134367,-70.926626,11,4,2
20260805_141050,43.134367,-70.926626,12,4,2
20260805_141051,43.134367,-70.926626,13,4,2
20260805_141051,43.134367,-70.926626,14,3,1
20260805_141052,43.134367,-70.926626,15,3,1
20260805_141052,43.134367,-70.926626,16,4,2
20260805_141053,43.134367,-70.926626,17,3,1
20260805_141053,43.134367,-70.926627,18,4,2
20260805_141054,43.134367,-70.926627,19,5,2
20260805_141054,43.134367,-70.926627,20,3,2
20260805_141055,43.134367,-70.926627,0,5,1
20260805_141055,43.134367,-70.926627,1,3,1
20260805_141056,43.134367,-70.926627,2,3,1
20260805_141056,43.134367,-70.926627,3,9,4
20260805_141057,43.134367,-70.926627,4,6,2
20260805_141057,43.134367,-70.926627,5,5,2
20260805_141058,43.134367,-70.926627,6,18,5
20260805_141058,43.134367,-70.926627,7,21,10
20260805_141059,43.134367,-70.926627,8,8,5
20260805_141059,43.134367,-70.926627,9,7,3
20260805_141100,43.134367,-70.926627,10,6,3
20260805_141100,43.134367,-70.926627,11,4,2
20260805_141101,43.134367,-70.926627,12,4,2
20260805_141101,43.134367,-70.926627,13,5,3
20260805_141102,43.134367,-70.926627,14,3,2
20260805_141102,43.134367,-70.926627,15,5,2
20260805_141103,43.134367,-70.926627,16,5,2
20260805_141103,43.134367,-70.926627,17,4,2
20260805_141104,43.134367,-70.926627,18,4,2
20260805_141104,43.134367,-70.926627,19,6,2
20260805_141105,43.134367,-70.926627,20,4,1
20260805_141105,43.134367,-70.926627,0,3,1
20260805_141106,43.134367,-70.926627,1,3,2
20260805_141106,43.134367,-70.926627,2,4,2
20260805_141107,43.134367,-70.926627,3,8,3
20260805_141107,43.134367,-70.926627,4,5,1
20260805_141108,43.134367,-70.926627,5,7,3
20260805_141108,43.134367,-70.926627,6,14,4
20260805_141109,43.134367,-70.926627,7,16,7
20260805_141109,43.134367,-70.926627,8,8,4
20260805_141110,43.134367,-70.926627,9,9,4
20260805_141110,43.134367,-70.926627,10,5,2
20260805_141111,43.134367,-70.926627,11,4,2
20260805_141111,43.134367,-70.926627,12,4,2
20260805_141112,43.134367,-70.926627,13,4,2
20260805_141112,43.134367,-70.926627,14,3,1
20260805_141113,43.134367,-70.926627,15,4,1
20260805_141113,43.134367,-70.926627,16,4,1
20260805_141114,43.134367,-70.926627,17,3,2
20260805_141114,43.134367,-70.926627,18,4,2
20260805_141115,43.134367,-70.926627,19,6,2
20260805_141115,43.134367,-70.926627,20,3,2
20260805_141116,43.134367,-70.926627,0,5,2
20260805_141117,43.134367,-70.926627,1,4,2
20260805_141117,43.134367,-70.926627,2,5,3
20260805_141118,43.134367,-70.926627,3,10,4
20260805_141118,43.134367,-70.926627,4,7,3
20260805_141119,43.134367,-70.926627,5,6,2
20260805_141119,43.134367,-70.926627,6,17,4
20260805_141120,43.134367,-70.926627,7,19,8
20260805_141120,43.134367,-70.926627,8,10,5
20260805_141121,43.134367,-70.926627,9,7,3
20260805_141121,43.134367,-70.926627,10,4,2
20260805_141122,43.134367,-70.926627,11,3,1
20260805_141122,43.134367,-70.926627,12,4,2
20260805_141123,43.134367,-70.926627,13,4,2
20260805_141123,43.134367,-70.926627,14,3,1
20260805_141124,43.134367,-70.926627,15,6,2
20260805_141124,43.134368,-70.926627,16,5,2
20260805_141125,43.134368,-70.926627,17,4,2
20260805_141125,43.134368,-70.926627,18,5,3
20260805_141126,43.134368,-70.926627,19,8,3
20260805_141126,43.134368,-70.926627,20,6,2
20260805_141127,43.134368,-70.926627,0,6,2
20260805_141127,43.134368,-70.926627,1,4,2
20260805_141128,43.134368,-70.926627,2,4,2
20260805_141128,43.134368,-70.926627,3,6,3
20260805_141129,43.134368,-70.926627,4,6,2
20260805_141129,43.134368,-70.926627,5,6,2
20260805_141130,43.134368,-70.926627,6,11,3
20260805_141130,43.134368,-70.926627,7,16,6
20260805_141131,43.134368,-70.926627,8,8,3
20260805_141131,43.134368,-70.926627,9,7,3
20260805_141132,43.134368,-70.926627,10,4,2
20260805_141132,43.134368,-70.926627,11,3,2
20260805_141133,43.134368,-70.926627,12,3,1
20260805_141133,43.134368,-70.926627,13,4,2
20260805_141134,43.134368,-70.926627,14,3,1
20260805_141134,43.134368,-70.926627,15,6,2
20260805_141135,43.134368,-70.926627,16,4,1
20260805_141135,43.134368,-70.926627,17,3,1
20260805_141136,43.134368,-70.926627,18,3,1
20260805_141136,43.134368,-70.926627,19,6,2
20260805_141137,43.134368,-70.926627,20,3,1
20260805_141137,43.134368,-70.926626,0,4,1
20260805_141138,43.134368,-70.926626,1,3,1
20260805_141138,43.134369,-70.926626,2,4,1
20260805_141139,43.134369,-70.926626,3,8,3
20260805_141139,43.134369,-70.926626,4,5,2
20260805_141140,43.134369,-70.926626,5,4,1
20260805_141140,43.134369,-70.926626,6,16,4
20260805_141141,43.134369,-70.926626,7,17,7
20260805_141141,43.134369,-70.926626,8,12,6
20260805_141142,43.134369,-70.926626,9,9,3
20260805_141142,43.134369,-70.926626,10,3,2
20260805_141143,43.134369,-70.926626,11,3,1
20260805_141143,43.134369,-70.926626,12,3,1
20260805_141144,43.134369,-70.926626,13,4,2
20260805_141144,43.134369,-70.926626,14,3,2
20260805_141145,43.134369,-70.926626,15,4,1
20260805_141145,43.134369,-70.926626,16,4,1
20260805_141146,43.134369,-70.926626,17,3,1
20260805_141146,43.134369,-70.926626,18,4,2
20260805_141147,43.134369,-70.926626,19,5,2
20260805_141147,43.134369,-70.926626,20,7,2
20260805_141148,43.13437,-70.926625,0,6,2
20260805_141148,43.13437,-70.926625,1,4,2
20260805_141149,43.13437,-70.926625,2,5,3
20260805_141149,43.13437,-70.926625,3,10,5
20260805_141150,43.13437,-70.926625,4,7,2
20260805_141150,43.13437,-70.926625,5,6,3
20260805_141151,43.13437,-70.926625,6,11,4
20260805_141151,43.13437,-70.926625,7,21,9
20260805_141152,43.13437,-70.926625,8,7,4
20260805_141152,43.13437,-70.926625,9,7,3
20260805_141153,43.13437,-70.926625,10,6,3
20260805_141153,43.13437,-70.926625,11,4,2
20260805_141154,43.13437,-70.926624,12,5,2
20260805_141154,43.13437,-70.926624,13,4,2
20260805_141155,43.13437,-70.926624,14,4,2
20260805_141155,43.13437,-70.926624,15,6,2
20260805_141156,43.13437,-70.926624,16,4,2
20260805_141156,43.13437,-70.926624,17,4,2
20260805_141157,43.13437,-70.926624,18,3,2
20260805_141157,43.13437,-70.926624,19,7,2
20260805_141158,43.13437,-70.926624,20,4,2
20260805_141159,43.13437,-70.926624,0,5,2
20260805_141159,43.13437,-70.926624,1,4,2
20260805_141200,43.13437,-70.926624,2,5,2
20260805_141200,43.13437,-70.926624,3,9,3
20260805_141201,43.13437,-70.926624,4,8,3
20260805_141201,43.13437,-70.926624,5,7,3
20260805_141202,43.13437,-70.926624,6,15,5
20260805_141202,43.13437,-70.926623,7,17,8
20260805_141203,43.13437,-70.926623,8,14,7
20260805_141203,43.13437,-70.926623,9,9,4
20260805_141204,43.13437,-70.926623,10,5,3
20260805_141204,43.13437,-70.926623,11,4,3
20260805_141205,43.13437,-70.926623,12,4,3
20260805_141205,43.13437,-70.926623,13,5,3
20260805_141206,43.13437,-70.926623,14,4,2
20260805_141206,43.13437,-70.926623,15,6,3
20260805_141207,43.13437,-70.926623,16,6,3
20260805_141207,43.13437,-70.926623,17,5,3
20260805_141208,43.13437,-70.926623,18,6,3
20260805_141208,43.13437,-70.926622,19,6,3
20260805_141209,43.13437,-70.926622,20,4,2
20260805_141209,43.13437,-70.926622,0,6,2
20260805_141210,43.13437,-70.926622,1,4,2
20260805_141210,43.13437,-70.926622,2,4,2
20260805_141211,43.13437,-70.926622,3,9,3
20260805_141211,43.13437,-70.926622,4,6,2
20260805_141212,43.13437,-70.926622,5,6,3
20260805_141212,43.13437,-70.926622,6,9,4
20260805_141213,43.13437,-70.926622,7,22,10
20260805_141213,43.13437,-70.926622,8,9,5
20260805_141214,43.13437,-70.926622,9,6,3
20260805_141214,43.13437,-70.926622,10,7,3
20260805_141215,43.13437,-70.926622,11,4,2
20260805_141215,43.13437,-70.926622,12,5,3
20260805_141216,43.13437,-70.926622,13,5,3
20260805_141216,43.13437,-70.926622,14,4,2
20260805_141217,43.13437,-70.926622,15,7,3
20260805_141217,43.13437,-70.926622,16,5,2
20260805_141218,43.13437,-70.926622,17,4,2
20260805_141218,43.13437,-70.926622,18,6,3
20260805_141219,43.13437,-70.926622,19,8,3
20260805_141219,43.13437,-70.926622,20,5,2
20260805_141220,43.13437,-70.926622,0,4,2
20260805_141220,43.13437,-70.926622,1,4,2
20260805_141221,43.13437,-70.926622,2,5,2
20260805_141221,43.13437,-70.926622,3,8,4
20260805_141222,43.13437,-70.926622,4,9,4
20260805_141222,43.13437,-70.926621,5,6,3
20260805_141223,43.13437,-70.926621,6,14,4
20260805_141223,43.13437,-70.926621,7,15,7
20260805_141224,43.13437,-70.926621,8,7,3
20260805_141224,43.13437,-70.926621,9,8,3
20260805_141225,43.134371,-70.926621,10,5,2
20260805_141225,43.134371,-70.926621,11,4,2
20260805_141226,43.134371,-70.926621,12,5,2
20260805_141226,43.134371,-70.926621,13,4,2
20260805_141227,43.134371,-70.926621,14,4,2
20260805_141227,43.134371,-70.926621,15,4,2
20260805_141228,43.134371,-70.926621,16,5,2
20260805_141228,43.134371,-70.926621,17,3,2
20260805_141229,43.134371,-70.926621,18,4,2
20260805_141229,43.134371,-70.926621,19,6,3
20260805_141230,43.134371,-70.926621,20,4,2
20260805_141230,43.134371,-70.926621,0,7,2
20260805_141231,43.134371,-70.926621,1,5,3
20260805_141231,43.134371,-70.926621,2,4,2
20260805_141232,43.134371,-70.926621,3,10,4
20260805_141232,43.134371,-70.926621,4,6,2
20260805_141233,43.134371,-70.926621,5,6,3
20260805_141233,43.134371,-70.926621,6,16,5
20260805_141234,43.134371,-70.926621,7,21,9
20260805_141234,43.134371,-70.926621,8,9,5
20260805_141235,43.134371,-70.926621,9,6,3
20260805_141235,43.134371,-70.926621,10,6,3
20260805_141236,43.134371,-70.926621,11,4,2
20260805_141236,43.134371,-70.926621,12,4,2
20260805_141237,43.134372,-70.926621,13,4,2
20260805_141237,43.134372,-70.926621,14,4,2
20260805_141238,43.134372,-70.926621,15,5,2
20260805_141238,43.134372,-70.926621,16,5,2
20260805_141239,43.134372,-70.926621,17,4,2
20260805_141239,43.134372,-70.926621,18,5,2
20260805_141240,43.134372,-70.926621,19,6,2
20260805_141240,43.134372,-70.926621,20,6,2
20260805_141241,43.134372,-70.926621,0,4,2
20260805_141242,43.134372,-70.926621,1,3,2
20260805_141242,43.134372,-70.926621,2,5,3
20260805_141243,43.134372,-70.926621,3,7,3
20260805_141243,43.134372,-70.926622,4,7,2
20260805_141244,43.134372,-70.926622,5,6,3
20260805_141244,43.134372,-70.926622,6,13,4
20260805_141245,43.134372,-70.926622,7,15,7
20260805_141245,43.134372,-70.926622,8,9,4
20260805_141246,43.134372,-70.926622,9,8,4
20260805_141246,43.134372,-70.926622,10,6,3
20260805_141247,43.134372,-70.926622,11,5,3
20260805_141247,43.134372,-70.926622,12,6,3
20260805_141248,43.134372,-70.926622,13,5,3
20260805_141248,43.134372,-70.926622,14,4,2
20260805_141249,43.134372,-70.926622,15,4,2
20260805_141249,43.134372,-70.926622,16,4,2
20260805_141250,43.134372,-70.926622,17,3,1
20260805_141250,43.134373,-70.926622,18,3,2
20260805_141251,43.134373,-70.926622,19,7,2
20260805_141251,43.134373,-70.926622,20,4,2
20260805_141252,43.134373,-70.926622,0,5,2
20260805_141252,43.134373,-70.926622,1,4,2
20260805_141253,43.134373,-70.926622,2,5,2
20260805_141253,43.134373,-70.926622,3,10,4
20260805_141254,43.134373,-70.926622,4,8,3
20260805_141254,43.134373,-70.926622,5,7,3
20260805_141255,43.134373,-70.926622,6,18,5
20260805_141255,43.134373,-70.926622,7,19,9
20260805_141256,43.134373,-70.926622,8,11,6
20260805_141256,43.134373,-70.926622,9,7,3
20260805_141257,43.134373,-70.926622,10,4,2
20260805_141257,43.134373,-70.926622,11,4,2
20260805_141258,43.134373,-70.926622,12,4,2
20260805_141258,43.134373,-70.926622,13,5,3
20260805_141259,43.134373,-70.926622,14,4,2
20260805_141259,43.134373,-70.926622,15,7,3
20260805_141300,43.134373,-70.926622,16,5,3
20260805_141300,43.134373,-70.926622,17,3,2
20260805_141301,43.134373,-70.926622,18,4,2
20260805_141301,43.134373,-70.926622,19,5,2
20260805_141302,43.134373,-70.926622,20,5,2
20260805_141302,43.134373,-70.926622,0,5,2
20260805_141303,43.134373,-70.926622,1,3,2
20260805_141303,43.134373,-70.926622,2,4,2
20260805_141304,43.134373,-70.926622,3,6,3
20260805_141304,43.134374,-70.926622,4,6,2
20260805_141305,43.134374,-70.926622,5,6,2
20260805_141305,43.134374,-70.926622,6,11,4
20260805_141306,43.134374,-70.926622,7,15,6
20260805_141306,43.134374,-70.926622,8,8,3
20260805_141307,43.134374,-70.926622,9,7,3
20260805_141307,43.134374,-70.926622,10,5,2
20260805_141308,43.134374,-70.926622,11,4,2
20260805_141308,43.134374,-70.926622,12,5,3
20260805_141309,43.134374,-70.926622,13,5,2
20260805_141309,43.134374,-70.926622,14,4,2
20260805_141310,43.134374,-70.926622,15,6,2
20260805_141310,43.134374,-70.926622,16,4,2
20260805_141311,43.134374,-70.926622,17,3,2
20260805_141311,43.134374,-70.926622,18,3,2
20260805_141312,43.134374,-70.926622,19,7,2
20260805_141312,43.134374,-70.926622,20,3,2
20260805_141313,43.134374,-70.926622,0,4,2
20260805_141313,43.134374,-70.926622,1,4,2
20260805_141314,43.134374,-70.926622,2,4,1
20260805_141314,43.134374,-70.926622,3,8,3
20260805_141315,43.134375,-70.926622,4,6,2
20260805_141315,43.134375,-70.926622,5,5,2
20260805_141316,43.134375,-70.926622,6,16,4
20260805_141316,43.134375,-70.926622,7,16,7
20260805_141317,43.134375,-70.926622,8,13,6
20260805_141317,43.134375,-70.926622,9,8,3
20260805_141318,43.134375,-70.926621,10,4,2
20260805_141318,43.134375,-70.926621,11,3,2
20260805_141319,43.134375,-70.926621,12,3,2
20260805_141319,43.134375,-70.926621,13,5,3
20260805_141320,43.134375,-70.926621,14,4,2
20260805_141320,43.134375,-70.926621,15,7,2
20260805_141321,43.134375,-70.926621,16,6,2
20260805_141321,43.134375,-70.926621,17,5,3
20260805_141322,43.134375,-70.926621,18,6,3
20260805_141322,43.134375,-70.926621,19,8,3
20260805_141323,43.134375,-70.926621,20,7,3
20260805_141323,43.134375,-70.926621,0,7,3
20260805_141324,43.134376,-70.926621,1,4,3
20260805_141325,43.134376,-70.926621,2,4,3
20260805_141325,43.134376,-70.926621,3,11,5
20260805_141326,43.134376,-70.926621,4,8,3
20260805_141326,43.134376,-70.926621,5,7,3
20260805_141327,43.134376,-70.926621,6,10,4
20260805_141327,43.134376,-70.926621,7,21,10
20260805_141328,43.134376,-70.926621,8,8,4
20260805_141328,43.134376,-70.926621,9,7,3
20260805_141329,43.134376,-70.926621,10,6,2
20260805_141329,43.134376,-70.926621,11,3,1
20260805_141330,43.134376,-70.926621,12,4,2
20260805_141330,43.134376,-70.92662,13,5,2
20260805_141331,43.134376,-70.92662,14,4,2
20260805_141331,43.134376,-70.92662,15,6,2
20260805_141332,43.134376,-70.92662,16,4,1
20260805_141332,43.134376,-70.92662,17,3,2
20260805_141333,43.134376,-70.92662,18,5,3
20260805_141333,43.134376,-70.92662,19,7,3
20260805_141334,43.134376,-70.92662,20,5,2
20260805_141334,43.134376,-70.92662,0,5,2
20260805_141335,43.134376,-70.92662,1,4,2
20260805_141335,43.134376,-70.92662,2,6,3
20260805_141336,43.134376,-70.92662,3,9,4
20260805_141336,43.134376,-70.92662,4,8,3
20260805_141337,43.134376,-70.92662,5,8,4
20260805_141337,43.134376,-70.92662,6,15,5
20260805_141338,43.134376,-70.92662,7,17,8
20260805_141338,43.134376,-70.92662,8,16,8
20260805_141339,43.134376,-70.92662,9,10,5
20260805_141339,43.134376,-70.92662,10,7,4
20260805_141340,43.134376,-70.92662,11,6,3
20260805_141340,43.134376,-70.92662,12,5,3
20260805_141341,43.134376,-70.92662,13,6,4
20260805_141341,43.134376,-70.92662,14,5,3
20260805_141342,43.134376,-70.92662,15,7,3
20260805_141342,43.134376,-70.926619,16,5,3
20260805_141343,43.134376,-70.926619,17,4,2
20260805_141343,43.134376,-70.926619,18,5,3
20260805_141344,43.134376,-70.926619,19,6,3
20260805_141344,43.134376,-70.926619,20,4,2
20260805_141345,43.134376,-70.926619,0,6,2
20260805_141345,43.134376,-70.926619,1,5,3
20260805_141346,43.134376,-70.926619,2,5,3
20260805_141346,43.134376,-70.926619,3,11,5
20260805_141347,43.134376,-70.926619,4,8,3
20260805_141347,43.134376,-70.926619,5,7,3
20260805_141348,43.134376,-70.926619,6,9,4
20260805_141348,43.134376,-70.926619,7,20,9
20260805_141349,43.134376,-70.926619,8,10,5
20260805_141349,43.134376,-70.926619,9,7,3
20260805_141350,43.134376,-70.926619,10,4,2
20260805_141350,43.134376,-70.926619,11,3,2
20260805_141351,43.134376,-70.926619,12,4,2
20260805_141351,43.134376,-70.926619,13,3,1
20260805_141352,43.134376,-70.926619,14,3,1
20260805_141352,43.134376,-70.926619,15,5,2
20260805_141353,43.134376,-70.926619,16,4,1
20260805_141353,43.134376,-70.926619,17,4,2
20260805_141354,43.134376,-70.926619,18,5,2
20260805_141354,43.134376,-70.926619,19,7,2
20260805_141355,43.134376,-70.926619,20,5,2
20260805_141355,43.134376,-70.926619,0,5,2
20260805_141356,43.134376,-70.926619,1,3,2
20260805_141356,43.134376,-70.926619,2,6,3
20260805_141357,43.134376,-70.926619,3,7,3
20260805_141357,43.134376,-70.926619,4,9,4
20260805_141358,43.134375,-70.926619,5,7,4
20260805_141358,43.134375,-70.926619,6,15,5
20260805_141359,43.134375,-70.926619,7,17,8
20260805_141359,43.134375,-70.926619,8,9,4
20260805_141400,43.134375,-70.926619,9,10,4
20260805_141400,43.134375,-70.926619,10,5,3
20260805_141401,43.134375,-70.926619,11,4,2
20260805_141401,43.134375,-70.926619,12,6,3
20260805_141402,43.134375,-70.926619,13,5,3
20260805_141402,43.134375,-70.926619,14,4,2
20260805_141403,43.134375,-70.926619,15,4,2
20260805_141403,43.134375,-70.926619,16,4,2
20260805_141404,43.134375,-70.926619,17,3,2
20260805_141404,43.134375,-70.926619,18,4,2
20260805_141405,43.134375,-70.926619,19,5,3
20260805_141406,43.134375,-70.926619,20,3,2
20260805_141406,43.134375,-70.926619,0,5,2
20260805_141407,43.134375,-70.926619,1,4,2
20260805_141407,43.134375,-70.926619,2,4,1
20260805_141408,43.134375,-70.926619,3,9,3
20260805_141408,43.134375,-70.926619,4,6,2
20260805_141409,43.134375,-70.926619,5,5,2
20260805_141409,43.134375,-70.926619,6,18,5
20260805_141410,43.134375,-70.926619,7,20,9
20260805_141410,43.134375,-70.926619,8,11,6
20260805_141411,43.134375,-70.926619,9,9,4
20260805_141411,43.134375,-70.926619,10,5,3
20260805_141412,43.134375,-70.926619,11,3,2
20260805_141412,43.134375,-70.926619,12,4,2
20260805_141413,43.134375,-70.926619,13,4,2
20260805_141413,43.134375,-70.926619,14,3,2
20260805_141414,43.134375,-70.926619,15,5,2
20260805_141414,43.134375,-70.926619,16,5,2
20260805_141415,43.134375,-70.926619,17,5,3
20260805_141415,43.134375,-70.926619,18,6,4
20260805_141416,43.134375,-70.926619,19,8,4
20260805_141416,43.134375,-70.926619,20,6,3
20260805_141417,43.134375,-70.926619,0,7,2
20260805_141417,43.134375,-70.926619,1,3,2
20260805_141418,43.134375,-70.926619,2,5,3
20260805_141418,43.134375,-70.926619,3,7,3
20260805_141419,43.134375,-70.926619,4,6,2
20260805_141419,43.134374,-70.926619,5,5,2
20260805_141420,43.134374,-70.926619,6,13,4
20260805_141420,43.134374,-70.926619,7,15,6
20260805_141421,43.134374,-70.926619,8,7,2
20260805_141421,43.134374,-70.926619,9,7,3
20260805_141422,43.134374,-70.926619,10,5,2
20260805_141422,43.134374,-70.926619,11,5,2
20260805_141423,43.134374,-70.926619,12,5,3
20260805_141423,43.134374,-70.926619,13,5,3
20260805_141424,43.134374,-70.926619,14,4,2
20260805_141424,43.134374,-70.926619,15,7,3
20260805_141425,43.134374,-70.926619,16,5,3
20260805_141425,43.134374,-70.926619,17,5,3
20260805_141426,43.134374,-70.926619,18,5,3
20260805_141426,43.134374,-70.926619,19,9,3
20260805_141427,43.134374,-70.926619,20,4,2
20260805_141427,43.134374,-70.926619,0,5,2
20260805_141428,43.134374,-70.926619,1,6,3
20260805_141428,43.134374,-70.926619,2,4,2
20260805_141429,43.134374,-70.926619,3,10,4
20260805_141429,43.134374,-70.926619,4,8,3
20260805_141430,43.134374,-70.926619,5,6,3
20260805_141430,43.134374,-70.926619,6,17,5
20260805_141431,43.134374,-70.926619,7,18,9
20260805_141431,43.134374,-70.926619,8,12,7
20260805_141432,43.134374,-70.926619,9,10,5
20260805_141432,43.134374,-70.926619,10,6,4
20260805_141433,43.134374,-70.926619,11,5,3
20260805_141433,43.134374,-70.926619,12,5,3
20260805_141434,43.134374,-70.926619,13,6,3
20260805_141434,43.134374,-70.926619,14,5,3
20260805_141435,43.134374,-70.926619,15,6,2
20260805_141435,43.134374,-70.926619,16,5,2
20260805_141436,43.134374,-70.926619,17,5,3
20260805_141436,43.134374,-70.926619,18,5,3
20260805_141437,43.134374,-70.926619,19,7,3
20260805_141437,43.134374,-70.926619,20,7,3
20260805_141438,43.134374,-70.926619,0,8,2
20260805_141438,43.134374,-70.926619,1,5,2
20260805_141439,43.134374,-70.926619,2,4,2
20260805_141439,43.134374,-70.926619,3,6,3
20260805_141440,43.134374,-70.926619,4,7,3
20260805_141440,43.134374,-70.926619,5,6,3
20260805_141441,43.134374,-70.926619,6,11,4
20260805_141441,43.134374,-70.926619,7,22,10
20260805_141442,43.134374,-70.926619,8,8,4
20260805_141442,43.134374,-70.926619,9,8,3
20260805_141443,43.134374,-70.926619,10,7,4
20260805_141443,43.134374,-70.926619,11,4,2
20260805_141444,43.134374,-70.926619,12,5,3
20260805_141444,43.134374,-70.926619,13,4,2
20260805_141445,43.134374,-70.926619,14,4,2
20260805_141445,43.134374,-70.926619,15,6,2
20260805_141446,43.134373,-70.926619,16,5,3
20260805_141446,43.134373,-70.926619,17,4,3
20260805_141447,43.134373,-70.926619,18,5,3
20260805_141447,43.134373,-70.926619,19,10,4
20260805_141448,43.134373,-70.926619,20,5,3
20260805_141449,43.134373,-70.926619,0,6,3
20260805_141449,43.134373,-70.926619,1,6,4
20260805_141450,43.134373,-70.926619,2,6,3
20260805_141450,43.134373,-70.926619,3,8,4
20260805_141451,43.134373,-70.926619,4,8,3
20260805_141451,43.134373,-70.926619,5,8,4
20260805_141452,43.134373,-70.926619,6,15,5
20260805_141452,43.134373,-70.926619,7,18,9
20260805_141453,43.134373,-70.926619,8,15,8
20260805_141453,43.134373,-70.926619,9,9,4
20260805_141454,43.134373,-70.926619,10,5,3
20260805_141454,43.134373,-70.926619,11,5,3
20260805_141455,43.134373,-70.926619,12,4,3
20260805_141455,43.134373,-70.926619,13,5,2
20260805_141456,43.134373,-70.926619,14,4,2
20260805_141456,43.134373,-70.926619,15,6,3
20260805_141457,43.134373,-70.926619,16,6,3
20260805_141457,43.134373,-70.926618,17,5,3
20260805_141458,43.134373,-70.926618,18,6,3
20260805_141458,43.134373,-70.926618,19,7,4
20260805_141459,43.134373,-70.926618,20,5,3
20260805_141459,43.134373,-70.926618,0,7,3
20260805_141500,43.134373,-70.926618,1,6,3
20260805_141500,43.134373,-70.926618,2,5,3
20260805_141501,43.134373,-70.926618,3,10,4
20260805_141501,43.134373,-70.926618,4,7,3
20260805_141502,43.134373,-70.926618,5,6,3
20260805_141502,43.134373,-70.926618,6,10,4
20260805_141503,43.134373,-70.926618,7,21,10
20260805_141503,43.134373,-70.926618,8,9,5
20260805_141504,43.134373,-70.926618,9,8,4
20260805_141504,43.134373,-70.926618,10,8,4
20260805_141505,43.134373,-70.926618,11,5,3
20260805_141505,43.134373,-70.926618,12,5,3
20260805_141506,43.134373,-70.926618,13,6,4
20260805_141506,43.134373,-70.926618,14,5,3
20260805_141507,43.134373,-70.926618,15,8,3
20260805_141507,43.134373,-70.926618,16,5,3
20260805_141508,43.134373,-70.926618,17,5,3
20260805_141508,43.134373,-70.926618,18,5,3
20260805_141509,43.134373,-70.926618,19,8,3
20260805_141509,43.134373,-70.926618,20,5,2
20260805_141510,43.134373,-70.926618,0,5,2
20260805_141510,43.134373,-70.926618,1,4,2
20260805_141511,43.134373,-70.926618,2,5,2
20260805_141511,43.134373,-70.926618,3,8,4
20260805_141512,43.134373,-70.926618,4,8,4
20260805_141512,43.134373,-70.926618,5,7,3
20260805_141513,43.134373,-70.926618,6,15,5
20260805_141513,43.134373,-70.926618,7,16,8
20260805_141514,43.134373,-70.926618,8,16,8
20260805_141514,43.134373,-70.926618,9,8,3
20260805_141515,43.134373,-70.926618,10,5,3
20260805_141515,43.134373,-70.926618,11,4,2
20260805_141516,43.134373,-70.926618,12,6,4
20260805_141516,43.134373,-70.926618,13,6,3
20260805_141517,43.134373,-70.926618,14,5,3
20260805_141517,43.134373,-70.926618,15,5,3
20260805_141518,43.134373,-70.926617,16,5,3
20260805_141518,43.134373,-70.926617,17,5,3
20260805_141519,43.134373,-70.926617,18,5,3
20260805_141519,43.134373,-70.926617,19,7,3
20260805_141520,43.134373,-70.926617,20,4,2
20260805_141520,43.134373,-70.926617,0,6,2
20260805_141521,43.134373,-70.926617,1,4,2
20260805_141521,43.134373,-70.926617,2,4,2
20260805_141522,43.134373,-70.926617,3,12,5
20260805_141522,43.134373,-70.926617,4,7,3
20260805_141523,43.134373,-70.926617,5,6,3
20260805_141523,43.134373,-70.926617,6,8,4
20260805_141524,43.134373,-70.926617,7,21,10
20260805_141524,43.134373,-70.926617,8,9,5
20260805_141525,43.134373,-70.926617,9,8,4
20260805_141525,43.134373,-70.926617,10,5,3
20260805_141526,43.134374,-70.926617,11,5,3
20260805_141526,43.134374,-70.926617,12,4,3
20260805_141527,43.134374,-70.926616,13,5,2
20260805_141527,43.134374,-70.926616,14,5,3
20260805_141528,43.134374,-70.926616,15,6,2
20260805_141528,43.134374,-70.926616,16,6,3
20260805_141529,43.134374,-70.926616,17,5,3
20260805_141529,43.134374,-70.926616,18,6,3
20260805_141530,43.134374,-70.926616,19,8,3
20260805_141530,43.134374,-70.926616,20,5,3
20260805_141531,43.134374,-70.926616,0,5,3
20260805_141532,43.134374,-70.926616,1,4,2
20260805_141532,43.134374,-70.926616,2,5,3
20260805_141533,43.134374,-70.926616,3,7,4
20260805_141533,43.134374,-70.926616,4,6,2
20260805_141534,43.134374,-70.926616,5,7,3
20260805_141534,43.134374,-70.926616,6,13,5
20260805_141535,43.134374,-70.926616,7,16,7
20260805_141535,43.134374,-70.926616,8,8,3
20260805_141536,43.134374,-70.926616,9,8,4
20260805_141536,43.134374,-70.926615,10,5,3
20260805_141537,43.134374,-70.926615,11,4,2
20260805_141537,43.134374,-70.926615,12,5,2
20260805_141538,43.134374,-70.926615,13,5,2
20260805_141538,43.134374,-70.926615,14,5,3
20260805_141539,43.134374,-70.926615,15,5,3
20260805_141539,43.134375,-70.926615,16,6,3
20260805_141540,43.134375,-70.926615,17,5,3
20260805_141540,43.134375,-70.926615,18,5,3
20260805_141541,43.134375,-70.926615,19,9,4
20260805_141541,43.134375,-70.926615,20,5,3
20260805_141542,43.134375,-70.926615,0,7,4
20260805_141542,43.134375,-70.926615,1,6,3
20260805_141543,43.134375,-70.926615,2,7,4
20260805_141543,43.134375,-70.926615,3,10,4
20260805_141544,43.134375,-70.926615,4,8,4
20260805_141544,43.134375,-70.926615,5,8,4
20260805_141545,43.134375,-70.926615,6,18,6
20260805_141545,43.134375,-70.926615,7,20,9
20260805_141546,43.134375,-70.926615,8,14,8
20260805_141546,43.134375,-70.926615,9,9,5
20260805_141547,43.134375,-70.926615,10,6,4
20260805_141547,43.134375,-70.926615,11,6,3
20260805_141548,43.134375,-70.926615,12,4,2
20260805_141548,43.134375,-70.926615,13,7,4
20260805_141549,43.134375,-70.926615,14,6,4
20260805_141549,43.134375,-70.926615,15,7,4
20260805_141550,43.134375,-70.926615,16,8,4
20260805_141550,43.134375,-70.926615,17,4,3
20260805_141551,43.134375,-70.926615,18,7,3
20260805_141551,43.134375,-70.926615,19,8,4
20260805_141552,43.134375,-70.926615,20,8,4
20260805_141552,43.134375,-70.926615,0,7,3
20260805_141553,43.134375,-70.926615,1,5,3
20260805_141553,43.134375,-70.926615,2,6,3
20260805_141554,43.134375,-70.926615,3,7,4
20260805_141554,43.134375,-70.926615,4,9,4
20260805_141555,43.134375,-70.926615,5,8,5
20260805_141555,43.134374,-70.926615,6,13,5
20260805_141556,43.134374,-70.926615,7,17,7
20260805_141556,43.134374,-70.926615,8,10,5
20260805_141557,43.134374,-70.926615,9,9,4
20260805_141557,43.134374,-70.926615,10,8,4
20260805_141558,43.134374,-70.926615,11,4,2
20260805_141558,43.134374,-70.926615,12,6,3
20260805_141559,43.134374,-70.926615,13,6,3
20260805_141559,43.134374,-70.926615,14,5,3
20260805_141600,43.134374,-70.926615,15,7,3
20260805_141600,43.134374,-70.926615,16,5,3
20260805_141601,43.134374,-70.926615,17,5,3
20260805_141601,43.134374,-70.926615,18,6,3
20260805_141602,43.134374,-70.926615,19,9,4
20260805_141602,43.134374,-70.926615,20,6,3
20260805_141603,43.134374,-70.926615,0,7,4
20260805_141603,43.134374,-70.926615,1,7,3
20260805_141604,43.134374,-70.926615,2,6,3
20260805_141604,43.134374,-70.926615,3,10,5
20260805_141605,43.134373,-70.926615,4,9,4
20260805_141605,43.134373,-70.926615,5,7,4
20260805_141606,43.134373,-70.926615,6,17,5
20260805_141606,43.134373,-70.926615,7,17,8
20260805_141607,43.134373,-70.926615,8,13,7
20260805_141607,43.134373,-70.926615,9,9,4
20260805_141608,43.134373,-70.926615,10,4,3
20260805_141608,43.134373,-70.926615,11,4,2
20260805_141609,43.134373,-70.926615,12,4,2
20260805_141609,43.134373,-70.926615,13,6,3
20260805_141610,43.134373,-70.926615,14,4,2
20260805_141610,43.134373,-70.926615,15,6,2
20260805_141611,43.134373,-70.926615,16,6,3
20260805_141611,43.134373,-70.926615,17,3,2
20260805_141612,43.134373,-70.926615,18,4,2
20260805_141612,43.134373,-70.926615,19,5,2
20260805_141613,43.134372,-70.926615,20,7,3
20260805_141614,43.134372,-70.926615,0,5,2
20260805_141614,43.134372,-70.926615,1,4,2
20260805_141615,43.134372,-70.926615,2,4,2
20260805_141615,43.134372,-70.926615,3,10,4
20260805_141616,43.134372,-70.926615,4,6,2
20260805_141616,43.134372,-70.926616,5,6,3
20260805_141617,43.134372,-70.926616,6,10,4
20260805_141617,43.134372,-70.926616,7,22,10
20260805_141618,43.134372,-70.926616,8,8,5
20260805_141618,43.134372,-70.926616,9,7,4
20260805_141619,43.134372,-70.926616,10,7,3
20260805_141619,43.134372,-70.926616,11,4,2
20260805_141620,43.134372,-70.926616,12,5,3
20260805_141620,43.134372,-70.926616,13,4,2
20260805_141621,43.134372,-70.926616,14,5,3
20260805_141621,43.134372,-70.926616,15,8,3
20260805_141622,43.134372,-70.926616,16,6,3
20260805_141622,43.134372,-70.926616,17,4,2
20260805_141623,43.134372,-70.926616,18,6,3
20260805_141623,43.134372,-70.926616,19,9,3
20260805_141624,43.134372,-70.926616,20,6,3
20260805_141624,43.134372,-70.926616,0,5,3
20260805_141625,43.134372,-70.926616,1,4,2
20260805_141625,43.134371,-70.926616,2,5,3
20260805_141626,43.134371,-70.926616,3,8,4
20260805_141626,43.134371,-70.926616,4,8,3
20260805_141627,43.134371,-70.926616,5,7,3
20260805_141627,43.134371,-70.926616,6,15,5
20260805_141628,43.134371,-70.926616,7,17,7
20260805_141628,43.134371,-70.926616,8,15,8
20260805_141629,43.134371,-70.926616,9,9,3
20260805_141629,43.134371,-70.926616,10,4,2
20260805_141630,43.134371,-70.926616,11,4,2
20260805_141630,43.134372,-70.926616,12,6,3
20260805_141631,43.134372,-70.926616,13,7,3
20260805_141631,43.134372,-70.926616,14,5,3
20260805_141632,43.134372,-70.926616,15,5,2
20260805_141632,43.134372,-70.926616,16,6,3
20260805_141633,43.134372,-70.926616,17,5,3
20260805_141633,43.134372,-70.926617,18,7,4
20260805_141634,43.134372,-70.926617,19,8,4
20260805_141634,43.134372,-70.926617,20,5,3
20260805_141635,43.134372,-70.926617,0,7,3
20260805_141635,43.134372,-70.926617,1,6,3
20260805_141636,43.134372,-70.926617,2,5,3
20260805_141636,43.134372,-70.926617,3,11,5
20260805_141637,43.134372,-70.926617,4,7,3
20260805_141637,43.134372,-70.926617,5,6,3
20260805_141638,43.134372,-70.926617,6,8,3
20260805_141638,43.134372,-70.926617,7,21,9
20260805_141639,43.134372,-70.926617,8,8,5
20260805_141639,43.134372,-70.926617,9,7,4
20260805_141640,43.134373,-70.926617,10,5,3
20260805_141640,43.134373,-70.926617,11,4,2
20260805_141641,43.134373,-70.926617,12,5,3
20260805_141641,43.134373,-70.926617,13,5,3
20260805_141642,43.134373,-70.926617,14,5,3
20260805_141642,43.134373,-70.926617,15,7,3
20260805_141643,43.134373,-70.926618,16,5,2
20260805_141643,43.134373,-70.926618,17,4,2
20260805_141644,43.134373,-70.926618,18,5,3
20260805_141644,43.134373,-70.926618,19,8,3
20260805_141645,43.134373,-70.926618,20,5,2
20260805_141645,43.134373,-70.926618,0,4,2
20260805_141646,43.134373,-70.926618,1,2,1
20260805_141646,43.134373,-70.926618,2,5,2
20260805_141647,43.134373,-70.926618,3,6,2
20260805_141647,43.134373,-70.926618,4,9,3
20260805_141648,43.134373,-70.926618,5,7,3
20260805_141648,43.134373,-70.926618,6,14,4
20260805_141649,43.134374,-70.926618,7,15,7
20260805_141649,43.134374,-70.926618,8,9,3
20260805_141650,43.134374,-70.926618,9,8,3
20260805_141650,43.134374,-70.926618,10,4,2
20260805_141651,43.134374,-70.926618,11,2,1
20260805_141651,43.134374,-70.926618,12,4,2
20260805_141652,43.134374,-70.926618,13,5,2
20260805_141652,43.134374,-70.926618,14,4,2
20260805_141653,43.134374,-70.926618,15,4,2
20260805_141653,43.134374,-70.926618,16,4,2
20260805_141654,43.134374,-70.926618,17,4,2
20260805_141654,43.134374,-70.926618,18,4,2
20260805_141655,43.134374,-70.926618,19,7,4
20260805_141656,43.134374,-70.926618,20,5,3
20260805_141656,43.134374,-70.926618,0,5,2
20260805_141657,43.134374,-70.926618,1,5,3
20260805_141657,43.134374,-70.926618,2,6,3
20260805_141658,43.134374,-70.926618,3,10,5
20260805_141658,43.134375,-70.926618,4,7,3
20260805_141659,43.134375,-70.926618,5,6,3
20260805_141659,43.134375,-70.926618,6,17,6
20260805_141700,43.134375,-70.926618,7,21,9
20260805_141700,43.134375,-70.926618,8,10,6
20260805_141701,43.134375,-70.926618,9,7,4
20260805_141701,43.134375,-70.926618,10,4,3
20260805_141702,43.134375,-70.926618,11,5,3
20260805_141702,43.134375,-70.926618,12,5,3
20260805_141703,43.134375,-70.926618,13,5,3
20260805_141703,43.134375,-70.926618,14,4,2
20260805_141704,43.134375,-70.926618,15,6,3
20260805_141704,43.134375,-70.926618,16,6,2
20260805_141705,43.134375,-70.926618,17,4,2
20260805_141705,43.134375,-70.926618,18,6,4
20260805_141706,43.134375,-70.926618,19,8,3
20260805_141706,43.134375,-70.926618,20,7,3
20260805_141707,43.134375,-70.926618,0,5,2
20260805_141707,43.134375,-70.926618,1,3,1
20260805_141708,43.134375,-70.926618,2,4,2
20260805_141708,43.134375,-70.926618,3,6,3
20260805_141709,43.134375,-70.926618,4,7,2
20260805_141709,43.134375,-70.926618,5,7,4
20260805_141710,43.134375,-70.926618,6,13,5
20260805_141710,43.134375,-70.926618,7,16,7
20260805_141711,43.134375,-70.926618,8,9,4
20260805_141711,43.134376,-70.926618,9,8,4
20260805_141712,43.134376,-70.926618,10,6,4
20260805_141712,43.134376,-70.926618,11,5,3
20260805_141713,43.134376,-70.926618,12,5,3
20260805_141713,43.134376,-70.926618,13,5,3
20260805_141714,43.134376,-70.926618,14,4,2
20260805_141714,43.134376,-70.926618,15,7,2
20260805_141715,43.134376,-70.926618,16,5,2
20260805_141715,43.134376,-70.926618,17,4,2
20260805_141716,43.134376,-70.926618,18,5,2
20260805_141716,43.134376,-70.926618,19,9,3
20260805_141717,43.134376,-70.926618,20,5,3
20260805_141717,43.134376,-70.926618,0,7,3
20260805_141718,43.134376,-70.926618,1,7,4
20260805_141718,43.134376,-70.926618,2,6,3
20260805_141719,43.134376,-70.926618,3,10,4
20260805_141719,43.134376,-70.926618,4,9,4
20260805_141720,43.134376,-70.926618,5,8,3
20260805_141720,43.134376,-70.926618,6,18,5
20260805_141721,43.134376,-70.926618,7,19,9
20260805_141721,43.134376,-70.926618,8,13,7
20260805_141722,43.134376,-70.926618,9,9,4
20260805_141722,43.134376,-70.926618,10,5,3
20260805_141723,43.134376,-70.926618,11,4,2
20260805_141723,43.134376,-70.926618,12,5,3
20260805_141724,43.134376,-70.926618,13,5,2
20260805_141724,43.134376,-70.926618,14,4,3
20260805_141725,43.134376,-70.926618,15,5,2
20260805_141725,43.134376,-70.926618,16,5,2
20260805_141726,43.134376,-70.926619,17,4,2
20260805_141726,43.134376,-70.926619,18,5,3
20260805_141727,43.134376,-70.926619,19,6,2
20260805_141727,43.134376,-70.926619,20,7,3
20260805_141728,43.134376,-70.926619,0,7,3
20260805_141728,43.134376,-70.926619,1,6,3
20260805_141729,43.134377,-70.926619,2,5,3
20260805_141729,43.134377,-70.926619,3,7,3
20260805_141730,43.134377,-70.926619,4,8,3
20260805_141730,43.134377,-70.926619,5,6,3
20260805_141731,43.134377,-70.926619,6,11,4
20260805_141731,43.134377,-70.926619,7,21,9
20260805_141732,43.134377,-70.926619,8,9,4
20260805_141732,43.134377,-70.926619,9,8,4
20260805_141733,43.134377,-70.926619,10,6,3
20260805_141733,43.134377,-70.926619,11,5,3
20260805_141734,43.134377,-70.926619,12,5,3
20260805_141734,43.134377,-70.926619,13,5,3
20260805_141735,43.134377,-70.926619,14,5,3
20260805_141735,43.134377,-70.926619,15,8,4
20260805_141736,43.134377,-70.926619,16,5,3
20260805_141736,43.134377,-70.926619,17,5,3
20260805_141737,43.134377,-70.926619,18,5,3
20260805_141737,43.134377,-70.926619,19,7,3
20260805_141738,43.134377,-70.926619,20,4,2
20260805_141738,43.134377,-70.926619,0,5,2
20260805_141739,43.134377,-70.926619,1,4,2
20260805_141740,43.134377,-70.926619,2,5,2
20260805_141740,43.134377,-70.92662,3,8,4
20260805_141741,43.134377,-70.92662,4,9,4
20260805_141741,43.134377,-70.92662,5,7,3
20260805_141742,43.134377,-70.92662,6,16,5
20260805_141742,43.134377,-70.92662,7,16,8
20260805_141743,43.134377,-70.92662,8,15,8
20260805_141743,43.134377,-70.92662,9,10,5
20260805_141744,43.134377,-70.92662,10,5,3
20260805_141744,43.134377,-70.92662,11,5,3
20260805_141745,43.134377,-70.92662,12,5,3
20260805_141745,43.134377,-70.92662,13,5,3
20260805_141746,43.134377,-70.92662,14,6,4
20260805_141746,43.134377,-70.92662,15,7,4
20260805_141747,43.134377,-70.92662,16,7,3
20260805_141747,43.134377,-70.92662,17,4,3
20260805_141748,43.134377,-70.92662,18,6,3
20260805_141748,43.134377,-70.92662,19,7,3
20260805_141749,43.134377,-70.92662,20,5,3
20260805_141749,43.134377,-70.926621,0,9,4
20260805_141750,43.134377,-70.926621,1,6,4
20260805_141750,43.134377,-70.926621,2,5,3
20260805_141751,43.134377,-70.926621,3,12,5
20260805_141751,43.134377,-70.926621,4,8,4
20260805_141752,43.134377,-70.926621,5,7,4
20260805_141752,43.134376,-70.926621,6,11,5
20260805_141753,43.134376,-70.926621,7,20,10
20260805_141753,43.134376,-70.926621,8,8,5
20260805_141754,43.134376,-70.926621,9,8,4
20260805_141754,43.134376,-70.926621,10,7,4
20260805_141755,43.134376,-70.926621,11,4,2
20260805_141755,43.134376,-70.926621,12,4,2
20260805_141756,43.134376,-70.926621,13,5,2
20260805_141756,43.134376,-70.926622,14,5,2
20260805_141757,43.134376,-70.926622,15,7,3
20260805_141757,43.134376,-70.926622,16,5,3
20260805_141758,43.134376,-70.926622,17,5,3
20260805_141758,43.134376,-70.926622,18,6,3
20260805_141759,43.134376,-70.926622,19,9,3
20260805_141759,43.134376,-70.926622,20,5,3
20260805_141800,43.134376,-70.926622,0,5,3
20260805_141800,43.134376,-70.926622,1,5,3
20260805_141801,43.134376,-70.926622,2,5,3
20260805_141801,43.134376,-70.926622,3,8,4
20260805_141802,43.134376,-70.926622,4,9,4
20260805_141802,43.134376,-70.926622,5,7,4
20260805_141803,43.134376,-70.926622,6,17,5
20260805_141803,43.134375,-70.926622,7,17,9
20260805_141804,43.134375,-70.926622,8,18,9
20260805_141804,43.134375,-70.926623,9,10,5
20260805_141805,43.134375,-70.926623,10,7,5
20260805_141805,43.134375,-70.926623,11,6,3
20260805_141806,43.134375,-70.926623,12,5,3
20260805_141806,43.134375,-70.926623,13,5,3
20260805_141807,43.134375,-70.926623,14,5,3
20260805_141807,43.134375,-70.926623,15,5,3
20260805_141808,43.134375,-70.926623,16,6,4
20260805_141808,43.134375,-70.926623,17,6,3
20260805_141809,43.134374,-70.926623,18,7,4
20260805_141809,43.134374,-70.926623,19,8,4
20260805_141810,43.134374,-70.926623,20,5,3
20260805_141810,43.134374,-70.926623,0,8,4
20260805_141811,43.134374,-70.926623,1,6,4
20260805_141811,43.134374,-70.926623,2,5,3
20260805_141812,43.134374,-70.926623,3,11,5
20260805_141812,43.134374,-70.926623,4,8,4
20260805_141813,43.134374,-70.926624,5,7,4
20260805_141813,43.134374,-70.926624,6,12,5
20260805_141814,43.134374,-70.926624,7,21,10
20260805_141814,43.134374,-70.926624,8,10,6
20260805_141815,43.134374,-70.926624,9,8,5
20260805_141815,43.134374,-70.926624,10,5,3
20260805_141816,43.134374,-70.926624,11,5,3
20260805_141816,43.134374,-70.926624,12,5,3
20260805_141817,43.134374,-70.926624,13,6,4
20260805_141817,43.134374,-70.926624,14,5,3
20260805_141818,43.134374,-70.926624,15,8,4
20260805_141818,43.134374,-70.926624,16,7,3
20260805_141819,43.134374,-70.926624,17,6,3
20260805_141819,43.134374,-70.926624,18,6,3
20260805_141820,43.134374,-70.926624,19,9,4
20260805_141820,43.134374,-70.926624,20,7,4
20260805_141821,43.134374,-70.926624,0,7,4
20260805_141821,43.134374,-70.926624,1,6,4
20260805_141822,43.134374,-70.926624,2,7,4
20260805_141822,43.134374,-70.926624,3,9,5
20260805_141823,43.134374,-70.926624,4,11,5
20260805_141824,43.134374,-70.926624,5,9,5
20260805_141824,43.134374,-70.926624,6,15,6
20260805_141825,43.134374,-70.926624,7,16,8
20260805_141825,43.134374,-70.926624,8,9,5
20260805_141826,43.134374,-70.926624,9,9,5
20260805_141826,43.134374,-70.926624,10,6,4
20260805_141827,43.134374,-70.926624,11,5,4
20260805_141827,43.134374,-70.926624,12,7,4
20260805_141828,43.134374,-70.926624,13,7,4
20260805_141828,43.134374,-70.926624,14,6,4
20260805_141829,43.134374,-70.926624,15,6,4
20260805_141829,43.134374,-70.926624,16,6,3
20260805_141830,43.134374,-70.926624,17,5,3
20260805_141830,43.134374,-70.926624,18,7,4
20260805_141831,43.134374,-70.926624,19,8,4
20260805_141831,43.134374,-70.926624,20,6,4
20260805_141832,43.134374,-70.926624,0,7,4
20260805_141832,43.134374,-70.926624,1,6,3
20260805_141833,43.134374,-70.926624,2,7,4
20260805_141833,43.134374,-70.926624,3,11,5
20260805_141834,43.134374,-70.926624,4,8,4
20260805_141834,43.134374,-70.926624,5,6,3
20260805_141835,43.134374,-70.926624,6,18,6
20260805_141835,43.134374,-70.926624,7,21,10
20260805_141836,43.134374,-70.926624,8,11,6
20260805_141836,43.134374,-70.926624,9,7,4
20260805_141837,43.134374,-70.926624,10,4,2
20260805_141837,43.134374,-70.926623,11,5,2
20260805_141838,43.134374,-70.926623,12,5,3
20260805_141838,43.134374,-70.926623,13,5,3
20260805_141839,43.134374,-70.926623,14,4,2
20260805_141839,43.134374,-70.926623,15,6,3
20260805_141840,43.134374,-70.926623,16,6,3
20260805_141840,43.134375,-70.926623,17,4,2
20260805_141841,43.134375,-70.926623,18,6,3
20260805_141841,43.134375,-70.926623,19,9,4
20260805_141842,43.134375,-70.926623,20,7,3
20260805_141842,43.134374,-70.926623,0,6,2
20260805_141843,43.134374,-70.926623,1,5,2
20260805_141843,43.134375,-70.926623,2,5,3
20260805_141844,43.134375,-70.926623,3,7,4
20260805_141844,43.134375,-70.926623,4,7,3
20260805_141845,43.134375,-70.926623,5,6,3
20260805_141845,43.134375,-70.926623,6,12,4
20260805_141846,43.134375,-70.926623,7,16,6
20260805_141846,43.134375,-70.926623,8,8,4
20260805_141847,43.134375,-70.926623,9,8,4
20260805_141847,43.134375,-70.926623,10,6,3
20260805_141848,43.134375,-70.926623,11,4,2
20260805_141848,43.134375,-70.926623,12,6,4
20260805_141849,43.134375,-70.926622,13,5,3
20260805_141849,43.134375,-70.926622,14,5,3
20260805_141850,43.134375,-70.926622,15,8,3
20260805_141850,43.134375,-70.926622,16,6,3
20260805_141851,43.134374,-70.926622,17,5,3
20260805_141851,43.134374,-70.926622,18,6,3
20260805_141852,43.134374,-70.926622,19,10,4
20260805_141852,43.134374,-70.926622,20,5,3
20260805_141853,43.134374,-70.926622,0,7,4
20260805_141853,43.134374,-70.926622,1,6,2
20260805_141854,43.134374,-70.926622,2,6,3
20260805_141854,43.134374,-70.926622,3,9,4
20260805_141855,43.134374,-70.926622,4,8,4
20260805_141855,43.134374,-70.926622,5,8,4
20260805_141856,43.134374,-70.926622,6,17,6
20260805_141856,43.134374,-70.926622,7,19,9
20260805_141857,43.134374,-70.926622,8,14,8
20260805_141857,43.134374,-70.926622,9,10,5
20260805_141858,43.134374,-70.926622,10,5,3
20260805_141858,43.134374,-70.926622,11,6,4
20260805_141859,43.134374,-70.926622,12,6,4
20260805_141859,43.134374,-70.926622,13,7,4
20260805_141900,43.134374,-70.926622,14,5,3
20260805_141900,43.134374,-70.926622,15,7,3
20260805_141901,43.134374,-70.926622,16,6,3
20260805_141901,43.134374,-70.926622,17,4,3
20260805_141902,43.134374,-70.926622,18,5,3
20260805_141902,43.134374,-70.926622,19,6,3
20260805_141903,43.134374,-70.926622,20,7,3
20260805_141903,43.134374,-70.926622,0,7,3
20260805_141904,43.134374,-70.926622,1,4,2
20260805_141904,43.134374,-70.926622,2,4,2
20260805_141905,43.134373,-70.926622,3,6,3
20260805_141906,43.134373,-70.926622,4,6,2
20260805_141906,43.134373,-70.926622,5,7,3
20260805_141907,43.134373,-70.926622,6,11,5
20260805_141907,43.134373,-70.926622,7,21,10
20260805_141908,43.134373,-70.926622,8,9,5
20260805_141908,43.134373,-70.926622,9,8,5
20260805_141909,43.134373,-70.926622,10,7,4
20260805_141909,43.134373,-70.926622,11,5,3
20260805_141910,43.134373,-70.926622,12,6,4
20260805_141910,43.134373,-70.926622,13,5,3
20260805_141911,43.134373,-70.926622,14,6,3
20260805_141911,43.134373,-70.926622,15,7,3
20260805_141912,43.134373,-70.926622,16,5,3
20260805_141912,43.134373,-70.926622,17,6,3
20260805_141913,43.134373,-70.926622,18,5,3
20260805_141913,43.134373,-70.926622,19,9,3
20260805_141914,43.134373,-70.926622,20,5,3
20260805_141914,43.134373,-70.926622,0,7,4
20260805_141915,43.134373,-70.926622,1,7,3
20260805_141915,43.134373,-70.926622,2,5,3
20260805_141916,43.134373,-70.926622,3,9,4
20260805_141916,43.134372,-70.926622,4,8,4
20260805_141917,43.134372,-70.926622,5,8,4
20260805_141917,43.134372,-70.926622,6,18,6
20260805_141918,43.134372,-70.926622,7,18,9
20260805_141918,43.134372,-70.926622,8,15,8
20260805_141919,43.134372,-70.926622,9,10,5
20260805_141919,43.134372,-70.926622,10,6,4
20260805_141920,43.134372,-70.926622,11,5,3
20260805_141920,43.134372,-70.926622,12,5,3
20260805_141921,43.134372,-70.926622,13,6,3
20260805_141921,43.134372,-70.926622,14,4,2
20260805_141922,43.134372,-70.926622,15,5,2
20260805_141922,43.134372,-70.926622,16,6,2
20260805_141923,43.134372,-70.926622,17,5,3
20260805_141923,43.134372,-70.926623,18,5,3
20260805_141924,43.134372,-70.926623,19,8,4
20260805_141924,43.134372,-70.926623,20,8,3
20260805_141925,43.134372,-70.926623,0,8,3
20260805_141925,43.134372,-70.926623,1,5,3
20260805_141926,43.134372,-70.926623,2,5,3
20260805_141926,43.134372,-70.926623,3,11,4
20260805_141927,43.134372,-70.926623,4,7,2
20260805_141927,43.134372,-70.926623,5,6,3
20260805_141928,43.134372,-70.926623,6,10,5
20260805_141928,43.134372,-70.926623,7,23,10
20260805_141929,43.134372,-70.926623,8,9,5
20260805_141929,43.134372,-70.926623,9,8,4
20260805_141930,43.134372,-70.926623,10,7,3
20260805_141930,43.134372,-70.926623,11,4,2
20260805_141931,43.134372,-70.926623,12,4,2
20260805_141931,43.134372,-70.926623,13,5,3
20260805_141932,43.134372,-70.926623,14,5,3
20260805_141932,43.134372,-70.926623,15,7,3
20260805_141933,43.134372,-70.926623,16,6,4
20260805_141933,43.134372,-70.926624,17,6,4
20260805_141934,43.134372,-70.926624,18,6,4
20260805_141934,43.134372,-70.926624,19,9,4
20260805_141935,43.134372,-70.926624,20,6,3
20260805_141935,43.134372,-70.926624,0,6,3
20260805_141936,43.134372,-70.926624,1,6,4
20260805_141936,43.134372,-70.926624,2,6,4
20260805_141937,43.134372,-70.926624,3,10,5
20260805_141937,43.134372,-70.926624,4,10,5
20260805_141938,43.134372,-70.926624,5,9,5
20260805_141938,43.134372,-70.926624,6,16,6
20260805_141939,43.134372,-70.926624,7,19,10
20260805_141939,43.134372,-70.926624,8,16,9
20260805_141940,43.134372,-70.926624,9,10,5
20260805_141940,43.134372,-70.926624,10,6,4
20260805_141941,43.134372,-70.926624,11,6,4
20260805_141941,43.134372,-70.926624,12,6,4
20260805_141942,43.134372,-70.926624,13,8,5
20260805_141942,43.134372,-70.926624,14,9,6
20260805_141943,43.134372,-70.926624,15,8,5
20260805_141943,43.134372,-70.926624,16,8,6
20260805_141944,43.134372,-70.926625,17,8,6
20260805_141944,43.134372,-70.926625,18,9,6
20260805_141945,43.134372,-70.926625,19,10,6
20260805_141945,43.134372,-70.926625,20,7,5
20260805_141946,43.134372,-70.926625,0,9,5
20260805_141946,43.134372,-70.926625,1,6,3
20260805_141947,43.134372,-70.926625,2,6,4
20260805_141947,43.134372,-70.926625,3,13,6
20260805_141948,43.134372,-70.926625,4,9,5
20260805_141948,43.134372,-70.926625,5,9,5
20260805_141949,43.134372,-70.926625,6,11,5
20260805_141949,43.134372,-70.926625,7,23,11
20260805_141950,43.134372,-70.926625,8,10,6
20260805_141950,43.134372,-70.926625,9,9,5
20260805_141951,43.134372,-70.926625,10,9,5
20260805_141952,43.134372,-70.926625,11,7,5
20260805_141952,43.134372,-70.926625,12,8,5
20260805_141953,43.134372,-70.926625,13,7,5
20260805_141953,43.134372,-70.926625,14,5,3
20260805_141954,43.134372,-70.926625,15,9,4
20260805_141954,43.134372,-70.926625,16,7,4
20260805_141955,43.134372,-70.926625,17,6,4
20260805_141955,43.134372,-70.926625,18,9,6
20260805_141956,43.134372,-70.926625,19,11,6
20260805_141956,43.134372,-70.926625,20,8,5
20260805_141957,43.134372,-70.926625,0,7,4
20260805_141957,43.134372,-70.926625,1,7,5
20260805_141958,43.134372,-70.926625,2,8,4
20260805_141958,43.134372,-70.926625,3,9,5
20260805_141959,43.134372,-70.926625,4,10,5
20260805_141959,43.134372,-70.926625,5,9,5
20260805_142000,43.134372,-70.926625,6,15,6
20260805_142000,43.134372,-70.926625,7,19,9
20260805_142001,43.134372,-70.926625,8,10,5
20260805_142001,43.134372,-70.926625,9,10,5
20260805_142002,43.134372,-70.926625,10,7,4
20260805_142002,43.134372,-70.926625,11,6,4
20260805_142003,43.134372,-70.926625,12,6,4
20260805_142003,43.134373,-70.926625,13,7,4
20260805_142004,43.134373,-70.926625,14,6,4
20260805_142004,43.134372,-70.926625,15,6,4
20260805_142005,43.134372,-70.926625,16,7,4
20260805_142005,43.134372,-70.926625,17,5,4
20260805_142006,43.134372,-70.926625,18,6,4
20260805_142006,43.134372,-70.926625,19,7,4
20260805_142007,43.134372,-70.926625,20,6,3
20260805_142007,43.134372,-70.926625,0,7,4
20260805_142008,43.134372,-70.926625,1,7,4
20260805_142008,43.134372,-70.926625,2,6,3
20260805_142009,43.134372,-70.926625,3,12,5
20260805_142009,43.134372,-70.926625,4,8,4
20260805_142010,43.134372,-70.926625,5,7,4
20260805_142010,43.134372,-70.926624,6,19,5
20260805_142011,43.134372,-70.926624,7,21,10
20260805_142011,43.134372,-70.926624,8,12,7
20260805_142012,43.134372,-70.926624,9,9,5
20260805_142012,43.134372,-70.926624,10,5,3
20260805_142013,43.134372,-70.926624,11,5,3
20260805_142013,43.134372,-70.926624,12,5,3
20260805_142014,43.134372,-70.926624,13,6,4
20260805_142014,43.134372,-70.926624,14,5,3
20260805_142015,43.134372,-70.926624,15,8,4
20260805_142015,43.134372,-70.926624,16,6,3
20260805_142016,43.134372,-70.926624,17,6,4
20260805_142016,43.134372,-70.926624,18,7,4
20260805_142017,43.134372,-70.926624,19,9,4
20260805_142017,43.134372,-70.926624,20,6,3
20260805_142018,43.134371,-70.926624,0,7,3
20260805_142018,43.134371,-70.926624,1,5,3
20260805_142019,43.134371,-70.926624,2,6,3
20260805_142019,43.134371,-70.926624,3,8,5
20260805_142020,43.134371,-70.926624,4,9,4
20260805_142020,43.134371,-70.926624,5,8,5
20260805_142021,43.134371,-70.926624,6,14,6
20260805_142021,43.134371,-70.926624,7,18,8
20260805_142022,43.134371,-70.926623,8,10,5
20260805_142022,43.134371,-70.926623,9,11,5
20260805_142023,43.134371,-70.926623,10,7,3
20260805_142023,43.134371,-70.926623,11,5,3
20260805_142024,43.134371,-70.926623,12,7,4
20260805_142024,43.134371,-70.926623,13,7,4
20260805_142025,43.134371,-70.926623,14,6,4
20260805_142025,43.134371,-70.926623,15,9,4
20260805_142026,43.13437,-70.926623,16,7,4
20260805_142026,43.13437,-70.926623,17,5,3
20260805_142027,43.13437,-70.926623,18,6,4
20260805_142027,43.13437,-70.926623,19,11,5
20260805_142028,43.13437,-70.926623,20,7,4
20260805_142028,43.13437,-70.926623,0,8,4
20260805_142029,43.13437,-70.926622,1,7,3
20260805_142029,43.13437,-70.926622,2,7,4
20260805_142030,43.13437,-70.926622,3,11,5
20260805_142030,43.13437,-70.926622,4,8,4
20260805_142031,43.13437,-70.926622,5,8,4
20260805_142031,43.13437,-70.926622,6,19,6
20260805_142032,43.13437,-70.926622,7,19,9
20260805_142032,43.13437,-70.926622,8,12,7
20260805_142033,43.134369,-70.926622,9,8,4
20260805_142034,43.134369,-70.926622,10,5,3
20260805_142034,43.134369,-70.926622,11,6,4
20260805_142035,43.134369,-70.926622,12,6,4
20260805_142035,43.134369,-70.926622,13,6,3
20260805_142036,43.134369,-70.926622,14,6,4
20260805_142036,43.134369,-70.926621,15,8,4
20260805_142037,43.134369,-70.926621,16,8,5
20260805_142037,43.134369,-70.926621,17,5,3
20260805_142038,43.134369,-70.926621,18,7,4
20260805_142038,43.134369,-70.926621,19,7,3
20260805_142039,43.134369,-70.926621,20,7,3
20260805_142039,43.134369,-70.926621,0,6,2
20260805_142040,43.134369,-70.926621,1,3,2
20260805_142040,43.134369,-70.926621,2,5,3
20260805_142041,43.134369,-70.926621,3,6,4
20260805_142041,43.134369,-70.926621,4,9,4
20260805_142042,43.134369,-70.926621,5,9,5
20260805_142042,43.134369,-70.92662,6,13,5
20260805_142043,43.134369,-70.92662,7,17,7
20260805_142043,43.134369,-70.92662,8,10,5
20260805_142044,43.134369,-70.92662,9,10,5
20260805_142044,43.134369,-70.92662,10,8,5
20260805_142045,43.134369,-70.92662,11,6,4
20260805_142045,43.134369,-70.92662,12,5,3
20260805_142046,43.134369,-70.92662,13,5,3
20260805_142046,43.134369,-70.92662,14,5,2
20260805_142047,43.134369,-70.92662,15,9,4
20260805_142047,43.134369,-70.92662,16,6,3
20260805_142048,43.134369,-70.92662,17,6,4
20260805_142048,43.134369,-70.926619,18,7,4
20260805_142049,43.134369,-70.926619,19,12,6
20260805_142049,43.134369,-70.926619,20,8,5
20260805_142050,43.134369,-70.926619,0,8,5
20260805_142050,43.134369,-70.926619,1,9,5
20260805_142051,43.134369,-70.926619,2,7,4
20260805_142051,43.134368,-70.926619,3,11,6
20260805_142052,43.134368,-70.926619,4,10,5
20260805_142052,43.134368,-70.926619,5,9,5
20260805_142053,43.134368,-70.926619,6,17,6
20260805_142053,43.134368,-70.926619,7,19,10
20260805_142054,43.134368,-70.926619,8,16,9
20260805_142054,43.134368,-70.926619,9,11,6
20260805_142055,43.134368,-70.926619,10,8,5
20260805_142055,43.134368,-70.926618,11,6,4
20260805_142056,43.134368,-70.926618,12,6,4
20260805_142056,43.134368,-70.926618,13,7,4
20260805_142057,43.134368,-70.926618,14,6,4
20260805_142057,43.134368,-70.926618,15,6,3
20260805_142058,43.134368,-70.926618,16,6,3
20260805_142058,43.134368,-70.926618,17,6,4
20260805_142059,43.134368,-70.926618,18,6,3
20260805_142059,43.134368,-70.926618,19,8,4
20260805_142100,43.134368,-70.926618,20,9,4
20260805_142100,43.134368,-70.926618,0,8,4
20260805_142101,43.134368,-70.926618,1,6,4
20260805_142101,43.134368,-70.926618,2,6,3
20260805_142102,43.134368,-70.926618,3,11,5
20260805_142102,43.134368,-70.926618,4,9,4
20260805_142103,43.134368,-70.926618,5,8,4
20260805_142103,43.134368,-70.926618,6,12,5
20260805_142104,43.134368,-70.926618,7,24,11
20260805_142104,43.134368,-70.926618,8,11,7
20260805_142105,43.134368,-70.926618,9,9,5
20260805_142105,43.134368,-70.926618,10,8,4
20260805_142106,43.134368,-70.926618,11,5,3
20260805_142106,43.134368,-70.926618,12,6,4
20260805_142107,43.134368,-70.926618,13,6,3
20260805_142107,43.134368,-70.926618,14,6,3
20260805_142108,43.134368,-70.926617,15,8,3
20260805_142108,43.134368,-70.926617,16,5,3
20260805_142109,43.134368,-70.926617,17,4,2
20260805_142109,43.134368,-70.926617,18,3,2
20260805_142110,43.134368,-70.926617,19,10,4
20260805_142110,43.134368,-70.926617,20,5,3
20260805_142111,43.134368,-70.926617,0,6,4
20260805_142111,43.134368,-70.926617,1,5,3
20260805_142112,43.134368,-70.926617,2,6,3
20260805_142112,43.134368,-70.926617,3,9,5
20260805_142113,43.134368,-70.926617,4,8,4
20260805_142113,43.134368,-70.926617,5,8,4
20260805_142114,43.134368,-70.926617,6,18,6
20260805_142114,43.134368,-70.926617,7,17,9
20260805_142115,43.134368,-70.926617,8,16,8
20260805_142115,43.134368,-70.926617,9,10,4
20260805_142116,43.134368,-70.926617,10,5,3
20260805_142116,43.134368,-70.926617,11,5,3
20260805_142117,43.134368,-70.926617,12,5,3
20260805_142117,43.134368,-70.926617,13,6,3
20260805_142118,43.134368,-70.926617,14,4,2
20260805_142119,43.134368,-70.926617,15,6,3
20260805_142119,43.134368,-70.926617,16,7,3
20260805_142120,43.134368,-70.926617,17,6,4
20260805_142120,43.134367,-70.926617,18,6,4
20260805_142121,43.134367,-70.926617,19,7,3
20260805_142121,43.134367,-70.926617,20,5,3
20260805_142122,43.134367,-70.926617,0,6,3
20260805_142122,43.134367,-70.926617,1,5,2
20260805_142123,43.134367,-70.926617,2,4,2
20260805_142123,43.134367,-70.926617,3,11,4
20260805_142124,43.134367,-70.926617,4,8,3
20260805_142124,43.134367,-70.926617,5,7,4
20260805_142125,43.134367,-70.926617,6,10,5
20260805_142125,43.134367,-70.926617,7,22,11
20260805_142126,43.134367,-70.926617,8,10,6
20260805_142126,43.134367,-70.926617,9,10,6
20260805_142127,43.134367,-70.926617,10,10,6
20260805_142127,43.134367,-70.926617,11,7,5
20260805_142128,43.134367,-70.926617,12,7,4
20260805_142128,43.134367,-70.926617,13,7,5
20260805_142129,43.134367,-70.926617,14,6,4
20260805_142129,43.134366,-70.926617,15,8,4
20260805_142130,43.134366,-70.926617,16,7,4
20260805_142130,43.134366,-70.926617,17,6,4
20260805_142131,43.134366,-70.926617,18,7,5
20260805_142131,43.134366,-70.926617,19,9,4
20260805_142132,43.134366,-70.926617,20,5,3
20260805_142132,43.134366,-70.926617,0,5,3
20260805_142133,43.134366,-70.926617,1,4,2
20260805_142133,43.134366,-70.926617,2,5,3
20260805_142134,43.134366,-70.926617,3,8,4
20260805_142134,43.134366,-70.926617,4,8,3
20260805_142135,43.134366,-70.926617,5,7,4
20260805_142135,43.134366,-70.926617,6,15,5
20260805_142136,43.134366,-70.926617,7,16,8
20260805_142136,43.134365,-70.926617,8,18,9
20260805_142137,43.134365,-70.926617,9,9,4
20260805_142137,43.134365,-70.926617,10,6,3
20260805_142138,43.134365,-70.926617,11,6,3
20260805_142138,43.134365,-70.926617,12,6,3
20260805_142139,43.134365,-70.926617,13,4,2
20260805_142139,43.134365,-70.926617,14,5,3
20260805_142140,43.134365,-70.926617,15,6,3
20260805_142140,43.134365,-70.926617,16,6,3
20260805_142141,43.134365,-70.926617,17,5,3
20260805_142141,43.134365,-70.926617,18,5,3
20260805_142142,43.134365,-70.926617,19,6,3
20260805_142142,43.134365,-70.926617,20,4,2
20260805_142143,43.134365,-70.926617,0,6,2
20260805_142143,43.134365,-70.926617,1,4,2
20260805_142144,43.134365,-70.926617,2,6,3
20260805_142144,43.134365,-70.926617,3,11,5
20260805_142145,43.134365,-70.926617,4,7,3
20260805_142145,43.134365,-70.926617,5,6,3
20260805_142146,43.134364,-70.926617,6,17,5
20260805_142146,43.134364,-70.926617,7,21,10
20260805_142147,43.134364,-70.926617,8,12,6
20260805_142147,43.134364,-70.926617,9,9,5
20260805_142148,43.134364,-70.926617,10,6,4
20260805_142148,43.134364,-70.926617,11,6,4
20260805_142149,43.134364,-70.926617,12,6,3
20260805_142149,43.134364,-70.926617,13,6,3
20260805_142150,43.134364,-70.926617,14,4,2
20260805_142150,43.134364,-70.926617,15,7,3
20260805_142151,43.134364,-70.926617,16,6,3
20260805_142151,43.134364,-70.926617,17,6,3
20260805_142152,43.134364,-70.926617,18,6,3
20260805_142152,43.134364,-70.926617,19,9,3
20260805_142153,43.134364,-70.926617,20,7,3
20260805_142153,43.134364,-70.926617,0,8,3
20260805_142154,43.134363,-70.926617,1,5,3
20260805_142154,43.134363,-70.926617,2,5,3
20260805_142155,43.134363,-70.926617,3,9,5
20260805_142155,43.134363,-70.926617,4,9,4
20260805_142156,43.134363,-70.926617,5,10,5
20260805_142156,43.134363,-70.926617,6,15,6
20260805_142157,43.134363,-70.926617,7,17,9
20260805_142157,43.134363,-70.926617,8,10,6
20260805_142158,43.134363,-70.926617,9,10,6
20260805_142158,43.134363,-70.926617,10,7,4
20260805_142159,43.134363,-70.926616,11,6,3
20260805_142159,43.134363,-70.926616,12,8,5
20260805_142200,43.134363,-70.926616,13,7,4
20260805_142200,43.134363,-70.926616,14,7,4
20260805_142201,43.134363,-70.926616,15,8,5
20260805_142202,43.134363,-70.926616,16,7,4
20260805_142202,43.134363,-70.926616,17,6,4
20260805_142203,43.134363,-70.926616,18,7,4
20260805_142203,43.134363,-70.926616,19,10,4
20260805_142204,43.134363,-70.926616,20,6,3
20260805_142204,43.134363,-70.926616,0,7,3
20260805_142205,43.134363,-70.926616,1,6,3
20260805_142205,43.134362,-70.926616,2,8,4
20260805_142206,43.134362,-70.926616,3,11,5
20260805_142206,43.134362,-70.926616,4,10,5
20260805_142207,43.134362,-70.926616,5,8,4
20260805_142207,43.134362,-70.926616,6,17,6
20260805_142208,43.134362,-70.926616,7,20,10
20260805_142208,43.134362,-70.926616,8,13,8
20260805_142209,43.134362,-70.926616,9,9,5
20260805_142209,43.134362,-70.926616,10,6,4
20260805_142210,43.134362,-70.926616,11,5,3
20260805_142210,43.134362,-70.926616,12,4,2
20260805_142211,43.134362,-70.926616,13,5,2
20260805_142211,43.134362,-70.926617,14,4,3
20260805_142212,43.134362,-70.926617,15,7,3
20260805_142212,43.134362,-70.926617,16,6,3
20260805_142213,43.134362,-70.926617,17,5,3
20260805_142213,43.134362,-70.926617,18,6,4
20260805_142214,43.134362,-70.926617,19,7,4
20260805_142214,43.134362,-70.926617,20,9,4
20260805_142215,43.134362,-70.926617,0,7,3
20260805_142215,43.134362,-70.926617,1,5,3
20260805_142216,43.134362,-70.926617,2,5,3
20260805_142216,43.134362,-70.926617,3,7,4
20260805_142217,43.134362,-70.926617,4,9,3
20260805_142217,43.134362,-70.926617,5,7,3
20260805_142218,43.134362,-70.926617,6,10,4
20260805_142218,43.134362,-70.926617,7,22,9
20260805_142219,43.134362,-70.926617,8,7,3
20260805_142219,43.134362,-70.926617,9,8,3
20260805_142220,43.134362,-70.926617,10,6,3
20260805_142220,43.134362,-70.926617,11,4,2
20260805_142221,43.134362,-70.926617,12,5,3
20260805_142221,43.134362,-70.926617,13,6,3
20260805_142222,43.134362,-70.926617,14,5,3
20260805_142222,43.134362,-70.926617,15,7,3
20260805_142223,43.134362,-70.926617,16,4,2
20260805_142223,43.134362,-70.926617,17,5,3
20260805_142224,43.134362,-70.926617,18,6,3
20260805_142224,43.134361,-70.926618,19,9,3
20260805_142225,43.134361,-70.926618,20,5,3
20260805_142225,43.134361,-70.926618,0,6,2
20260805_142226,43.134361,-70.926618,1,4,2
20260805_142226,43.134361,-70.926618,2,5,2
20260805_142227,43.134361,-70.926618,3,7,3
20260805_142227,43.134361,-70.926618,4,7,3
20260805_142228,43.134361,-70.926618,5,6,3
20260805_142228,43.134361,-70.926618,6,15,4
20260805_142229,43.134361,-70.926618,7,18,9
20260805_142229,43.134361,-70.926618,8,15,8
20260805_142230,43.134361,-70.926618,9,10,5
20260805_142230,43.134361,-70.926618,10,5,3
20260805_142231,43.134361,-70.926618,11,4,3
20260805_142231,43.134361,-70.926618,12,5,3
20260805_142232,43.134361,-70.926618,13,6,3
20260805_142232,43.134361,-70.926618,14,5,3
20260805_142233,43.134361,-70.926618,15,7,3
20260805_142233,43.134361,-70.926618,16,8,4
20260805_142234,43.134361,-70.926618,17,6,3
20260805_142234,43.134361,-70.926618,18,6,3
20260805_142235,43.13436,-70.926619,19,7,3
20260805_142235,43.13436,-70.926619,20,4,2
20260805_142236,43.13436,-70.926619,0,7,3
20260805_142236,43.13436,-70.926619,1,5,3
20260805_142237,43.13436,-70.926619,2,4,3
20260805_142237,43.13436,-70.926619,3,11,5
20260805_142238,43.13436,-70.926619,4,8,3
20260805_142238,43.13436,-70.926619,5,8,4
20260805_142239,43.13436,-70.926619,6,11,5
20260805_142239,43.13436,-70.926619,7,23,11
20260805_142240,43.13436,-70.926619,8,10,6
20260805_142240,43.13436,-70.926619,9,9,5
20260805_142241,43.13436,-70.926619,10,9,4
20260805_142241,43.13436,-70.926619,11,6,3
20260805_142242,43.13436,-70.926619,12,6,4
20260805_142243,43.13436,-70.926619,13,7,4
20260805_142243,43.13436,-70.92662,14,6,3
20260805_142244,43.13436,-70.92662,15,9,4
20260805_142244,43.13436,-70.92662,16,8,5
20260805_142245,43.13436,-70.92662,17,6,4
20260805_142245,43.13436,-70.92662,18,7,4
20260805_142246,43.13436,-70.92662,19,11,5
20260805_142246,43.13436,-70.92662,20,8,4
20260805_142247,43.13436,-70.92662,0,6,4
20260805_142247,43.13436,-70.92662,1,6,4
20260805_142248,43.13436,-70.92662,2,7,4
20260805_142248,43.13436,-70.92662,3,9,5
20260805_142249,43.13436,-70.92662,4,11,5
20260805_142249,43.13436,-70.92662,5,9,5
20260805_142250,43.13436,-70.92662,6,15,6
20260805_142250,43.13436,-70.926621,7,18,9
20260805_142251,43.13436,-70.926621,8,19,9
20260805_142251,43.13436,-70.926621,9,12,5
20260805_142252,43.13436,-70.926621,10,6,4
20260805_142252,43.13436,-70.926621,11,6,3
20260805_142253,43.13436,-70.926621,12,6,3
20260805_142253,43.13436,-70.926621,13,6,3
20260805_142254,43.13436,-70.926621,14,5,3
20260805_142254,43.13436,-70.926621,15,6,4
20260805_142255,43.13436,-70.926621,16,5,3
20260805_142255,43.13436,-70.926621,17,5,3
20260805_142256,43.13436,-70.926621,18,5,2
20260805_142256,43.13436,-70.926621,19,5,3
20260805_142257,43.13436,-70.926621,20,5,3
20260805_142257,43.13436,-70.926622,0,6,3
20260805_142258,43.13436,-70.926622,1,5,3
20260805_142258,43.13436,-70.926622,2,5,3
20260805_142259,43.13436,-70.926622,3,11,4
20260805_142259,43.13436,-70.926622,4,7,3
20260805_142300,43.13436,-70.926622,5,6,3
20260805_142300,43.13436,-70.926622,6,17,5
20260805_142301,43.13436,-70.926622,7,20,10
20260805_142301,43.13436,-70.926622,8,11,6
20260805_142302,43.13436,-70.926622,9,8,4
20260805_142302,43.134359,-70.926622,10,4,2
20260805_142303,43.134359,-70.926622,11,4,2
20260805_142303,43.134359,-70.926622,12,5,2
20260805_142304,43.134359,-70.926622,13,5,3
20260805_142304,43.134359,-70.926622,14,5,3
20260805_142305,43.134359,-70.926622,15,6,3
20260805_142305,43.134359,-70.926623,16,5,2
20260805_142306,43.134359,-70.926623,17,4,2
20260805_142306,43.134359,-70.926623,18,5,3
20260805_142307,43.134359,-70.926623,19,8,3
20260805_142307,43.134359,-70.926623,20,6,3
20260805_142308,43.134359,-70.926623,0,7,2
20260805_142308,43.134359,-70.926623,1,3,2
20260805_142309,43.134359,-70.926623,2,4,2
20260805_142309,43.134359,-70.926623,3,7,3
20260805_142310,43.134359,-70.926623,4,6,2
20260805_142310,43.134359,-70.926623,5,7,3
20260805_142311,43.134359,-70.926623,6,13,4
20260805_142311,43.134359,-70.926623,7,15,7
20260805_142312,43.134359,-70.926624,8,7,3
20260805_142312,43.134359,-70.926624,9,9,3
20260805_142313,43.134359,-70.926624,10,5,2
20260805_142313,43.134359,-70.926624,11,4,2
20260805_142314,43.134359,-70.926624,12,5,3
20260805_142314,43.134359,-70.926624,13,5,3
20260805_142315,43.134359,-70.926624,14,4,2
20260805_142315,43.134359,-70.926624,15,5,3
20260805_142316,43.134359,-70.926624,16,5,2
20260805_142316,43.134359,-70.926624,17,4,2
20260805_142317,43.134359,-70.926624,18,4,2
20260805_142317,43.134359,-70.926624,19,7,2
20260805_142318,43.134359,-70.926624,20,5,2
20260805_142318,43.134359,-70.926624,0,5,2
20260805_142319,43.134359,-70.926624,1,5,2
20260805_142319,43.134359,-70.926624,2,6,3
20260805_142320,43.134359,-70.926624,3,11,5
20260805_142320,43.134359,-70.926624,4,8,3
20260805_142321,43.13436,-70.926624,5,7,4
20260805_142321,43.13436,-70.926624,6,18,5
20260805_142322,43.13436,-70.926624,7,19,9
20260805_142322,43.13436,-70.926624,8,11,6
20260805_142323,43.13436,-70.926624,9,7,4
20260805_142323,43.13436,-70.926624,10,6,3
20260805_142324,43.13436,-70.926624,11,4,2
20260805_142325,43.13436,-70.926624,12,5,3
20260805_142325,43.13436,-70.926624,13,5,3
20260805_142326,43.13436,-70.926624,14,4,2
20260805_142326,43.13436,-70.926624,15,8,3
20260805_142327,43.13436,-70.926624,16,8,3
20260805_142327,43.13436,-70.926624,17,4,2
20260805_142328,43.13436,-70.926624,18,5,2
20260805_142328,43.13436,-70.926624,19,6,2
20260805_142329,43.13436,-70.926624,20,6,2
20260805_142329,43.13436,-70.926624,0,6,2
20260805_142330,43.13436,-70.926624,1,4,2
20260805_142330,43.13436,-70.926624,2,6,3
20260805_142331,43.13436,-70.926624,3,8,4
20260805_142331,43.13436,-70.926624,4,8,4
20260805_142332,43.13436,-70.926624,5,8,4
20260805_142332,43.13436,-70.926624,6,12,5
20260805_142333,43.13436,-70.926624,7,17,7
20260805_142333,43.13436,-70.926624,8,10,4
20260805_142334,43.13436,-70.926624,9,8,4
20260805_142334,43.13436,-70.926624,10,7,4
20260805_142335,43.13436,-70.926624,11,5,3
20260805_142335,43.13436,-70.926625,12,6,4
20260805_142336,43.13436,-70.926625,13,6,4
20260805_142336,43.13436,-70.926625,14,6,3
20260805_142337,43.13436,-70.926625,15,8,4
20260805_142337,43.13436,-70.926625,16,7,4
20260805_142338,43.13436,-70.926625,17,7,5
20260805_142338,43.13436,-70.926625,18,7,5
20260805_142339,43.13436,-70.926625,19,10,4
20260805_142339,43.13436,-70.926625,20,5,3
20260805_142340,43.13436,-70.926625,0,6,3
20260805_142340,43.13436,-70.926625,1,6,3
20260805_142341,43.13436,-70.926625,2,5,3
20260805_142341,43.13436,-70.926625,3,10,4
20260805_142342,43.13436,-70.926625,4,8,4
20260805_142342,43.13436,-70.926625,5,8,4
20260805_142343,43.13436,-70.926625,6,18,6
20260805_142343,43.13436,-70.926625,7,18,9
20260805_142344,43.13436,-70.926625,8,15,8
20260805_142344,43.13436,-70.926625,9,9,5
20260805_142345,43.13436,-70.926625,10,5,3
20260805_142345,43.13436,-70.926624,11,5,3
20260805_142346,43.13436,-70.926624,12,6,3
20260805_142346,43.13436,-70.926624,13,6,3
20260805_142347,43.13436,-70.926624,14,5,3
20260805_142347,43.13436,-70.926624,15,6,3
20260805_142348,43.13436,-70.926624,16,6,3
20260805_142348,43.13436,-70.926624,17,5,3
20260805_142349,43.13436,-70.926624,18,6,4
20260805_142349,43.13436,-70.926624,19,7,4
20260805_142350,43.13436,-70.926624,20,6,3
20260805_142350,43.13436,-70.926624,0,8,4
20260805_142351,43.13436,-70.926624,1,5,3
20260805_142351,43.13436,-70.926624,2,5,3
20260805_142352,43.13436,-70.926624,3,11,5
20260805_142352,43.13436,-70.926624,4,8,3
20260805_142353,43.13436,-70.926624,5,8,4
20260805_142353,43.13436,-70.926624,6,11,5
20260805_142354,43.13436,-70.926624,7,22,11
20260805_142354,43.13436,-70.926624,8,9,5
20260805_142355,43.13436,-70.926624,9,8,5
20260805_142355,43.13436,-70.926624,10,9,5
20260805_142356,43.13436,-70.926624,11,6,4
20260805_142356,43.13436,-70.926624,12,7,5
20260805_142357,43.13436,-70.926624,13,8,5
20260805_142357,43.13436,-70.926624,14,7,4
20260805_142358,43.13436,-70.926624,15,9,4
20260805_142358,43.13436,-70.926624,16,7,4
20260805_142359,43.13436,-70.926624,17,5,3
20260805_142359,43.13436,-70.926624,18,7,4
20260805_142400,43.13436,-70.926624,19,9,4
20260805_142400,43.13436,-70.926624,20,6,3
20260805_142401,43.13436,-70.926624,0,6,3
20260805_142401,43.13436,-70.926624,1,5,3
20260805_142402,43.13436,-70.926624,2,6,3
20260805_142402,43.13436,-70.926624,3,10,5
20260805_142403,43.13436,-70.926624,4,10,4
20260805_142403,43.13436,-70.926624,5,8,4
20260805_142404,43.13436,-70.926624,6,15,5
20260805_142404,43.13436,-70.926624,7,18,8
20260805_142405,43.13436,-70.926624,8,17,8
20260805_142406,43.13436,-70.926624,9,9,4
20260805_142406,43.13436,-70.926624,10,5,3
20260805_142407,43.13436,-70.926624,11,4,2
20260805_142407,43.13436,-70.926624,12,5,3
20260805_142408,43.13436,-70.926624,13,6,3
20260805_142408,43.13436,-70.926624,14,5,3
20260805_142409,43.13436,-70.926624,15,7,3
20260805_142409,43.13436,-70.926624,16,5,3
20260805_142410,43.13436,-70.926624,17,5,3
20260805_142410,43.13436,-70.926624,18,6,4
20260805_142411,43.13436,-70.926624,19,8,5
20260805_142411,43.13436,-70.926624,20,6,4
20260805_142412,43.13436,-70.926624,0,7,4
20260805_142412,43.13436,-70.926624,1,5,3
20260805_142413,43.13436,-70.926624,2,4,3
20260805_142413,43.13436,-70.926624,3,12,5
20260805_142414,43.13436,-70.926624,4,9,4
20260805_142414,43.13436,-70.926624,5,6,3
20260805_142415,43.13436,-70.926624,6,18,5
20260805_142415,43.13436,-70.926624,7,21,10
20260805_142416,43.13436,-70.926624,8,10,6
20260805_142416,43.13436,-70.926624,9,8,4
20260805_142417,43.13436,-70.926624,10,5,3
20260805_142417,43.13436,-70.926624,11,6,3
20260805_142418,43.13436,-70.926624,12,5,3
20260805_142418,43.13436,-70.926624,13,7,4
20260805_142419,43.13436,-70.926624,14,6,4
20260805_142419,43.13436,-70.926624,15,7,3
20260805_142420,43.13436,-70.926624,16,6,3
20260805_142420,43.13436,-70.926623,17,5,3
20260805_142421,43.13436,-70.926623,18,7,4
20260805_142421,43.13436,-70.926623,19,11,4
20260805_142422,43.13436,-70.926623,20,9,4
20260805_142422,43.13436,-70.926623,0,6,4
20260805_142423,43.13436,-70.926623,1,5,3
20260805_142423,43.134359,-70.926623,2,6,3
20260805_142424,43.134359,-70.926623,3,9,5
20260805_142424,43.134359,-70.926623,4,9,4
20260805_142425,43.134359,-70.926623,5,8,5
20260805_142425,43.134359,-70.926623,6,14,6
20260805_142426,43.134359,-70.926623,7,17,8
20260805_142426,43.134359,-70.926623,8,9,4
20260805_142427,43.134359,-70.926623,9,9,4
20260805_142427,43.134359,-70.926623,10,5,3
20260805_142428,43.134359,-70.926623,11,5,3
20260805_142428,43.134359,-70.926623,12,6,4
20260805_142429,43.134359,-70.926623,13,6,3
20260805_142429,43.134359,-70.926623,14,7,4
20260805_142430,43.134359,-70.926623,15,6,3
20260805_142430,43.134359,-70.926623,16,5,3
20260805_142431,43.134359,-70.926623,17,5,3
20260805_142431,43.134359,-70.926623,18,6,4
20260805_142432,43.134359,-70.926623,19,9,4
20260805_142432,43.134359,-70.926623,20,5,3
20260805_142433,43.134359,-70.926622,0,6,3
20260805_142433,43.134359,-70.926622,1,6,3
20260805_142434,43.134359,-70.926622,2,6,3
20260805_142434,43.134359,-70.926622,3,10,5
20260805_142435,43.134359,-70.926622,4,8,3
20260805_142435,43.134359,-70.926622,5,6,3
20260805_142436,43.134359,-70.926622,6,17,6
20260805_142436,43.134359,-70.926622,7,19,9
20260805_142437,43.134359,-70.926622,8,12,7
20260805_142437,43.134359,-70.926622,9,8,4
20260805_142438,43.134359,-70.926622,10,6,3
20260805_142438,43.134359,-70.926622,11,5,3
20260805_142439,43.134359,-70.926622,12,5,3
20260805_142439,43.134359,-70.926622,13,5,3
20260805_142440,43.134359,-70.926622,14,5,3
20260805_142440,43.134359,-70.926622,15,6,3
20260805_142441,43.134358,-70.926622,16,6,3
20260805_142441,43.134358,-70.926622,17,5,3
20260805_142442,43.134358,-70.926622,18,7,4
20260805_142442,43.134358,-70.926622,19,8,3
20260805_142443,43.134358,-70.926622,20,6,3
20260805_142443,43.134358,-70.926622,0,6,2
20260805_142444,43.134358,-70.926622,1,4,2
20260805_142444,43.134358,-70.926622,2,4,2
20260805_142445,43.134358,-70.926622,3,7,3
20260805_142445,43.134358,-70.926622,4,7,3
20260805_142446,43.134358,-70.926622,5,6,3
20260805_142446,43.134358,-70.926622,6,13,5
20260805_142447,43.134358,-70.926622,7,16,7
20260805_142447,43.134358,-70.926622,8,8,5
20260805_142448,43.134358,-70.926622,9,9,5
20260805_142449,43.134358,-70.926622,10,6,3
20260805_142449,43.134358,-70.926622,11,5,2
20260805_142450,43.134358,-70.926622,12,5,3
20260805_142450,43.134358,-70.926622,13,5,3
20260805_142451,43.134358,-70.926622,14,6,3
20260805_142451,43.134358,-70.926622,15,8,4
20260805_142452,43.134358,-70.926622,16,6,3
20260805_142452,43.134358,-70.926622,17,5,3
20260805_142453,43.134358,-70.926622,18,5,3
20260805_142453,43.134358,-70.926622,19,8,3
20260805_142454,43.134358,-70.926622,20,4,2
20260805_142454,43.134358,-70.926622,0,5,3
20260805_142455,43.134358,-70.926622,1,6,3
20260805_142455,43.134358,-70.926622,2,5,2
20260805_142456,43.134358,-70.926622,3,9,4
20260805_142456,43.134358,-70.926622,4,8,4
20260805_142457,43.134358,-70.926622,5,7,3
20260805_142457,43.134358,-70.926622,6,18,6
20260805_142458,43.134358,-70.926622,7,19,10
20260805_142458,43.134359,-70.926621,8,13,8
20260805_142459,43.134359,-70.926621,9,11,6
20260805_142459,43.134359,-70.926621,10,7,5
20260805_142500,43.134359,-70.926621,11,6,4
20260805_142500,43.134359,-70.926621,12,7,4
20260805_142501,43.134359,-70.926621,13,6,4
20260805_142501,43.134359,-70.926621,14,5,3
20260805_142502,43.134359,-70.926621,15,8,4
20260805_142502,43.134359,-70.926621,16,7,4
20260805_142503,43.134359,-70.926621,17,5,3
20260805_142503,43.134359,-70.926621,18,6,4
20260805_142504,43.134359,-70.926621,19,8,4
20260805_142504,43.134359,-70.926621,20,8,3
20260805_142505,43.134359,-70.926621,0,7,3
20260805_142505,43.134359,-70.926621,1,5,3
20260805_142506,43.134359,-70.926621,2,5,3
20260805_142506,43.134359,-70.926621,3,12,5
20260805_142507,43.134359,-70.926621,4,8,3
20260805_142507,43.134359,-70.926621,5,7,3
20260805_142508,43.134359,-70.926621,6,11,4
20260805_142508,43.134359,-70.926621,7,22,10
20260805_142509,43.134359,-70.926621,8,9,5
20260805_142509,43.134359,-70.926621,9,9,5
20260805_142510,43.134359,-70.926621,10,7,4
20260805_142510,43.134359,-70.926621,11,5,4
20260805_142511,43.134359,-70.926621,12,7,5
20260805_142511,43.134359,-70.926621,13,6,4
20260805_142512,43.134359,-70.926621,14,6,4
20260805_142512,43.134359,-70.92662,15,8,3
20260805_142513,43.134359,-70.92662,16,7,4
20260805_142513,43.134359,-70.92662,17,5,3
20260805_142514,43.134359,-70.92662,18,5,3
20260805_142514,43.134359,-70.92662,19,8,3
20260805_142515,43.134359,-70.92662,20,5,3
20260805_142515,43.134359,-70.92662,0,6,3
20260805_142516,43.134359,-70.92662,1,5,3
20260805_142516,43.134359,-70.92662,2,7,4
20260805_142517,43.134359,-70.92662,3,10,5
20260805_142517,43.134359,-70.92662,4,9,5
20260805_142518,43.134359,-70.92662,5,8,4
20260805_142518,43.134359,-70.92662,6,16,6
20260805_142519,43.134359,-70.92662,7,18,9
20260805_142519,43.134359,-70.92662,8,17,9
20260805_142520,43.134359,-70.92662,9,10,5
20260805_142520,43.134359,-70.92662,10,5,3
20260805_142521,43.134359,-70.92662,11,5,3
20260805_142521,43.134359,-70.92662,12,4,2
20260805_142522,43.134359,-70.92662,13,4,2
20260805_142522,43.134359,-70.92662,14,4,2
20260805_142523,43.134359,-70.92662,15,6,3
20260805_142523,43.134359,-70.92662,16,5,2
20260805_142524,43.134359,-70.92662,17,4,2
20260805_142524,43.134359,-70.92662,18,5,3
20260805_142525,43.134359,-70.92662,19,6,3
20260805_142525,43.134359,-70.92662,20,4,2
20260805_142526,43.134359,-70.92662,0,7,3
20260805_142526,43.134359,-70.92662,1,6,3
20260805_142527,43.134359,-70.92662,2,4,3
20260805_142527,43.134359,-70.92662,3,12,5
20260805_142528,43.134359,-70.92662,4,9,4
20260805_142528,43.134359,-70.92662,5,7,4
20260805_142529,43.134359,-70.92662,6,10,5
20260805_142529,43.134359,-70.92662,7,22,11
20260805_142530,43.13436,-70.92662,8,10,6
20260805_142530,43.13436,-70.92662,9,9,6
20260805_142531,43.13436,-70.92662,10,9,5
20260805_142532,43.13436,-70.92662,11,5,3
20260805_142532,43.13436,-70.92662,12,6,4
20260805_142533,43.13436,-70.92662,13,6,4
20260805_142533,43.13436,-70.92662,14,4,3
20260805_142534,43.13436,-70.92662,15,8,4
20260805_142534,43.13436,-70.92662,16,7,3
20260805_142535,43.13436,-70.92662,17,5,3
20260805_142535,43.13436,-70.92662,18,6,3
20260805_142536,43.13436,-70.92662,19,10,4
20260805_142536,43.13436,-70.92662,20,7,4
20260805_142537,43.13436,-70.92662,0,7,4
20260805_142537,43.13436,-70.92662,1,5,3
20260805_142538,43.13436,-70.92662,2,6,3
20260805_142538,43.13436,-70.92662,3,9,4
20260805_142539,43.13436,-70.92662,4,9,4
20260805_142539,43.13436,-70.92662,5,9,5
20260805_142540,43.13436,-70.92662,6,15,6
20260805_142540,43.13436,-70.92662,7,17,8
20260805_142541,43.13436,-70.92662,8,9,4
20260805_142541,43.13436,-70.92662,9,9,4
20260805_142542,43.13436,-70.92662,10,5,3
20260805_142542,43.13436,-70.92662,11,5,3
20260805_142543,43.13436,-70.92662,12,5,3
20260805_142543,43.13436,-70.92662,13,6,3
20260805_142544,43.13436,-70.92662,14,5,3
20260805_142544,43.13436,-70.92662,15,6,3
20260805_142545,43.13436,-70.92662,16,6,4
20260805_142545,43.13436,-70.92662,17,5,3
20260805_142546,43.13436,-70.92662,18,6,3
20260805_142546,43.13436,-70.92662,19,7,4
20260805_142547,43.13436,-70.92662,20,6,3
20260805_142547,43.13436,-70.92662,0,8,4
20260805_142548,43.13436,-70.92662,1,6,4
20260805_142548,43.13436,-70.92662,2,5,3
20260805_142549,43.13436,-70.92662,3,12,5
20260805_142549,43.13436,-70.92662,4,9,4
20260805_142550,43.13436,-70.92662,5,7,4
20260805_142550,43.13436,-70.92662,6,17,6
20260805_142551,43.13436,-70.92662,7,22,11
20260805_142551,43.13436,-70.92662,8,11,7
20260805_142552,43.13436,-70.92662,9,8,5
20260805_142552,43.13436,-70.92662,10,5,3
20260805_142553,43.13436,-70.92662,11,4,3
20260805_142553,43.13436,-70.92662,12,5,3
20260805_142554,43.13436,-70.92662,13,6,4
20260805_142554,43.13436,-70.926621,14,5,3
20260805_142555,43.13436,-70.926621,15,8,4
20260805_142555,43.13436,-70.92662,16,6,3
20260805_142556,43.134359,-70.92662,17,5,3
20260805_142556,43.134359,-70.92662,18,6,3
20260805_142557,43.134359,-70.92662,19,9,4
20260805_142557,43.134359,-70.92662,20,7,4
20260805_142558,43.134359,-70.92662,0,8,3
20260805_142558,43.134359,-70.92662,1,5,3
20260805_142559,43.134359,-70.92662,2,6,3
20260805_142559,43.134359,-70.92662,3,8,4
20260805_142600,43.134359,-70.92662,4,7,2
20260805_142600,43.134359,-70.92662,5,8,4
20260805_142601,43.134359,-70.92662,6,14,6
20260805_142601,43.134359,-70.92662,7,16,7
20260805_142602,43.134359,-70.92662,8,9,5
20260805_142602,43.134359,-70.92662,9,10,5
20260805_142603,43.134359,-70.92662,10,7,4
20260805_142603,43.134359,-70.92662,11,6,4
20260805_142604,43.134359,-70.92662,12,7,4
20260805_142604,43.134359,-70.92662,13,7,4
20260805_142605,43.134359,-70.92662,14,6,4
20260805_142605,43.134359,-70.92662,15,11,4
20260805_142606,43.134359,-70.92662,16,6,4
20260805_142606,43.134359,-70.92662,17,6,3
20260805_142607,43.134359,-70.92662,18,7,4
20260805_142607,43.134359,-70.92662,19,10,4
20260805_142608,43.134359,-70.92662,20,6,4
20260805_142608,43.134359,-70.92662,0,6,3
20260805_142609,43.134359,-70.92662,1,7,4
20260805_142609,43.134359,-70.92662,2,6,3
20260805_142610,43.134359,-70.92662,3,9,4
20260805_142610,43.134359,-70.92662,4,8,4
20260805_142611,43.134359,-70.92662,5,7,4
20260805_142611,43.134359,-70.92662,6,18,6
20260805_142612,43.134359,-70.92662,7,19,10
20260805_142612,43.134359,-70.92662,8,11,7
20260805_142613,43.134359,-70.92662,9,8,4
20260805_142614,43.134359,-70.92662,10,4,2
20260805_142614,43.134359,-70.92662,11,5,3
20260805_142615,43.134359,-70.92662,12,5,3
20260805_142615,43.13436,-70.92662,13,5,3
20260805_142616,43.13436,-70.92662,14,5,3
20260805_142616,43.13436,-70.92662,15,8,4
20260805_142617,43.13436,-70.92662,16,6,3
20260805_142617,43.13436,-70.92662,17,6,3
20260805_142618,43.13436,-70.92662,18,6,4
20260805_142618,43.13436,-70.92662,19,8,4
20260805_142619,43.13436,-70.92662,20,7,3
20260805_142619,43.13436,-70.92662,0,8,4
20260805_142620,43.13436,-70.92662,1,6,3
20260805_142620,43.13436,-70.92662,2,6,4
20260805_142621,43.13436,-70.92662,3,8,5
20260805_142621,43.13436,-70.92662,4,10,5
20260805_142622,43.13436,-70.92662,5,8,4
20260805_142622,43.13436,-70.92662,6,13,5
20260805_142623,43.13436,-70.92662,7,18,8
20260805_142623,43.13436,-70.92662,8,10,5
20260805_142624,43.13436,-70.92662,9,9,5
20260805_142624,43.13436,-70.92662,10,8,5
20260805_142625,43.13436,-70.92662,11,5,3
20260805_142625,43.13436,-70.92662,12,7,4
20260805_142626,43.13436,-70.92662,13,6,4
20260805_142626,43.13436,-70.92662,14,5,3
20260805_142627,43.13436,-70.92662,15,8,3
20260805_142627,43.13436,-70.92662,16,6,3
20260805_142628,43.13436,-70.92662,17,6,4
20260805_142628,43.13436,-70.92662,18,6,4
20260805_142629,43.13436,-70.92662,19,12,4
20260805_142629,43.13436,-70.92662,20,7,4
20260805_142630,43.13436,-70.92662,0,7,4
20260805_142630,43.13436,-70.92662,1,8,4
20260805_142631,43.13436,-70.92662,2,6,3
20260805_142631,43.13436,-70.92662,3,10,5
20260805_142632,43.13436,-70.92662,4,10,4
20260805_142632,43.13436,-70.92662,5,8,4
20260805_142633,43.13436,-70.92662,6,17,6
20260805_142633,43.13436,-70.926619,7,20,10
20260805_142634,43.13436,-70.926619,8,16,8
20260805_142634,43.13436,-70.926619,9,9,4
20260805_142635,43.13436,-70.926619,10,5,3
20260805_142635,43.13436,-70.926619,11,4,2
20260805_142636,43.13436,-70.926619,12,4,2
20260805_142636,43.13436,-70.926619,13,6,4
20260805_142637,43.13436,-70.926619,14,6,4
20260805_142637,43.134361,-70.926619,15,8,4
20260805_142638,43.134361,-70.926619,16,8,4
20260805_142638,43.134361,-70.926619,17,6,4
20260805_142639,43.134361,-70.926619,18,7,5
20260805_142639,43.134361,-70.926619,19,9,5
20260805_142640,43.134361,-70.926619,20,9,5
20260805_142640,43.134361,-70.926619,0,11,4
20260805_142641,43.134361,-70.926619,1,8,5
20260805_142641,43.134361,-70.926619,2,7,5
20260805_142642,43.134361,-70.926619,3,12,6
20260805_142642,43.134361,-70.926619,4,9,4
20260805_142643,43.134361,-70.926619,5,8,4
20260805_142643,43.134361,-70.926619,6,11,5
20260805_142644,43.134361,-70.926619,7,23,11
20260805_142644,43.134361,-70.926619,8,11,6
20260805_142645,43.134361,-70.926618,9,9,5
20260805_142645,43.134361,-70.926618,10,8,5
20260805_142646,43.134361,-70.926618,11,6,4
20260805_142646,43.134361,-70.926618,12,6,4
20260805_142647,43.134361,-70.926618,13,6,4
20260805_142647,43.134361,-70.926618,14,7,4
20260805_142648,43.134361,-70.926618,15,9,5
20260805_142648,43.134361,-70.926618,16,7,4
20260805_142649,43.134361,-70.926618,17,7,5
20260805_142649,43.134361,-70.926618,18,7,5
20260805_142650,43.134361,-70.926618,19,12,6
20260805_142650,43.134361,-70.926618,20,7,4
20260805_142651,43.134361,-70.926618,0,7,4
20260805_142651,43.134361,-70.926618,1,7,4
20260805_142652,43.134361,-70.926618,2,6,4
20260805_142652,43.134361,-70.926618,3,10,5
20260805_142653,43.134361,-70.926618,4,10,5
20260805_142653,43.134361,-70.926618,5,8,5
20260805_142654,43.134361,-70.926618,6,17,6
20260805_142654,43.134361,-70.926618,7,18,9
20260805_142655,43.134361,-70.926618,8,17,9
20260805_142655,43.134361,-70.926618,9,9,4
20260805_142656,43.134361,-70.926618,10,6,4
20260805_142656,43.134361,-70.926618,11,5,4
20260805_142657,43.134361,-70.926617,12,5,3
20260805_142658,43.134361,-70.926617,13,6,3
20260805_142658,43.134361,-70.926617,14,5,3
20260805_142659,43.134361,-70.926617,15,7,4
20260805_142659,43.134361,-70.926617,16,7,4
20260805_142700,43.134361,-70.926617,17,6,4
20260805_142700,43.134361,-70.926617,18,6,4
20260805_142701,43.134361,-70.926617,19,8,4
20260805_142701,43.134361,-70.926617,20,6,3
20260805_142702,43.134361,-70.926617,0,8,4
20260805_142702,43.134361,-70.926617,1,6,3
20260805_142703,43.134361,-70.926617,2,4,3
20260805_142703,43.134361,-70.926617,3,11,5
20260805_142704,43.134361,-70.926617,4,9,5
20260805_142704,43.134361,-70.926617,5,7,4
20260805_142705,43.134361,-70.926617,6,9,4
20260805_142705,43.134361,-70.926617,7,22,10
20260805_142706,43.134361,-70.926617,8,9,5
20260805_142706,43.134361,-70.926617,9,7,4
20260805_142707,43.134361,-70.926617,10,3,1
20260805_142707,43.134361,-70.926617,11,3,1
20260805_142708,43.134361,-70.926617,12,4,2
20260805_142708,43.134361,-70.926617,13,4,2
20260805_142709,43.134361,-70.926617,14,4,2
20260805_142709,43.134361,-70.926616,15,7,3
20260805_142710,43.134361,-70.926616,16,6,3
20260805_142710,43.134361,-70.926616,17,5,3
20260805_142711,43.134361,-70.926616,18,6,3
20260805_142711,43.134361,-70.926616,19,8,3
20260805_142712,43.134361,-70.926616,20,6,3
20260805_142712,43.134361,-70.926616,0,6,3
20260805_142713,43.134361,-70.926616,1,5,3
20260805_142713,43.134361,-70.926616,2,5,3
20260805_142714,43.134361,-70.926616,3,8,4
20260805_142714,43.13436,-70.926616,4,9,2
20260805_142715,43.13436,-70.926616,5,7,3
20260805_142715,43.13436,-70.926616,6,14,5
20260805_142716,43.13436,-70.926616,7,17,8
20260805_142716,43.13436,-70.926616,8,8,4
20260805_142717,43.13436,-70.926616,9,9,4
20260805_142717,43.13436,-70.926616,10,6,3
20260805_142718,43.13436,-70.926616,11,4,2
20260805_142718,43.13436,-70.926616,12,5,3
20260805_142719,43.13436,-70.926616,13,6,3
20260805_142719,43.13436,-70.926616,14,5,3
20260805_142720,43.13436,-70.926616,15,5,3
20260805_142720,43.13436,-70.926616,16,6,4
20260805_142721,43.13436,-70.926616,17,5,3
20260805_142721,43.13436,-70.926616,18,5,3
20260805_142722,43.13436,-70.926616,19,6,3
20260805_142722,43.13436,-70.926616,20,5,3
20260805_142723,43.13436,-70.926616,0,8,4
20260805_142723,43.13436,-70.926616,1,7,4
20260805_142724,43.13436,-70.926616,2,7,4
20260805_142724,43.13436,-70.926616,3,11,6
20260805_142725,43.13436,-70.926616,4,9,5
20260805_142725,43.13436,-70.926616,5,8,4
20260805_142726,43.13436,-70.926616,6,17,6
20260805_142726,43.13436,-70.926616,7,23,10
20260805_142727,43.13436,-70.926616,8,12,7
20260805_142727,43.13436,-70.926616,9,9,5
20260805_142728,43.13436,-70.926616,10,6,4
20260805_142728,43.13436,-70.926616,11,5,3
20260805_142729,43.13436,-70.926616,12,6,3
20260805_142729,43.13436,-70.926616,13,6,4
20260805_142730,43.13436,-70.926616,14,6,4
20260805_142730,43.13436,-70.926616,15,8,4
20260805_142731,43.13436,-70.926616,16,7,4
20260805_142731,43.13436,-70.926616,17,6,4
20260805_142732,43.13436,-70.926616,18,7,4
20260805_142732,43.13436,-70.926616,19,10,5
20260805_142733,43.13436,-70.926616,20,8,4
20260805_142733,43.13436,-70.926616,0,8,4
20260805_142734,43.13436,-70.926617,1,6,4
20260805_142734,43.13436,-70.926617,2,7,4
20260805_142735,43.13436,-70.926617,3,9,5
20260805_142735,43.13436,-70.926617,4,9,4
20260805_142736,43.13436,-70.926617,5,8,5
20260805_142736,43.13436,-70.926617,6,12,5
20260805_142737,43.13436,-70.926617,7,17,8
20260805_142737,43.13436,-70.926617,8,10,6
20260805_142738,43.13436,-70.926617,9,10,6
20260805_142739,43.13436,-70.926617,10,8,5
20260805_142739,43.13436,-70.926617,11,8,5
20260805_142740,43.13436,-70.926617,12,8,5
20260805_142740,43.13436,-70.926617,13,7,5
20260805_142741,43.13436,-70.926617,14,6,4
20260805_142741,43.13436,-70.926617,15,8,4
20260805_142742,43.13436,-70.926617,16,6,3
20260805_142742,43.13436,-70.926617,17,6,3
20260805_142743,43.13436,-70.926617,18,5,3
20260805_142743,43.13436,-70.926617,19,10,3
20260805_142744,43.13436,-70.926617,20,5,3
20260805_142744,43.13436,-70.926617,0,6,3
20260805_142745,43.13436,-70.926617,1,7,3
20260805_142745,43.13436,-70.926617,2,5,3
20260805_142746,43.13436,-70.926617,3,9,4
20260805_142746,43.13436,-70.926617,4,8,4
20260805_142747,43.13436,-70.926617,5,7,3
20260805_142747,43.13436,-70.926617,6,18,6
20260805_142748,43.13436,-70.926617,7,19,10
20260805_142748,43.13436,-70.926617,8,15,8
20260805_142749,43.13436,-70.926617,9,10,5
20260805_142749,43.13436,-70.926617,10,6,3
20260805_142750,43.13436,-70.926617,11,5,3
20260805_142750,43.13436,-70.926617,12,6,3
20260805_142751,43.13436,-70.926617,13,5,3
20260805_142751,43.13436,-70.926617,14,5,3
20260805_142752,43.13436,-70.926617,15,6,3
20260805_142752,43.13436,-70.926617,16,6,3
20260805_142753,43.13436,-70.926617,17,5,4
20260805_142753,43.134359,-70.926617,18,6,4
20260805_142754,43.134359,-70.926617,19,8,4
20260805_142754,43.134359,-70.926617,20,9,4
20260805_142755,43.134359,-70.926617,0,8,4
20260805_142755,43.134359,-70.926617,1,6,3
20260805_142756,43.134359,-70.926617,2,6,4
20260805_142756,43.13436,-70.926617,3,11,5
20260805_142757,43.13436,-70.926617,4,7,3
20260805_142757,43.13436,-70.926617,5,6,3
20260805_142758,43.13436,-70.926617,6,11,5
20260805_142758,43.13436,-70.926617,7,21,10
20260805_142759,43.13436,-70.926617,8,8,5
20260805_142759,43.13436,-70.926617,9,8,4
20260805_142800,43.13436,-70.926617,10,7,4
20260805_142800,43.13436,-70.926618,11,5,3
20260805_142801,43.13436,-70.926618,12,6,3
20260805_142801,43.13436,-70.926618,13,5,3
20260805_142802,43.13436,-70.926618,14,6,3
20260805_142802,43.13436,-70.926618,15,8,4
20260805_142803,43.13436,-70.926618,16,7,4
20260805_142803,43.13436,-70.926618,17,5,3
20260805_142804,43.13436,-70.926618,18,6,3
20260805_142804,43.13436,-70.926618,19,9,4
20260805_142805,43.13436,-70.926617,20,6,4
20260805_142805,43.13436,-70.926617,0,6,3
20260805_142806,43.13436,-70.926617,1,4,2
20260805_142806,43.13436,-70.926617,2,6,3
20260805_142807,43.13436,-70.926617,3,10,5
20260805_142807,43.13436,-70.926617,4,9,4
20260805_142808,43.13436,-70.926618,5,8,4
20260805_142808,43.13436,-70.926618,6,15,5
20260805_142809,43.13436,-70.926617,7,17,8
20260805_142809,43.13436,-70.926617,8,16,9
20260805_142810,43.13436,-70.926617,9,10,5
20260805_142810,43.13436,-70.926617,10,5,3
20260805_142811,43.134361,-70.926617,11,5,3
20260805_142811,43.134361,-70.926617,12,4,3
20260805_142812,43.134361,-70.926617,13,4,2
20260805_142812,43.134361,-70.926617,14,4,2
20260805_142813,43.134361,-70.926617,15,6,2
20260805_142813,43.134361,-70.926617,16,5,2
20260805_142814,43.134361,-70.926617,17,4,2
20260805_142814,43.134361,-70.926617,18,5,3
20260805_142815,43.134361,-70.926617,19,6,3
20260805_142815,43.134361,-70.926617,20,6,4
20260805_142816,43.134361,-70.926617,0,8,3
20260805_142816,43.134361,-70.926617,1,6,3
20260805_142817,43.134361,-70.926617,2,5,3
20260805_142817,43.134361,-70.926617,3,11,5
20260805_142818,43.134361,-70.926617,4,7,3
20260805_142818,43.134361,-70.926617,5,7,4
20260805_142819,43.134361,-70.926617,6,9,4
20260805_142819,43.134361,-70.926617,7,22,10
20260805_142820,43.134361,-70.926617,8,9,5
20260805_142821,43.134361,-70.926617,9,8,4
20260805_142821,43.134361,-70.926617,10,4,3
20260805_142822,43.134361,-70.926617,11,5,3
20260805_142822,43.134361,-70.926617,12,6,3
20260805_142823,43.134361,-70.926617,13,5,3
20260805_142823,43.134361,-70.926617,14,5,3
20260805_142824,43.134361,-70.926617,15,7,3
20260805_142824,43.134362,-70.926618,16,7,3
20260805_142825,43.134362,-70.926618,17,5,3
20260805_142825,43.134362,-70.926618,18,6,4
20260805_142826,43.134362,-70.926618,19,8,3
20260805_142826,43.134362,-70.926618,20,6,3
20260805_142827,43.134362,-70.926618,0,4,2
20260805_142827,43.134362,-70.926618,1,3,2
20260805_142828,43.134362,-70.926618,2,5,2
20260805_142828,43.134362,-70.926618,3,7,3
20260805_142829,43.134362,-70.926618,4,10,4
20260805_142829,43.134362,-70.926618,5,7,3
20260805_142830,43.134362,-70.926618,6,13,4
20260805_142830,43.134362,-70.926618,7,18,8
20260805_142831,43.134362,-70.926618,8,9,4
20260805_142831,43.134362,-70.926618,9,9,4
20260805_142832,43.134362,-70.926618,10,6,3
20260805_142832,43.134362,-70.926618,11,4,2
20260805_142833,43.134362,-70.926618,12,4,2
20260805_142833,43.134362,-70.926618,13,4,2
20260805_142834,43.134362,-70.926618,14,4,2
20260805_142834,43.134362,-70.926618,15,4,1
20260805_142835,43.134362,-70.926618,16,4,2
20260805_142835,43.134362,-70.926618,17,3,2
20260805_142836,43.134362,-70.926618,18,4,2
20260805_142836,43.134362,-70.926618,19,4,2
20260805_142837,43.134362,-70.926618,20,3,2
20260805_142837,43.134362,-70.926618,0,6,3
20260805_142838,43.134362,-70.926618,1,5,3
20260805_142838,43.134362,-70.926618,2,7,4
20260805_142839,43.134362,-70.926618,3,12,5
20260805_142839,43.134362,-70.926618,4,8,4
20260805_142840,43.134362,-70.926618,5,7,3
20260805_142840,43.134362,-70.926618,6,18,5
20260805_142841,43.134362,-70.926618,7,21,9
20260805_142841,43.134362,-70.926619,8,10,6
20260805_142842,43.134362,-70.926619,9,7,3
20260805_142842,43.134362,-70.926619,10,6,4
20260805_142843,43.134362,-70.926619,11,5,3
20260805_142843,43.134362,-70.926619,12,5,3
20260805_142844,43.134362,-70.926619,13,5,3
20260805_142844,43.134362,-70.926619,14,6,3
20260805_142845,43.134362,-70.926619,15,7,4
20260805_142845,43.134362,-70.926619,16,7,4
20260805_142846,43.134362,-70.926619,17,5,3
20260805_142846,43.134362,-70.926619,18,6,3
20260805_142847,43.134362,-70.926619,19,9,3
20260805_142847,43.134362,-70.926619,20,8,3
20260805_142848,43.134362,-70.926619,0,8,3
20260805_142848,43.134362,-70.926619,1,5,3
20260805_142849,43.134362,-70.926619,2,5,3
20260805_142849,43.134362,-70.926619,3,8,4
20260805_142850,43.134362,-70.926619,4,8,3
20260805_142850,43.134362,-70.926619,5,7,3
20260805_142851,43.134362,-70.926619,6,11,4
20260805_142851,43.134362,-70.926619,7,16,7
20260805_142852,43.134362,-70.92662,8,9,4
20260805_142852,43.134362,-70.92662,9,9,4
20260805_142853,43.134362,-70.92662,10,6,3
20260805_142853,43.134362,-70.92662,11,5,3
20260805_142854,43.134362,-70.92662,12,6,4
20260805_142854,43.134362,-70.92662,13,6,3
20260805_142855,43.134362,-70.92662,14,6,4
20260805_142855,43.134362,-70.92662,15,8,3
20260805_142856,43.134362,-70.92662,16,6,3
20260805_142856,43.134362,-70.92662,17,5,3
20260805_142857,43.134362,-70.92662,18,6,4
20260805_142857,43.134362,-70.92662,19,10,4
20260805_142858,43.134362,-70.92662,20,5,3
20260805_142858,43.134362,-70.92662,0,5,3
20260805_142859,43.134362,-70.92662,1,7,3
20260805_142859,43.134362,-70.92662,2,7,4
20260805_142900,43.134362,-70.92662,3,11,6
20260805_142900,43.134362,-70.92662,4,9,4
20260805_142901,43.134362,-70.92662,5,6,3
20260805_142901,43.134362,-70.92662,6,19,6
20260805_142902,43.134362,-70.92662,7,20,10
20260805_142903,43.134362,-70.92662,8,12,7
20260805_142903,43.134362,-70.92662,9,9,5
20260805_142904,43.134362,-70.92662,10,6,4
20260805_142904,43.134362,-70.92662,11,5,3
20260805_142905,43.134362,-70.92662,12,5,3
20260805_142905,43.134362,-70.92662,13,7,4
20260805_142906,43.134362,-70.92662,14,7,4
20260805_142906,43.134361,-70.92662,15,7,4
20260805_142907,43.134361,-70.92662,16,7,4
20260805_142907,43.134361,-70.92662,17,7,4
20260805_142908,43.134361,-70.92662,18,7,5
20260805_142908,43.134361,-70.92662,19,9,4
20260805_142909,43.134361,-70.92662,20,9,4
20260805_142909,43.134361,-70.92662,0,8,4
20260805_142910,43.134361,-70.92662,1,5,3
20260805_142910,43.134361,-70.92662,2,5,3
20260805_142911,43.134361,-70.92662,3,7,4
20260805_142911,43.134361,-70.92662,4,9,4
20260805_142912,43.134361,-70.92662,5,8,4
20260805_142912,43.134361,-70.92662,6,12,5
20260805_142913,43.134361,-70.92662,7,22,10
20260805_142913,43.134361,-70.92662,8,8,4
20260805_142914,43.134361,-70.92662,9,8,3
20260805_142914,43.134362,-70.92662,10,8,3
20260805_142915,43.134362,-70.92662,11,4,3
20260805_142915,43.134362,-70.92662,12,5,3
20260805_142916,43.134362,-70.92662,13,6,3
20260805_142916,43.134362,-70.92662,14,4,2
20260805_142917,43.134362,-70.92662,15,6,2
20260805_142917,43.134362,-70.92662,16,5,2
20260805_142918,43.134362,-70.92662,17,5,3
20260805_142918,43.134362,-70.92662,18,5,3
20260805_142919,43.134362,-70.92662,19,8,3
20260805_142919,43.134362,-70.92662,20,6,3
20260805_142920,43.134362,-70.92662,0,6,3
20260805_142920,43.134362,-70.92662,1,7,3
20260805_142921,43.134362,-70.92662,2,6,3
20260805_142921,43.134362,-70.926619,3,9,5
20260805_142922,43.134362,-70.926619,4,9,4
20260805_142922,43.134362,-70.926619,5,8,4
20260805_142923,43.134362,-70.926619,6,17,6
20260805_142923,43.134362,-70.926619,7,19,10
20260805_142924,43.134362,-70.926619,8,15,8
20260805_142924,43.134362,-70.926619,9,10,5
20260805_142925,43.134362,-70.926619,10,7,4
20260805_142925,43.134362,-70.926619,11,5,4
20260805_142926,43.134362,-70.926619,12,6,4
20260805_142926,43.134362,-70.926619,13,6,4
20260805_142927,43.134362,-70.926619,14,5,3
20260805_142927,43.134362,-70.926619,15,5,3
20260805_142928,43.134362,-70.926619,16,6,3
20260805_142928,43.134362,-70.926619,17,6,4
20260805_142929,43.134362,-70.926619,18,6,4
20260805_142929,43.134362,-70.926619,19,7,4
20260805_142930,43.134362,-70.926619,20,7,4
20260805_142930,43.134362,-70.926619,0,9,5
20260805_142931,43.134362,-70.926619,1,7,4
20260805_142931,43.134362,-70.926619,2,6,4
20260805_142932,43.134362,-70.926619,3,12,6
20260805_142932,43.134362,-70.926619,4,10,5
20260805_142933,43.134362,-70.926619,5,8,5
20260805_142933,43.134362,-70.926619,6,10,5
20260805_142934,43.134362,-70.926619,7,23,11
20260805_142934,43.134362,-70.926619,8,12,7
20260805_142935,43.134362,-70.926619,9,8,5
20260805_142935,43.134362,-70.926619,10,9,4
20260805_142936,43.134362,-70.926619,11,6,3
20260805_142936,43.134362,-70.926619,12,6,4
20260805_142937,43.134362,-70.926619,13,5,3
20260805_142937,43.134362,-70.926619,14,5,3
20260805_142938,43.134362,-70.926619,15,9,4
20260805_142938,43.134362,-70.926619,16,6,4
20260805_142939,43.134362,-70.926619,17,6,3
20260805_142939,43.134362,-70.926619,18,7,4
20260805_142940,43.134362,-70.926619,19,9,4
20260805_142940,43.134362,-70.926619,20,6,3
20260805_142941,43.134362,-70.926619,0,6,3
20260805_142941,43.134362,-70.926619,1,7,4
20260805_142942,43.134362,-70.926619,2,7,4
20260805_142942,43.134362,-70.926619,3,9,4
20260805_142943,43.134362,-70.926619,4,10,5
20260805_142943,43.134362,-70.926619,5,8,4
20260805_142944,43.134363,-70.926619,6,16,6
20260805_142945,43.134363,-70.926619,7,18,8
20260805_142945,43.134363,-70.926619,8,16,8
20260805_142946,43.134363,-70.926619,9,9,4
20260805_142946,43.134363,-70.926619,10,5,3
20260805_142947,43.134363,-70.926619,11,5,3
20260805_142947,43.134363,-70.926619,12,6,3
20260805_142948,43.134363,-70.926619,13,5,3
20260805_142948,43.134363,-70.926619,14,5,3
20260805_142949,43.134363,-70.926619,15,6,3
20260805_142949,43.134363,-70.926619,16,6,3
20260805_142950,43.134363,-70.926619,17,5,3
20260805_142950,43.134362,-70.926619,18,6,3
20260805_142951,43.134362,-70.926619,19,7,4
20260805_142951,43.134362,-70.926619,20,7,4
20260805_142952,43.134362,-70.926619,0,8,4
20260805_142952,43.134362,-70.926619,1,6,3
20260805_142953,43.134362,-70.926619,2,5,3
20260805_142953,43.134362,-70.926619,3,11,5
20260805_142954,43.134362,-70.926619,4,8,4
20260805_142954,43.134362,-70.926619,5,7,4
20260805_142955,43.134362,-70.926619,6,18,6
20260805_142955,43.134362,-70.926619,7,23,10
20260805_142956,43.134362,-70.926619,8,10,6
20260805_142956,43.134362,-70.926619,9,7,4
20260805_142957,43.134362,-70.926619,10,5,3
20260805_142957,43.134362,-70.926618,11,4,2
20260805_142958,43.134362,-70.926618,12,5,3
20260805_142958,43.134362,-70.926618,13,4,2
20260805_142959,43.134362,-70.926618,14,4,2
20260805_142959,43.134362,-70.926618,15,5,2
20260805_143000,43.134362,-70.926618,16,5,2
20260805_143000,43.134362,-70.926618,17,4,2
20260805_143001,43.134362,-70.926618,18,4,2
20260805_143001,43.134362,-70.926618,19,6,3
20260805_143002,43.134362,-70.926618,20,6,3
20260805_143002,43.134362,-70.926618,0,7,2
20260805_143003,43.134362,-70.926618,1,5,3
20260805_143003,43.134362,-70.926618,2,5,2
20260805_143004,43.134362,-70.926618,3,8,4
20260805_143004,43.134362,-70.926618,4,8,2
20260805_143005,43.134362,-70.926618,5,6,3
20260805_143005,43.134363,-70.926618,6,12,4
20260805_143006,43.134363,-70.926618,7,17,7
20260805_143006,43.134363,-70.926618,8,8,3
20260805_143007,43.134363,-70.926618,9,8,4
20260805_143007,43.134363,-70.926618,10,6,3
20260805_143008,43.134363,-70.926618,11,3,2
20260805_143008,43.134363,-70.926618,12,4,2
20260805_143009,43.134363,-70.926618,13,4,2
20260805_143009,43.134363,-70.926618,14,4,2
20260805_143010,43.134363,-70.926618,15,4,2
20260805_143010,43.134363,-70.926618,16,5,3
20260805_143011,43.134363,-70.926618,17,4,2
20260805_143011,43.134363,-70.926618,18,5,3
20260805_143012,43.134363,-70.926618,19,9,3
20260805_143012,43.134363,-70.926618,20,5,3
20260805_143013,43.134363,-70.926618,0,6,3
20260805_143013,43.134363,-70.926618,1,5,2
20260805_143014,43.134363,-70.926618,2,6,3
20260805_143014,43.134363,-70.926618,3,10,4
20260805_143015,43.134363,-70.926618,4,6,2
20260805_143015,43.134363,-70.926618,5,6,2
20260805_143016,43.134363,-70.926618,6,17,4
20260805_143016,43.134363,-70.926618,7,20,8
20260805_143017,43.134363,-70.926618,8,11,6
20260805_143017,43.134363,-70.926618,9,8,4
20260805_143018,43.134363,-70.926618,10,5,2
20260805_143018,43.134363,-70.926618,11,4,2
20260805_143019,43.134364,-70.926618,12,4,2
20260805_143019,43.134364,-70.926618,13,5,3
20260805_143020,43.134364,-70.926618,14,4,2
20260805_143020,43.134364,-70.926618,15,7,3
20260805_143021,43.134364,-70.926618,16,7,4
20260805_143021,43.134364,-70.926618,17,5,3
20260805_143022,43.134364,-70.926618,18,6,4
20260805_143022,43.134364,-70.926618,19,8,4
20260805_143023,43.134364,-70.926618,20,8,4
20260805_143023,43.134364,-70.926618,0,7,3
20260805_143024,43.134364,-70.926618,1,4,2
20260805_143024,43.134364,-70.926618,2,4,2
20260805_143025,43.134364,-70.926618,3,7,4
20260805_143025,43.134364,-70.926618,4,8,3
20260805_143026,43.134364,-70.926619,5,7,4
20260805_143027,43.134364,-70.926619,6,13,5
20260805_143027,43.134364,-70.926619,7,23,11
20260805_143028,43.134364,-70.926619,8,8,5
20260805_143028,43.134364,-70.926619,9,9,5
20260805_143029,43.134364,-70.926619,10,7,4
20260805_143029,43.134364,-70.926619,11,5,3
20260805_143030,43.134364,-70.926619,12,6,4
20260805_143030,43.134364,-70.926619,13,6,3
20260805_143031,43.134364,-70.926619,14,6,3
20260805_143031,43.134364,-70.926619,15,9,4
20260805_143032,43.134364,-70.926619,16,6,4
20260805_143032,43.134365,-70.926619,17,6,4
20260805_143033,43.134365,-70.926619,18,7,4
20260805_143033,43.134365,-70.926619,19,9,4
20260805_143034,43.134365,-70.926619,20,6,4
20260805_143034,43.134365,-70.926619,0,6,4
20260805_143035,43.134365,-70.926619,1,7,4
20260805_143035,43.134365,-70.92662,2,7,4
20260805_143036,43.134365,-70.92662,3,10,5
20260805_143036,43.134365,-70.92662,4,8,4
20260805_143037,43.134365,-70.92662,5,8,4
20260805_143037,43.134365,-70.92662,6,17,6
20260805_143038,43.134365,-70.92662,7,17,9
20260805_143038,43.134365,-70.92662,8,14,8
20260805_143039,43.134365,-70.92662,9,11,5
20260805_143039,43.134365,-70.92662,10,6,4
20260805_143040,43.134365,-70.92662,11,6,3
20260805_143040,43.134365,-70.92662,12,5,3
20260805_143041,43.134365,-70.92662,13,7,4
20260805_143041,43.134365,-70.92662,14,6,4
20260805_143042,43.134365,-70.92662,15,7,4
20260805_143042,43.134365,-70.92662,16,7,4
20260805_143043,43.134365,-70.92662,17,5,3
20260805_143043,43.134365,-70.92662,18,7,4
20260805_143044,43.134365,-70.92662,19,9,4
20260805_143044,43.134365,-70.92662,20,4,2
20260805_143045,43.134365,-70.92662,0,7,3
20260805_143045,43.134365,-70.92662,1,5,3
20260805_143046,43.134365,-70.92662,2,5,3
20260805_143046,43.134365,-70.92662,3,11,5
20260805_143047,43.134365,-70.92662,4,8,3
20260805_143047,43.134365,-70.926621,5,8,5
20260805_143048,43.134365,-70.926621,6,10,5
20260805_143048,43.134365,-70.926621,7,21,10
20260805_143049,43.134365,-70.926621,8,9,5
20260805_143049,43.134365,-70.926621,9,8,4
20260805_143050,43.134365,-70.926621,10,7,4
20260805_143050,43.134365,-70.926621,11,4,3
20260805_143051,43.134365,-70.926621,12,5,3
20260805_143051,43.134365,-70.926621,13,5,3
20260805_143052,43.134365,-70.926621,14,4,2
20260805_143052,43.134365,-70.926621,15,7,3
20260805_143053,43.134365,-70.926621,16,5,3
20260805_143053,43.134365,-70.926621,17,5,3
20260805_143054,43.134365,-70.926622,18,6,4
20260805_143054,43.134365,-70.926622,19,9,4
20260805_143055,43.134365,-70.926622,20,6,3
20260805_143055,43.134365,-70.926622,0,5,3
20260805_143056,43.134365,-70.926622,1,5,2
20260805_143056,43.134365,-70.926622,2,6,3
20260805_143057,43.134365,-70.926622,3,8,4
20260805_143057,43.134365,-70.926622,4,10,4
20260805_143058,43.134365,-70.926622,5,6,3
20260805_143058,43.134365,-70.926622,6,14,4
20260805_143059,43.134365,-70.926622,7,17,8
20260805_143059,43.134365,-70.926622,8,17,8
20260805_143100,43.134365,-70.926623,9,10,5
20260805_143100,43.134365,-70.926623,10,6,4
20260805_143101,43.134365,-70.926623,11,5,3
20260805_143101,43.134365,-70.926623,12,6,4
20260805_143102,43.134365,-70.926623,13,6,3
20260805_143102,43.134365,-70.926623,14,5,2
20260805_143103,43.134365,-70.926623,15,5,2
20260805_143103,43.134365,-70.926623,16,6,3
20260805_143104,43.134365,-70.926624,17,5,3
20260805_143104,43.134365,-70.926624,18,5,3
20260805_143105,43.134365,-70.926624,19,7,3
20260805_143105,43.134365,-70.926624,20,5,3
20260805_143106,43.134365,-70.926624,0,7,3
20260805_143106,43.134365,-70.926624,1,5,2
20260805_143107,43.134365,-70.926624,2,5,3
20260805_143108,43.134365,-70.926624,3,11,5
20260805_143108,43.134365,-70.926624,4,8,4
20260805_143109,43.134365,-70.926624,5,7,3
20260805_143109,43.134365,-70.926624,6,18,5
20260805_143110,43.134365,-70.926624,7,22,10
20260805_143110,43.134365,-70.926624,8,9,5
20260805_143111,43.134365,-70.926624,9,6,3
20260805_143111,43.134365,-70.926624,10,7,4
20260805_143112,43.134365,-70.926624,11,6,4
20260805_143112,43.134365,-70.926624,12,6,3
20260805_143113,43.134365,-70.926624,13,6,3
20260805_143113,43.134365,-70.926625,14,5,3
20260805_143114,43.134365,-70.926625,15,7,3
20260805_143114,43.134365,-70.926625,16,6,3
20260805_143115,43.134365,-70.926625,17,6,3
20260805_143115,43.134365,-70.926625,18,6,3
20260805_143116,43.134365,-70.926625,19,8,3
20260805_143116,43.134365,-70.926625,20,6,3
20260805_143117,43.134365,-70.926625,0,7,3
20260805_143117,43.134365,-70.926625,1,5,3
20260805_143118,43.134365,-70.926625,2,5,3
20260805_143118,43.134365,-70.926625,3,7,4
20260805_143119,43.134365,-70.926625,4,8,3
20260805_143119,43.134365,-70.926625,5,7,4
20260805_143120,43.134365,-70.926625,6,14,5
20260805_143120,43.134365,-70.926625,7,16,8
20260805_143121,43.134365,-70.926625,8,9,4
20260805_143121,43.134365,-70.926626,9,9,5
20260805_143122,43.134365,-70.926626,10,7,4
20260805_143122,43.134365,-70.926626,11,5,3
20260805_143123,43.134365,-70.926626,12,7,4
20260805_143123,43.134366,-70.926626,13,7,4
20260805_143124,43.134366,-70.926626,14,5,3
20260805_143124,43.134366,-70.926626,15,7,4
20260805_143125,43.134366,-70.926626,16,7,4
20260805_143125,43.134366,-70.926626,17,6,4
20260805_143126,43.134366,-70.926626,18,5,3
20260805_143126,43.134366,-70.926626,19,9,4
20260805_143127,43.134366,-70.926626,20,6,4
20260805_143127,43.134366,-70.926626,0,8,4
20260805_143128,43.134366,-70.926626,1,8,4
20260805_143128,43.134366,-70.926626,2,5,2
20260805_143129,43.134366,-70.926626,3,11,5
20260805_143129,43.134366,-70.926626,4,8,4
20260805_143130,43.134366,-70.926626,5,8,3
20260805_143130,43.134366,-70.926626,6,17,5
20260805_143131,43.134366,-70.926626,7,19,9
20260805_143131,43.134366,-70.926626,8,12,7
20260805_143132,43.134366,-70.926626,9,7,4
20260805_143132,43.134366,-70.926626,10,5,3
20260805_143133,43.134366,-70.926626,11,4,3
20260805_143133,43.134366,-70.926626,12,6,3
20260805_143134,43.134366,-70.926626,13,5,3
20260805_143134,43.134366,-70.926626,14,4,2
20260805_143135,43.134366,-70.926626,15,6,3
20260805_143135,43.134366,-70.926626,16,6,3
20260805_143136,43.134367,-70.926626,17,4,2
20260805_143136,43.134367,-70.926626,18,5,3
20260805_143137,43.134367,-70.926626,19,7,3
20260805_143137,43.134367,-70.926626,20,6,3
20260805_143138,43.134367,-70.926626,0,6,2
20260805_143138,43.134367,-70.926626,1,4,2
20260805_143139,43.134367,-70.926626,2,4,3
20260805_143139,43.134367,-70.926626,3,7,4
20260805_143140,43.134367,-70.926626,4,7,2
20260805_143140,43.134367,-70.926626,5,6,3
20260805_143141,43.134367,-70.926626,6,12,4
20260805_143141,43.134367,-70.926626,7,16,7
20260805_143142,43.134367,-70.926626,8,9,4
20260805_143142,43.134367,-70.926626,9,9,4
20260805_143143,43.134367,-70.926626,10,7,4
20260805_143143,43.134367,-70.926626,11,6,3
20260805_143144,43.134367,-70.926626,12,5,3
20260805_143144,43.134367,-70.926626,13,5,3
20260805_143145,43.134367,-70.926626,14,4,3
20260805_143145,43.134367,-70.926626,15,8,4
20260805_143146,43.134367,-70.926626,16,5,3
20260805_143146,43.134367,-70.926626,17,5,3
20260805_143147,43.134367,-70.926626,18,5,3
20260805_143147,43.134367,-70.926626,19,7,2
20260805_143148,43.134368,-70.926626,20,4,2
20260805_143148,43.134368,-70.926626,0,5,3
20260805_143149,43.134368,-70.926626,1,6,3
20260805_143149,43.134368,-70.926626,2,6,3
20260805_143150,43.134368,-70.926626,3,10,4
20260805_143151,43.134368,-70.926626,4,9,4
20260805_143151,43.134368,-70.926626,5,6,3
20260805_143152,43.134368,-70.926626,6,18,5
20260805_143152,43.134368,-70.926626,7,17,9
20260805_143153,43.134368,-70.926626,8,12,6
20260805_143153,43.134368,-70.926626,9,8,3
20260805_143154,43.134368,-70.926626,10,4,2
20260805_143154,43.134368,-70.926626,11,3,2
20260805_143155,43.134368,-70.926626,12,4,3
20260805_143155,43.134368,-70.926626,13,5,3
20260805_143156,43.134368,-70.926626,14,4,2
20260805_143156,43.134368,-70.926626,15,7,3
20260805_143157,43.134368,-70.926626,16,7,3
20260805_143157,43.134368,-70.926626,17,4,2
20260805_143158,43.134368,-70.926626,18,6,3
20260805_143158,43.134368,-70.926626,19,6,3
20260805_143159,43.134368,-70.926626,20,7,3
20260805_143159,43.134368,-70.926626,0,7,3
20260805_143200,43.134368,-70.926626,1,5,3
20260805_143200,43.134368,-70.926626,2,5,3
20260805_143201,43.134368,-70.926626,3,11,4
20260805_143201,43.134368,-70.926626,4,8,3
20260805_143202,43.134368,-70.926626,5,6,4
20260805_143202,43.134368,-70.926626,6,11,4
20260805_143203,43.134368,-70.926626,7,21,10
20260805_143203,43.134369,-70.926626,8,8,4
20260805_143204,43.134369,-70.926626,9,8,4
20260805_143204,43.134369,-70.926626,10,7,4
20260805_143205,43.134369,-70.926626,11,4,2
20260805_143205,43.134369,-70.926626,12,5,3
20260805_143206,43.134369,-70.926626,13,5,3
20260805_143206,43.134369,-70.926626,14,5,3
20260805_143207,43.134369,-70.926626,15,7,3
20260805_143207,43.134369,-70.926626,16,5,3
20260805_143208,43.134369,-70.926626,17,5,3
20260805_143208,43.134369,-70.926626,18,5,2
20260805_143209,43.134369,-70.926626,19,7,2
20260805_143209,43.134369,-70.926626,20,4,2
20260805_143210,43.134369,-70.926626,0,4,2
20260805_143210,43.134369,-70.926626,1,4,2
20260805_143211,43.134369,-70.926626,2,5,3
20260805_143211,43.134369,-70.926626,3,9,4
20260805_143212,43.134369,-70.926626,4,9,4
20260805_143212,43.134369,-70.926626,5,8,4
20260805_143213,43.134369,-70.926626,6,17,5
20260805_143213,43.134369,-70.926626,7,17,8
20260805_143214,43.134369,-70.926626,8,15,7
20260805_143214,43.134369,-70.926626,9,10,3
20260805_143215,43.134369,-70.926626,10,4,2
20260805_143215,43.134369,-70.926626,11,4,2
20260805_143216,43.134369,-70.926626,12,3,2
20260805_143216,43.134369,-70.926626,13,5,3
20260805_143217,43.134369,-70.926626,14,4,2
20260805_143217,43.134369,-70.926626,15,6,2
20260805_143218,43.134369,-70.926626,16,6,3
20260805_143218,43.134369,-70.926626,17,4,2
20260805_143219,43.134369,-70.926626,18,4,2
20260805_143219,43.134369,-70.926626,19,4,2
20260805_143220,43.134369,-70.926626,20,4,2
20260805_143220,43.134369,-70.926626,0,5,2
20260805_143221,43.134369,-70.926626,1,4,2
20260805_143221,43.134369,-70.926626,2,4,2
20260805_143222,43.134369,-70.926626,3,11,4
20260805_143222,43.134369,-70.926626,4,6,2
20260805_143223,43.134369,-70.926626,5,5,2
20260805_143223,43.134369,-70.926626,6,10,4
20260805_143224,43.134369,-70.926626,7,22,10
20260805_143224,43.134369,-70.926626,8,9,5
20260805_143225,43.134369,-70.926626,9,7,3
20260805_143225,43.134369,-70.926626,10,7,3
20260805_143226,43.134369,-70.926626,11,4,2
20260805_143226,43.134369,-70.926626,12,5,3
20260805_143227,43.134369,-70.926626,13,5,3
20260805_143227,43.134369,-70.926626,14,4,2
20260805_143228,43.134369,-70.926625,15,7,3
20260805_143228,43.134369,-70.926625,16,5,2
20260805_143229,43.134369,-70.926625,17,4,2
20260805_143229,43.134369,-70.926625,18,5,3
20260805_143230,43.134369,-70.926625,19,7,2
20260805_143230,43.134369,-70.926625,20,4,2
20260805_143231,43.134369,-70.926625,0,4,2
20260805_143231,43.134369,-70.926625,1,4,2
20260805_143232,43.13437,-70.926625,2,5,2
20260805_143232,43.13437,-70.926625,3,8,3
20260805_143233,43.13437,-70.926625,4,9,4
20260805_143234,43.13437,-70.926625,5,7,3
20260805_143234,43.13437,-70.926625,6,14,4
20260805_143235,43.13437,-70.926625,7,15,7
20260805_143235,43.13437,-70.926625,8,9,4
20260805_143236,43.13437,-70.926625,9,9,4
20260805_143236,43.13437,-70.926625,10,5,3
20260805_143237,43.13437,-70.926625,11,4,2
20260805_143237,43.13437,-70.926625,12,5,3
20260805_143238,43.13437,-70.926625,13,4,2
20260805_143238,43.13437,-70.926625,14,4,2
20260805_143239,43.13437,-70.926625,15,4,2
20260805_143239,43.13437,-70.926625,16,5,2
20260805_143240,43.13437,-70.926625,17,3,2
20260805_143240,43.13437,-70.926624,18,4,2
20260805_143241,43.13437,-70.926624,19,6,3
20260805_143241,43.13437,-70.926624,20,3,2
20260805_143242,43.13437,-70.926624,0,5,2
20260805_143242,43.13437,-70.926624,1,5,2
20260805_143243,43.13437,-70.926624,2,5,3
20260805_143243,43.13437,-70.926624,3,10,4
20260805_143244,43.13437,-70.926624,4,6,2
20260805_143244,43.13437,-70.926624,5,5,2
20260805_143245,43.13437,-70.926624,6,17,5
20260805_143245,43.13437,-70.926624,7,20,9
20260805_143246,43.13437,-70.926624,8,10,6
20260805_143246,43.13437,-70.926624,9,6,3
20260805_143247,43.13437,-70.926624,10,4,2
20260805_143247,43.13437,-70.926624,11,3,1
20260805_143248,43.13437,-70.926624,12,4,2
20260805_143248,43.13437,-70.926624,13,5,3
20260805_143249,43.13437,-70.926624,14,4,2
20260805_143249,43.13437,-70.926624,15,6,2
20260805_143250,43.13437,-70.926624,16,5,3
20260805_143250,43.134371,-70.926624,17,5,2
20260805_143251,43.134371,-70.926624,18,5,3
20260805_143251,43.134371,-70.926624,19,7,3
20260805_143252,43.134371,-70.926624,20,6,3
20260805_143252,43.134371,-70.926624,0,7,3
20260805_143253,43.134371,-70.926624,1,4,3
20260805_143253,43.134371,-70.926624,2,5,3
20260805_143254,43.134371,-70.926624,3,7,4
20260805_143254,43.134371,-70.926624,4,6,2
20260805_143255,43.134371,-70.926624,5,6,3
20260805_143255,43.134371,-70.926624,6,13,4
20260805_143256,43.134371,-70.926624,7,16,6
20260805_143256,43.13437,-70.926624,8,9,4
20260805_143257,43.13437,-70.926624,9,8,4
20260805_143257,43.134371,-70.926624,10,7,4
20260805_143258,43.134371,-70.926624,11,5,3
20260805_143258,43.13437,-70.926624,12,6,4
20260805_143259,43.13437,-70.926624,13,6,3
20260805_143259,43.13437,-70.926624,14,5,3
20260805_143300,43.13437,-70.926623,15,5,3
20260805_143300,43.13437,-70.926623,16,6,3
20260805_143301,43.13437,-70.926623,17,4,2
20260805_143301,43.13437,-70.926623,18,6,3
20260805_143302,43.13437,-70.926623,19,10,3
20260805_143302,43.13437,-70.926623,20,4,2
20260805_143303,43.13437,-70.926623,0,6,3
20260805_143303,43.13437,-70.926623,1,6,3
20260805_143304,43.13437,-70.926623,2,6,3
20260805_143304,43.13437,-70.926623,3,11,4
20260805_143305,43.13437,-70.926623,4,7,3
20260805_143305,43.13437,-70.926623,5,6,3
20260805_143306,43.13437,-70.926623,6,17,5
20260805_143306,43.13437,-70.926623,7,19,9
20260805_143307,43.13437,-70.926623,8,11,6
20260805_143307,43.13437,-70.926623,9,7,3
20260805_143308,43.13437,-70.926622,10,5,2
20260805_143308,43.13437,-70.926622,11,4,2
20260805_143309,43.13437,-70.926622,12,5,2
20260805_143309,43.13437,-70.926622,13,5,3
20260805_143310,43.13437,-70.926622,14,4,2
20260805_143310,43.13437,-70.926622,15,6,2
20260805_143311,43.13437,-70.926622,16,6,3
20260805_143311,43.13437,-70.926622,17,5,3
20260805_143312,43.13437,-70.926622,18,6,3
20260805_143312,43.13437,-70.926622,19,8,3
20260805_143313,43.13437,-70.926622,20,7,4
20260805_143313,43.13437,-70.926622,0,7,3
20260805_143314,43.13437,-70.926622,1,4,2
20260805_143314,43.13437,-70.926622,2,5,3
20260805_143315,43.13437,-70.926622,3,7,3
20260805_143315,43.13437,-70.926622,4,6,2
20260805_143316,43.13437,-70.926622,5,7,3
20260805_143317,43.13437,-70.926622,6,11,4
20260805_143317,43.13437,-70.926622,7,16,6
20260805_143318,43.13437,-70.926622,8,8,4
20260805_143318,43.13437,-70.926622,9,7,3
20260805_143319,43.13437,-70.926622,10,7,3
20260805_143319,43.13437,-70.926622,11,4,2
20260805_143320,43.13437,-70.926622,12,5,3
20260805_143320,43.13437,-70.926622,13,5,3
20260805_143321,43.13437,-70.926622,14,5,3
20260805_143321,43.134369,-70.926622,15,7,3
20260805_143322,43.134369,-70.926622,16,5,2
20260805_143322,43.134369,-70.926622,17,4,2
20260805_143323,43.134369,-70.926622,18,5,3
20260805_143323,43.134369,-70.926622,19,8,3
20260805_143324,43.134369,-70.926622,20,3,1
20260805_143324,43.134369,-70.926622,0,6,3
20260805_143325,43.134369,-70.926622,1,5,2
20260805_143325,43.134369,-70.926622,2,5,3
20260805_143326,43.134369,-70.926622,3,9,4
20260805_143326,43.134369,-70.926622,4,8,4
20260805_143327,43.134369,-70.926622,5,6,3
20260805_143327,43.134369,-70.926622,6,16,5
20260805_143328,43.134369,-70.926622,7,17,8
20260805_143328,43.134369,-70.926623,8,12,6
20260805_143329,43.134369,-70.926623,9,8,3
20260805_143329,43.134369,-70.926623,10,3,2
20260805_143330,43.134369,-70.926623,11,3,1
20260805_143330,43.134369,-70.926623,12,3,1
20260805_143331,43.134369,-70.926623,13,4,2
20260805_143331,43.134369,-70.926623,14,4,2
20260805_143332,43.134369,-70.926623,15,6,2
20260805_143332,43.134369,-70.926623,16,6,3
20260805_143333,43.134369,-70.926623,17,4,2
20260805_143333,43.134368,-70.926623,18,5,3
20260805_143334,43.134368,-70.926623,19,6,3
20260805_143334,43.134368,-70.926624,20,7,3
20260805_143335,43.134368,-70.926624,0,7,3
20260805_143335,43.134368,-70.926624,1,4,2
20260805_143336,43.134368,-70.926624,2,4,2
20260805_143336,43.134368,-70.926624,3,10,4
20260805_143337,43.134368,-70.926624,4,6,2
20260805_143337,43.134368,-70.926624,5,6,3
20260805_143338,43.134368,-70.926624,6,10,4
20260805_143338,43.134368,-70.926624,7,21,10
20260805_143339,43.134368,-70.926624,8,8,4
20260805_143339,43.134368,-70.926624,9,7,3
20260805_143340,43.134368,-70.926624,10,7,3
20260805_143340,43.134368,-70.926625,11,4,2
20260805_143341,43.134368,-70.926625,12,5,3
20260805_143341,43.134368,-70.926625,13,5,3
20260805_143342,43.134367,-70.926625,14,4,2
20260805_143342,43.134367,-70.926625,15,6,2
20260805_143343,43.134367,-70.926625,16,4,2
20260805_143343,43.134367,-70.926625,17,4,2
20260805_143344,43.134367,-70.926625,18,5,3
20260805_143344,43.134367,-70.926625,19,9,3
20260805_143345,43.134367,-70.926625,20,6,3
20260805_143345,43.134367,-70.926625,0,5,2
20260805_143346,43.134367,-70.926626,1,5,2
20260805_143346,43.134367,-70.926626,2,6,3
20260805_143347,43.134367,-70.926626,3,9,5
20260805_143347,43.134367,-70.926626,4,9,4
20260805_143348,43.134367,-70.926626,5,9,4
20260805_143348,43.134367,-70.926626,6,16,6
20260805_143349,43.134367,-70.926626,7,18,9
20260805_143349,43.134367,-70.926626,8,17,9
20260805_143350,43.134367,-70.926626,9,10,5
20260805_143350,43.134367,-70.926626,10,6,4
20260805_143351,43.134367,-70.926626,11,5,3
20260805_143351,43.134367,-70.926626,12,5,3
20260805_143352,43.134366,-70.926626,13,5,3
20260805_143352,43.134366,-70.926626,14,5,3
20260805_143353,43.134366,-70.926626,15,7,3
20260805_143353,43.134366,-70.926626,16,6,3
20260805_143354,43.134366,-70.926627,17,4,3
20260805_143354,43.134366,-70.926627,18,5,3
20260805_143355,43.134366,-70.926627,19,6,3
20260805_143355,43.134366,-70.926627,20,5,3
20260805_143356,43.134366,-70.926627,0,7,3
20260805_143356,43.134366,-70.926627,1,5,2
20260805_143357,43.134366,-70.926627,2,5,3
20260805_143357,43.134366,-70.926627,3,12,5
20260805_143358,43.134366,-70.926627,4,8,4
20260805_143358,43.134366,-70.926627,5,7,4
20260805_143359,43.134365,-70.926627,6,9,4
20260805_143400,43.134365,-70.926627,7,22,10
20260805_143400,43.134365,-70.926627,8,9,5
20260805_143401,43.134365,-70.926627,9,8,4
20260805_143401,43.134365,-70.926627,10,5,3
20260805_143402,43.134365,-70.926627,11,5,3
20260805_143402,43.134365,-70.926627,12,6,4
20260805_143403,43.134365,-70.926627,13,6,4
20260805_143403,43.134365,-70.926627,14,5,3
20260805_143404,43.134365,-70.926627,15,8,3
20260805_143404,43.134365,-70.926627,16,6,3
20260805_143405,43.134365,-70.926627,17,5,3
20260805_143405,43.134365,-70.926627,18,7,3
20260805_143406,43.134365,-70.926627,19,9,4
20260805_143406,43.134365,-70.926627,20,6,3
20260805_143407,43.134365,-70.926627,0,6,3
20260805_143407,43.134365,-70.926627,1,5,3
20260805_143408,43.134365,-70.926627,2,6,3
20260805_143408,43.134365,-70.926627,3,9,5
20260805_143409,43.134365,-70.926627,4,10,5
20260805_143409,43.134364,-70.926627,5,7,4
20260805_143410,43.134364,-70.926627,6,14,5
20260805_143410,43.134364,-70.926627,7,18,8
20260805_143411,43.134364,-70.926627,8,9,4
20260805_143411,43.134364,-70.926627,9,10,5
20260805_143412,43.134364,-70.926627,10,6,4
20260805_143412,43.134364,-70.926627,11,5,3
20260805_143413,43.134364,-70.926627,12,6,3
20260805_143413,43.134364,-70.926627,13,6,3
20260805_143414,43.134364,-70.926627,14,5,3
20260805_143414,43.134364,-70.926627,15,5,3
20260805_143415,43.134364,-70.926627,16,6,3
20260805_143415,43.134364,-70.926627,17,5,3
20260805_143416,43.134364,-70.926627,18,4,2
20260805_143416,43.134364,-70.926627,19,6,3
20260805_143417,43.134364,-70.926627,20,5,3
20260805_143417,43.134364,-70.926627,0,7,3
20260805_143418,43.134364,-70.926627,1,6,3
20260805_143418,43.134364,-70.926627,2,5,2
20260805_143419,43.134364,-70.926627,3,10,5
20260805_143419,43.134364,-70.926627,4,7,3
20260805_143420,43.134364,-70.926627,5,7,3
20260805_143420,43.134364,-70.926627,6,17,5
20260805_143421,43.134364,-70.926627,7,21,10
20260805_143421,43.134364,-70.926627,8,10,6
20260805_143422,43.134364,-70.926627,9,7,4
20260805_143422,43.134364,-70.926627,10,5,3
20260805_143423,43.134364,-70.926627,11,5,3
20260805_143423,43.134364,-70.926627,12,5,3
20260805_143424,43.134364,-70.926627,13,6,3
20260805_143424,43.134364,-70.926627,14,5,3
20260805_143425,43.134364,-70.926627,15,7,3
20260805_143425,43.134364,-70.926627,16,6,3
20260805_143426,43.134364,-70.926627,17,4,3
20260805_143426,43.134364,-70.926627,18,6,4
20260805_143427,43.134364,-70.926626,19,8,3
20260805_143427,43.134364,-70.926626,20,7,3
20260805_143428,43.134364,-70.926626,0,7,2
20260805_143428,43.134364,-70.926626,1,3,1
20260805_143429,43.134364,-70.926626,2,4,2
20260805_143429,43.134364,-70.926626,3,7,3
20260805_143430,43.134365,-70.926626,4,6,2
20260805_143430,43.134365,-70.926626,5,6,3
20260805_143431,43.134365,-70.926626,6,12,4
20260805_143431,43.134365,-70.926626,7,17,6
20260805_143432,43.134365,-70.926626,8,7,4
20260805_143432,43.134365,-70.926626,9,8,4
20260805_143433,43.134365,-70.926626,10,5,3
20260805_143433,43.134365,-70.926626,11,5,2
20260805_143434,43.134365,-70.926626,12,6,3
20260805_143434,43.134365,-70.926626,13,6,3
20260805_143435,43.134365,-70.926626,14,5,3
20260805_143435,43.134365,-70.926626,15,6,3
20260805_143436,43.134365,-70.926626,16,5,2
20260805_143436,43.134365,-70.926626,17,4,2
20260805_143437,43.134365,-70.926625,18,4,2
20260805_143437,43.134365,-70.926625,19,9,3
20260805_143438,43.134365,-70.926625,20,5,3
20260805_143438,43.134365,-70.926625,0,6,3
20260805_143439,43.134365,-70.926625,1,6,3
20260805_143439,43.134365,-70.926625,2,6,3
20260805_143440,43.134366,-70.926625,3,10,5
20260805_143440,43.134366,-70.926625,4,9,4
20260805_143441,43.134366,-70.926625,5,7,3
20260805_143442,43.134366,-70.926625,6,17,5
20260805_143442,43.134366,-70.926625,7,18,8
20260805_143443,43.134366,-70.926625,8,12,7
20260805_143443,43.134366,-70.926625,9,7,4
20260805_143444,43.134366,-70.926625,10,4,2
20260805_143444,43.134366,-70.926625,11,4,2
20260805_143445,43.134366,-70.926625,12,4,2
20260805_143445,43.134366,-70.926624,13,4,2
20260805_143446,43.134366,-70.926624,14,3,2
20260805_143446,43.134366,-70.926624,15,5,2
20260805_143447,43.134366,-70.926624,16,5,2
20260805_143447,43.134367,-70.926624,17,4,2
20260805_143448,43.134367,-70.926624,18,5,2
20260805_143448,43.134367,-70.926624,19,6,2
20260805_143449,43.134367,-70.926624,20,7,2
20260805_143449,43.134367,-70.926624,0,6,2
20260805_143450,43.134367,-70.926624,1,4,2
20260805_143450,43.134367,-70.926624,2,4,2
20260805_143451,43.134367,-70.926624,3,6,2
20260805_143451,43.134367,-70.926624,4,4,1
20260805_143452,43.134367,-70.926624,5,5,2
20260805_143452,43.134367,-70.926624,6,10,3
20260805_143453,43.134367,-70.926624,7,21,9
20260805_143453,43.134367,-70.926624,8,7,3
20260805_143454,43.134367,-70.926624,9,7,3
20260805_143454,43.134367,-70.926624,10,5,2
20260805_143455,43.134367,-70.926624,11,2,1
20260805_143455,43.134368,-70.926624,12,4,2
20260805_143456,43.134368,-70.926624,13,3,2
20260805_143456,43.134368,-70.926624,14,3,2
20260805_143457,43.134368,-70.926624,15,8,3
20260805_143457,43.134368,-70.926624,16,5,2
20260805_143458,43.134368,-70.926624,17,4,2
20260805_143458,43.134368,-70.926624,18,4,2
20260805_143459,43.134368,-70.926624,19,6,2
20260805_143459,43.134368,-70.926624,20,4,2
20260805_143500,43.134368,-70.926624,0,5,2
20260805_143500,43.134368,-70.926624,1,3,2
20260805_143501,43.134368,-70.926624,2,5,2
20260805_143501,43.134368,-70.926624,3,8,3
20260805_143502,43.134368,-70.926624,4,8,3
20260805_143502,43.134369,-70.926624,5,7,3
20260805_143503,43.134369,-70.926624,6,16,5
20260805_143503,43.134369,-70.926624,7,16,8
20260805_143504,43.134369,-70.926624,8,16,8
20260805_143504,43.134369,-70.926624,9,9,4
20260805_143505,43.134369,-70.926624,10,5,2
20260805_143505,43.134369,-70.926624,11,4,2
20260805_143506,43.134369,-70.926624,12,4,2
20260805_143506,43.134369,-70.926624,13,5,2
20260805_143507,43.13437,-70.926624,14,4,2
20260805_143507,43.13437,-70.926624,15,7,3
20260805_143508,43.13437,-70.926624,16,5,3
20260805_143508,43.13437,-70.926624,17,5,3
20260805_143509,43.13437,-70.926624,18,6,4
20260805_143509,43.13437,-70.926624,19,7,4
20260805_143510,43.13437,-70.926624,20,5,2
20260805_143510,43.13437,-70.926624,0,6,3
20260805_143511,43.13437,-70.926624,1,4,2
20260805_143511,43.13437,-70.926624,2,5,2
20260805_143512,43.134371,-70.926624,3,12,4
20260805_143512,43.134371,-70.926624,4,7,3
20260805_143513,43.134371,-70.926624,5,7,4
20260805_143513,43.134371,-70.926624,6,10,4
20260805_143514,43.134371,-70.926624,7,21,10
20260805_143514,43.134371,-70.926624,8,9,5
20260805_143515,43.134371,-70.926624,9,8,4
20260805_143515,43.134371,-70.926624,10,7,3
20260805_143516,43.134371,-70.926624,11,4,3
20260805_143516,43.134371,-70.926624,12,5,3
20260805_143517,43.134371,-70.926624,13,5,3
20260805_143517,43.134371,-70.926624,14,5,3
20260805_143518,43.134372,-70.926624,15,7,3
20260805_143518,43.134372,-70.926624,16,5,2
20260805_143519,43.134372,-70.926624,17,4,3
20260805_143519,43.134372,-70.926624,18,6,3
20260805_143520,43.134372,-70.926624,19,8,3
20260805_143520,43.134372,-70.926624,20,5,2
20260805_143521,43.134372,-70.926624,0,4,2
20260805_143521,43.134372,-70.926624,1,5,3
20260805_143522,43.134372,-70.926624,2,5,2
20260805_143522,43.134372,-70.926624,3,7,3
20260805_143523,43.134373,-70.926624,4,9,4
20260805_143524,43.134373,-70.926624,5,7,4
20260805_143524,43.134373,-70.926624,6,14,5
20260805_143525,43.134373,-70.926624,7,16,8
20260805_143525,43.134373,-70.926625,8,8,4
20260805_143526,43.134373,-70.926625,9,9,4
20260805_143526,43.134373,-70.926625,10,6,3
20260805_143527,43.134373,-70.926625,11,5,3
20260805_143527,43.134373,-70.926625,12,5,3
20260805_143528,43.134373,-70.926625,13,6,3
20260805_143528,43.134373,-70.926625,14,5,3
20260805_143529,43.134373,-70.926625,15,5,2
20260805_143529,43.134373,-70.926625,16,5,3
20260805_143530,43.134373,-70.926625,17,4,2
20260805_143530,43.134373,-70.926625,18,4,2
20260805_143531,43.134373,-70.926625,19,6,3
20260805_143531,43.134374,-70.926625,20,4,2
20260805_143532,43.134374,-70.926625,0,6,3
20260805_143532,43.134374,-70.926626,1,5,3
20260805_143533,43.134374,-70.926626,2,3,2
20260805_143533,43.134374,-70.926626,3,10,4
20260805_143534,43.134374,-70.926626,4,7,3
20260805_143534,43.134374,-70.926626,5,7,3
20260805_143535,43.134374,-70.926626,6,17,5
20260805_143535,43.134374,-70.926626,7,21,10
20260805_143536,43.134374,-70.926626,8,10,5
20260805_143536,43.134374,-70.926626,9,7,3
20260805_143537,43.134374,-70.926626,10,4,2
20260805_143537,43.134374,-70.926626,11,4,2
20260805_143538,43.134374,-70.926626,12,4,2
20260805_143538,43.134374,-70.926626,13,5,3
20260805_143539,43.134374,-70.926626,14,5,3
20260805_143539,43.134374,-70.926626,15,6,3
20260805_143540,43.134374,-70.926626,16,5,2
20260805_143540,43.134374,-70.926627,17,4,2
20260805_143541,43.134374,-70.926627,18,6,3
20260805_143541,43.134374,-70.926627,19,8,4
20260805_143542,43.134374,-70.926627,20,7,3
20260805_143542,43.134374,-70.926627,0,7,3
20260805_143543,43.134374,-70.926627,1,5,3
20260805_143543,43.134374,-70.926627,2,5,3
20260805_143544,43.134374,-70.926627,3,7,3
20260805_143544,43.134374,-70.926627,4,7,3
20260805_143545,43.134374,-70.926627,5,7,4
20260805_143545,43.134374,-70.926627,6,13,5
20260805_143546,43.134374,-70.926627,7,16,7
20260805_143546,43.134374,-70.926627,8,9,5
20260805_143547,43.134374,-70.926627,9,9,5
20260805_143547,43.134374,-70.926627,10,6,3
20260805_143548,43.134374,-70.926627,11,5,3
20260805_143548,43.134374,-70.926627,12,5,3
20260805_143549,43.134374,-70.926627,13,5,3
20260805_143549,43.134374,-70.926627,14,6,4
20260805_143550,43.134374,-70.926627,15,9,4
20260805_143550,43.134374,-70.926627,16,7,4
20260805_143551,43.134374,-70.926627,17,6,4
20260805_143551,43.134374,-70.926627,18,5,3
20260805_143552,43.134374,-70.926628,19,8,3
20260805_143552,43.134374,-70.926628,20,5,3
20260805_143553,43.134374,-70.926628,0,6,2
20260805_143553,43.134374,-70.926628,1,5,2
20260805_143554,43.134374,-70.926628,2,6,3
20260805_143554,43.134374,-70.926628,3,10,4
20260805_143555,43.134374,-70.926628,4,7,3
20260805_143555,43.134374,-70.926628,5,7,3
20260805_143556,43.134374,-70.926628,6,17,5
20260805_143556,43.134374,-70.926628,7,19,10
20260805_143557,43.134374,-70.926628,8,12,7
20260805_143557,43.134374,-70.926628,9,9,4
20260805_143558,43.134374,-70.926628,10,5,3
20260805_143558,43.134374,-70.926628,11,4,2
20260805_143559,43.134374,-70.926628,12,6,3
20260805_143559,43.134374,-70.926628,13,8,5
20260805_143600,43.134374,-70.926628,14,8,5
20260805_143600,43.134374,-70.926628,15,8,4
20260805_143601,43.134374,-70.926629,16,7,4
20260805_143601,43.134374,-70.926629,17,6,4
20260805_143602,43.134374,-70.926629,18,6,3
20260805_143602,43.134374,-70.926629,19,8,3
20260805_143603,43.134374,-70.926629,20,7,3
20260805_143603,43.134374,-70.926629,0,7,3
20260805_143604,43.134374,-70.926629,1,5,3
20260805_143604,43.134374,-70.926629,2,5,3
20260805_143605,43.134374,-70.926629,3,8,4
20260805_143606,43.134374,-70.926629,4,9,4
20260805_143606,43.134374,-70.926629,5,9,5
20260805_143607,43.134374,-70.926629,6,13,6
20260805_143607,43.134374,-70.926629,7,17,8
20260805_143608,43.134374,-70.926629,8,9,5
20260805_143608,43.134374,-70.926629,9,10,6
20260805_143609,43.134374,-70.926629,10,8,5
20260805_143609,43.134374,-70.926629,11,6,4
20260805_143610,43.134374,-70.926629,12,7,5
20260805_143610,43.134374,-70.926629,13,6,4
20260805_143611,43.134374,-70.926629,14,7,4
20260805_143611,43.134374,-70.926629,15,10,5
20260805_143612,43.134374,-70.926629,16,7,4
20260805_143612,43.134374,-70.926629,17,7,5
20260805_143613,43.134374,-70.926629,18,6,4
20260805_143613,43.134374,-70.926629,19,12,5
20260805_143614,43.134374,-70.926629,20,6,4
20260805_143614,43.134374,-70.926629,0,8,4
20260805_143615,43.134374,-70.926629,1,7,4
20260805_143615,43.134374,-70.926629,2,7,5
20260805_143616,43.134374,-70.926629,3,11,5
20260805_143616,43.134374,-70.926629,4,9,5
20260805_143617,43.134374,-70.926629,5,7,3
20260805_143617,43.134375,-70.92663,6,17,6
20260805_143618,43.134375,-70.92663,7,17,9
20260805_143618,43.134375,-70.92663,8,14,8
20260805_143619,43.134375,-70.92663,9,10,4
20260805_143619,43.134375,-70.92663,10,5,3
20260805_143620,43.134375,-70.92663,11,4,2
20260805_143620,43.134375,-70.92663,12,5,3
20260805_143621,43.134375,-70.92663,13,6,3
20260805_143621,43.134375,-70.92663,14,4,3
20260805_143622,43.134375,-70.92663,15,6,3
20260805_143622,43.134375,-70.92663,16,7,3
20260805_143623,43.134375,-70.92663,17,4,2
20260805_143623,43.134375,-70.92663,18,5,3
20260805_143624,43.134375,-70.92663,19,7,4
20260805_143624,43.134375,-70.92663,20,7,3
20260805_143625,43.134375,-70.92663,0,5,2
20260805_143625,43.134375,-70.92663,1,5,2
20260805_143626,43.134375,-70.92663,2,4,2
20260805_143626,43.134375,-70.92663,3,11,4
20260805_143627,43.134375,-70.92663,4,6,2
20260805_143627,43.134375,-70.92663,5,6,3
20260805_143628,43.134375,-70.92663,6,10,4
20260805_143628,43.134375,-70.92663,7,22,10
20260805_143629,43.134375,-70.92663,8,8,5
20260805_143629,43.134375,-70.92663,9,8,4
20260805_143630,43.134375,-70.92663,10,7,4
20260805_143630,43.134375,-70.926629,11,4,2
20260805_143631,43.134375,-70.926629,12,5,3
20260805_143631,43.134375,-70.926629,13,5,3
20260805_143632,43.134375,-70.926629,14,6,3
20260805_143632,43.134375,-70.926629,15,9,3
20260805_143633,43.134375,-70.926629,16,6,4
20260805_143633,43.134375,-70.926629,17,5,3
20260805_143634,43.134375,-70.926629,18,5,3
20260805_143634,43.134375,-70.926629,19,8,3
20260805_143635,43.134375,-70.926629,20,5,2
20260805_143635,43.134375,-70.926629,0,5,2
20260805_143636,43.134375,-70.926629,1,3,1
20260805_143636,43.134375,-70.926629,2,5,2
20260805_143637,43.134375,-70.926629,3,8,4
20260805_143637,43.134375,-70.926629,4,9,4
20260805_143638,43.134375,-70.926629,5,8,4
20260805_143638,43.134375,-70.926629,6,17,5
20260805_143639,43.134375,-70.926629,7,17,9
20260805_143639,43.134375,-70.926629,8,15,8
20260805_143640,43.134375,-70.926629,9,9,4
20260805_143640,43.134375,-70.926629,10,6,3
20260805_143641,43.134375,-70.926629,11,5,3
20260805_143641,43.134375,-70.926629,12,4,2
20260805_143642,43.134375,-70.926629,13,6,3
20260805_143642,43.134375,-70.926629,14,6,3
20260805_143643,43.134375,-70.926629,15,7,3
20260805_143643,43.134375,-70.926629,16,6,3
20260805_143644,43.134375,-70.926629,17,4,3
20260805_143644,43.134375,-70.926629,18,5,3
20260805_143645,43.134375,-70.926629,19,7,4
20260805_143645,43.134375,-70.926629,20,6,4
20260805_143646,43.134375,-70.926629,0,8,4
20260805_143646,43.134375,-70.926629,1,6,3
20260805_143647,43.134375,-70.926629,2,7,4
20260805_143647,43.134375,-70.926629,3,11,5
20260805_143648,43.134375,-70.926628,4,10,4
20260805_143648,43.134375,-70.926628,5,7,4
20260805_143649,43.134375,-70.926628,6,11,5
20260805_143649,43.134375,-70.926628,7,22,10
20260805_143650,43.134375,-70.926628,8,9,5
20260805_143650,43.134375,-70.926628,9,7,4
20260805_143651,43.134375,-70.926628,10,7,3
20260805_143652,43.134375,-70.926628,11,5,3
20260805_143652,43.134375,-70.926628,12,5,3
20260805_143653,43.134375,-70.926628,13,5,3
20260805_143653,43.134375,-70.926628,14,5,3
20260805_143654,43.134375,-70.926628,15,9,4
20260805_143654,43.134375,-70.926628,16,6,3
20260805_143655,43.134375,-70.926628,17,4,2
20260805_143655,43.134375,-70.926628,18,6,3
20260805_143656,43.134375,-70.926628,19,7,2
20260805_143656,43.134375,-70.926628,20,6,3
20260805_143657,43.134375,-70.926628,0,5,2
20260805_143657,43.134375,-70.926628,1,4,2
20260805_143658,43.134375,-70.926628,2,5,3
20260805_143658,43.134375,-70.926628,3,7,4
20260805_143659,43.134375,-70.926628,4,9,4
20260805_143659,43.134375,-70.926628,5,8,4
20260805_143700,43.134375,-70.926628,6,15,5
20260805_143700,43.134375,-70.926628,7,16,8
20260805_143701,43.134375,-70.926628,8,16,9
20260805_143701,43.134375,-70.926628,9,9,3
20260805_143702,43.134375,-70.926628,10,4,2
20260805_143702,43.134374,-70.926628,11,4,2
20260805_143703,43.134374,-70.926628,12,6,3
20260805_143703,43.134374,-70.926628,13,6,4
20260805_143704,43.134374,-70.926628,14,5,3
20260805_143704,43.134374,-70.926628,15,8,4
20260805_143705,43.134374,-70.926628,16,6,4
20260805_143705,43.134374,-70.926627,17,5,3
20260805_143706,43.134374,-70.926627,18,5,3
20260805_143706,43.134374,-70.926627,19,7,4
20260805_143707,43.134374,-70.926627,20,5,3
20260805_143707,43.134374,-70.926627,0,7,3
20260805_143708,43.134374,-70.926627,1,5,3
20260805_143708,43.134374,-70.926627,2,6,4
20260805_143709,43.134374,-70.926627,3,12,5
20260805_143709,43.134374,-70.926627,4,6,2
20260805_143710,43.134374,-70.926627,5,6,3
20260805_143710,43.134374,-70.926627,6,17,5
20260805_143711,43.134374,-70.926627,7,21,10
20260805_143711,43.134374,-70.926627,8,11,6
20260805_143712,43.134374,-70.926627,9,8,4
20260805_143712,43.134374,-70.926627,10,4,3
20260805_143713,43.134374,-70.926627,11,4,3
20260805_143713,43.134374,-70.926627,12,6,3
20260805_143714,43.134374,-70.926627,13,5,3
20260805_143714,43.134374,-70.926627,14,5,2
20260805_143715,43.134374,-70.926627,15,7,3
20260805_143715,43.134373,-70.926627,16,6,3
20260805_143716,43.134373,-70.926627,17,4,2
20260805_143716,43.134373,-70.926627,18,6,3
20260805_143717,43.134373,-70.926627,19,8,3
20260805_143717,43.134373,-70.926627,20,6,3
20260805_143718,43.134373,-70.926627,0,5,3
20260805_143718,43.134373,-70.926627,1,5,3
20260805_143719,43.134373,-70.926627,2,6,3
20260805_143719,43.134373,-70.926627,3,7,3
20260805_143720,43.134373,-70.926627,4,6,2
20260805_143720,43.134373,-70.926627,5,7,3
20260805_143721,43.134373,-70.926627,6,14,5
20260805_143721,43.134373,-70.926627,7,16,7
20260805_143722,43.134373,-70.926627,8,8,4
20260805_143722,43.134373,-70.926627,9,9,3
20260805_143723,43.134373,-70.926627,10,5,3
20260805_143723,43.134373,-70.926627,11,5,3
20260805_143724,43.134373,-70.926627,12,5,3
20260805_143724,43.134373,-70.926627,13,5,3
20260805_143725,43.134373,-70.926627,14,5,3
20260805_143725,43.134373,-70.926627,15,6,2
20260805_143726,43.134372,-70.926627,16,6,3
20260805_143726,43.134372,-70.926627,17,4,2
20260805_143727,43.134372,-70.926627,18,4,2
20260805_143727,43.134372,-70.926627,19,5,3
20260805_143728,43.134372,-70.926627,20,3,2
20260805_143728,43.134372,-70.926627,0,6,3
20260805_143729,43.134372,-70.926627,1,5,2
20260805_143729,43.134372,-70.926627,2,6,3
20260805_143730,43.134372,-70.926627,3,10,4
20260805_143730,43.134372,-70.926627,4,7,3
20260805_143731,43.134372,-70.926627,5,7,3
20260805_143731,43.134372,-70.926627,6,17,5
20260805_143732,43.134372,-70.926626,7,20,9
20260805_143732,43.134372,-70.926626,8,10,6
20260805_143733,43.134372,-70.926626,9,8,4
20260805_143733,43.134372,-70.926626,10,6,4
20260805_143734,43.134372,-70.926626,11,7,4
20260805_143734,43.134372,-70.926626,12,6,4
20260805_143735,43.134372,-70.926626,13,7,5
20260805_143736,43.134372,-70.926626,14,7,5
20260805_143736,43.134372,-70.926626,15,10,5
20260805_143737,43.134372,-70.926626,16,7,3
20260805_143737,43.134372,-70.926626,17,6,3
20260805_143738,43.134372,-70.926626,18,7,5
20260805_143738,43.134372,-70.926626,19,9,5
20260805_143739,43.134372,-70.926626,20,8,4
20260805_143739,43.134372,-70.926626,0,9,5
20260805_143740,43.134372,-70.926626,1,6,4
20260805_143740,43.134372,-70.926626,2,7,4
20260805_143741,43.134372,-70.926626,3,9,5
20260805_143741,43.134372,-70.926626,4,7,2
20260805_143742,43.134372,-70.926626,5,8,4
20260805_143742,43.134372,-70.926626,6,12,5
20260805_143743,43.134372,-70.926626,7,16,7
20260805_143743,43.134372,-70.926626,8,9,5
20260805_143744,43.134372,-70.926626,9,9,5
20260805_143744,43.134372,-70.926626,10,7,4
20260805_143745,43.134372,-70.926626,11,6,3
20260805_143745,43.134372,-70.926626,12,8,5
20260805_143746,43.134372,-70.926626,13,7,4
20260805_143746,43.134372,-70.926625,14,6,4
20260805_143747,43.134372,-70.926625,15,8,4
20260805_143747,43.134372,-70.926625,16,6,3
20260805_143748,43.134372,-70.926625,17,5,3
20260805_143748,43.134372,-70.926625,18,4,3
20260805_143749,43.134372,-70.926625,19,7,2
20260805_143749,43.134372,-70.926625,20,4,2
20260805_143750,43.134372,-70.926625,0,5,2
20260805_143750,43.134372,-70.926625,1,5,2
20260805_143751,43.134372,-70.926625,2,5,2
20260805_143751,43.134372,-70.926625,3,11,4
20260805_143752,43.134372,-70.926625,4,8,4
20260805_143752,43.134372,-70.926625,5,7,3
20260805_143753,43.134372,-70.926625,6,18,6
20260805_143753,43.134372,-70.926625,7,19,9
20260805_143754,43.134372,-70.926625,8,14,8
20260805_143754,43.134372,-70.926624,9,9,4
20260805_143755,43.134372,-70.926624,10,5,3
20260805_143755,43.134372,-70.926624,11,5,3
20260805_143756,43.134372,-70.926624,12,6,4
20260805_143756,43.134372,-70.926624,13,6,4
20260805_143757,43.134372,-70.926624,14,5,3
20260805_143757,43.134372,-70.926624,15,7,4
20260805_143758,43.134372,-70.926624,16,7,3
20260805_143758,43.134372,-70.926624,17,5,2
20260805_143759,43.134372,-70.926624,18,5,3
20260805_143759,43.134372,-70.926624,19,6,3
20260805_143800,43.134372,-70.926624,20,7,3
20260805_143800,43.134372,-70.926624,0,7,3
20260805_143801,43.134372,-70.926624,1,5,3
20260805_143801,43.134372,-70.926624,2,4,2
20260805_143802,43.134372,-70.926624,3,6,3
20260805_143802,43.134372,-70.926624,4,8,3
20260805_143803,43.134372,-70.926624,5,7,4
20260805_143803,43.134372,-70.926624,6,11,5
20260805_143804,43.134372,-70.926624,7,21,10
20260805_143804,43.134372,-70.926624,8,9,5
20260805_143805,43.134372,-70.926624,9,11,6
20260805_143805,43.134372,-70.926624,10,8,5
20260805_143806,43.134372,-70.926624,11,6,3
20260805_143806,43.134372,-70.926624,12,6,4
20260805_143807,43.134372,-70.926624,13,6,3
20260805_143807,43.134372,-70.926624,14,7,3
20260805_143808,43.134372,-70.926624,15,8,4
20260805_143808,43.134372,-70.926624,16,6,4
20260805_143809,43.134372,-70.926624,17,6,4
20260805_143809,43.134372,-70.926624,18,5,4
20260805_143810,43.134372,-70.926624,19,10,4
20260805_143810,43.134372,-70.926624,20,6,4
20260805_143811,43.134372,-70.926624,0,7,4
20260805_143811,43.134372,-70.926624,1,6,4
20260805_143812,43.134372,-70.926623,2,7,4
20260805_143812,43.134372,-70.926623,3,10,5
20260805_143813,43.134372,-70.926623,4,10,5
20260805_143813,43.134372,-70.926623,5,8,5
20260805_143814,43.134372,-70.926623,6,18,7
20260805_143814,43.134372,-70.926623,7,20,10
20260805_143815,43.134371,-70.926623,8,17,10
20260805_143815,43.134371,-70.926623,9,10,5
20260805_143816,43.134371,-70.926623,10,6,4
20260805_143816,43.134371,-70.926623,11,6,4
20260805_143817,43.134371,-70.926623,12,6,4
20260805_143818,43.134371,-70.926623,13,6,3
20260805_143818,43.134371,-70.926623,14,5,3
20260805_143819,43.134371,-70.926623,15,7,4
20260805_143819,43.134371,-70.926623,16,8,5
20260805_143820,43.134371,-70.926623,17,7,5
20260805_143820,43.134371,-70.926623,18,7,5
20260805_143821,43.134371,-70.926623,19,8,5
20260805_143821,43.134371,-70.926623,20,7,5
20260805_143822,43.134371,-70.926623,0,9,5
20260805_143822,43.134371,-70.926622,1,7,4
20260805_143823,43.134371,-70.926622,2,5,3
20260805_143823,43.134371,-70.926622,3,11,6
20260805_143824,43.134371,-70.926622,4,8,4
20260805_143824,43.134371,-70.926622,5,8,4
20260805_143825,43.134371,-70.926622,6,11,5
20260805_143825,43.134371,-70.926622,7,23,11
20260805_143826,43.134371,-70.926622,8,10,6
20260805_143826,43.134371,-70.926622,9,9,5
20260805_143827,43.134371,-70.926622,10,9,5
20260805_143827,43.134371,-70.926622,11,6,3
20260805_143828,43.134371,-70.926622,12,7,4
20260805_143828,43.134371,-70.926622,13,6,4
20260805_143829,43.134371,-70.926622,14,5,3
20260805_143829,43.134371,-70.926622,15,9,4
20260805_143830,43.134371,-70.926622,16,6,4
20260805_143830,43.134371,-70.926622,17,6,4
20260805_143831,43.134371,-70.926622,18,7,4
20260805_143831,43.13437,-70.926622,19,9,3
20260805_143832,43.13437,-70.926622,20,6,3
20260805_143832,43.13437,-70.926622,0,5,3
20260805_143833,43.13437,-70.926622,1,5,3
20260805_143833,43.13437,-70.926622,2,6,4
20260805_143834,43.13437,-70.926622,3,8,4
20260805_143834,43.13437,-70.926622,4,10,5
20260805_143835,43.13437,-70.926622,5,9,5
20260805_143835,43.13437,-70.926622,6,17,6
20260805_143836,43.13437,-70.926622,7,19,10
20260805_143836,43.13437,-70.926621,8,11,7
20260805_143837,43.13437,-70.926621,9,11,6
20260805_143837,43.13437,-70.926621,10,7,5
20260805_143838,43.13437,-70.926621,11,7,5
20260805_143838,43.13437,-70.926621,12,7,5
20260805_143839,43.13437,-70.926621,13,7,5
20260805_143839,43.13437,-70.926621,14,6,4
20260805_143840,43.13437,-70.926621,15,7,4
20260805_143840,43.13437,-70.926621,16,7,4
20260805_143841,43.13437,-70.926621,17,7,4
20260805_143841,43.13437,-70.926621,18,7,5
20260805_143842,43.13437,-70.926621,19,8,5
20260805_143842,43.13437,-70.926621,20,7,4
20260805_143843,43.13437,-70.926621,0,8,4
20260805_143843,43.13437,-70.926621,1,7,4
20260805_143844,43.134369,-70.926621,2,8,5
20260805_143844,43.134369,-70.926621,3,12,5
20260805_143845,43.134369,-70.926621,4,9,4
20260805_143845,43.134369,-70.926621,5,9,5
20260805_143846,43.134369,-70.926621,6,20,8
20260805_143846,43.134369,-70.926621,7,23,12
20260805_143847,43.134369,-70.926621,8,13,8
20260805_143847,43.134369,-70.926621,9,11,6
20260805_143848,43.134369,-70.926621,10,7,5
20260805_143848,43.134369,-70.926621,11,6,4
20260805_143849,43.134369,-70.926621,12,7,5
20260805_143849,43.134369,-70.926621,13,6,4
20260805_143850,43.134369,-70.926621,14,5,3
20260805_143850,43.134369,-70.926621,15,9,5
20260805_143851,43.134369,-70.92662,16,8,4
20260805_143851,43.134369,-70.92662,17,7,4
20260805_143852,43.134369,-70.92662,18,8,5
20260805_143852,43.134369,-70.92662,19,12,5
20260805_143853,43.134369,-70.92662,20,9,5
20260805_143853,43.134369,-70.92662,0,10,5
20260805_143854,43.134369,-70.92662,1,8,5
20260805_143854,43.134369,-70.92662,2,8,5
20260805_143855,43.134369,-70.92662,3,9,5
20260805_143855,43.134369,-70.92662,4,9,4
20260805_143856,43.134369,-70.92662,5,8,5
20260805_143856,43.134369,-70.92662,6,14,6
20260805_143857,43.134369,-70.92662,7,17,8
20260805_143857,43.134369,-70.92662,8,9,5
20260805_143858,43.134369,-70.92662,9,10,5
20260805_143859,43.134369,-70.92662,10,8,5
20260805_143859,43.134369,-70.92662,11,7,4
20260805_143900,43.134369,-70.92662,12,7,4
20260805_143900,43.134369,-70.92662,13,6,3
20260805_143901,43.134369,-70.92662,14,6,4
20260805_143901,43.134369,-70.92662,15,8,4
20260805_143902,43.134369,-70.92662,16,6,3
20260805_143902,43.134369,-70.92662,17,5,3
20260805_143903,43.134369,-70.92662,18,6,4
20260805_143903,43.134369,-70.92662,19,12,5
20260805_143904,43.134369,-70.92662,20,7,4
20260805_143904,43.134369,-70.92662,0,8,4
20260805_143905,43.134369,-70.92662,1,8,4
20260805_143905,43.134369,-70.92662,2,8,4
20260805_143906,43.134369,-70.92662,3,12,6
20260805_143906,43.134369,-70.92662,4,10,5
20260805_143907,43.134369,-70.92662,5,9,5
20260805_143907,43.134369,-70.92662,6,19,7
20260805_143908,43.134369,-70.92662,7,20,11
20260805_143908,43.134369,-70.92662,8,13,8
20260805_143909,43.134369,-70.92662,9,8,5
20260805_143909,43.134369,-70.92662,10,6,4
20260805_143910,43.134369,-70.92662,11,6,4
20260805_143910,43.134369,-70.92662,12,6,4
20260805_143911,43.134369,-70.92662,13,6,3
20260805_143911,43.134369,-70.92662,14,5,3
20260805_143912,43.134369,-70.92662,15,7,4
20260805_143912,43.134369,-70.92662,16,7,3
20260805_143913,43.134369,-70.92662,17,5,3
20260805_143913,43.134369,-70.92662,18,6,4
20260805_143914,43.134369,-70.92662,19,8,4
20260805_143914,43.134369,-70.92662,20,8,4
20260805_143915,43.134369,-70.92662,0,8,4
20260805_143915,43.134369,-70.92662,1,6,3
20260805_143916,43.134369,-70.92662,2,6,4
20260805_143916,43.134369,-70.92662,3,8,5
20260805_143917,43.134369,-70.92662,4,11,5
20260805_143917,43.134369,-70.92662,5,9,5
20260805_143918,43.134369,-70.92662,6,13,6
20260805_143918,43.134369,-70.92662,7,18,11
20260805_143919,43.134369,-70.92662,8,11,6
20260805_143919,43.134369,-70.92662,9,9,5
20260805_143920,43.134369,-70.92662,10,7,4
20260805_143920,43.134369,-70.92662,11,5,3
20260805_143921,43.134369,-70.92662,12,7,5
20260805_143921,43.134369,-70.92662,13,7,4
20260805_143922,43.134369,-70.92662,14,7,4
20260805_143922,43.134369,-70.92662,15,9,4
20260805_143923,43.134369,-70.92662,16,7,4
20260805_143923,43.134369,-70.92662,17,6,4
20260805_143924,43.134369,-70.92662,18,7,5
20260805_143924,43.134369,-70.92662,19,11,5
20260805_143925,43.134369,-70.92662,20,8,5
20260805_143925,43.134369,-70.92662,0,8,5
20260805_143926,43.134369,-70.92662,1,9,5
20260805_143926,43.134369,-70.92662,2,7,4
20260805_143927,43.134369,-70.92662,3,10,5
20260805_143927,43.134369,-70.92662,4,9,4
20260805_143928,43.134369,-70.92662,5,9,5
20260805_143928,43.134369,-70.92662,6,19,6
20260805_143929,43.134369,-70.92662,7,18,10
20260805_143929,43.134369,-70.92662,8,15,9
20260805_143930,43.134369,-70.92662,9,12,6
20260805_143930,43.134369,-70.92662,10,7,5
20260805_143931,43.134369,-70.92662,11,5,3
20260805_143931,43.134369,-70.92662,12,6,3
20260805_143932,43.134369,-70.92662,13,7,5
20260805_143932,43.134369,-70.92662,14,7,5
20260805_143933,43.134369,-70.92662,15,8,5
20260805_143933,43.134369,-70.92662,16,8,4
20260805_143934,43.134369,-70.92662,17,7,4
20260805_143934,43.134369,-70.92662,18,7,4
20260805_143935,43.134369,-70.92662,19,8,4
20260805_143935,43.134369,-70.92662,20,6,4
20260805_143936,43.134369,-70.92662,0,8,3
20260805_143936,43.134369,-70.92662,1,6,4
20260805_143937,43.134369,-70.92662,2,5,3
20260805_143937,43.134369,-70.92662,3,12,5
20260805_143938,43.134369,-70.92662,4,8,4
20260805_143938,43.134369,-70.92662,5,7,4
20260805_143939,43.134369,-70.92662,6,11,5
20260805_143939,43.134369,-70.92662,7,23,11
20260805_143940,43.134368,-70.92662,8,8,4
20260805_143940,43.134368,-70.92662,9,8,4
20260805_143941,43.134368,-70.92662,10,6,3
20260805_143941,43.134368,-70.92662,11,4,2
20260805_143942,43.134368,-70.92662,12,4,2
20260805_143943,43.134368,-70.92662,13,5,2
20260805_143943,43.134368,-70.92662,14,5,3
20260805_143944,43.134368,-70.92662,15,8,3
20260805_143944,43.134368,-70.92662,16,6,3
20260805_143945,43.134368,-70.92662,17,5,3
20260805_143945,43.134368,-70.92662,18,7,4
20260805_143946,43.134368,-70.92662,19,10,4
20260805_143946,43.134368,-70.92662,20,6,3
20260805_143947,43.134368,-70.92662,0,7,4
20260805_143947,43.134368,-70.92662,1,5,3
20260805_143948,43.134368,-70.92662,2,7,4
20260805_143948,43.134368,-70.92662,3,10,5
20260805_143949,43.134368,-70.92662,4,11,5
20260805_143949,43.134368,-70.92662,5,8,5
20260805_143950,43.134368,-70.92662,6,16,6
20260805_143950,43.134367,-70.92662,7,18,9
20260805_143951,43.134367,-70.92662,8,19,9
20260805_143951,43.134367,-70.92662,9,10,5
20260805_143952,43.134367,-70.92662,10,5,3
20260805_143952,43.134367,-70.92662,11,6,4
20260805_143953,43.134367,-70.92662,12,6,3
20260805_143953,43.134367,-70.92662,13,6,3
20260805_143954,43.134367,-70.92662,14,5,3
20260805_143954,43.134367,-70.92662,15,6,3
20260805_143955,43.134367,-70.92662,16,6,3
20260805_143955,43.134367,-70.92662,17,5,3
20260805_143956,43.134367,-70.92662,18,6,4
20260805_143956,43.134367,-70.92662,19,7,4
20260805_143957,43.134367,-70.92662,20,5,3
20260805_143957,43.134366,-70.92662,0,7,4
20260805_143958,43.134366,-70.92662,1,7,3
20260805_143958,43.134366,-70.92662,2,6,3
20260805_143959,43.134366,-70.92662,3,9,4
20260805_143959,43.134366,-70.92662,4,9,4
20260805_144000,43.134366,-70.92662,5,9,4
20260805_144000,43.134366,-70.92662,6,18,7
20260805_144001,43.134366,-70.92662,7,19,10
20260805_144001,43.134366,-70.92662,8,15,8
20260805_144002,43.134366,-70.92662,9,11,5
20260805_144002,43.134366,-70.92662,10,7,4
20260805_144003,43.134366,-70.92662,11,6,4
20260805_144003,43.134366,-70.92662,12,6,4
20260805_144004,43.134366,-70.926621,13,8,5
20260805_144004,43.134366,-70.926621,14,6,4
20260805_144005,43.134365,-70.926621,15,8,4
20260805_144005,43.134365,-70.926621,16,8,4
20260805_144006,43.134365,-70.926621,17,6,4
20260805_144006,43.134365,-70.926621,18,7,4
20260805_144007,43.134365,-70.926621,19,9,4
20260805_144007,43.134365,-70.926621,20,9,4
20260805_144008,43.134365,-70.926621,0,8,4
20260805_144008,43.134365,-70.926621,1,6,3
20260805_144009,43.134365,-70.926621,2,5,3
20260805_144009,43.134365,-70.926621,3,12,6
20260805_144010,43.134365,-70.926621,4,9,4
20260805_144010,43.134365,-70.926621,5,9,6
20260805_144011,43.134365,-70.926621,6,13,6
20260805_144011,43.134365,-70.926621,7,22,11
20260805_144012,43.134365,-70.926621,8,11,6
20260805_144012,43.134365,-70.926621,9,11,6
20260805_144013,43.134365,-70.926622,10,9,5
20260805_144013,43.134365,-70.926622,11,6,4
20260805_144014,43.134365,-70.926622,12,6,4
20260805_144014,43.134365,-70.926622,13,6,4
20260805_144015,43.134364,-70.926622,14,6,4
20260805_144016,43.134364,-70.926622,15,8,4
20260805_144016,43.134364,-70.926622,16,6,4
20260805_144017,43.134364,-70.926622,17,7,4
20260805_144017,43.134364,-70.926622,18,6,4
20260805_144018,43.134364,-70.926622,19,10,4
20260805_144018,43.134364,-70.926622,20,6,4
20260805_144019,43.134364,-70.926622,0,6,4
20260805_144019,43.134364,-70.926622,1,5,3
20260805_144020,43.134364,-70.926622,2,6,4
20260805_144020,43.134364,-70.926622,3,11,6
20260805_144021,43.134364,-70.926622,4,11,5
20260805_144021,43.134364,-70.926622,5,9,5
20260805_144022,43.134364,-70.926622,6,16,6
20260805_144022,43.134364,-70.926622,7,17,9
20260805_144023,43.134364,-70.926622,8,16,9
20260805_144023,43.134363,-70.926622,9,10,5
20260805_144024,43.134363,-70.926622,10,6,3
20260805_144024,43.134363,-70.926622,11,5,3
20260805_144025,43.134363,-70.926622,12,5,3
20260805_144025,43.134363,-70.926622,13,6,3
20260805_144026,43.134363,-70.926622,14,6,4
20260805_144026,43.134363,-70.926622,15,7,3
20260805_144027,43.134363,-70.926622,16,6,4
20260805_144027,43.134363,-70.926622,17,5,3
20260805_144028,43.134363,-70.926622,18,6,3
20260805_144028,43.134363,-70.926623,19,6,3
20260805_144029,43.134363,-70.926623,20,6,4
20260805_144029,43.134363,-70.926623,0,8,4
20260805_144030,43.134363,-70.926623,1,5,3
20260805_144030,43.134363,-70.926623,2,5,3
20260805_144031,43.134363,-70.926623,3,11,5
20260805_144031,43.134363,-70.926623,4,8,4
20260805_144032,43.134363,-70.926623,5,7,4
20260805_144032,43.134363,-70.926623,6,10,5
20260805_144033,43.134363,-70.926623,7,23,11
20260805_144033,43.134363,-70.926623,8,10,6
20260805_144034,43.134363,-70.926623,9,8,5
20260805_144034,43.134363,-70.926623,10,7,4
20260805_144035,43.134363,-70.926623,11,6,4
20260805_144035,43.134364,-70.926623,12,7,5
20260805_144036,43.134364,-70.926623,13,7,5
20260805_144036,43.134364,-70.926623,14,8,5
20260805_144037,43.134364,-70.926623,15,10,5
20260805_144037,43.134364,-70.926623,16,8,5
20260805_144038,43.134364,-70.926623,17,7,4
20260805_144038,43.134364,-70.926623,18,7,4
20260805_144039,43.134364,-70.926623,19,10,5
20260805_144039,43.134364,-70.926623,20,8,4
20260805_144040,43.134364,-70.926623,0,7,4
20260805_144040,43.134364,-70.926623,1,6,3
20260805_144041,43.134364,-70.926623,2,7,4
20260805_144041,43.134364,-70.926623,3,9,5
20260805_144042,43.134364,-70.926623,4,10,5
20260805_144042,43.134364,-70.926623,5,9,4
20260805_144043,43.134364,-70.926623,6,15,6
20260805_144043,43.134364,-70.926623,7,17,8
20260805_144044,43.134364,-70.926623,8,10,5
20260805_144044,43.134364,-70.926623,9,9,4
20260805_144045,43.134364,-70.926623,10,7,4
20260805_144045,43.134364,-70.926623,11,6,4
20260805_144046,43.134364,-70.926623,12,7,4
20260805_144046,43.134364,-70.926623,13,6,4
20260805_144047,43.134364,-70.926623,14,5,3
20260805_144047,43.134364,-70.926623,15,6,3
20260805_144048,43.134364,-70.926623,16,6,3
20260805_144048,43.134364,-70.926623,17,5,3
20260805_144049,43.134364,-70.926623,18,6,4
20260805_144049,43.134364,-70.926623,19,8,5
20260805_144050,43.134364,-70.926623,20,5,3
20260805_144050,43.134364,-70.926623,0,8,4
20260805_144051,43.134365,-70.926623,1,6,3
20260805_144051,43.134365,-70.926623,2,7,4
20260805_144052,43.134365,-70.926623,3,11,5
20260805_144052,43.134365,-70.926623,4,8,4
20260805_144053,43.134365,-70.926623,5,7,4
20260805_144053,43.134365,-70.926623,6,19,6
20260805_144054,43.134365,-70.926622,7,21,10
20260805_144054,43.134365,-70.926622,8,12,7
20260805_144055,43.134365,-70.926622,9,8,5
20260805_144055,43.134365,-70.926622,10,7,4
20260805_144056,43.134365,-70.926622,11,6,4
20260805_144056,43.134365,-70.926622,12,6,4
20260805_144057,43.134365,-70.926622,13,6,4
20260805_144057,43.134365,-70.926622,14,6,4
20260805_144058,43.134365,-70.926622,15,9,4
20260805_144059,43.134365,-70.926622,16,8,4
20260805_144059,43.134365,-70.926622,17,7,4
20260805_144100,43.134365,-70.926622,18,7,4
20260805_144100,43.134365,-70.926622,19,11,5
20260805_144101,43.134365,-70.926622,20,10,5
20260805_144101,43.134365,-70.926622,0,9,5
20260805_144102,43.134365,-70.926622,1,6,4
20260805_144102,43.134366,-70.926622,2,5,3
20260805_144103,43.134366,-70.926622,3,8,4
20260805_144103,43.134366,-70.926622,4,9,4
20260805_144104,43.134366,-70.926622,5,9,5
20260805_144104,43.134366,-70.926622,6,13,6
20260805_144105,43.134366,-70.926622,7,17,8
20260805_144105,43.134366,-70.926622,8,9,4
20260805_144106,43.134366,-70.926622,9,9,4
20260805_144106,43.134366,-70.926622,10,7,4
20260805_144107,43.134366,-70.926622,11,6,4
20260805_144107,43.134366,-70.926622,12,7,4
20260805_144108,43.134366,-70.926622,13,7,4
20260805_144108,43.134366,-70.926622,14,6,3
20260805_144109,43.134366,-70.926622,15,10,5
20260805_144109,43.134367,-70.926621,16,7,5
20260805_144110,43.134367,-70.926621,17,7,4
20260805_144110,43.134367,-70.926621,18,6,4
20260805_144111,43.134367,-70.926621,19,9,3
20260805_144111,43.134367,-70.926621,20,6,4
20260805_144112,43.134367,-70.926621,0,8,4
20260805_144112,43.134367,-70.926621,1,9,5
20260805_144113,43.134367,-70.926621,2,9,6
20260805_144113,43.134367,-70.926621,3,12,7
20260805_144114,43.134367,-70.926621,4,10,6
20260805_144114,43.134367,-70.926621,5,9,5
20260805_144115,43.134367,-70.926621,6,19,7
20260805_144115,43.134367,-70.926621,7,20,10
20260805_144116,43.134367,-70.926621,8,14,8
20260805_144116,43.134367,-70.926621,9,10,5
20260805_144117,43.134367,-70.926621,10,6,4
20260805_144117,43.134368,-70.926621,11,6,4
20260805_144118,43.134368,-70.926621,12,7,5
20260805_144118,43.134368,-70.926621,13,9,6
20260805_144119,43.134368,-70.926621,14,8,5
20260805_144119,43.134368,-70.926621,15,9,5
20260805_144120,43.134368,-70.926621,16,12,6
20260805_144120,43.134368,-70.926621,17,5,3
20260805_144121,43.134368,-70.926621,18,6,4
20260805_144121,43.134368,-70.926621,19,9,5
20260805_144122,43.134368,-70.926621,20,9,5
20260805_144122,43.134368,-70.926621,0,9,5
20260805_144123,43.134368,-70.926621,1,7,4
20260805_144123,43.134368,-70.926621,2,6,4
20260805_144124,43.134369,-70.926621,3,13,6
20260805_144124,43.134369,-70.926621,4,10,5
20260805_144125,43.134369,-70.926621,5,9,5
20260805_144125,43.134369,-70.926621,6,11,6
20260805_144126,43.134369,-70.926621,7,25,11
20260805_144126,43.134369,-70.926621,8,9,5
20260805_144127,43.134369,-70.92662,9,9,4
20260805_144127,43.134369,-70.92662,10,6,3
20260805_144128,43.134369,-70.92662,11,4,2
20260805_144128,43.134369,-70.92662,12,5,3
20260805_144129,43.134369,-70.92662,13,5,3
20260805_144129,43.134369,-70.92662,14,5,3
20260805_144130,43.134369,-70.92662,15,7,3
20260805_144130,43.134369,-70.92662,16,5,2
20260805_144131,43.134369,-70.92662,17,5,3
20260805_144131,43.134369,-70.92662,18,8,4
20260805_144132,43.134369,-70.92662,19,8,3
20260805_144132,43.134369,-70.92662,20,5,3
20260805_144133,43.134369,-70.92662,0,6,3
20260805_144133,43.134369,-70.92662,1,5,3
20260805_144134,43.134369,-70.92662,2,6,4
20260805_144134,43.134369,-70.92662,3,9,4
20260805_144135,43.134369,-70.92662,4,9,5
20260805_144135,43.134369,-70.92662,5,8,4
20260805_144136,43.134369,-70.92662,6,17,6
20260805_144136,43.134369,-70.92662,7,17,9
20260805_144137,43.134369,-70.92662,8,17,9
20260805_144138,43.134369,-70.92662,9,12,6
20260805_144138,43.134369,-70.92662,10,7,4
20260805_144139,43.134369,-70.92662,11,6,4
20260805_144139,43.134369,-70.92662,12,6,4
20260805_144140,43.134369,-70.92662,13,7,5
20260805_144140,43.134369,-70.92662,14,7,4
20260805_144141,43.134369,-70.92662,15,9,5
20260805_144141,43.134369,-70.92662,16,9,5
20260805_144142,43.134369,-70.92662,17,8,6
20260805_144142,43.134369,-70.92662,18,8,5
20260805_144143,43.134369,-70.92662,19,9,6
20260805_144143,43.134369,-70.92662,20,5,3
20260805_144144,43.134369,-70.92662,0,8,3
20260805_144144,43.134369,-70.92662,1,5,3
20260805_144145,43.134369,-70.92662,2,4,3
20260805_144145,43.134369,-70.92662,3,12,6
20260805_144146,43.134369,-70.92662,4,8,4
20260805_144146,43.134368,-70.92662,5,8,4
20260805_144147,43.134368,-70.92662,6,11,4
20260805_144147,43.134368,-70.92662,7,21,11
20260805_144148,43.134368,-70.92662,8,11,6
20260805_144148,43.134368,-70.92662,9,9,5
20260805_144149,43.134368,-70.92662,10,5,3
20260805_144149,43.134368,-70.92662,11,6,3
20260805_144150,43.134368,-70.92662,12,7,4
20260805_144150,43.134368,-70.92662,13,7,5
20260805_144151,43.134368,-70.92662,14,6,4
20260805_144151,43.134368,-70.92662,15,8,4
20260805_144152,43.134368,-70.92662,16,7,4
20260805_144152,43.134368,-70.92662,17,6,4
20260805_144153,43.134368,-70.92662,18,6,4
20260805_144153,43.134368,-70.92662,19,9,3
20260805_144154,43.134368,-70.92662,20,6,3
20260805_144154,43.134368,-70.92662,0,5,3
20260805_144155,43.134368,-70.92662,1,5,2
20260805_144155,43.134368,-70.92662,2,5,3
20260805_144156,43.134368,-70.92662,3,8,4
20260805_144156,43.134368,-70.92662,4,10,3
20260805_144157,43.134368,-70.92662,5,8,5
20260805_144157,43.134368,-70.926621,6,15,6
20260805_144158,43.134368,-70.926621,7,17,8
20260805_144158,43.134367,-70.926621,8,11,6
20260805_144159,43.134367,-70.926621,9,10,5
20260805_144159,43.134367,-70.926621,10,6,4
20260805_144200,43.134367,-70.926621,11,5,3
20260805_144200,43.134367,-70.926621,12,6,4
20260805_144201,43.134367,-70.926621,13,6,3
20260805_144201,43.134367,-70.926621,14,6,4
20260805_144202,43.134367,-70.926621,15,5,3
20260805_144202,43.134367,-70.926621,16,7,4
20260805_144203,43.134367,-70.926621,17,5,3
20260805_144203,43.134367,-70.926621,18,6,4
20260805_144204,43.134367,-70.926621,19,7,4
20260805_144204,43.134367,-70.926621,20,6,4
20260805_144205,43.134366,-70.926621,0,7,4
20260805_144205,43.134366,-70.926621,1,7,4
20260805_144206,43.134366,-70.926622,2,7,4
20260805_144206,43.134366,-70.926622,3,12,6
20260805_144207,43.134366,-70.926622,4,9,5
20260805_144207,43.134366,-70.926622,5,8,4
20260805_144208,43.134366,-70.926622,6,18,6
20260805_144208,43.134366,-70.926622,7,21,10
20260805_144209,43.134366,-70.926622,8,12,7
20260805_144209,43.134366,-70.926622,9,8,5
20260805_144210,43.134366,-70.926622,10,7,4
20260805_144210,43.134366,-70.926622,11,7,4
20260805_144211,43.134365,-70.926622,12,7,4
20260805_144211,43.134365,-70.926622,13,7,5
20260805_144212,43.134365,-70.926622,14,6,3
20260805_144212,43.134365,-70.926622,15,8,4
20260805_144213,43.134365,-70.926623,16,8,4
20260805_144213,43.134365,-70.926623,17,7,5
20260805_144214,43.134365,-70.926623,18,8,5
20260805_144214,43.134365,-70.926623,19,9,5
20260805_144215,43.134365,-70.926623,20,7,4
20260805_144215,43.134365,-70.926623,0,8,4
20260805_144216,43.134365,-70.926623,1,6,3
20260805_144216,43.134365,-70.926623,2,6,4
20260805_144217,43.134365,-70.926623,3,7,4
20260805_144217,43.134365,-70.926623,4,8,4
20260805_144218,43.134365,-70.926623,5,8,4
20260805_144218,43.134365,-70.926623,6,16,7
20260805_144219,43.134365,-70.926624,7,18,9
20260805_144219,43.134365,-70.926624,8,11,6
20260805_144220,43.134365,-70.926624,9,9,5
20260805_144221,43.134365,-70.926624,10,8,5
20260805_144221,43.134365,-70.926624,11,7,5
20260805_144222,43.134365,-70.926624,12,7,5
20260805_144222,43.134365,-70.926624,13,7,4
20260805_144223,43.134365,-70.926624,14,7,5
20260805_144223,43.134365,-70.926624,15,9,4
20260805_144224,43.134365,-70.926624,16,7,5
20260805_144224,43.134364,-70.926624,17,7,4
20260805_144225,43.134364,-70.926624,18,7,5
20260805_144225,43.134364,-70.926625,19,12,5
20260805_144226,43.134364,-70.926625,20,8,5
20260805_144226,43.134364,-70.926625,0,8,5
20260805_144227,43.134364,-70.926625,1,8,4
20260805_144227,43.134364,-70.926625,2,7,4
20260805_144228,43.134364,-70.926625,3,10,5
20260805_144228,43.134364,-70.926625,4,9,5
20260805_144229,43.134364,-70.926625,5,9,4
20260805_144229,43.134364,-70.926625,6,18,6
20260805_144230,43.134364,-70.926625,7,20,10
20260805_144230,43.134364,-70.926626,8,14,8
20260805_144231,43.134364,-70.926626,9,10,6
20260805_144231,43.134364,-70.926626,10,7,4
20260805_144232,43.134364,-70.926626,11,6,4
20260805_144232,43.134364,-70.926626,12,5,3
20260805_144233,43.134364,-70.926626,13,7,4
20260805_144233,43.134364,-70.926626,14,6,4
20260805_144234,43.134364,-70.926626,15,8,5
20260805_144234,43.134363,-70.926626,16,8,5
20260805_144235,43.134363,-70.926626,17,6,4
20260805_144235,43.134363,-70.926626,18,7,4
20260805_144236,43.134363,-70.926626,19,9,4
20260805_144236,43.134363,-70.926627,20,8,4
20260805_144237,43.134363,-70.926627,0,9,5
20260805_144237,43.134363,-70.926627,1,8,5
20260805_144238,43.134363,-70.926627,2,7,4
20260805_144238,43.134363,-70.926627,3,9,6
20260805_144239,43.134363,-70.926627,4,10,5
20260805_144239,43.134363,-70.926627,5,8,5
20260805_144240,43.134363,-70.926627,6,14,6
20260805_144240,43.134363,-70.926627,7,17,8
20260805_144241,43.134363,-70.926627,8,10,5
20260805_144241,43.134363,-70.926627,9,9,5
20260805_144242,43.134363,-70.926627,10,8,4
20260805_144242,43.134362,-70.926627,11,6,3
20260805_144243,43.134362,-70.926627,12,6,4
20260805_144243,43.134362,-70.926628,13,6,4
20260805_144244,43.134362,-70.926628,14,7,4
20260805_144244,43.134362,-70.926628,15,9,4
20260805_144245,43.134362,-70.926628,16,6,3
20260805_144245,43.134362,-70.926628,17,5,3
20260805_144246,43.134362,-70.926628,18,6,4
20260805_144246,43.134362,-70.926628,19,10,4
20260805_144247,43.134362,-70.926628,20,8,5
20260805_144247,43.134362,-70.926628,0,8,4
20260805_144248,43.134362,-70.926629,1,8,4
20260805_144248,43.134362,-70.926629,2,7,4
20260805_144249,43.134362,-70.926629,3,12,6
20260805_144249,43.134362,-70.926629,4,9,5
20260805_144250,43.134362,-70.926629,5,9,5
20260805_144250,43.134362,-70.926629,6,18,7
20260805_144251,43.134362,-70.926629,7,19,10
20260805_144251,43.134362,-70.926629,8,14,8
20260805_144252,43.134361,-70.926629,9,10,5
20260805_144252,43.134361,-70.926629,10,6,4
20260805_144253,43.134361,-70.926629,11,7,4
20260805_144253,43.134361,-70.926629,12,6,4
20260805_144254,43.134361,-70.926629,13,7,4
20260805_144254,43.134361,-70.926629,14,6,4
20260805_144255,43.134361,-70.926629,15,7,3
20260805_144255,43.134361,-70.926629,16,6,3
20260805_144256,43.134361,-70.926629,17,6,4
20260805_144256,43.134361,-70.926629,18,7,5
20260805_144257,43.134361,-70.926629,19,10,5
20260805_144257,43.134361,-70.926629,20,9,4
20260805_144258,43.134361,-70.926629,0,9,4
20260805_144258,43.134361,-70.926629,1,5,3
20260805_144259,43.134361,-70.926629,2,5,3
20260805_144259,43.134361,-70.926629,3,7,4
20260805_144300,43.134361,-70.926629,4,7,3
20260805_144300,43.134361,-70.926629,5,6,3
20260805_144301,43.134361,-70.926629,6,11,5
20260805_144301,43.134361,-70.926629,7,23,11
20260805_144302,43.134361,-70.926629,8,9,5
20260805_144302,43.134361,-70.926629,9,9,5
20260805_144303,43.134361,-70.926629,10,8,4
20260805_144303,43.134361,-70.926629,11,5,3
20260805_144304,43.134361,-70.926629,12,6,4
20260805_144304,43.134361,-70.926629,13,6,4
20260805_144305,43.134361,-70.926629,14,6,4
20260805_144305,43.134361,-70.926629,15,10,5
20260805_144306,43.134361,-70.926629,16,7,4
20260805_144306,43.134361,-70.926629,17,6,4
20260805_144307,43.134361,-70.926629,18,7,4
20260805_144308,43.134361,-70.926629,19,9,4
20260805_144308,43.134361,-70.926629,20,6,3
20260805_144309,43.134361,-70.926629,0,7,4
20260805_144309,43.134361,-70.926629,1,7,3
20260805_144310,43.134361,-70.926629,2,6,3
20260805_144310,43.134361,-70.926629,3,10,4
20260805_144311,43.134361,-70.926629,4,9,4
20260805_144311,43.134361,-70.926629,5,7,3
20260805_144312,43.134361,-70.926629,6,17,5
20260805_144312,43.134361,-70.926629,7,19,9
20260805_144313,43.134361,-70.926629,8,15,8
20260805_144313,43.134361,-70.926629,9,10,5
20260805_144314,43.134361,-70.926629,10,5,3
20260805_144314,43.134361,-70.926629,11,5,3
20260805_144315,43.134361,-70.926629,12,5,3
20260805_144315,43.134361,-70.926628,13,5,2
20260805_144316,43.134361,-70.926628,14,4,2
20260805_144316,43.134361,-70.926628,15,5,2
20260805_144317,43.134361,-70.926628,16,6,2
20260805_144317,43.134361,-70.926628,17,5,3
20260805_144318,43.134361,-70.926628,18,6,3
20260805_144318,43.134361,-70.926628,19,8,4
20260805_144319,43.134361,-70.926628,20,5,3
20260805_144319,43.134362,-70.926628,0,7,3
20260805_144320,43.134362,-70.926628,1,5,3
20260805_144320,43.134362,-70.926628,2,4,3
20260805_144321,43.134362,-70.926628,3,10,4
20260805_144321,43.134362,-70.926628,4,6,3
20260805_144322,43.134362,-70.926628,5,7,4
20260805_144322,43.134362,-70.926627,6,10,4
20260805_144323,43.134362,-70.926627,7,23,9
20260805_144323,43.134362,-70.926627,8,8,4
20260805_144324,43.134362,-70.926627,9,8,4
20260805_144324,43.134362,-70.926627,10,8,3
20260805_144325,43.134362,-70.926627,11,6,3
20260805_144325,43.134362,-70.926627,12,7,4
20260805_144326,43.134362,-70.926627,13,7,4
20260805_144326,43.134362,-70.926627,14,6,4
20260805_144327,43.134362,-70.926627,15,8,3
20260805_144327,43.134362,-70.926627,16,7,4
20260805_144328,43.134362,-70.926627,17,6,4
20260805_144328,43.134362,-70.926627,18,8,5
20260805_144329,43.134362,-70.926627,19,10,5
20260805_144329,43.134362,-70.926627,20,6,4
20260805_144330,43.134362,-70.926627,0,7,4
20260805_144330,43.134362,-70.926627,1,6,4
20260805_144331,43.134362,-70.926627,2,8,4
20260805_144331,43.134362,-70.926627,3,10,6
20260805_144332,43.134362,-70.926627,4,10,5
20260805_144332,43.134362,-70.926627,5,8,4
20260805_144333,43.134362,-70.926627,6,17,7
20260805_144333,43.134362,-70.926626,7,17,10
20260805_144334,43.134362,-70.926626,8,16,9
20260805_144334,43.134362,-70.926626,9,10,5
20260805_144335,43.134362,-70.926626,10,6,4
20260805_144335,43.134362,-70.926626,11,6,4
20260805_144336,43.134362,-70.926626,12,7,4
20260805_144336,43.134362,-70.926626,13,6,3
20260805_144337,43.134362,-70.926626,14,6,4
20260805_144337,43.134362,-70.926626,15,6,4
20260805_144338,43.134362,-70.926626,16,7,4
20260805_144338,43.134362,-70.926626,17,6,4
20260805_144339,43.134362,-70.926626,18,7,4
20260805_144339,43.134362,-70.926626,19,8,4
20260805_144340,43.134362,-70.926626,20,6,4
20260805_144340,43.134362,-70.926626,0,9,5
20260805_144341,43.134362,-70.926626,1,9,5
20260805_144341,43.134362,-70.926626,2,6,4
20260805_144342,43.134363,-70.926625,3,12,6
20260805_144342,43.134363,-70.926625,4,8,4
20260805_144343,43.134363,-70.926625,5,8,5
20260805_144343,43.134363,-70.926625,6,12,7
20260805_144344,43.134363,-70.926625,7,23,12
20260805_144344,43.134363,-70.926625,8,10,7
20260805_144345,43.134363,-70.926625,9,9,5
20260805_144345,43.134363,-70.926625,10,7,5
20260805_144346,43.134363,-70.926625,11,8,5
20260805_144346,43.134363,-70.926625,12,7,5
20260805_144347,43.134363,-70.926625,13,8,6
20260805_144347,43.134363,-70.926625,14,8,6
20260805_144348,43.134363,-70.926625,15,10,5
20260805_144348,43.134363,-70.926625,16,8,5
20260805_144349,43.134363,-70.926625,17,8,5
20260805_144349,43.134363,-70.926625,18,7,4
20260805_144350,43.134363,-70.926625,19,10,5
20260805_144350,43.134363,-70.926625,20,8,5
20260805_144351,43.134363,-70.926625,0,6,4
20260805_144352,43.134363,-70.926625,1,5,3
20260805_144352,43.134363,-70.926624,2,7,4
20260805_144353,43.134363,-70.926624,3,8,4
20260805_144353,43.134363,-70.926624,4,9,5
20260805_144354,43.134363,-70.926624,5,8,4
20260805_144354,43.134363,-70.926624,6,15,6
20260805_144355,43.134363,-70.926624,7,17,9
20260805_144355,43.134363,-70.926624,8,11,7
20260805_144356,43.134363,-70.926624,9,11,6
20260805_144356,43.134363,-70.926624,10,7,5
20260805_144357,43.134363,-70.926624,11,6,4
20260805_144357,43.134363,-70.926624,12,7,5
20260805_144358,43.134363,-70.926624,13,7,4
20260805_144358,43.134364,-70.926624,14,8,5
20260805_144359,43.134364,-70.926624,15,7,5
20260805_144359,43.134364,-70.926624,16,7,4
20260805_144400,43.134364,-70.926624,17,5,3
20260805_144400,43.134364,-70.926624,18,7,4
20260805_144401,43.134364,-70.926624,19,8,5
20260805_144401,43.134364,-70.926624,20,6,4
20260805_144402,43.134364,-70.926624,0,8,4
20260805_144402,43.134364,-70.926624,1,6,4
20260805_144403,43.134364,-70.926624,2,8,5
20260805_144403,43.134364,-70.926624,3,13,7
20260805_144404,43.134364,-70.926624,4,10,5
20260805_144404,43.134364,-70.926624,5,8,4
20260805_144405,43.134364,-70.926624,6,19,7
20260805_144405,43.134364,-70.926624,7,23,11
20260805_144406,43.134364,-70.926624,8,13,7
20260805_144406,43.134364,-70.926624,9,9,6
20260805_144407,43.134364,-70.926624,10,8,5
20260805_144407,43.134364,-70.926624,11,7,4
20260805_144408,43.134364,-70.926624,12,7,4
20260805_144408,43.134364,-70.926624,13,6,3
20260805_144409,43.134364,-70.926624,14,6,4
20260805_144409,43.134363,-70.926624,15,7,3
20260805_144410,43.134363,-70.926624,16,7,4
20260805_144410,43.134363,-70.926624,17,5,3
20260805_144411,43.134363,-70.926624,18,7,5
20260805_144411,43.134363,-70.926624,19,9,4
20260805_144412,43.134363,-70.926624,20,8,4
20260805_144412,43.134363,-70.926625,0,9,4
20260805_144413,43.134363,-70.926625,1,5,3
20260805_144413,43.134363,-70.926625,2,7,4
20260805_144414,43.134363,-70.926625,3,7,4
20260805_144414,43.134363,-70.926625,4,8,3
20260805_144415,43.134363,-70.926625,5,8,4
20260805_144415,43.134363,-70.926625,6,12,5
20260805_144416,43.134363,-70.926625,7,16,7
20260805_144416,43.134363,-70.926625,8,9,4
20260805_144417,43.134363,-70.926625,9,9,5
20260805_144417,43.134363,-70.926625,10,6,3
20260805_144418,43.134363,-70.926625,11,6,3
20260805_144418,43.134363,-70.926625,12,6,4
20260805_144419,43.134363,-70.926625,13,7,4
20260805_144419,43.134363,-70.926625,14,5,3
20260805_144420,43.134363,-70.926625,15,9,4
20260805_144420,43.134363,-70.926625,16,6,3
20260805_144421,43.134363,-70.926625,17,5,3
20260805_144421,43.134363,-70.926625,18,6,4
20260805_144422,43.134363,-70.926625,19,12,5
20260805_144422,43.134363,-70.926625,20,6,4
20260805_144423,43.134363,-70.926625,0,9,5
20260805_144423,43.134363,-70.926625,1,7,3
20260805_144424,43.134363,-70.926625,2,7,4
20260805_144424,43.134363,-70.926625,3,10,5
20260805_144425,43.134363,-70.926624,4,9,5
20260805_144425,43.134363,-70.926624,5,8,4
20260805_144426,43.134363,-70.926624,6,18,7
20260805_144426,43.134363,-70.926624,7,21,10
20260805_144427,43.134363,-70.926624,8,15,9
20260805_144427,43.134363,-70.926624,9,11,6
20260805_144428,43.134363,-70.926624,10,8,5
20260805_144428,43.134363,-70.926624,11,7,4
20260805_144429,43.134363,-70.926624,12,7,5
20260805_144429,43.134363,-70.926624,13,8,6
20260805_144430,43.134363,-70.926624,14,8,5
20260805_144430,43.134363,-70.926624,15,10,6
20260805_144431,43.134363,-70.926624,16,9,5
20260805_144431,43.134363,-70.926624,17,6,4
20260805_144432,43.134363,-70.926624,18,7,5
20260805_144433,43.134363,-70.926624,19,9,4
20260805_144433,43.134363,-70.926624,20,10,5
20260805_144434,43.134363,-70.926624,0,10,5
20260805_144434,43.134363,-70.926624,1,6,4
20260805_144435,43.134363,-70.926624,2,6,4
20260805_144435,43.134363,-70.926624,3,12,6
20260805_144436,43.134363,-70.926624,4,10,4
20260805_144436,43.134363,-70.926624,5,9,5
20260805_144437,43.134363,-70.926624,6,12,7
20260805_144437,43.134363,-70.926624,7,24,11
20260805_144438,43.134363,-70.926624,8,11,6
20260805_144438,43.134363,-70.926623,9,10,6
20260805_144439,43.134363,-70.926623,10,8,5
20260805_144439,43.134363,-70.926623,11,6,4
20260805_144440,43.134363,-70.926623,12,6,4
20260805_144440,43.134363,-70.926623,13,6,4
20260805_144441,43.134363,-70.926623,14,6,4
20260805_144441,43.134363,-70.926623,15,8,4
20260805_144442,43.134363,-70.926623,16,6,3
20260805_144442,43.134363,-70.926623,17,5,3
20260805_144443,43.134363,-70.926623,18,5,3
20260805_144443,43.134363,-70.926623,19,10,4
20260805_144444,43.134363,-70.926623,20,7,4
20260805_144444,43.134364,-70.926622,0,7,4
20260805_144445,43.134364,-70.926622,1,5,3
20260805_144445,43.134364,-70.926622,2,6,4
20260805_144446,43.134364,-70.926622,3,8,4
20260805_144446,43.134364,-70.926622,4,8,4
20260805_144447,43.134364,-70.926622,5,7,4
20260805_144447,43.134364,-70.926622,6,16,5
20260805_144448,43.134364,-70.926622,7,16,8
20260805_144448,43.134364,-70.926622,8,15,8
20260805_144449,43.134364,-70.926622,9,10,4
20260805_144449,43.134364,-70.926622,10,5,3
20260805_144450,43.134364,-70.926622,11,4,2
20260805_144450,43.134364,-70.926622,12,5,3
20260805_144451,43.134364,-70.926622,13,7,4
20260805_144451,43.134364,-70.926622,14,6,4
20260805_144452,43.134364,-70.926622,15,8,4
20260805_144452,43.134364,-70.926621,16,6,4
20260805_144453,43.134364,-70.926621,17,5,3
20260805_144453,43.134364,-70.926621,18,7,4
20260805_144454,43.134364,-70.926621,19,8,4
20260805_144454,43.134364,-70.926621,20,5,3
20260805_144455,43.134364,-70.926621,0,7,3
20260805_144455,43.134364,-70.926621,1,7,3
20260805_144456,43.134364,-70.926621,2,5,3
20260805_144456,43.134364,-70.926621,3,12,6
20260805_144457,43.134364,-70.926621,4,9,5
20260805_144457,43.134364,-70.926621,5,8,4
20260805_144458,43.134364,-70.926621,6,10,5
20260805_144458,43.134364,-70.926621,7,22,11
20260805_144459,43.134364,-70.926621,8,11,6
20260805_144459,43.134364,-70.926621,9,8,5
20260805_144500,43.134364,-70.926621,10,8,5
20260805_144500,43.134364,-70.926621,11,7,5
20260805_144501,43.134364,-70.926621,12,8,6
20260805_144501,43.134364,-70.926621,13,8,5
20260805_144502,43.134364,-70.926621,14,6,4
20260805_144502,43.134364,-70.926621,15,8,4
20260805_144503,43.134364,-70.926621,16,8,5
20260805_144503,43.134364,-70.926621,17,7,4
20260805_144504,43.134364,-70.92662,18,8,5
20260805_144504,43.134364,-70.92662,19,10,4
20260805_144505,43.134364,-70.92662,20,7,4
20260805_144505,43.134364,-70.92662,0,6,3
20260805_144506,43.134364,-70.92662,1,6,4
20260805_144506,43.134364,-70.92662,2,7,4
20260805_144507,43.134364,-70.92662,3,9,5
20260805_144507,43.134364,-70.92662,4,9,4
20260805_144508,43.134364,-70.92662,5,8,5
20260805_144508,43.134364,-70.92662,6,15,6
20260805_144509,43.134364,-70.92662,7,17,8
20260805_144509,43.134364,-70.92662,8,12,6
20260805_144510,43.134364,-70.92662,9,10,5
20260805_144510,43.134364,-70.92662,10,8,4
20260805_144511,43.134364,-70.92662,11,7,4
20260805_144511,43.134364,-70.92662,12,8,5
20260805_144512,43.134364,-70.92662,13,8,5
20260805_144513,43.134364,-70.92662,14,8,5
20260805_144513,43.134364,-70.92662,15,8,5
20260805_144514,43.134364,-70.92662,16,7,4
20260805_144514,43.134364,-70.92662,17,7,5
20260805_144515,43.134364,-70.92662,18,8,5
20260805_144515,43.134365,-70.92662,19,11,5
20260805_144516,43.134365,-70.92662,20,6,4
20260805_144516,43.134365,-70.92662,0,7,4
20260805_144517,43.134365,-70.92662,1,8,4
20260805_144517,43.134365,-70.92662,2,7,4
20260805_144518,43.134365,-70.92662,3,11,5
20260805_144518,43.134365,-70.92662,4,10,4
20260805_144519,43.134365,-70.92662,5,7,4
20260805_144519,43.134365,-70.92662,6,18,5
20260805_144520,43.134365,-70.92662,7,19,9
20260805_144520,43.134365,-70.92662,8,12,7
20260805_144521,43.134365,-70.92662,9,8,4
20260805_144521,43.134365,-70.92662,10,5,3
20260805_144522,43.134365,-70.92662,11,6,4
20260805_144522,43.134365,-70.92662,12,7,4
20260805_144523,43.134365,-70.92662,13,7,4
20260805_144523,43.134365,-70.92662,14,7,5
20260805_144524,43.134365,-70.92662,15,9,5
20260805_144524,43.134365,-70.92662,16,7,4
20260805_144525,43.134365,-70.92662,17,6,4
20260805_144525,43.134365,-70.92662,18,8,5
20260805_144526,43.134365,-70.92662,19,8,4
20260805_144526,43.134365,-70.92662,20,8,4
20260805_144527,43.134365,-70.92662,0,8,4
20260805_144527,43.134365,-70.926619,1,7,3
20260805_144528,43.134365,-70.926619,2,6,4
20260805_144528,43.134365,-70.926619,3,7,3
20260805_144529,43.134365,-70.926619,4,7,2
20260805_144529,43.134365,-70.926619,5,8,4
20260805_144530,43.134365,-70.926619,6,13,6
20260805_144530,43.134365,-70.926619,7,17,7
20260805_144531,43.134365,-70.926619,8,9,5
20260805_144531,43.134366,-70.926619,9,9,5
20260805_144532,43.134366,-70.926619,10,7,4
20260805_144532,43.134366,-70.926619,11,6,4
20260805_144533,43.134366,-70.926619,12,8,5
20260805_144533,43.134366,-70.926619,13,7,5
20260805_144534,43.134366,-70.926619,14,7,4
20260805_144534,43.134366,-70.926619,15,8,3
20260805_144535,43.134366,-70.926619,16,6,4
20260805_144535,43.134366,-70.926619,17,5,3
20260805_144536,43.134366,-70.926619,18,5,3
20260805_144536,43.134366,-70.926619,19,13,6
20260805_144537,43.134366,-70.926619,20,7,4
20260805_144537,43.134366,-70.926619,0,6,3
20260805_144538,43.134366,-70.926619,1,6,2
20260805_144538,43.134366,-70.926619,2,5,2
20260805_144539,43.134365,-70.926618,3,10,4
20260805_144539,43.134365,-70.926618,4,8,3
20260805_144540,43.134365,-70.926618,5,7,4
20260805_144540,43.134365,-70.926618,6,17,6
20260805_144541,43.134365,-70.926618,7,19,10
20260805_144541,43.134365,-70.926618,8,13,8
20260805_144542,43.134365,-70.926618,9,11,5
20260805_144542,43.134365,-70.926618,10,7,4
20260805_144543,43.134365,-70.926618,11,6,4
20260805_144543,43.134365,-70.926618,12,7,5
20260805_144544,43.134365,-70.926618,13,7,4
20260805_144544,43.134365,-70.926618,14,7,5
20260805_144545,43.134365,-70.926618,15,8,5
20260805_144545,43.134365,-70.926618,16,9,5
20260805_144546,43.134365,-70.926618,17,7,4
20260805_144546,43.134365,-70.926618,18,8,5
20260805_144547,43.134365,-70.926618,19,9,5
20260805_144547,43.134365,-70.926618,20,10,5
20260805_144548,43.134365,-70.926618,0,8,4
20260805_144548,43.134365,-70.926618,1,7,4
20260805_144549,43.134365,-70.926618,2,6,4
20260805_144549,43.134365,-70.926618,3,11,5
20260805_144550,43.134365,-70.926618,4,9,4
20260805_144550,43.134365,-70.926618,5,8,4
20260805_144551,43.134365,-70.926618,6,11,5
20260805_144551,43.134365,-70.926618,7,23,10
20260805_144552,43.134365,-70.926618,8,10,6
20260805_144552,43.134365,-70.926618,9,8,4
20260805_144553,43.134365,-70.926618,10,8,4
20260805_144553,43.134365,-70.926618,11,6,3
20260805_144554,43.134365,-70.926618,12,6,4
20260805_144555,43.134365,-70.926618,13,8,4
20260805_144555,43.134365,-70.926618,14,7,5
20260805_144556,43.134365,-70.926618,15,8,4
20260805_144556,43.134365,-70.926618,16,6,4
20260805_144557,43.134365,-70.926618,17,6,3
20260805_144557,43.134365,-70.926618,18,6,3
20260805_144558,43.134365,-70.926618,19,9,4
20260805_144558,43.134365,-70.926618,20,6,3
20260805_144559,43.134365,-70.926618,0,8,4
20260805_144559,43.134365,-70.926618,1,5,3
20260805_144600,43.134365,-70.926618,2,6,3
20260805_144600,43.134365,-70.926618,3,9,4
20260805_144601,43.134365,-70.926618,4,10,5
20260805_144601,43.134364,-70.926618,5,9,5
20260805_144602,43.134364,-70.926618,6,17,6
20260805_144602,43.134364,-70.926618,7,18,10
20260805_144603,43.134364,-70.926618,8,18,10
20260805_144603,43.134364,-70.926618,9,10,5
20260805_144604,43.134364,-70.926618,10,8,5
20260805_144604,43.134364,-70.926618,11,8,5
20260805_144605,43.134364,-70.926618,12,7,5
20260805_144605,43.134364,-70.926618,13,8,5
20260805_144606,43.134364,-70.926618,14,8,6
20260805_144606,43.134364,-70.926618,15,8,5
20260805_144607,43.134364,-70.926618,16,8,5
20260805_144607,43.134364,-70.926618,17,7,4
20260805_144608,43.134364,-70.926618,18,7,4
20260805_144608,43.134364,-70.926618,19,10,6
20260805_144609,43.134364,-70.926618,20,8,5
20260805_144609,43.134364,-70.926618,0,9,5
20260805_144610,43.134364,-70.926618,1,7,4
20260805_144610,43.134364,-70.926618,2,6,4
20260805_144611,43.134364,-70.926618,3,12,5
20260805_144611,43.134364,-70.926618,4,8,4
20260805_144612,43.134364,-70.926618,5,7,4
20260805_144612,43.134364,-70.926618,6,9,5
20260805_144613,43.134364,-70.926618,7,23,11
20260805_144613,43.134364,-70.926618,8,11,7
20260805_144614,43.134364,-70.926618,9,10,6
20260805_144614,43.134364,-70.926618,10,7,4
20260805_144615,43.134364,-70.926618,11,7,4
20260805_144615,43.134364,-70.926618,12,7,5
20260805_144616,43.134364,-70.926618,13,7,5
20260805_144616,43.134364,-70.926618,14,7,5
20260805_144617,43.134364,-70.926618,15,9,5
20260805_144617,43.134364,-70.926618,16,8,5
20260805_144618,43.134364,-70.926618,17,7,5
20260805_144618,43.134364,-70.926618,18,8,4
20260805_144619,43.134364,-70.926618,19,9,4
20260805_144619,43.134364,-70.926618,20,8,5
20260805_144620,43.134364,-70.926617,0,7,5
20260805_144620,43.134364,-70.926617,1,6,4
20260805_144621,43.134364,-70.926617,2,7,4
20260805_144621,43.134364,-70.926617,3,9,5
20260805_144622,43.134364,-70.926617,4,10,4
20260805_144622,43.134364,-70.926617,5,8,4
20260805_144623,43.134364,-70.926617,6,15,6
20260805_144623,43.134364,-70.926617,7,19,9
20260805_144624,43.134364,-70.926617,8,10,5
20260805_144624,43.134364,-70.926617,9,10,5
20260805_144625,43.134364,-70.926617,10,7,4
20260805_144625,43.134364,-70.926617,11,7,4
20260805_144626,43.134364,-70.926617,12,8,5
20260805_144626,43.134364,-70.926617,13,8,5
20260805_144627,43.134364,-70.926617,14,7,5
20260805_144627,43.134364,-70.926617,15,8,5
20260805_144628,43.134364,-70.926617,16,6,4
20260805_144628,43.134364,-70.926617,17,6,4
20260805_144629,43.134364,-70.926617,18,7,4
20260805_144629,43.134364,-70.926617,19,8,5
20260805_144630,43.134364,-70.926617,20,7,4
20260805_144630,43.134364,-70.926617,0,8,4
20260805_144631,43.134364,-70.926617,1,7,4
20260805_144631,43.134364,-70.926617,2,8,5
20260805_144632,43.134364,-70.926617,3,11,6
20260805_144632,43.134364,-70.926617,4,8,4
20260805_144633,43.134364,-70.926616,5,8,4
20260805_144633,43.134364,-70.926616,6,18,7
20260805_144634,43.134364,-70.926616,7,21,11
20260805_144634,43.134364,-70.926616,8,13,8
20260805_144635,43.134364,-70.926616,9,9,5
20260805_144635,43.134364,-70.926616,10,7,4
20260805_144636,43.134364,-70.926616,11,6,4
20260805_144637,43.134364,-70.926616,12,7,5
20260805_144637,43.134364,-70.926616,13,7,4
20260805_144638,43.134364,-70.926616,14,6,4
20260805_144638,43.134364,-70.926616,15,9,4
20260805_144639,43.134364,-70.926616,16,7,4
20260805_144639,43.134364,-70.926616,17,6,4
20260805_144640,43.134364,-70.926616,18,7,4
20260805_144640,43.134365,-70.926616,19,10,5
20260805_144641,43.134365,-70.926616,20,9,4
20260805_144641,43.134365,-70.926616,0,9,5
20260805_144642,43.134365,-70.926616,1,6,4
20260805_144642,43.134365,-70.926616,2,6,4
20260805_144643,43.134365,-70.926616,3,7,4
20260805_144643,43.134365,-70.926616,4,7,3
20260805_144644,43.134365,-70.926616,5,7,4
20260805_144644,43.134365,-70.926616,6,12,5
20260805_144645,43.134365,-70.926616,7,17,7
20260805_144645,43.134365,-70.926616,8,9,5
20260805_144646,43.134365,-70.926616,9,8,4
20260805_144646,43.134365,-70.926616,10,7,4
20260805_144647,43.134365,-70.926616,11,6,3
20260805_144647,43.134365,-70.926616,12,6,3
20260805_144648,43.134365,-70.926616,13,6,4
20260805_144648,43.134365,-70.926616,14,7,4
20260805_144649,43.134365,-70.926616,15,9,4
20260805_144649,43.134365,-70.926616,16,6,3
20260805_144650,43.134365,-70.926616,17,6,3
20260805_144650,43.134365,-70.926616,18,5,3
20260805_144651,43.134365,-70.926616,19,10,4
20260805_144651,43.134365,-70.926616,20,5,3
20260805_144652,43.134365,-70.926616,0,7,4
20260805_144652,43.134365,-70.926616,1,8,4
20260805_144653,43.134365,-70.926616,2,7,4
20260805_144653,43.134365,-70.926616,3,10,5
20260805_144654,43.134365,-70.926616,4,9,4
20260805_144654,43.134365,-70.926616,5,8,4
20260805_144655,43.134365,-70.926616,6,16,5
20260805_144655,43.134365,-70.926616,7,17,9
20260805_144656,43.134365,-70.926616,8,14,8
20260805_144656,43.134365,-70.926616,9,10,5
20260805_144657,43.134365,-70.926616,10,6,4
20260805_144657,43.134365,-70.926616,11,6,4
20260805_144658,43.134365,-70.926616,12,6,3
20260805_144658,43.134365,-70.926616,13,8,5
20260805_144659,43.134364,-70.926618,14,6,4
20260805_144659,43.134364,-70.926618,15,9,5
20260805_144700,43.134363,-70.926622,16,9,5
20260805_144700,43.134363,-70.926622,17,7,5
20260805_144701,43.134362,-70.926623,18,8,5
20260805_144701,43.134362,-70.926623,19,9,5
20260805_144702,43.134362,-70.926623,20,5,3
20260805_144702,43.134362,-70.926623,0,7,4
20260805_144703,43.134362,-70.926623,1,6,4
20260805_144703,43.134362,-70.926623,2,6,4
20260805_144704,43.134362,-70.926623,3,13,6
20260805_144704,43.134362,-70.926623,4,9,4
20260805_144705,43.134362,-70.926624,5,8,4
20260805_144705,43.134362,-70.926624,6,10,5
20260805_144706,43.134361,-70.926625,7,22,11
20260805_144706,43.134361,-70.926625,8,9,6
20260805_144707,43.13436,-70.926628,9,9,5
20260805_144707,43.13436,-70.926628,10,8,5
20260805_144708,43.134358,-70.926633,11,5,3
20260805_144708,43.134358,-70.926633,12,5,3
20260805_144709,43.134355,-70.926639,13,6,3
20260805_144709,43.134355,-70.926639,14,6,4
20260805_144710,43.134353,-70.926647,15,10,4
20260805_144710,43.134353,-70.926647,16,7,4
20260805_144711,43.13435,-70.926653,17,6,4
20260805_144711,43.13435,-70.926653,18,7,5
20260805_144712,43.134348,-70.926659,19,10,5
20260805_144712,43.134348,-70.926659,20,8,4
20260805_144713,43.134347,-70.926662,0,7,4
20260805_144713,43.134347,-70.926662,1,5,3
20260805_144714,43.134347,-70.926662,2,7,4
20260805_144715,43.134347,-70.926662,3,8,4
20260805_144715,43.134347,-70.926658,4,9,5
20260805_144716,43.134347,-70.926658,5,7,4
20260805_144716,43.134346,-70.92665,6,14,5
20260805_144717,43.134346,-70.92665,7,16,8
20260805_144717,43.134344,-70.926639,8,9,4
20260805_144718,43.134344,-70.926639,9,10,4
20260805_144718,,,10,5,3
20260805_144719,,,11,5,3
20260805_144719,,,12,6,3
20260805_144720,,,13,6,3
20260805_144720,,,14,6,4
20260805_144721,,,15,6,3
20260805_144721,,,16,5,3
20260805_144722,,,17,6,3
20260805_144722,,,18,6,4
20260805_144723,,,19,7,4
20260805_144723,43.134337,-70.926624,20,6,3
20260805_144724,43.134337,-70.926624,0,8,4
20260805_144724,43.134335,-70.926621,1,7,3
20260805_144725,43.134335,-70.926621,2,5,3
20260805_144725,43.134333,-70.926618,3,11,5
20260805_144726,43.134333,-70.926618,4,9,5
20260805_144726,43.134332,-70.926615,5,9,5
20260805_144727,43.134332,-70.926615,6,19,7
20260805_144727,43.13433,-70.926609,7,22,11
20260805_144728,43.13433,-70.926609,8,12,8
20260805_144728,43.134327,-70.926603,9,9,5
20260805_144729,43.134327,-70.926603,10,6,4
20260805_144729,43.134324,-70.926599,11,5,3
20260805_144730,43.134324,-70.926599,12,5,3
20260805_144730,43.134321,-70.926594,13,5,3
20260805_144731,43.134321,-70.926594,14,5,3
20260805_144731,43.134318,-70.926589,15,7,3
20260805_144732,43.134318,-70.926589,16,7,4
20260805_144732,43.134317,-70.926584,17,6,4
20260805_144733,43.134317,-70.926584,18,6,4
20260805_144733,43.134316,-70.926579,19,9,4
20260805_144734,43.134316,-70.926579,20,9,4
20260805_144734,43.134131,-70.926085,0,8,4
20260805_144735,43.134131,-70.926085,1,5,3
20260805_144735,43.134111,-70.926005,2,7,4
20260805_144736,43.134111,-70.926005,3,8,5
20260805_144736,43.13409,-70.925925,4,9,4
20260805_144737,43.13409,-70.925925,5,8,4
20260805_144737,43.134065,-70.92584,6,14,6
20260805_144738,43.134039,-70.925753,7,17,8
20260805_144738,43.134039,-70.925753,8,9,4
20260805_144739,43.134011,-70.925664,9,9,5
20260805_144739,43.134011,-70.925664,10,7,4
20260805_144740,43.133981,-70.925571,11,6,4
20260805_144740,43.133981,-70.925571,12,8,5
20260805_144741,43.133951,-70.925472,13,8,5
20260805_144741,43.133951,-70.925472,14,7,5
20260805_144742,43.133916,-70.925373,15,10,5
20260805_144742,43.133916,-70.925373,16,7,5
20260805_144743,43.133883,-70.925272,17,7,5
20260805_144743,43.133883,-70.925272,18,7,4
20260805_144744,43.133851,-70.925173,19,11,5
20260805_144744,43.133851,-70.925173,20,7,4
20260805_144745,43.133821,-70.925081,0,8,4
20260805_144745,43.133821,-70.925081,1,8,4
20260805_144746,43.133795,-70.925,2,8,5
20260805_144746,43.133795,-70.925,3,11,6
20260805_144747,,,4,9,5
20260805_144747,,,5,8,4
20260805_144748,,,6,19,7
20260805_144748,,,7,20,11
20260805_144749,,,8,15,9
20260805_144749,,,9,11,6
20260805_144750,,,10,8,5
20260805_144750,,,11,6,4
20260805_144751,,,12,7,5
20260805_144751,,,13,7,4
20260805_144752,,,14,6,4
20260805_144752,,,15,8,4
20260805_144753,43.134115,-70.924775,16,8,5
20260805_144753,43.134115,-70.924775,17,7,5
20260805_144754,43.134216,-70.924798,18,9,6
20260805_144754,43.134216,-70.924798,19,11,6
20260805_144755,43.134305,-70.924817,20,10,5
20260805_144756,43.134305,-70.924817,0,11,6
20260805_144756,43.134396,-70.924847,1,8,5
20260805_144757,43.134396,-70.924847,2,7,4
20260805_144757,43.134485,-70.924872,3,13,6
20260805_144758,43.134485,-70.924872,4,9,4
20260805_144758,43.134574,-70.924898,5,7,4
20260805_144759,43.134574,-70.924898,6,12,5
20260805_144759,43.134662,-70.924926,7,22,11
20260805_144800,43.134662,-70.924926,8,9,5
20260805_144800,43.134749,-70.924956,9,8,5
20260805_144801,43.134749,-70.924956,10,8,4
20260805_144801,43.134835,-70.924987,11,4,3
20260805_144802,43.134835,-70.924987,12,5,2
20260805_144802,43.134919,-70.925019,13,5,3
20260805_144803,43.134919,-70.925019,14,5,3
20260805_144803,43.135003,-70.92505,15,8,3
20260805_144804,43.135003,-70.92505,16,6,3
20260805_144804,43.135085,-70.925081,17,5,3
20260805_144805,43.135085,-70.925081,18,5,3
20260805_144805,43.135167,-70.92511,19,9,3
20260805_144806,43.135167,-70.92511,20,7,4
20260805_144806,43.135252,-70.92514,0,7,4
20260805_144807,43.135252,-70.92514,1,5,3
20260805_144807,43.135337,-70.925169,2,7,4
20260805_144808,43.135337,-70.925169,3,9,5
20260805_144808,43.135423,-70.925199,4,10,4
20260805_144809,43.135423,-70.925199,5,8,5
20260805_144809,43.135508,-70.925229,6,17,6
20260805_144810,43.135508,-70.925229,7,18,10
20260805_144810,43.135595,-70.925262,8,16,8
20260805_144811,43.135595,-70.925262,9,9,4
20260805_144811,43.135681,-70.925292,10,5,3
20260805_144812,43.135681,-70.925292,11,4,2
20260805_144812,43.135768,-70.925324,12,4,3
20260805_144813,43.135768,-70.925324,13,5,3
20260805_144813,43.135856,-70.925355,14,5,3
20260805_144814,43.135856,-70.925355,15,5,3
20260805_144814,43.135944,-70.925385,16,7,4
20260805_144815,43.135944,-70.925385,17,5,3
20260805_144815,43.136028,-70.925415,18,5,3
20260805_144816,43.136028,-70.925415,19,6,3
20260805_144816,43.13611,-70.925443,20,5,3
20260805_144817,43.13611,-70.925443,0,7,3
20260805_144817,43.136191,-70.925473,1,5,2
20260805_144818,43.136276,-70.925503,2,5,3
20260805_144818,43.136276,-70.925503,3,10,4
20260805_144819,43.136363,-70.925535,4,6,3
20260805_144819,43.136363,-70.925535,5,7,4
20260805_144820,43.136452,-70.925568,6,8,4
20260805_144820,43.136452,-70.925568,7,21,9
20260805_144821,43.136542,-70.925601,8,9,5
20260805_144821,43.136542,-70.925601,9,8,4
20260805_144822,43.136634,-70.925634,10,6,4
20260805_144822,43.136634,-70.925634,11,5,3
20260805_144823,43.136727,-70.925666,12,5,3
20260805_144823,43.136727,-70.925666,13,5,3
20260805_144824,43.136822,-70.925699,14,5,3
20260805_144824,43.136822,-70.925699,15,7,3
20260805_144825,43.136917,-70.925732,16,6,3
20260805_144825,43.136917,-70.925732,17,5,3
20260805_144826,,,18,6,3
20260805_144826,,,19,8,3
20260805_144827,,,20,7,3
20260805_144827,,,0,5,3
20260805_144828,,,1,4,2
20260805_144828,,,2,4,2
20260805_144829,43.137271,-70.925853,3,7,3
20260805_144829,43.137271,-70.925853,4,9,4
20260805_144830,43.137358,-70.925882,5,8,4
20260805_144830,43.137358,-70.925882,6,14,5
20260805_144831,43.137442,-70.925911,7,17,9
20260805_144831,43.137442,-70.925911,8,9,5
20260805_144832,43.137523,-70.925937,9,10,5
20260805_144832,43.137523,-70.925937,10,7,4
20260805_144833,,,11,6,3
20260805_144833,,,12,6,4
20260805_144834,,,13,6,4
20260805_144834,,,14,6,4
20260805_144835,,,15,6,3
20260805_144835,,,16,6,3
20260805_144836,,,17,4,3
20260805_144837,,,18,6,3
20260805_144837,,,19,7,4
20260805_144838,,,20,5,3
20260805_144838,,,0,6,3
20260805_144839,,,1,5,3
20260805_144839,,,2,6,3
20260805_144840,,,3,11,5
20260805_144840,43.137729,-70.926199,4,7,3
20260805_144841,43.137729,-70.926199,5,8,4
20260805_144841,43.137708,-70.926272,6,18,6
20260805_144842,43.137708,-70.926272,7,22,11
20260805_144842,43.137686,-70.92635,8,12,7
20260805_144843,43.137686,-70.92635,9,9,5
20260805_144843,43.137665,-70.926433,10,7,5
20260805_144844,43.137665,-70.926433,11,7,4
20260805_144844,43.137642,-70.926522,12,7,5
20260805_144845,43.137642,-70.926522,13,7,5
20260805_144845,43.137616,-70.926619,14,6,4
20260805_144846,43.137616,-70.926619,15,8,3
20260805_144846,43.137587,-70.92672,16,7,4
20260805_144847,43.137587,-70.92672,17,6,4
20260805_144847,43.137558,-70.926827,18,7,5
20260805_144848,43.137558,-70.926827,19,9,5
20260805_144848,43.137528,-70.926935,20,8,4
20260805_144849,43.137528,-70.926935,0,8,4
20260805_144849,43.137499,-70.927048,1,6,4
20260805_144850,43.137499,-70.927048,2,8,4
20260805_144850,43.137471,-70.92716,3,9,6
20260805_144851,43.137471,-70.92716,4,8,4
20260805_144851,43.13744,-70.927272,5,9,5
20260805_144852,43.13744,-70.927272,6,14,5
20260805_144852,43.137407,-70.927385,7,16,8
20260805_144853,43.137407,-70.927385,8,10,6
20260805_144853,43.137375,-70.927503,9,9,5
20260805_144854,43.137375,-70.927503,10,7,4
20260805_144854,43.137343,-70.927624,11,6,4
20260805_144855,43.137343,-70.927624,12,6,4
20260805_144855,43.137314,-70.927747,13,7,4
20260805_144856,43.137314,-70.927747,14,6,3
20260805_144856,43.137283,-70.927873,15,10,4
20260805_144857,43.137283,-70.927873,16,8,4
20260805_144857,43.137251,-70.927997,17,6,4
20260805_144858,43.137251,-70.927997,18,5,3
20260805_144858,43.137212,-70.928119,19,10,4
20260805_144859,43.137212,-70.928119,20,6,4
20260805_144859,43.137177,-70.928242,0,7,4
20260805_144900,43.137177,-70.928242,1,7,4
20260805_144900,43.137143,-70.928367,2,7,4
20260805_144901,43.137143,-70.928367,3,12,6
20260805_144901,43.137109,-70.928487,4,9,5
20260805_144902,43.137076,-70.928617,5,9,5
20260805_144902,43.137076,-70.928617,6,19,7
20260805_144903,43.137041,-70.928746,7,20,10
20260805_144903,43.137041,-70.928746,8,13,8
20260805_144904,43.137007,-70.928873,9,9,6
20260805_144904,43.137007,-70.928873,10,7,4
20260805_144905,43.136974,-70.929,11,5,4
20260805_144905,43.136974,-70.929,12,6,3
20260805_144906,43.136941,-70.929126,13,6,3
20260805_144906,43.136941,-70.929126,14,5,3
20260805_144907,43.13691,-70.929251,15,7,3
20260805_144907,43.13691,-70.929251,16,7,3
20260805_144908,43.136878,-70.929372,17,5,3
20260805_144908,43.136878,-70.929372,18,6,3
20260805_144909,43.136846,-70.929494,19,7,3
20260805_144909,43.136846,-70.929494,20,6,3
20260805_144910,43.136815,-70.929614,0,6,2
20260805_144910,43.136815,-70.929614,1,4,3
20260805_144911,43.136784,-70.929733,2,5,3
20260805_144911,43.136784,-70.929733,3,6,3
20260805_144912,43.136752,-70.929851,4,9,3
20260805_144912,43.136752,-70.929851,5,7,4
20260805_144913,43.136721,-70.929968,6,11,5
20260805_144913,43.136721,-70.929968,7,22,10
20260805_144914,43.136691,-70.930083,8,10,5
20260805_144914,43.136691,-70.930083,9,9,5
20260805_144915,43.136662,-70.930199,10,9,5
20260805_144915,43.136662,-70.930199,11,5,3
20260805_144916,43.136634,-70.930314,12,6,3
20260805_144916,43.136634,-70.930314,13,6,4
20260805_144917,43.136608,-70.930426,14,5,3
20260805_144917,43.136608,-70.930426,15,8,3
20260805_144918,43.136583,-70.930535,16,8,4
20260805_144918,43.136583,-70.930535,17,5,3
20260805_144919,43.136558,-70.930641,18,5,3
20260805_144920,43.136558,-70.930641,19,9,3
20260805_144920,43.136537,-70.930744,20,6,4
20260805_144921,43.136537,-70.930744,0,7,4
20260805_144921,,,1,7,3
20260805_144922,,,2,6,3
20260805_144922,,,3,9,4
20260805_144923,,,4,9,4
20260805_144923,,,5,8,4
20260805_144924,,,6,17,6
20260805_144924,,,7,18,9
20260805_144925,,,8,14,8
20260805_144925,,,9,10,5
20260805_144926,,,10,6,4
20260805_144926,43.136475,-70.931057,11,5,3
20260805_144927,43.136475,-70.931057,12,5,3
20260805_144927,43.136481,-70.931104,13,7,3
20260805_144928,43.136481,-70.931104,14,5,3
20260805_144928,43.13649,-70.931163,15,7,3
20260805_144929,43.13649,-70.931163,16,8,4
20260805_144929,43.136504,-70.931229,17,4,2
20260805_144930,43.136504,-70.931229,18,5,3
20260805_144930,,,19,6,3
20260805_144931,,,20,4,2
20260805_144931,,,0,6,2
20260805_144932,,,1,4,2
20260805_144932,,,2,4,2
20260805_144933,,,3,10,4
20260805_144933,,,4,8,3
20260805_144934,,,5,7,3
20260805_144934,,,6,10,5
20260805_144935,,,7,23,11
20260805_144935,,,8,9,6
20260805_144936,,,9,8,4
20260805_144936,,,10,9,5
20260805_144937,,,11,6,4
20260805_144937,,,12,8,5
20260805_144938,,,13,6,4
20260805_144938,,,14,6,3
20260805_144939,,,15,9,4
20260805_144939,,,16,8,5
20260805_144940,,,17,7,4
20260805_144940,,,18,6,3
20260805_144941,,,19,9,4
20260805_144941,,,20,6,3
20260805_144942,,,0,7,4
20260805_144942,,,1,5,3
20260805_144943,,,2,8,5
20260805_144943,,,3,10,6
20260805_144944,,,4,9,4
20260805_144944,,,5,10,6
20260805_144945,,,6,17,7
20260805_144945,,,7,17,9
20260805_144946,,,8,18,10
20260805_144946,,,9,11,5
20260805_144947,,,10,7,4
20260805_144947,,,11,6,4
20260805_144948,,,12,7,5
20260805_144948,,,13,7,4
20260805_144949,,,14,7,5
20260805_144949,,,15,8,5
20260805_144950,,,16,7,4
20260805_144950,,,17,6,4
20260805_144951,,,18,6,4
20260805_144951,,,19,7,4
20260805_144952,,,20,6,4
20260805_144952,,,0,8,4
20260805_144953,,,1,8,4
20260805_144953,,,2,7,5
20260805_144954,,,3,13,6
20260805_144954,,,4,10,5
20260805_144955,,,5,9,5
20260805_144955,,,6,21,7
20260805_144956,,,7,24,12
20260805_144956,,,8,11,7
20260805_144957,,,9,9,5
20260805_144957,,,10,7,4
20260805_144958,,,11,6,4
20260805_144958,,,12,6,4
20260805_144959,,,13,6,4
20260805_144959,,,14,6,4
20260805_145000,,,15,7,3
20260805_145000,,,16,6,3
20260805_145001,,,17,5,3
20260805_145002,,,18,6,3
20260805_145002,,,19,8,4
20260805_145003,,,20,7,4
20260805_145003,,,0,7,5
20260805_145004,,,1,6,3
20260805_145004,,,2,6,4
20260805_145005,,,3,9,5
20260805_145005,,,4,10,5
20260805_145006,,,5,10,6
20260805_145006,,,6,15,7
20260805_145007,,,7,18,9
20260805_145007,,,8,9,5
20260805_145008,,,9,9,5
20260805_145008,,,10,7,4
20260805_145009,,,11,6,3
20260805_145009,,,12,6,4
20260805_145010,,,13,8,5
20260805_145010,,,14,7,5
20260805_145011,,,15,7,5
20260805_145011,,,16,6,3
20260805_145012,,,17,6,3
20260805_145012,,,18,6,4
20260805_145013,,,19,8,5
20260805_145013,,,20,4,3
20260805_145014,,,0,6,3
20260805_145014,,,1,6,3
20260805_145015,,,2,6,3
20260805_145015,,,3,11,5
20260805_145016,,,4,8,4
20260805_145016,,,5,7,4
20260805_145017,,,6,17,6
20260805_145017,,,7,21,10
20260805_145018,,,8,12,7
20260805_145018,,,9,10,5
20260805_145019,,,10,7,4
20260805_145019,,,11,5,3
20260805_145020,,,12,5,3
20260805_145020,,,13,6,4
20260805_145021,,,14,5,3
20260805_145021,,,15,6,3
20260805_145022,,,16,7,4
20260805_145022,,,17,6,4
20260805_145023,,,18,7,4
20260805_145023,,,19,9,4
20260805_145024,,,20,8,4
20260805_145024,,,0,8,3
20260805_145025,,,1,5,3
20260805_145025,,,2,5,3
20260805_145026,,,3,7,4
20260805_145026,,,4,9,4
20260805_145027,,,5,7,4
20260805_145027,,,6,12,5
20260805_145028,,,7,17,7
20260805_145028,,,8,9,5
20260805_145029,,,9,9,5
20260805_145029,,,10,7,4
20260805_145030,,,11,5,3
20260805_145030,,,12,6,4
20260805_145031,,,13,6,3
20260805_145031,,,14,6,3
20260805_145032,,,15,11,5
20260805_145032,,,16,7,4
20260805_145033,,,17,6,4
20260805_145033,,,18,7,4
20260805_145034,,,19,10,5
20260805_145034,,,20,6,4
20260805_145035,,,0,6,3
20260805_145035,,,1,6,3
20260805_145036,43.14049,-70.940666,2,7,4
20260805_145036,43.14049,-70.940666,3,11,6
20260805_145037,43.140524,-70.940758,4,10,5
20260805_145037,43.140524,-70.940758,5,8,4
20260805_145038,43.140554,-70.940842,6,17,6
20260805_145038,43.140554,-70.940842,7,18,9
20260805_145039,43.140589,-70.94092,8,14,8
20260805_145039,43.140589,-70.94092,9,9,4
20260805_145040,43.140629,-70.94099,10,5,3
20260805_145040,43.140629,-70.94099,11,5,3
20260805_145041,43.140674,-70.94105,12,6,4
20260805_145041,43.140674,-70.94105,13,7,4
20260805_145042,43.140717,-70.941108,14,7,5
20260805_145042,43.140717,-70.941108,15,8,4
20260805_145043,43.140753,-70.941171,16,8,4
20260805_145043,43.140753,-70.941171,17,4,2
20260805_145044,43.140781,-70.941238,18,5,3
20260805_145044,43.140781,-70.941238,19,7,3
20260805_145045,43.140803,-70.941307,20,8,4
20260805_145046,43.140803,-70.941307,0,7,3
20260805_145046,,,1,4,2
20260805_145047,,,2,5,3
20260805_145047,,,3,7,4
20260805_145048,,,4,6,2
20260805_145048,,,5,7,4
20260805_145049,,,6,12,5
20260805_145049,,,7,20,9
20260805_145050,,,8,8,4
20260805_145050,43.140558,-70.94145,9,7,3
20260805_145051,43.140558,-70.94145,10,7,3
20260805_145051,43.140491,-70.941466,11,4,2
20260805_145052,43.140491,-70.941466,12,6,4
20260805_145052,43.140426,-70.941494,13,6,4
20260805_145053,43.140426,-70.941494,14,5,3
20260805_145053,43.140368,-70.941534,15,8,3
20260805_145054,43.140368,-70.941534,16,5,3
20260805_145054,43.140311,-70.941581,17,5,3
20260805_145055,43.140311,-70.941581,18,4,3
20260805_145055,43.140254,-70.941632,19,9,4
20260805_145056,43.140254,-70.941632,20,7,3
20260805_145056,43.140197,-70.941689,0,6,3
20260805_145057,43.140197,-70.941689,1,7,3
20260805_145057,43.140139,-70.94175,2,6,3
20260805_145058,43.140139,-70.94175,3,9,4
20260805_145058,43.140081,-70.941813,4,8,4
20260805_145059,43.140081,-70.941813,5,7,3
20260805_145059,43.140024,-70.941878,6,16,5
20260805_145100,43.140024,-70.941878,7,17,8
20260805_145100,43.139966,-70.941945,8,15,7
20260805_145101,43.139966,-70.941945,9,10,4
20260805_145101,43.139907,-70.942014,10,5,3
20260805_145102,43.139907,-70.942014,11,4,2
20260805_145102,43.139848,-70.942086,12,5,3
20260805_145103,43.139848,-70.942086,13,5,3
20260805_145103,43.139787,-70.942158,14,5,3
20260805_145104,43.139787,-70.942158,15,7,4
20260805_145104,43.139725,-70.942227,16,6,3
20260805_145105,43.139725,-70.942227,17,6,4
20260805_145105,43.13966,-70.942291,18,7,4
20260805_145106,43.13966,-70.942291,19,8,4
20260805_145106,43.139592,-70.942349,20,5,3
20260805_145107,43.139592,-70.942349,0,8,3
20260805_145107,,,1,5,3
20260805_145108,,,2,5,3
20260805_145108,,,3,12,6
20260805_145109,,,4,9,4
20260805_145109,,,5,8,4
20260805_145110,,,6,11,5
20260805_145110,,,7,22,10
20260805_145111,,,8,9,5
20260805_145111,,,9,8,4
20260805_145112,,,10,7,3
20260805_145112,,,11,4,2
20260805_145113,,,12,5,3
20260805_145113,,,13,5,3
20260805_145114,43.13894,-70.942178,14,5,3
20260805_145114,43.13894,-70.942178,15,8,3
20260805_145115,43.138886,-70.942077,16,6,3
20260805_145115,43.138886,-70.942077,17,5,3
20260805_145116,43.138839,-70.941969,18,6,4
20260805_145116,43.138839,-70.941969,19,9,4
20260805_145117,43.138799,-70.941857,20,6,3
20260805_145117,43.138799,-70.941857,0,6,3
20260805_145118,43.13876,-70.941746,1,4,2
20260805_145118,43.13876,-70.941746,2,5,2
20260805_145119,43.13872,-70.941634,3,8,3
20260805_145119,43.13872,-70.941634,4,8,4
20260805_145120,43.138677,-70.941527,5,6,3
20260805_145120,43.138677,-70.941527,6,14,4
20260805_145121,43.138628,-70.941424,7,17,7
20260805_145121,43.138628,-70.941424,8,16,8
20260805_145122,,,9,9,3
20260805_145122,,,10,4,2
20260805_145123,,,11,4,2
20260805_145123,,,12,5,2
20260805_145124,43.138481,-70.941114,13,5,3
20260805_145124,43.138481,-70.941114,14,4,2
20260805_145125,43.138428,-70.941019,15,5,3
20260805_145125,43.138428,-70.941019,16,5,3
20260805_145126,43.13838,-70.940926,17,4,2
20260805_145126,43.13838,-70.940926,18,5,3
20260805_145127,43.138335,-70.940832,19,6,3
20260805_145127,43.138335,-70.940832,20,4,2
20260805_145128,43.13829,-70.940735,0,6,3
20260805_145129,43.13829,-70.940735,1,5,2
20260805_145129,43.138249,-70.940635,2,4,2
20260805_145130,43.138249,-70.940635,3,11,5
20260805_145130,43.138208,-70.940534,4,7,3
20260805_145131,43.138208,-70.940534,5,6,3
20260805_145131,43.138169,-70.940434,6,17,5
20260805_145132,43.138169,-70.940434,7,20,9
20260805_145132,43.138134,-70.940336,8,9,5
20260805_145133,43.138134,-70.940336,9,7,3
20260805_145133,43.138094,-70.940237,10,5,3
20260805_145134,43.138094,-70.940237,11,5,3
20260805_145134,43.138051,-70.940136,12,6,4
20260805_145135,43.138051,-70.940136,13,6,4
20260805_145135,43.138007,-70.940035,14,5,3
20260805_145136,43.138007,-70.940035,15,7,3
20260805_145136,43.13796,-70.939933,16,6,3
20260805_145137,43.13796,-70.939933,17,6,3
20260805_145137,43.137915,-70.939837,18,6,3
20260805_145138,43.137915,-70.939837,19,8,3
20260805_145138,43.137865,-70.93974,20,7,3
20260805_145139,43.137865,-70.93974,0,6,3
20260805_145139,43.137816,-70.939648,1,5,3
20260805_145140,43.137816,-70.939648,2,6,3
20260805_145140,43.137759,-70.939553,3,8,4
20260805_145141,43.137759,-70.939553,4,10,4
20260805_145141,43.137702,-70.93946,5,8,4
20260805_145142,43.137702,-70.93946,6,15,6
20260805_145142,43.137648,-70.939363,7,17,8
20260805_145143,43.137648,-70.939363,8,10,5
20260805_145143,43.137594,-70.939266,9,9,5
20260805_145144,43.137594,-70.939266,10,7,4
20260805_145144,43.137541,-70.939172,11,4,2
20260805_145145,43.137541,-70.939172,12,5,2
20260805_145145,43.137487,-70.939076,13,5,2
20260805_145146,43.137487,-70.939076,14,4,2
20260805_145146,43.137433,-70.938978,15,4,2
20260805_145147,43.137433,-70.938978,16,5,3
20260805_145147,43.137379,-70.938877,17,4,2
20260805_145148,43.137379,-70.938877,18,5,3
20260805_145148,43.137324,-70.938774,19,9,3
20260805_145149,43.137324,-70.938774,20,5,3
20260805_145149,43.137271,-70.938668,0,6,3
20260805_145150,43.137271,-70.938668,1,6,3
20260805_145150,43.137221,-70.938559,2,5,3
20260805_145151,43.137221,-70.938559,3,11,5
20260805_145151,43.137172,-70.938451,4,8,4
20260805_145152,43.137172,-70.938451,5,8,4
20260805_145152,43.137124,-70.93834,6,18,6
20260805_145153,43.137124,-70.93834,7,19,10
20260805_145153,43.137076,-70.938231,8,13,8
20260805_145154,43.137029,-70.938125,9,7,4
20260805_145154,43.137029,-70.938125,10,5,3
20260805_145155,43.136985,-70.938021,11,5,3
20260805_145155,43.136985,-70.938021,12,6,4
20260805_145156,43.136941,-70.937919,13,7,4
20260805_145156,43.136941,-70.937919,14,6,4
20260805_145157,43.136898,-70.93782,15,8,4
20260805_145157,43.136898,-70.93782,16,7,3
20260805_145158,43.136856,-70.937723,17,5,3
20260805_145158,43.136856,-70.937723,18,5,3
20260805_145159,43.136814,-70.93763,19,8,4
20260805_145159,43.136814,-70.93763,20,7,3
20260805_145200,,,0,7,3
20260805_145200,,,1,4,3
20260805_145201,,,2,5,3
20260805_145201,,,3,6,3
20260805_145202,,,4,9,4
20260805_145202,,,5,8,5
20260805_145203,,,6,13,6
20260805_145203,,,7,18,8
20260805_145204,,,8,9,5
20260805_145204,,,9,9,5
20260805_145205,,,10,6,3
20260805_145205,,,11,5,3
20260805_145206,,,12,6,3
20260805_145206,,,13,6,3
20260805_145207,43.13659,-70.93743,14,5,3
20260805_145207,43.13659,-70.93743,15,8,3
20260805_145208,43.13655,-70.937453,16,6,3
20260805_145208,43.13655,-70.937453,17,5,3
20260805_145209,43.136504,-70.937483,18,5,3
20260805_145209,43.136504,-70.937483,19,8,3
20260805_145210,43.136451,-70.937508,20,5,3
20260805_145211,43.136451,-70.937508,0,6,3
20260805_145211,43.13639,-70.937527,1,6,3
20260805_145212,43.13639,-70.937527,2,6,4
20260805_145212,,,3,11,5
20260805_145213,,,4,9,4
20260805_145213,,,5,9,4
20260805_145214,,,6,18,6
20260805_145214,,,7,19,10
20260805_145215,,,8,15,8
20260805_145215,,,9,10,5
20260805_145216,,,10,5,3
20260805_145216,,,11,4,3
20260805_145217,,,12,5,3
20260805_145217,,,13,6,3
20260805_145218,,,14,4,3
20260805_145218,,,15,5,2
20260805_145219,,,16,7,3
20260805_145219,,,17,5,3
20260805_145220,,,18,6,3
20260805_145220,43.135888,-70.937641,19,7,3
20260805_145221,43.135888,-70.937641,20,8,3
20260805_145221,43.135808,-70.937642,0,7,3
20260805_145222,43.135808,-70.937642,1,5,3
20260805_145222,43.135716,-70.937647,2,5,3
20260805_145223,43.135716,-70.937647,3,11,5
20260805_145223,43.13563,-70.937655,4,8,3
20260805_145224,43.13563,-70.937655,5,7,4
20260805_145224,43.135533,-70.937662,6,10,4
20260805_145225,43.135533,-70.937662,7,23,11
20260805_145225,43.135437,-70.937677,8,10,6
20260805_145226,43.135437,-70.937677,9,9,5
20260805_145226,43.135328,-70.937694,10,9,5
20260805_145227,43.135328,-70.937694,11,5,3
20260805_145227,43.135225,-70.937697,12,6,3
20260805_145228,43.135225,-70.937697,13,6,4
20260805_145228,43.135143,-70.937704,14,6,4
20260805_145229,43.135143,-70.937704,15,8,4
20260805_145229,43.135077,-70.937708,16,7,4
20260805_145230,43.135077,-70.937708,17,6,4
20260805_145230,43.135023,-70.937706,18,8,5
20260805_145231,43.135023,-70.937706,19,11,5
20260805_145231,,,20,8,5
20260805_145232,,,0,7,4
20260805_145232,,,1,4,2
20260805_145233,,,2,5,3
20260805_145233,,,3,9,4
20260805_145234,43.134803,-70.937737,4,10,5
20260805_145234,43.134803,-70.937737,5,8,4
20260805_145235,43.134803,-70.937737,6,15,5
20260805_145235,,,7,17,9
20260805_145236,,,8,18,9
20260805_145236,,,9,10,5
20260805_145237,,,10,6,3
20260805_145237,,,11,6,4
20260805_145238,,,12,6,4
20260805_145238,,,13,7,4
20260805_145239,43.134498,-70.937821,14,6,4
20260805_145239,43.134498,-70.937821,15,6,3
20260805_145240,,,16,6,3
20260805_145240,,,17,6,4
20260805_145241,43.13438,-70.93718,18,8,5
20260805_145241,43.13438,-70.93718,19,7,4
20260805_145242,43.134319,-70.937091,20,6,4
20260805_145242,43.134319,-70.937091,0,10,5
20260805_145243,43.134261,-70.937003,1,7,4
20260805_145243,43.134261,-70.937003,2,7,4
20260805_145244,43.134202,-70.936913,3,12,6
20260805_145244,43.134202,-70.936913,4,10,5
20260805_145245,43.134149,-70.93682,5,8,5
20260805_145245,43.134149,-70.93682,6,19,6
20260805_145246,43.134098,-70.936727,7,22,11
20260805_145246,43.134098,-70.936727,8,11,6
20260805_145247,43.134049,-70.936636,9,8,5
20260805_145247,43.134049,-70.936636,10,6,3
20260805_145248,43.134002,-70.936551,11,6,3
20260805_145248,43.134002,-70.936551,12,7,5
20260805_145249,,,13,7,5
20260805_145249,,,14,5,3
20260805_145250,,,15,9,4
20260805_145250,,,16,7,4
20260805_145251,,,17,7,4
20260805_145252,,,18,7,4
20260805_145252,43.133979,-70.936365,19,10,5
20260805_145253,43.133979,-70.936365,20,7,4
20260805_145253,43.133978,-70.936333,0,6,3
20260805_145254,43.133978,-70.936333,1,5,3
20260805_145254,43.133963,-70.936288,2,6,4
20260805_145255,43.133963,-70.936288,3,8,4
20260805_145255,43.133935,-70.936241,4,7,3
20260805_145256,43.133935,-70.936241,5,7,4
20260805_145256,43.133902,-70.936189,6,15,5
20260805_145257,43.133902,-70.936189,7,16,8
20260805_145257,43.133871,-70.936134,8,10,5
20260805_145258,43.133871,-70.936134,9,10,5
20260805_145258,,,10,7,4
20260805_145259,,,11,6,4
20260805_145259,,,12,6,4
20260805_145300,,,13,6,3
20260805_145300,,,14,5,3
20260805_145301,,,15,6,4
20260805_145301,,,16,7,4
20260805_145302,,,17,5,3
20260805_145302,,,18,5,3
20260805_145303,,,19,10,4
20260805_145303,,,20,5,3
20260805_145304,,,0,6,3
20260805_145304,,,1,6,3
20260805_145305,,,2,6,3
20260805_145305,,,3,10,5
20260805_145306,,,4,9,4
20260805_145306,,,5,9,4
20260805_145307,,,6,18,6
20260805_145307,,,7,20,9
20260805_145308,,,8,13,7
20260805_145308,43.133546,-70.935499,9,9,5
20260805_145309,43.133546,-70.935499,10,6,4
20260805_145309,43.133497,-70.935405,11,7,5
20260805_145310,43.133497,-70.935405,12,7,4
20260805_145310,43.133457,-70.935332,13,7,4
20260805_145311,43.133457,-70.935332,14,6,4
20260805_145311,43.133425,-70.935277,15,8,4
20260805_145312,43.133425,-70.935277,16,7,4
20260805_145312,43.133396,-70.935228,17,6,4
20260805_145313,43.133396,-70.935228,18,8,5
20260805_145313,43.133273,-70.934967,19,10,5
20260805_145314,43.133273,-70.934967,20,8,4
20260805_145314,43.133249,-70.934929,0,9,4
20260805_145315,43.133249,-70.934929,1,6,3
20260805_145315,43.133216,-70.93489,2,6,4
20260805_145316,43.133177,-70.934843,3,8,4
20260805_145316,43.133177,-70.934843,4,9,4
20260805_145317,43.133177,-70.934843,5,9,5
20260805_145317,43.133133,-70.934793,6,12,5
20260805_145318,43.133133,-70.934793,7,17,7
20260805_145318,43.133085,-70.93474,8,9,4
20260805_145319,43.133033,-70.934684,9,9,4
20260805_145319,43.133033,-70.934684,10,7,4
20260805_145320,43.133033,-70.934684,11,5,3
20260805_145320,43.132978,-70.934628,12,7,5
20260805_145321,43.132978,-70.934628,13,6,3
20260805_145321,,,14,6,3
20260805_145322,,,15,8,3
20260805_145322,,,16,7,4
20260805_145323,,,17,6,4
20260805_145323,,,18,6,4
20260805_145324,,,19,10,4
20260805_145324,,,20,6,3
20260805_145325,,,0,7,4
20260805_145325,,,1,8,4
20260805_145326,,,2,7,4
20260805_145326,,,3,10,5
20260805_145327,,,4,10,5
20260805_145327,,,5,8,5
20260805_145328,,,6,18,6
20260805_145328,,,7,18,10
20260805_145329,,,8,16,10
20260805_145329,,,9,11,6
20260805_145330,,,10,7,5
20260805_145330,,,11,7,4
20260805_145331,43.132525,-70.934027,12,7,5
20260805_145331,43.132525,-70.934027,13,8,5
20260805_145332,43.132486,-70.933938,14,7,5
20260805_145333,43.132486,-70.933938,15,9,5
20260805_145333,43.132449,-70.933859,16,9,5
20260805_145334,43.132449,-70.933859,17,7,4
20260805_145334,43.132422,-70.93378,18,7,5
20260805_145335,43.132422,-70.93378,19,9,5
20260805_145335,43.132388,-70.933704,20,6,4
20260805_145336,43.132388,-70.933704,0,8,4
20260805_145336,43.132465,-70.933227,1,7,4
20260805_145337,43.132465,-70.933227,2,7,5
20260805_145337,43.132493,-70.933155,3,11,5
20260805_145338,43.132493,-70.933155,4,9,4
20260805_145338,43.132536,-70.933082,5,8,4
20260805_145339,43.132536,-70.933082,6,10,5
20260805_145339,43.132579,-70.93301,7,23,11
20260805_145340,43.132579,-70.93301,8,10,6
20260805_145340,43.132633,-70.93294,9,8,5
20260805_145341,43.132633,-70.93294,10,8,4
20260805_145341,43.132689,-70.932871,11,5,3
20260805_145342,43.132689,-70.932871,12,6,4
20260805_145342,43.132747,-70.932802,13,7,4
20260805_145343,43.132747,-70.932802,14,6,4
20260805_145343,43.132817,-70.932739,15,9,4
20260805_145344,43.132817,-70.932739,16,7,4
20260805_145344,43.132884,-70.932681,17,7,5
20260805_145345,43.132884,-70.932681,18,7,4
20260805_145345,43.132947,-70.932628,19,10,4
20260805_145346,43.132947,-70.932628,20,7,4
20260805_145346,43.133011,-70.93257,0,7,4
20260805_145347,43.133011,-70.93257,1,6,4
20260805_145347,43.133076,-70.932516,2,7,4
20260805_145348,43.133076,-70.932516,3,9,4
20260805_145348,,,4,10,4
20260805_145349,,,5,9,5
20260805_145349,,,6,17,6
20260805_145350,,,7,18,9
20260805_145350,,,8,18,9
20260805_145351,,,9,10,5
20260805_145351,,,10,6,4
20260805_145352,,,11,6,4
20260805_145352,43.133268,-70.932456,12,7,5
20260805_145353,43.133268,-70.932456,13,8,5
20260805_145353,43.133294,-70.932448,14,7,5
20260805_145354,43.133294,-70.932448,15,8,5
20260805_145354,43.133321,-70.932448,16,7,4
20260805_145355,43.133321,-70.932448,17,6,4
20260805_145355,,,18,7,5
20260805_145356,,,19,7,4
20260805_145356,,,20,5,3
20260805_145357,,,0,8,5
20260805_145357,,,1,7,4
20260805_145358,,,2,5,3
20260805_145358,,,3,11,5
20260805_145359,,,4,9,4
20260805_145359,,,5,6,3
20260805_145400,,,6,17,6
20260805_145400,,,7,22,10
20260805_145401,,,8,10,6
20260805_145401,,,9,8,4
20260805_145402,,,10,5,3
20260805_145402,,,11,3,2
20260805_145403,,,12,5,3
20260805_145403,,,13,5,3
20260805_145404,43.133763,-70.933064,14,5,3
20260805_145404,43.133763,-70.933064,15,7,3
20260805_145405,43.133804,-70.933138,16,7,4
20260805_145405,43.133804,-70.933138,17,7,5
20260805_145406,43.133849,-70.933207,18,6,3
20260805_145406,43.133849,-70.933207,19,8,3
20260805_145407,43.133895,-70.933275,20,7,4
20260805_145407,43.133895,-70.933275,0,9,4
20260805_145408,43.133938,-70.933344,1,5,3
20260805_145408,43.133938,-70.933344,2,5,3
20260805_145409,43.133985,-70.933405,3,8,4
20260805_145409,43.133985,-70.933405,4,9,4
20260805_145410,43.134028,-70.933467,5,8,4
20260805_145410,43.134028,-70.933467,6,14,6
20260805_145411,43.134065,-70.933529,7,17,9
20260805_145411,43.134065,-70.933529,8,11,6
20260805_145412,43.134104,-70.933586,9,11,5
20260805_145412,43.134104,-70.933586,10,8,5
20260805_145413,43.134145,-70.933636,11,7,5
20260805_145414,43.134145,-70.933636,12,7,4
20260805_145414,43.134188,-70.933679,13,6,3
20260805_145415,43.134188,-70.933679,14,5,3
20260805_145415,43.134227,-70.933725,15,4,2
20260805_145416,43.134227,-70.933725,16,5,2
20260805_145416,43.134261,-70.933776,17,4,2
20260805_145417,43.134261,-70.933776,18,5,3
20260805_145417,43.134295,-70.933831,19,9,3
20260805_145418,43.134295,-70.933831,20,6,4
20260805_145418,43.134332,-70.933889,0,6,2
20260805_145419,43.134332,-70.933889,1,5,3
20260805_145419,43.13437,-70.933947,2,5,2
20260805_145420,43.13437,-70.933947,3,9,3
20260805_145420,43.134409,-70.934005,4,6,2
20260805_145421,43.134409,-70.934005,5,5,2
20260805_145421,43.13445,-70.934062,6,19,5
20260805_145422,43.13445,-70.934062,7,18,9
20260805_145422,43.134492,-70.934119,8,11,6
20260805_145423,43.134492,-70.934119,9,9,4
20260805_145423,43.134534,-70.934174,10,5,3
20260805_145424,43.134534,-70.934174,11,5,3
20260805_145424,43.134575,-70.934229,12,4,2
20260805_145425,43.134575,-70.934229,13,6,3
20260805_145425,43.134616,-70.934285,14,6,3
20260805_145426,43.134616,-70.934285,15,7,4
20260805_145426,43.134655,-70.934344,16,6,3
20260805_145427,43.134655,-70.934344,17,5,3
20260805_145427,43.134689,-70.934405,18,6,3
20260805_145428,43.134689,-70.934405,19,8,4
20260805_145428,43.134725,-70.934469,20,7,3
20260805_145429,43.134725,-70.934469,0,7,3
20260805_145429,43.134762,-70.934531,1,5,3
20260805_145430,43.134762,-70.934531,2,6,4
20260805_145430,43.134797,-70.934593,3,8,5
20260805_145431,43.134797,-70.934593,4,9,3
20260805_145431,43.134831,-70.934657,5,7,4
20260805_145432,43.134831,-70.934657,6,13,5
20260805_145432,43.134865,-70.934718,7,22,11
20260805_145433,43.134865,-70.934718,8,9,5
20260805_145433,43.1349,-70.934777,9,9,6
20260805_145434,43.1349,-70.934777,10,8,5
20260805_145434,43.134933,-70.934834,11,4,2
20260805_145435,43.134933,-70.934834,12,5,3
20260805_145435,43.134967,-70.934889,13,5,3
20260805_145436,43.134967,-70.934889,14,5,2
20260805_145436,43.134999,-70.934942,15,6,2
20260805_145437,43.135031,-70.934994,16,5,2
20260805_145437,43.135031,-70.934994,17,4,3
20260805_145438,43.135031,-70.934994,18,5,2
20260805_145438,43.135064,-70.935044,19,8,3
20260805_145439,43.135092,-70.935099,20,5,2
20260805_145439,43.135092,-70.935099,0,5,3
20260805_145440,43.135092,-70.935099,1,5,3
20260805_145440,,,2,5,3
20260805_145441,,,3,9,4
20260805_145441,,,4,9,4
20260805_145442,43.135019,-70.935195,5,7,4
20260805_145442,43.135019,-70.935195,6,16,4
20260805_145443,43.135005,-70.935225,7,17,8
20260805_145443,43.135005,-70.935225,8,16,8
20260805_145444,43.134985,-70.935251,9,8,3
20260805_145444,43.134985,-70.935251,10,4,2
20260805_145445,43.134969,-70.935265,11,4,2
20260805_145445,43.134969,-70.935265,12,5,3
20260805_145446,43.134955,-70.935267,13,6,3
20260805_145446,43.134955,-70.935267,14,5,3
20260805_145447,,,15,6,3
20260805_145447,,,16,7,2
20260805_145448,43.134937,-70.935277,17,6,3
20260805_145448,43.134937,-70.935277,18,5,3
20260805_145449,43.134931,-70.935269,19,5,2
20260805_145449,43.134931,-70.935269,20,3,2
20260805_145450,43.134925,-70.935254,0,7,2
20260805_145450,43.134925,-70.935254,1,5,2
20260805_145451,43.13492,-70.935245,2,6,3
20260805_145451,43.13492,-70.935245,3,11,5
20260805_145452,43.134918,-70.935229,4,8,3
20260805_145452,43.134918,-70.935229,5,6,4
20260805_145453,43.134917,-70.935213,6,10,4
20260805_145454,43.134917,-70.935213,7,23,10
20260805_145454,43.134915,-70.935195,8,9,5
20260805_145455,43.134915,-70.935195,9,7,4
20260805_145455,43.134922,-70.935173,10,7,4
20260805_145456,43.134922,-70.935173,11,4,2
20260805_145456,43.134924,-70.935158,12,4,2
20260805_145457,43.134924,-70.935158,13,5,3
20260805_145457,,,14,4,3
20260805_145458,,,15,7,3
20260805_145458,43.134887,-70.934886,16,5,3
20260805_145459,43.134887,-70.934886,17,5,3
20260805_145459,43.134868,-70.934819,18,5,2
20260805_145500,43.134868,-70.934819,19,8,3
20260805_145500,43.134841,-70.934752,20,6,3
20260805_145501,43.134841,-70.934752,0,6,4
20260805_145501,43.134812,-70.934683,1,4,2
20260805_145502,43.134812,-70.934683,2,6,3
20260805_145502,43.134783,-70.934609,3,9,4
20260805_145503,43.134783,-70.934609,4,9,4
20260805_145503,43.134755,-70.934539,5,8,4
20260805_145504,43.134755,-70.934539,6,15,5
20260805_145504,43.13473,-70.934471,7,16,8
20260805_145505,43.13473,-70.934471,8,16,8
20260805_145505,43.134697,-70.934406,9,9,4
20260805_145506,43.134697,-70.934406,10,5,3
20260805_145506,43.134663,-70.934342,11,4,3
20260805_145507,43.134663,-70.934342,12,5,3
20260805_145507,43.134626,-70.93428,13,6,3
20260805_145508,43.134626,-70.93428,14,5,3
20260805_145508,43.134586,-70.934216,15,5,3
20260805_145509,43.134586,-70.934216,16,6,3
20260805_145509,43.134543,-70.934152,17,5,2
20260805_145510,43.134543,-70.934152,18,6,3
20260805_145510,43.1345,-70.934087,19,8,4
20260805_145511,43.1345,-70.934087,20,5,3
20260805_145511,43.134458,-70.934024,0,7,3
20260805_145512,43.134458,-70.934024,1,5,3
20260805_145512,43.134415,-70.933963,2,3,2
20260805_145513,43.134415,-70.933963,3,11,5
20260805_145513,43.134373,-70.933904,4,7,3
20260805_145514,43.134373,-70.933904,5,6,3
20260805_145514,43.134326,-70.933852,6,17,5
20260805_145515,43.134326,-70.933852,7,22,10
20260805_145515,,,8,9,6
20260805_145516,,,9,7,3
20260805_145516,,,10,4,2
20260805_145517,,,11,4,2
20260805_145517,,,12,4,2
20260805_145518,,,13,5,3
20260805_145518,,,14,4,2
20260805_145519,,,15,7,3
20260805_145519,,,16,5,2
20260805_145520,,,17,4,2
20260805_145520,,,18,6,3
20260805_145521,,,19,8,3
20260805_145521,,,20,6,3
20260805_145522,43.133943,-70.933945,0,5,3
20260805_145522,43.133943,-70.933945,1,4,3
20260805_145523,43.1339,-70.934011,2,5,3
20260805_145523,43.1339,-70.934011,3,8,4
20260805_145524,43.133858,-70.934082,4,9,3
20260805_145524,43.133858,-70.934082,5,8,4
20260805_145525,43.133817,-70.934151,6,15,6
20260805_145525,43.133817,-70.934151,7,17,8
20260805_145526,43.133771,-70.934223,8,10,5
20260805_145526,43.133771,-70.934223,9,9,4
20260805_145527,43.133725,-70.93429,10,6,3
20260805_145527,43.133725,-70.93429,11,4,2
20260805_145528,43.133675,-70.934355,12,5,3
20260805_145528,43.133675,-70.934355,13,5,3
20260805_145529,43.133626,-70.934418,14,5,3
20260805_145529,43.133626,-70.934418,15,5,3
20260805_145530,43.133579,-70.93448,16,5,2
20260805_145530,43.133579,-70.93448,17,3,2
20260805_145531,43.133532,-70.934541,18,4,2
20260805_145531,43.133532,-70.934541,19,8,3
20260805_145532,43.133486,-70.9346,20,5,3
20260805_145532,43.133486,-70.9346,0,6,2
20260805_145533,43.133443,-70.934651,1,6,3
20260805_145533,43.133443,-70.934651,2,5,3
20260805_145534,43.133396,-70.934683,3,9,4
20260805_145534,43.133396,-70.934683,4,7,3
20260805_145535,43.133355,-70.934716,5,6,3
20260805_145535,43.133355,-70.934716,6,17,5
20260805_145536,43.133318,-70.934747,7,20,9
20260805_145537,43.133318,-70.934747,8,11,6
20260805_145537,,,9,7,3
20260805_145538,,,10,4,2
20260805_145538,,,11,5,2
20260805_145539,,,12,4,2
20260805_145539,,,13,5,2
20260805_145540,,,14,4,3
20260805_145540,,,15,6,2
20260805_145541,,,16,5,2
20260805_145541,43.133114,-70.934977,17,5,3
20260805_145542,43.133114,-70.934977,18,6,4
20260805_145542,43.133084,-70.934985,19,7,3
20260805_145543,43.133084,-70.934985,20,7,3
20260805_145543,,,0,7,3
20260805_145544,,,1,5,3
20260805_145544,,,2,5,3
20260805_145545,,,3,7,3
20260805_145545,,,4,7,2
20260805_145546,,,5,5,3
20260805_145546,,,6,11,4
20260805_145547,,,7,16,6
20260805_145547,,,8,8,4
20260805_145548,,,9,7,3
20260805_145548,43.1329,-70.934538,10,6,3
20260805_145549,43.1329,-70.934538,11,5,3
20260805_145549,43.132848,-70.934432,12,8,4
20260805_145550,43.132848,-70.934432,13,6,4
20260805_145550,,,14,6,4
20260805_145551,,,15,8,4
20260805_145551,,,16,6,3
20260805_145552,,,17,5,3
20260805_145552,,,18,5,3
20260805_145553,,,19,9,3
20260805_145553,,,20,6,4
20260805_145554,,,0,6,3
20260805_145554,,,1,7,3
20260805_145555,,,2,6,3
20260805_145555,,,3,9,4
20260805_145556,,,4,8,4
20260805_145556,,,5,8,4
20260805_145557,,,6,16,5
20260805_145557,,,7,17,8
20260805_145558,,,8,14,7
20260805_145558,,,9,8,4
20260805_145559,,,10,4,2
20260805_145559,,,11,5,3
20260805_145600,,,12,5,3
20260805_145600,,,13,5,3
20260805_145601,,,14,4,2
20260805_145601,,,15,6,3
20260805_145602,,,16,7,4
20260805_145602,,,17,5,3
20260805_145603,,,18,6,3
20260805_145603,,,19,7,4
20260805_145604,,,20,4,2
20260805_145604,,,0,7,3
20260805_145605,,,1,5,3
20260805_145605,,,2,4,2
20260805_145606,,,3,11,4
20260805_145606,,,4,8,3
20260805_145607,,,5,8,3
20260805_145607,,,6,10,5
20260805_145608,43.131683,-70.932645,7,22,10
20260805_145608,43.131683,-70.932645,8,10,6
20260805_145609,43.131624,-70.932619,9,9,5
20260805_145609,43.131624,-70.932619,10,7,4
20260805_145610,43.131577,-70.932606,11,3,1
20260805_145610,43.131577,-70.932606,12,4,2
20260805_145611,43.131533,-70.932606,13,4,2
20260805_145611,43.131533,-70.932606,14,4,2
20260805_145612,43.131498,-70.932628,15,8,3
20260805_145612,43.131498,-70.932628,16,4,2
20260805_145613,,,17,5,3
20260805_145613,,,18,5,3
20260805_145614,,,19,8,3
20260805_145614,,,20,7,3
20260805_145615,,,0,6,3
20260805_145615,,,1,4,3
20260805_145616,,,2,5,3
20260805_145617,,,3,9,4
20260805_145617,,,4,11,5
20260805_145618,,,5,8,5
20260805_145618,,,6,15,6
20260805_145619,,,7,16,8
20260805_145619,,,8,17,8
20260805_145620,,,9,10,4
20260805_145620,,,10,6,4
20260805_145621,,,11,4,3
20260805_145621,,,12,6,4
20260805_145622,,,13,6,3
20260805_145622,,,14,5,2
20260805_145623,,,15,6,3
20260805_145623,43.13117,-70.933643,16,6,3
20260805_145624,43.13117,-70.933643,17,5,3
20260805_145624,,,18,6,4
20260805_145625,,,19,7,4
20260805_145625,,,20,5,3
20260805_145626,,,0,8,4
20260805_145626,,,1,6,3
20260805_145627,,,2,5,3
20260805_145627,,,3,11,5
20260805_145628,,,4,7,3
20260805_145628,43.131002,-70.934137,5,8,4
20260805_145629,43.131002,-70.934137,6,17,6
20260805_145629,43.130969,-70.934228,7,22,11
20260805_145630,43.130969,-70.934228,8,11,7
20260805_145630,43.130927,-70.93431,9,9,5
20260805_145631,43.130927,-70.93431,10,6,4
20260805_145631,43.130886,-70.934388,11,6,4
20260805_145632,43.130886,-70.934388,12,6,4
20260805_145632,43.130847,-70.934461,13,7,4
20260805_145633,43.130847,-70.934461,14,7,4
20260805_145633,43.130816,-70.934536,15,9,4
20260805_145634,43.130816,-70.934536,16,7,4
20260805_145634,43.130788,-70.934618,17,7,4
20260805_145635,43.130788,-70.934618,18,7,4
20260805_145635,43.130758,-70.934706,19,8,4
20260805_145636,43.130758,-70.934706,20,6,3
20260805_145636,43.130731,-70.934798,0,8,4
20260805_145637,43.130731,-70.934798,1,6,3
20260805_145637,43.130712,-70.934891,2,6,4
20260805_145638,43.130712,-70.934891,3,8,4
20260805_145638,43.130694,-70.934985,4,7,2
20260805_145639,43.130694,-70.934985,5,6,3
20260805_145639,,,6,12,4
20260805_145640,,,7,15,6
20260805_145640,,,8,8,4
20260805_145641,,,9,8,4
20260805_145641,43.13063,-70.935259,10,6,2
20260805_145642,43.13063,-70.935259,11,3,1
20260805_145642,43.130628,-70.935353,12,4,2
20260805_145643,43.130907,-70.935458,13,5,2
20260805_145643,43.130907,-70.935458,14,4,2
20260805_145644,43.130921,-70.935541,15,5,2
20260805_145644,43.130921,-70.935541,16,6,3
20260805_145645,43.130937,-70.935622,17,5,3
20260805_145645,43.130937,-70.935622,18,5,3
20260805_145646,43.130966,-70.935699,19,8,3
20260805_145646,43.130966,-70.935699,20,4,2
20260805_145647,43.131,-70.935775,0,6,2
20260805_145647,43.131,-70.935775,1,6,2
20260805_145648,43.131039,-70.935848,2,5,2
20260805_145648,43.131039,-70.935848,3,10,4
20260805_145649,43.131078,-70.935921,4,7,3
20260805_145649,43.131078,-70.935921,5,5,3
20260805_145650,43.131118,-70.935988,6,17,4
20260805_145650,43.131118,-70.935988,7,19,8
20260805_145651,43.131155,-70.936053,8,12,6
20260805_145651,43.131155,-70.936053,9,7,4
20260805_145652,43.131194,-70.936115,10,4,2
20260805_145652,43.131194,-70.936115,11,3,2
20260805_145653,,,12,4,3
20260805_145653,,,13,6,3
20260805_145654,,,14,5,3
20260805_145654,,,15,8,4
20260805_145655,,,16,8,4
20260805_145655,,,17,6,4
20260805_145656,,,18,7,5
20260805_145656,,,19,10,5
20260805_145657,,,20,9,5
20260805_145658,,,0,10,5
20260805_145658,,,1,6,4
20260805_145659,,,2,6,3
20260805_145659,43.131298,-70.936079,3,8,4
20260805_145700,43.131298,-70.936079,4,7,2
20260805_145700,43.131294,-70.936079,5,6,3
20260805_145701,43.131294,-70.936079,6,11,4
20260805_145701,43.131293,-70.93608,7,21,10
20260805_145702,43.131293,-70.93608,8,8,4
20260805_145702,43.131292,-70.936082,9,8,4
20260805_145703,43.131292,-70.936082,10,7,3
20260805_145703,43.131293,-70.936084,11,5,3
20260805_145704,43.131293,-70.936084,12,6,4
20260805_145704,43.131296,-70.936088,13,6,4
20260805_145705,43.131296,-70.936088,14,8,5
20260805_145705,43.131307,-70.936096,15,9,4
20260805_145706,43.131307,-70.936096,16,6,3
20260805_145706,43.131318,-70.936105,17,6,4
20260805_145707,43.131318,-70.936105,18,6,4
20260805_145707,43.131332,-70.936118,19,9,3
20260805_145708,43.131332,-70.936118,20,5,3
20260805_145708,,,0,6,3
20260805_145709,,,1,6,3
20260805_145709,43.13135,-70.936136,2,5,2
20260805_145710,43.13135,-70.936136,3,9,3
20260805_145710,43.131354,-70.936158,4,7,3
20260805_145711,43.131354,-70.936158,5,7,4
20260805_145711,43.131349,-70.936179,6,18,6
20260805_145712,43.131349,-70.936179,7,18,9
20260805_145712,43.131339,-70.936192,8,15,8
20260805_145713,43.131339,-70.936192,9,9,4
20260805_145713,43.131325,-70.936199,10,5,3
20260805_145714,43.131325,-70.936199,11,5,3
20260805_145714,,,12,5,3
20260805_145715,,,13,7,4
20260805_145715,,,14,7,4
20260805_145716,,,15,8,4
20260805_145716,,,16,7,3
20260805_145717,,,17,4,2
20260805_145717,,,18,5,3
20260805_145718,,,19,7,3
20260805_145718,,,20,5,3
20260805_145719,,,0,8,4
20260805_145719,,,1,6,3
20260805_145720,,,2,6,3
20260805_145720,,,3,12,5
20260805_145721,,,4,8,4
20260805_145721,,,5,7,4
20260805_145722,,,6,11,5
20260805_145722,,,7,23,11
20260805_145723,,,8,10,6
20260805_145723,,,9,9,5
20260805_145724,,,10,10,5
20260805_145724,,,11,5,3
20260805_145725,,,12,5,3
20260805_145725,43.130933,-70.935652,13,5,3
20260805_145726,43.13091,-70.93558,14,6,4
20260805_145726,43.13091,-70.93558,15,9,4
20260805_145727,43.130889,-70.935496,16,6,3
20260805_145727,43.130889,-70.935496,17,6,4
20260805_145728,43.130869,-70.935405,18,7,5
20260805_145728,43.130869,-70.935405,19,10,4
20260805_145729,43.130847,-70.935312,20,7,4
20260805_145729,43.130847,-70.935312,0,7,4
20260805_145730,43.130826,-70.935215,1,6,4
20260805_145730,43.130826,-70.935215,2,7,5
20260805_145731,43.130806,-70.935111,3,10,6
20260805_145731,43.130806,-70.935111,4,11,6
20260805_145732,43.130786,-70.935003,5,9,5
20260805_145732,43.130786,-70.935003,6,16,6
20260805_145733,43.130769,-70.934894,7,19,9
20260805_145733,43.130769,-70.934894,8,11,5
20260805_145734,43.130757,-70.934787,9,11,5
20260805_145734,43.130757,-70.934787,10,7,5
20260805_145735,43.130748,-70.934682,11,7,5
20260805_145735,43.130748,-70.934682,12,8,5
20260805_145736,43.130751,-70.93458,13,7,5
20260805_145736,43.130751,-70.93458,14,7,5
20260805_145737,43.130752,-70.93448,15,8,5
20260805_145737,43.130752,-70.93448,16,6,4
20260805_145738,43.130754,-70.934383,17,5,3
20260805_145738,43.130754,-70.934383,18,5,3
20260805_145739,43.130751,-70.934285,19,6,3
20260805_145740,43.130751,-70.934285,20,5,3
20260805_145740,43.13094,-70.934198,0,7,3
20260805_145741,43.13094,-70.934198,1,6,3
20260805_145741,43.130978,-70.934117,2,4,2
20260805_145742,43.130978,-70.934117,3,10,4
20260805_145742,43.131009,-70.934027,4,7,3
20260805_145743,43.131009,-70.934027,5,6,3
20260805_145743,43.131037,-70.933931,6,17,6
20260805_145744,43.131037,-70.933931,7,22,10
20260805_145744,43.131072,-70.933834,8,11,7
20260805_145745,43.131072,-70.933834,9,9,5
20260805_145745,43.131105,-70.93374,10,6,4
20260805_145746,43.131105,-70.93374,11,6,4
20260805_145746,43.131132,-70.933649,12,6,4
20260805_145747,43.131132,-70.933649,13,6,4
20260805_145747,43.131159,-70.93356,14,5,3
20260805_145748,43.131159,-70.93356,15,7,3
20260805_145748,43.131184,-70.933472,16,6,3
20260805_145749,43.131184,-70.933472,17,5,2
20260805_145749,43.131209,-70.933383,18,6,3
20260805_145750,43.131209,-70.933383,19,8,4
20260805_145750,43.131237,-70.933296,20,6,3
20260805_145751,43.131237,-70.933296,0,4,2
20260805_145751,43.131263,-70.93321,1,4,3
20260805_145752,43.131263,-70.93321,2,6,3
20260805_145752,43.13129,-70.933126,3,9,5
20260805_145753,43.13129,-70.933126,4,7,3
20260805_145753,43.131314,-70.933044,5,7,4
20260805_145754,43.131314,-70.933044,6,14,6
20260805_145754,43.131337,-70.932964,7,18,8
20260805_145755,43.131337,-70.932964,8,8,4
20260805_145755,43.131361,-70.932885,9,9,3
20260805_145756,43.131361,-70.932885,10,6,4
20260805_145756,43.131384,-70.932809,11,5,3
20260805_145757,43.131384,-70.932809,12,6,3
20260805_145757,43.131407,-70.932734,13,6,3
20260805_145758,43.131407,-70.932734,14,5,3
20260805_145758,,,15,5,3
20260805_145759,,,16,6,3
20260805_145759,,,17,5,3
20260805_145800,,,18,6,4
20260805_145800,,,19,7,4
20260805_145801,,,20,5,3
20260805_145801,,,0,7,3
20260805_145802,,,1,6,3
20260805_145802,,,2,6,3
20260805_145803,,,3,12,5
20260805_145803,,,4,8,4
20260805_145804,,,5,6,3
20260805_145804,,,6,18,6
20260805_145805,,,7,20,10
20260805_145805,,,8,11,6
20260805_145806,,,9,9,5
20260805_145806,,,10,5,3
20260805_145807,,,11,4,2
20260805_145807,43.131401,-70.932463,12,5,3
20260805_145808,43.131349,-70.932417,13,5,3
20260805_145808,43.131349,-70.932417,14,6,3
20260805_145809,43.131294,-70.932383,15,8,3
20260805_145809,43.131294,-70.932383,16,6,3
20260805_145810,43.131236,-70.932346,17,6,4
20260805_145810,43.131236,-70.932346,18,7,4
20260805_145811,43.131172,-70.932309,19,9,4
20260805_145811,43.131172,-70.932309,20,7,4
20260805_145812,43.131105,-70.93227,0,7,3
20260805_145812,43.131105,-70.93227,1,5,3
20260805_145813,43.131041,-70.932231,2,6,3
20260805_145813,43.131041,-70.932231,3,8,5
20260805_145814,43.130978,-70.932188,4,8,3
20260805_145814,43.130978,-70.932188,5,9,5
20260805_145815,43.130918,-70.932146,6,14,6
20260805_145815,43.130918,-70.932146,7,17,8
20260805_145816,43.130858,-70.932106,8,9,5
20260805_145816,43.130858,-70.932106,9,9,5
20260805_145817,43.130802,-70.932071,10,7,4
20260805_145817,43.130802,-70.932071,11,6,4
20260805_145818,43.130748,-70.932041,12,7,4
20260805_145818,43.130748,-70.932041,13,6,4
20260805_145819,43.130701,-70.93201,14,6,4
20260805_145819,43.130701,-70.93201,15,6,3
20260805_145820,,,16,7,4
20260805_145820,,,17,7,4
20260805_145821,43.130603,-70.931946,18,6,4
20260805_145821,43.130603,-70.931946,19,11,5
20260805_145822,,,20,7,4
20260805_145822,,,0,8,4
20260805_145823,,,1,7,4
20260805_145823,,,2,7,4
20260805_145824,,,3,12,6
20260805_145824,,,4,9,4
20260805_145825,,,5,8,4
20260805_145826,,,6,19,7
20260805_145826,,,7,22,11
20260805_145827,,,8,14,9
20260805_145827,,,9,11,7
20260805_145828,,,10,6,4
20260805_145828,43.130464,-70.932358,11,8,5
20260805_145829,43.130464,-70.932358,12,7,4
20260805_145829,43.130432,-70.932474,13,7,4
20260805_145830,43.130432,-70.932474,14,7,4
20260805_145830,43.130397,-70.932594,15,9,4
20260805_145831,43.130397,-70.932594,16,7,4
20260805_145831,43.130356,-70.93271,17,7,4
20260805_145832,43.130356,-70.93271,18,6,4
20260805_145832,43.130316,-70.932826,19,9,4
20260805_145833,43.130316,-70.932826,20,7,4
20260805_145833,43.130284,-70.932938,0,7,3
20260805_145834,43.130284,-70.932938,1,5,3
20260805_145834,43.130254,-70.933041,2,6,3
20260805_145835,43.130254,-70.933041,3,7,4
20260805_145835,43.130228,-70.933136,4,9,4
20260805_145836,43.130228,-70.933136,5,8,4
20260805_145836,43.130195,-70.933234,6,12,5
20260805_145837,43.130195,-70.933234,7,22,11
20260805_145837,,,8,8,4
20260805_145838,,,9,8,5
20260805_145838,,,10,7,4
20260805_145839,,,11,5,3
20260805_145839,,,12,5,3
20260805_145840,,,13,6,3
20260805_145840,,,14,5,3
20260805_145841,,,15,7,3
20260805_145841,43.129946,-70.933225,16,5,2
20260805_145842,43.129946,-70.933225,17,4,2
20260805_145842,43.129889,-70.933175,18,4,2
20260805_145843,43.129889,-70.933175,19,8,3
20260805_145843,43.129812,-70.933135,20,4,2
20260805_145844,43.129812,-70.933135,0,5,3
20260805_145844,43.129736,-70.933093,1,5,2
20260805_145845,43.129736,-70.933093,2,6,3
20260805_145845,43.129658,-70.933051,3,9,4
20260805_145846,43.129658,-70.933051,4,8,3
20260805_145846,43.129582,-70.933008,5,8,4
20260805_145847,43.129582,-70.933008,6,18,6
20260805_145847,43.129508,-70.932963,7,18,9
20260805_145848,43.129508,-70.932963,8,16,8
20260805_145848,43.129435,-70.932916,9,10,5
20260805_145849,43.129435,-70.932916,10,6,4
20260805_145849,43.129361,-70.932867,11,6,4
20260805_145850,43.129284,-70.932818,12,6,4
20260805_145850,43.129284,-70.932818,13,5,3
20260805_145851,43.129206,-70.932766,14,3,2
20260805_145851,43.129206,-70.932766,15,5,2
20260805_145852,43.129127,-70.932713,16,6,2
20260805_145852,43.129127,-70.932713,17,4,2
20260805_145853,43.129043,-70.932658,18,5,3
20260805_145853,43.129043,-70.932658,19,6,3
20260805_145854,43.128958,-70.932605,20,5,3
20260805_145854,43.128958,-70.932605,0,6,3
20260805_145855,43.128865,-70.932553,1,4,2
20260805_145855,43.128865,-70.932553,2,4,2
20260805_145856,43.128767,-70.932502,3,11,5
20260805_145856,43.128767,-70.932502,4,7,3
20260805_145857,43.128669,-70.932452,5,7,4
20260805_145857,43.128669,-70.932452,6,10,5
20260805_145858,43.128572,-70.932389,7,22,11
20260805_145858,43.128572,-70.932389,8,10,5
20260805_145859,43.128475,-70.932329,9,8,4
20260805_145859,43.128475,-70.932329,10,7,3
20260805_145900,,,11,4,3
20260805_145900,,,12,7,4
20260805_145901,,,13,6,4
20260805_145901,,,14,6,4
20260805_145902,,,15,7,3
20260805_145902,,,16,6,4
20260805_145903,,,17,5,3
20260805_145903,,,18,7,4
20260805_145904,,,19,9,3
20260805_145904,,,20,6,3
20260805_145905,,,0,6,3
20260805_145905,,,1,7,4
20260805_145906,,,2,6,4
20260805_145906,,,3,10,5
20260805_145907,,,4,8,4
20260805_145907,,,5,8,4
20260805_145908,,,6,15,5
20260805_145909,,,7,17,8
20260805_145909,,,8,17,9
20260805_145910,,,9,10,5
20260805_145910,,,10,6,4
20260805_145911,,,11,6,4
20260805_145911,43.127556,-70.931366,12,5,3
20260805_145912,43.127556,-70.931366,13,6,3
20260805_145912,43.127566,-70.931238,14,4,2
20260805_145913,43.127566,-70.931238,15,6,3
20260805_145913,,,16,5,2
20260805_145914,,,17,5,3
20260805_145914,,,18,6,4
20260805_145915,,,19,7,4
20260805_145915,,,20,5,3
20260805_145916,,,0,7,3
20260805_145916,,,1,5,3
20260805_145917,,,2,6,3
20260805_145917,,,3,13,5
20260805_145918,,,4,8,4
20260805_145918,,,5,8,4
20260805_145919,,,6,10,5
20260805_145919,,,7,23,10
20260805_145920,,,8,10,6
20260805_145920,,,9,8,5
20260805_145921,,,10,6,3
20260805_145921,,,11,6,3
20260805_145922,,,12,7,4
20260805_145922,,,13,6,4
20260805_145923,,,14,5,3
20260805_145923,,,15,9,4
20260805_145924,,,16,6,3
20260805_145924,,,17,5,3
20260805_145925,,,18,6,3
20260805_145925,,,19,8,4
20260805_145926,,,20,6,3
20260805_145926,,,0,5,3
20260805_145927,,,1,5,2
20260805_145927,,,2,5,3
20260805_145928,,,3,8,4
20260805_145928,,,4,10,4
20260805_145929,,,5,7,4
20260805_145929,,,6,15,6
20260805_145930,,,7,17,8
20260805_145930,,,8,9,5
20260805_145931,,,9,10,5
20260805_145931,,,10,7,4
20260805_145932,,,11,7,4
20260805_145932,,,12,7,4
20260805_145933,,,13,7,4
20260805_145933,,,14,6,4
20260805_145934,,,15,6,4
20260805_145934,,,16,6,4
20260805_145935,,,17,6,3
20260805_145935,,,18,6,4
20260805_145936,,,19,8,5
20260805_145936,,,20,6,4
20260805_145937,,,0,8,4
20260805_145937,,,1,7,4
20260805_145938,,,2,7,4
20260805_145938,,,3,11,5
20260805_145939,,,4,9,4
20260805_145939,,,5,7,4
20260805_145940,,,6,17,5
20260805_145940,,,7,21,10
20260805_145941,43.127419,-70.927725,8,11,7
20260805_145941,43.127419,-70.927725,9,8,4
20260805_145942,43.12741,-70.927705,10,5,3
20260805_145942,43.12741,-70.927705,11,5,3
20260805_145943,43.127405,-70.927687,12,5,3
20260805_145943,43.127405,-70.927687,13,6,4
20260805_145944,43.127405,-70.927662,14,5,2
20260805_145944,43.127405,-70.927662,15,7,3
20260805_145945,43.127405,-70.927629,16,5,2
20260805_145945,43.127405,-70.927629,17,5,2
20260805_145946,43.12741,-70.927596,18,6,3
20260805_145946,43.12741,-70.927596,19,7,3
20260805_145947,43.127426,-70.927561,20,6,3
20260805_145947,43.127426,-70.927561,0,8,3
20260805_145948,43.127442,-70.927524,1,4,2
20260805_145948,43.127442,-70.927524,2,5,3
20260805_145949,,,3,7,3
20260805_145949,,,4,7,3
20260805_145950,,,5,7,4
20260805_145951,,,6,12,5
20260805_145951,,,7,16,7
20260805_145952,,,8,9,5
20260805_145952,,,9,10,5
20260805_145953,,,10,8,4
20260805_145953,,,11,5,3
20260805_145954,,,12,5,3
20260805_145954,,,13,5,3
20260805_145955,,,14,5,3
20260805_145955,,,15,9,4
20260805_145956,,,16,6,4
20260805_145956,43.127523,-70.927298,17,5,3
20260805_145957,43.127523,-70.927298,18,7,4
20260805_145957,43.128161,-70.926929,19,10,4
20260805_145958,43.128161,-70.926929,20,6,3
20260805_145958,43.128232,-70.926859,0,6,3
20260805_145959,43.128232,-70.926859,1,6,3
20260805_145959,,,2,6,4
20260805_150000,,,3,10,5
20260805_150000,,,4,8,4
20260805_150001,,,5,8,3
20260805_150001,,,6,17,6
20260805_150002,,,7,18,9
20260805_150002,,,8,14,7
20260805_150003,,,9,8,3
20260805_150003,,,10,6,3
20260805_150004,,,11,6,3
20260805_150004,,,12,5,3
20260805_150005,,,13,6,3
20260805_150005,,,14,5,4
20260805_150006,,,15,8,4
20260805_150006,,,16,7,4
20260805_150007,,,17,5,3
20260805_150007,,,18,6,3
20260805_150008,,,19,8,4
20260805_150008,,,20,8,4
20260805_150009,,,0,8,4
20260805_150009,,,1,6,3
20260805_150010,,,2,5,3
20260805_150010,,,3,12,5
20260805_150011,,,4,8,3
20260805_150011,,,5,7,4
20260805_150012,,,6,11,5
20260805_150012,,,7,23,11
20260805_150013,,,8,9,5
20260805_150013,,,9,9,5
20260805_150014,,,10,7,4
20260805_150014,,,11,4,2
20260805_150015,,,12,6,3
20260805_150015,,,13,5,3
20260805_150016,,,14,6,3
20260805_150016,,,15,7,3
20260805_150017,,,16,6,3
20260805_150017,,,17,5,3
20260805_150018,,,18,6,3
20260805_150018,,,19,7,2
20260805_150019,,,20,5,2
20260805_150019,,,0,5,3
20260805_150020,,,1,5,3
20260805_150020,,,2,6,3
20260805_150021,43.130071,-70.925521,3,8,4
20260805_150021,43.130071,-70.925521,4,8,4
20260805_150022,43.1301,-70.9255,5,6,2
20260805_150022,43.1301,-70.9255,6,15,4
20260805_150023,43.130118,-70.925489,7,17,8
20260805_150023,43.130118,-70.925489,8,15,8
20260805_150024,43.130125,-70.925481,9,10,4
20260805_150024,43.130125,-70.925481,10,6,4
20260805_150025,43.130127,-70.925478,11,5,3
20260805_150025,43.130127,-70.925478,12,5,3
20260805_150026,43.130128,-70.925477,13,5,2
20260805_150026,43.130128,-70.925477,14,4,2
20260805_150027,43.13013,-70.925475,15,6,2
20260805_150027,43.13013,-70.925475,16,6,3
20260805_150028,43.13013,-70.925474,17,5,3
20260805_150028,43.13013,-70.925474,18,6,3
20260805_150029,43.130132,-70.925473,19,8,4
20260805_150029,43.130132,-70.925473,20,5,3
20260805_150030,43.130133,-70.925473,0,6,2
20260805_150030,43.130133,-70.925473,1,5,2
20260805_150031,43.130134,-70.925473,2,4,3
20260805_150032,43.130134,-70.925473,3,11,5
20260805_150032,43.130134,-70.925473,4,8,4
20260805_150033,43.130134,-70.925473,5,10,4
20260805_150033,43.130134,-70.925473,6,12,5
20260805_150034,43.130134,-70.925473,7,23,11
20260805_150034,43.130135,-70.925473,8,11,7
20260805_150035,43.130135,-70.925473,9,9,6
20260805_150035,43.130135,-70.925473,10,6,4
20260805_150036,43.130135,-70.925473,11,5,3
20260805_150036,43.130135,-70.925473,12,5,3
20260805_150037,43.130135,-70.925473,13,6,3
20260805_150037,43.130135,-70.925474,14,5,3
20260805_150038,43.130135,-70.925474,15,6,3
20260805_150038,43.130135,-70.925474,16,5,2
20260805_150039,43.130135,-70.925474,17,5,3
20260805_150039,43.130135,-70.925474,18,6,3
20260805_150040,43.130135,-70.925474,19,7,3
20260805_150040,43.130138,-70.925473,20,6,3
20260805_150041,43.130138,-70.925473,0,5,3
20260805_150041,43.130143,-70.925471,1,4,2
20260805_150042,43.130143,-70.925471,2,4,2
20260805_150042,43.130151,-70.925463,3,8,4
20260805_150043,43.130151,-70.925463,4,7,3
20260805_150043,43.130159,-70.925453,5,6,3
20260805_150044,43.130159,-70.925453,6,13,5
20260805_150044,43.130167,-70.925438,7,15,7
20260805_150045,43.130167,-70.925438,8,8,4
20260805_150045,,,9,9,4
20260805_150046,,,10,5,3
20260805_150046,,,11,4,3
20260805_150047,,,12,5,3
20260805_150047,,,13,5,2
20260805_150048,,,14,5,3
20260805_150048,,,15,5,2
20260805_150049,,,16,5,2
20260805_150049,,,17,4,3
20260805_150050,,,18,6,3
20260805_150050,,,19,5,3
20260805_150051,,,20,4,2
20260805_150051,,,0,5,2
20260805_150052,,,1,3,1
20260805_150052,43.129968,-70.924923,2,5,2
20260805_150053,43.129968,-70.924923,3,9,4
20260805_150053,43.12993,-70.924818,4,6,2
20260805_150054,43.12993,-70.924818,5,6,3
20260805_150054,43.129882,-70.924713,6,17,4
20260805_150055,43.129882,-70.924713,7,21,9
20260805_150055,43.129838,-70.924608,8,11,6
20260805_150056,43.129794,-70.924498,9,7,3
20260805_150056,43.129794,-70.924498,10,3,2
20260805_150057,43.129748,-70.924387,11,4,2
20260805_150057,43.129748,-70.924387,12,4,2
20260805_150058,43.129706,-70.924276,13,5,3
20260805_150058,43.129706,-70.924276,14,4,2
20260805_150059,43.129664,-70.924168,15,6,2
20260805_150059,43.129664,-70.924168,16,5,2
20260805_150100,43.129622,-70.924064,17,4,2
20260805_150100,43.129622,-70.924064,18,5,2
20260805_150101,43.129584,-70.923963,19,6,2
20260805_150101,43.129584,-70.923963,20,6,2
20260805_150102,43.129549,-70.923863,0,6,2
20260805_150102,43.129549,-70.923863,1,4,3
20260805_150103,43.129513,-70.923765,2,5,3
20260805_150103,43.129513,-70.923765,3,6,3
20260805_150104,,,4,7,2
20260805_150104,,,5,6,3
20260805_150105,,,6,12,4
20260805_150105,,,7,16,6
20260805_150106,,,8,8,4
20260805_150106,,,9,7,4
20260805_150107,43.129488,-70.92374,10,5,3
20260805_150107,43.129488,-70.92374,11,5,2
20260805_150108,43.129488,-70.923721,12,5,2
20260805_150108,43.129488,-70.923721,13,5,2
20260805_150109,43.129502,-70.923676,14,5,3
20260805_150109,43.129502,-70.923676,15,7,3
20260805_150110,43.129526,-70.923634,16,5,2
20260805_150110,43.129526,-70.923634,17,4,2
20260805_150111,43.129559,-70.923591,18,5,3
20260805_150111,43.129559,-70.923591,19,9,3
20260805_150112,43.1296,-70.92355,20,4,2
20260805_150112,43.1296,-70.92355,0,5,2
20260805_150113,,,1,5,2
20260805_150114,,,2,5,2
20260805_150114,,,3,10,4
20260805_150115,,,4,7,3
20260805_150115,,,5,6,2
20260805_150116,,,6,17,5
20260805_150116,43.129723,-70.923376,7,17,9
20260805_150117,43.129723,-70.923376,8,14,7
20260805_150117,43.129774,-70.923314,9,9,4
20260805_150118,43.129774,-70.923314,10,5,3
20260805_150118,43.129818,-70.923248,11,5,3
20260805_150119,43.129818,-70.923248,12,4,2
20260805_150119,43.129855,-70.923191,13,6,3
20260805_150120,43.129855,-70.923191,14,5,3
20260805_150120,43.129887,-70.923137,15,6,3
20260805_150121,43.129887,-70.923137,16,6,3
20260805_150121,43.129917,-70.923084,17,4,2
20260805_150122,43.129917,-70.923084,18,4,2
20260805_150122,43.129945,-70.92303,19,6,3
20260805_150123,43.129945,-70.92303,20,6,3
20260805_150123,43.129972,-70.922973,0,6,2
20260805_150124,43.129972,-70.922973,1,4,2
20260805_150124,43.13,-70.922913,2,4,2
20260805_150125,43.13,-70.922913,3,11,4
20260805_150125,43.130028,-70.922851,4,8,3
20260805_150126,43.130028,-70.922851,5,6,3
20260805_150126,43.130055,-70.922791,6,12,5
20260805_150127,43.130055,-70.922791,7,22,11
20260805_150127,43.130078,-70.922735,8,9,5
20260805_150128,43.130078,-70.922735,9,9,5
20260805_150128,43.1301,-70.922684,10,7,4
20260805_150129,43.1301,-70.922684,11,4,2
20260805_150129,43.130121,-70.922642,12,5,3
20260805_150130,43.130121,-70.922642,13,6,3
20260805_150130,,,14,6,3
20260805_150131,,,15,7,3
20260805_150131,,,16,5,2
20260805_150132,,,17,4,2
20260805_150132,,,18,4,2
20260805_150133,,,19,8,3
20260805_150133,,,20,4,2
20260805_150134,,,0,4,2
20260805_150134,,,1,4,2
20260805_150135,,,2,5,3
20260805_150135,,,3,8,3
20260805_150136,,,4,7,3
20260805_150136,,,5,7,3
20260805_150137,,,6,16,5
20260805_150137,,,7,16,8
20260805_150138,,,8,16,8
20260805_150138,,,9,9,4
20260805_150139,,,10,5,3
20260805_150139,,,11,5,3
20260805_150140,43.130163,-70.922603,12,5,3
20260805_150140,43.130163,-70.922603,13,5,3
20260805_150141,43.130163,-70.922603,14,5,3
20260805_150141,,,15,6,3
20260805_150142,,,16,6,3
20260805_150142,,,17,5,3
20260805_150143,,,18,5,3
20260805_150143,,,19,7,3
20260805_150144,,,20,4,2
20260805_150144,,,0,6,2
20260805_150145,,,1,5,2
20260805_150145,,,2,5,3
20260805_150146,,,3,10,4
20260805_150146,,,4,6,3
20260805_150147,43.130138,-70.922851,5,6,3
20260805_150147,43.130138,-70.922851,6,8,4
20260805_150148,43.130115,-70.922915,7,20,10
20260805_150148,43.130115,-70.922915,8,10,5
20260805_150149,43.130099,-70.922973,9,7,3
20260805_150149,43.130099,-70.922973,10,3,1
20260805_150150,43.130086,-70.923023,11,3,2
20260805_150150,43.130086,-70.923023,12,3,2
20260805_150151,43.130076,-70.923066,13,4,2
20260805_150151,43.130076,-70.923066,14,3,2
20260805_150152,43.130069,-70.923105,15,5,2
20260805_150152,43.130069,-70.923105,16,5,2
20260805_150153,43.130059,-70.923145,17,4,2
20260805_150154,43.130059,-70.923145,18,5,2
20260805_150154,43.130046,-70.923192,19,6,2
20260805_150155,43.130046,-70.923192,20,5,2
20260805_150155,43.130029,-70.923244,0,5,3
20260805_150156,43.130029,-70.923244,1,4,2
20260805_150156,43.130006,-70.923297,2,4,2
20260805_150157,43.130006,-70.923297,3,6,3
20260805_150157,43.12998,-70.923348,4,7,2
20260805_150158,43.12998,-70.923348,5,6,3
20260805_150158,43.129953,-70.923398,6,12,4
20260805_150159,43.129953,-70.923398,7,16,7
20260805_150159,43.129925,-70.923444,8,8,4
20260805_150200,43.129925,-70.923444,9,9,4
20260805_150200,43.129891,-70.92349,10,5,3
20260805_150201,43.129891,-70.92349,11,3,2
20260805_150201,,,12,5,2
20260805_150202,,,13,5,2
20260805_150202,,,14,4,2
20260805_150203,,,15,5,3
20260805_150203,43.129807,-70.923619,16,6,3
20260805_150204,43.129807,-70.923619,17,5,3
20260805_150204,43.129775,-70.923647,18,5,3
20260805_150205,43.129775,-70.923647,19,9,3
20260805_150205,43.129749,-70.923675,20,5,3
20260805_150206,43.129749,-70.923675,0,6,3
20260805_150206,43.129716,-70.923707,1,6,3
20260805_150207,43.129716,-70.923707,2,6,3
20260805_150207,43.129685,-70.923742,3,11,4
20260805_150208,43.129685,-70.923742,4,7,4
20260805_150208,43.12966,-70.923785,5,8,3
20260805_150209,43.12966,-70.923785,6,17,5
20260805_150209,43.129643,-70.923834,7,19,9
20260805_150210,43.129643,-70.923834,8,10,5
20260805_150210,,,9,7,4
20260805_150211,,,10,6,3
20260805_150211,,,11,4,2
20260805_150212,,,12,5,3
20260805_150212,,,13,6,3
20260805_150213,,,14,6,3
20260805_150213,,,15,6,3
20260805_150214,,,16,5,2
20260805_150214,,,17,4,2
20260805_150215,,,18,6,4
20260805_150215,,,19,8,3
20260805_150216,,,20,7,3
20260805_150216,,,0,8,3
20260805_150217,,,1,5,3
20260805_150217,,,2,6,3
20260805_150218,,,3,7,4
20260805_150218,,,4,9,4
20260805_150219,,,5,9,5
20260805_150219,,,6,12,5
20260805_150220,,,7,17,7
20260805_150220,,,8,9,4
20260805_150221,,,9,9,4
20260805_150221,,,10,7,4
20260805_150222,43.130073,-70.925088,11,5,3
20260805_150222,43.130073,-70.925088,12,5,3
20260805_150223,43.130122,-70.925179,13,6,3
20260805_150223,43.130122,-70.925179,14,6,3
20260805_150224,43.130122,-70.925179,15,7,3
20260805_150224,,,16,6,3
20260805_150225,,,17,6,4
20260805_150225,,,18,5,3
20260805_150226,,,19,8,3
20260805_150226,,,20,4,2
20260805_150227,43.130192,-70.9253,0,6,3
20260805_150227,43.130192,-70.9253,1,6,3
20260805_150228,43.130211,-70.925325,2,5,2
20260805_150228,43.130211,-70.925325,3,9,3
20260805_150229,43.130236,-70.925359,4,8,3
20260805_150229,43.130236,-70.925359,5,6,3
20260805_150230,43.13027,-70.925398,6,16,5
20260805_150230,43.13027,-70.925398,7,19,8
20260805_150231,43.130311,-70.92544,8,13,6
20260805_150231,43.130311,-70.92544,9,9,4
20260805_150232,43.130357,-70.925482,10,5,3
20260805_150232,43.130357,-70.925482,11,4,2
20260805_150233,,,12,5,2
20260805_150233,,,13,5,3
20260805_150234,,,14,4,2
20260805_150234,,,15,6,3
20260805_150235,,,16,5,2
20260805_150236,,,17,4,2
20260805_150236,,,18,5,3
20260805_150237,,,19,7,4
20260805_150237,43.130654,-70.92592,20,7,3
20260805_150238,43.130654,-70.92592,0,6,3
20260805_150238,,,1,4,2
20260805_150239,,,2,4,2
20260805_150239,,,3,6,3
20260805_150240,,,4,6,2
20260805_150240,,,5,6,3
20260805_150241,,,6,10,4
20260805_150241,,,7,20,9
20260805_150242,,,8,8,4
20260805_150242,,,9,7,4
20260805_150243,,,10,7,3
20260805_150243,,,11,5,2
20260805_150244,,,12,5,3
20260805_150244,,,13,5,3
20260805_150245,,,14,4,2
20260805_150245,,,15,7,3
20260805_150246,,,16,6,3
20260805_150246,,,17,4,3
20260805_150247,,,18,4,3
20260805_150247,,,19,10,4
20260805_150248,,,20,5,3
20260805_150248,,,0,6,3
20260805_150249,,,1,6,4
20260805_150249,,,2,6,3
20260805_150250,,,3,10,5
20260805_150250,,,4,9,5
20260805_150251,,,5,8,4
20260805_150251,,,6,16,5
20260805_150252,,,7,17,9
20260805_150252,,,8,15,8
20260805_150253,,,9,10,5
20260805_150253,,,10,6,3
20260805_150254,,,11,5,3
20260805_150254,,,12,5,3
20260805_150255,,,13,7,4
20260805_150255,,,14,6,4
20260805_150256,,,15,7,4
20260805_150256,,,16,7,3
20260805_150257,,,17,4,2
20260805_150257,,,18,5,3
20260805_150258,,,19,7,4
20260805_150258,,,20,5,2
20260805_150259,,,0,7,3
20260805_150259,,,1,5,2
20260805_150300,,,2,4,2
20260805_150300,,,3,11,4
20260805_150301,,,4,8,4
20260805_150301,,,5,7,4
20260805_150302,,,6,10,4
20260805_150302,,,7,22,10
20260805_150303,43.13234,-70.92815,8,9,5
20260805_150303,43.13234,-70.92815,9,6,3
20260805_150304,43.132356,-70.928183,10,4,2
20260805_150304,43.132356,-70.928183,11,4,2
20260805_150305,43.132379,-70.928201,12,5,3
20260805_150305,43.132379,-70.928201,13,5,3
20260805_150306,43.132409,-70.92821,14,4,3
20260805_150306,43.132409,-70.92821,15,8,4
20260805_150307,43.132442,-70.928202,16,6,3
20260805_150307,43.132442,-70.928202,17,5,3
20260805_150308,,,18,7,3
20260805_150308,,,19,8,4
20260805_150309,,,20,6,3
20260805_150309,,,0,4,2
20260805_150310,,,1,4,2
20260805_150310,,,2,6,3
20260805_150311,,,3,8,4
20260805_150311,,,4,7,3
20260805_150312,,,5,8,4
20260805_150312,,,6,14,5
20260805_150313,,,7,17,8
20260805_150313,,,8,10,5
20260805_150314,,,9,10,5
20260805_150314,,,10,8,4
20260805_150315,,,11,5,3
20260805_150315,,,12,6,3
20260805_150316,,,13,5,3
20260805_150317,,,14,5,3
20260805_150317,43.133124,-70.927527,15,6,3
20260805_150318,43.133124,-70.927527,16,6,3
20260805_150318,,,17,5,3
20260805_150319,,,18,5,3
20260805_150319,,,19,6,3
20260805_150320,,,20,4,3
20260805_150320,,,0,6,2
20260805_150321,,,1,4,2
20260805_150321,,,2,6,3
20260805_150322,,,3,10,5
20260805_150322,,,4,7,4
20260805_150323,,,5,7,3
20260805_150323,43.133642,-70.926959,6,19,5
20260805_150324,43.133642,-70.926959,7,19,9
20260805_150324,,,8,11,6
20260805_150325,,,9,7,3
20260805_150325,,,10,5,3
20260805_150326,,,11,5,3
20260805_150326,43.133853,-70.926648,12,5,3
20260805_150327,43.133853,-70.926648,13,5,3
20260805_150327,43.133905,-70.926548,14,4,3
20260805_150328,43.133905,-70.926548,15,6,3
20260805_150328,43.133953,-70.926452,16,6,3
20260805_150329,43.133953,-70.926452,17,6,3
20260805_150329,43.133988,-70.926354,18,6,3
20260805_150330,43.133988,-70.926354,19,8,4
20260805_150330,43.134014,-70.926265,20,8,4
20260805_150331,43.134014,-70.926265,0,7,3
20260805_150331,,,1,4,2
20260805_150332,,,2,5,3
20260805_150332,,,3,7,4
20260805_150333,,,4,9,4
20260805_150333,,,5,8,4
20260805_150334,,,6,13,5
20260805_150334,,,7,17,7
20260805_150335,,,8,9,4
20260805_150335,,,9,8,4
20260805_150336,,,10,6,3
20260805_150336,,,11,4,2
20260805_150337,,,12,5,3
20260805_150337,43.134053,-70.926054,13,5,2
20260805_150338,43.134053,-70.926054,14,4,2
20260805_150338,43.134055,-70.925998,15,6,2
20260805_150339,43.134055,-70.925998,16,5,2
20260805_150339,43.134058,-70.925924,17,5,3
20260805_150340,43.134058,-70.925924,18,4,3
20260805_150340,43.134061,-70.925845,19,9,3
20260805_150341,43.134061,-70.925845,20,5,3
20260805_150341,,,0,6,3
20260805_150342,,,1,5,2
20260805_150342,,,2,5,2
20260805_150343,43.13393,-70.925505,3,10,4
20260805_150343,43.13393,-70.925505,4,8,4
20260805_150344,,,5,7,4
20260805_150344,,,6,17,5
20260805_150345,,,7,18,9
20260805_150345,,,8,14,7
20260805_150346,,,9,10,5
20260805_150346,,,10,4,3
20260805_150347,,,11,4,2
20260805_150347,,,12,4,3
20260805_150348,,,13,6,3
20260805_150348,,,14,5,3
20260805_150349,,,15,6,3
20260805_150349,,,16,6,3
20260805_150350,,,17,4,2
20260805_150350,,,18,5,3
20260805_150351,,,19,5,2
20260805_150351,,,20,4,2
20260805_150352,,,0,7,2
20260805_150352,,,1,4,2
20260805_150353,,,2,4,2
20260805_150353,,,3,12,4
20260805_150354,,,4,7,3
20260805_150354,,,5,6,4
20260805_150355,,,6,11,4
20260805_150355,,,7,23,10
20260805_150356,,,8,11,6
20260805_150357,,,9,8,4
20260805_150357,,,10,8,4
20260805_150358,,,11,5,3
20260805_150358,,,12,6,4
20260805_150359,,,13,7,4
20260805_150359,,,14,7,5
20260805_150400,,,15,9,4
20260805_150400,,,16,6,4
20260805_150401,,,17,5,3
20260805_150401,,,18,7,4
20260805_150402,,,19,9,4
20260805_150402,,,20,6,3
20260805_150403,,,0,5,3
20260805_150403,,,1,4,2
20260805_150404,,,2,6,3
20260805_150404,,,3,9,5
20260805_150405,,,4,9,4
20260805_150405,,,5,8,4
20260805_150406,,,6,15,5
20260805_150406,,,7,17,8
20260805_150407,,,8,17,8
20260805_150407,,,9,9,4
20260805_150408,,,10,5,3
20260805_150408,,,11,5,3
20260805_150409,,,12,5,3
20260805_150409,,,13,5,2
20260805_150410,,,14,5,2
20260805_150410,,,15,6,3
20260805_150411,,,16,6,3
20260805_150411,,,17,5,3
20260805_150412,,,18,5,3
20260805_150412,,,19,6,3
20260805_150413,,,20,5,3
20260805_150413,,,0,6,3
20260805_150414,,,1,6,2
20260805_150414,,,2,5,2
20260805_150415,,,3,11,5
20260805_150415,,,4,8,4
20260805_150416,,,5,7,3
20260805_150416,,,6,9,5
20260805_150417,,,7,22,10
20260805_150417,,,8,11,6
20260805_150418,,,9,8,4
20260805_150418,,,10,5,3
20260805_150419,,,11,5,3
20260805_150419,,,12,5,3
20260805_150420,,,13,6,4
20260805_150420,,,14,6,4
20260805_150421,,,15,6,3
20260805_150421,,,16,4,2
20260805_150422,,,17,4,2
20260805_150422,,,18,6,3
20260805_150423,,,19,8,3
20260805_150423,,,20,6,3
20260805_150424,,,0,5,3
20260805_150424,,,1,5,3
20260805_150425,,,2,5,3
20260805_150425,,,3,8,4
20260805_150426,,,4,7,3
20260805_150426,,,5,7,4
20260805_150427,,,6,14,5
20260805_150427,,,7,17,8
20260805_150428,,,8,11,6
20260805_150428,,,9,11,6
20260805_150429,,,10,6,4
20260805_150429,,,11,6,4
20260805_150430,43.132413,-70.92005,12,6,4
20260805_150430,43.132413,-70.92005,13,7,4
20260805_150431,,,14,6,4
20260805_150431,,,15,6,3
20260805_150432,,,16,7,3
20260805_150432,,,17,6,4
20260805_150433,,,18,6,4
20260805_150433,,,19,9,3
20260805_150434,,,20,4,2
20260805_150434,,,0,6,3
20260805_150435,,,1,5,2
20260805_150435,,,2,6,3
20260805_150436,,,3,11,5
20260805_150436,,,4,8,4
20260805_150437,,,5,8,4
20260805_150437,,,6,17,6
20260805_150438,,,7,20,10
20260805_150439,,,8,13,7
20260805_150439,,,9,9,5
20260805_150440,,,10,7,4
20260805_150440,,,11,6,3
20260805_150441,,,12,6,4
20260805_150441,,,13,6,4
20260805_150442,,,14,7,4
20260805_150442,,,15,9,5
20260805_150443,,,16,8,4
20260805_150443,,,17,6,4
20260805_150444,,,18,7,5
20260805_150444,,,19,10,5
20260805_150445,,,20,10,5
20260805_150445,,,0,9,4
20260805_150446,,,1,5,3
20260805_150446,,,2,6,4
20260805_150447,,,3,7,4
20260805_150447,,,4,9,3
20260805_150448,,,5,7,4
20260805_150448,,,6,13,5
20260805_150449,,,7,16,7
20260805_150449,,,8,9,4
20260805_150450,,,9,9,5
20260805_150450,,,10,7,4
20260805_150451,,,11,6,4
20260805_150451,,,12,6,4
20260805_150452,,,13,6,3
20260805_150452,,,14,6,3
20260805_150453,,,15,9,3
20260805_150453,,,16,6,3
20260805_150454,,,17,6,4
20260805_150454,,,18,6,4
20260805_150455,,,19,10,4
20260805_150455,,,20,5,3
20260805_150456,,,0,6,3
20260805_150456,,,1,6,3
20260805_150457,,,2,6,3
20260805_150457,,,3,11,6
20260805_150458,,,4,9,4
20260805_150458,,,5,8,4
20260805_150459,,,6,17,6
20260805_150459,,,7,20,9
20260805_150500,,,8,13,8
20260805_150500,,,9,10,4
20260805_150501,,,10,6,3
20260805_150501,,,11,6,4
20260805_150502,,,12,7,5
20260805_150502,,,13,8,5
20260805_150503,,,14,6,4
20260805_150503,,,15,9,5
20260805_150504,,,16,8,4
20260805_150504,,,17,6,4
20260805_150505,,,18,7,4
20260805_150505,,,19,9,5
20260805_150506,,,20,9,5
20260805_150506,,,0,10,6
20260805_150507,,,1,7,4
20260805_150507,,,2,6,4
20260805_150508,,,3,12,6
20260805_150508,,,4,9,4
20260805_150509,,,5,7,4
20260805_150509,,,6,11,5
20260805_150510,,,7,22,11
20260805_150510,,,8,10,5
20260805_150511,,,9,9,5
20260805_150511,,,10,8,4
20260805_150512,,,11,5,3
20260805_150512,,,12,6,3
20260805_150513,,,13,5,3
20260805_150513,,,14,5,3
20260805_150514,,,15,9,4
20260805_150514,,,16,6,3
20260805_150515,,,17,4,2
20260805_150515,,,18,5,3
20260805_150516,,,19,12,5
20260805_150516,,,20,6,3
20260805_150517,,,0,6,3
20260805_150517,,,1,5,3
20260805_150518,,,2,6,4
20260805_150518,,,3,10,5
20260805_150519,,,4,9,4
20260805_150519,,,5,9,5
20260805_150520,,,6,17,6
20260805_150520,,,7,17,9
20260805_150521,,,8,16,9
20260805_150522,,,9,10,5
20260805_150522,,,10,6,4
20260805_150523,,,11,5,3
20260805_150523,,,12,5,3
20260805_150524,,,13,6,4
20260805_150524,,,14,6,4
20260805_150525,,,15,8,4
20260805_150525,,,16,7,3
20260805_150526,,,17,8,5
20260805_150526,,,18,7,5
20260805_150527,,,19,9,5
20260805_150527,,,20,6,4
20260805_150528,,,0,9,4
20260805_150528,,,1,7,4
20260805_150529,,,2,6,4
20260805_150529,,,3,11,5
20260805_150530,,,4,9,4
20260805_150530,,,5,9,4
20260805_150531,,,6,11,5
20260805_150531,,,7,21,10
20260805_150532,,,8,9,5
20260805_150532,,,9,7,4
20260805_150533,,,10,8,4
20260805_150533,,,11,5,3
20260805_150534,,,12,6,4
20260805_150534,,,13,5,3
20260805_150535,,,14,6,4
20260805_150535,,,15,8,3
20260805_150536,,,16,6,3
20260805_150536,,,17,6,4
20260805_150537,,,18,7,4
20260805_150537,,,19,10,4
20260805_150538,,,20,6,3
20260805_150538,,,0,7,3
20260805_150539,,,1,5,3
20260805_150539,,,2,6,4
20260805_150540,,,3,10,5
20260805_150540,,,4,10,5
20260805_150541,,,5,9,5
20260805_150541,,,6,15,6
20260805_150542,,,7,17,10
20260805_150542,,,8,18,9
20260805_150543,,,9,10,5
20260805_150543,,,10,5,3
20260805_150544,,,11,5,3
20260805_150544,,,12,6,3
20260805_150545,,,13,5,3
20260805_150545,,,14,6,4
20260805_150546,,,15,6,3
20260805_150546,,,16,6,4
20260805_150547,,,17,5,3
20260805_150547,,,18,6,4
20260805_150548,,,19,7,4
20260805_150548,,,20,4,2
20260805_150549,,,0,7,3
20260805_150549,,,1,5,3
20260805_150550,,,2,4,3
20260805_150550,,,3,11,5
20260805_150551,,,4,7,3
20260805_150551,,,5,6,3
20260805_150552,,,6,9,4
20260805_150552,,,7,21,10
20260805_150553,,,8,9,5
20260805_150553,,,9,8,4
20260805_150554,,,10,5,3
20260805_150554,,,11,5,3
20260805_150555,,,12,6,3
20260805_150555,,,13,5,3
20260805_150556,,,14,6,4
20260805_150556,,,15,7,3
20260805_150557,,,16,6,3
20260805_150557,,,17,5,3
20260805_150558,,,18,5,3
20260805_150558,,,19,8,3
20260805_150559,,,20,7,4
20260805_150559,,,0,6,3
20260805_150600,,,1,6,3
20260805_150600,,,2,5,3
20260805_150601,,,3,9,5
20260805_150601,,,4,10,5
20260805_150602,,,5,8,5
20260805_150602,,,6,15,6
20260805_150603,,,7,18,9
20260805_150603,,,8,10,5
20260805_150604,,,9,11,5
20260805_150604,,,10,7,5
20260805_150605,,,11,7,5
20260805_150605,,,12,7,4
20260805_150606,,,13,7,4
20260805_150606,,,14,6,4
20260805_150607,,,15,8,4
20260805_150608,,,16,7,4
20260805_150608,,,17,6,4
20260805_150609,,,18,6,4
20260805_150609,,,19,7,4
20260805_150610,,,20,6,4
20260805_150610,,,0,8,4
20260805_150611,,,1,7,4
20260805_150611,,,2,6,4
20260805_150612,,,3,11,5
20260805_150612,,,4,7,3
20260805_150613,,,5,8,4
20260805_150613,,,6,18,6
20260805_150614,,,7,22,11
20260805_150614,,,8,13,7
20260805_150615,,,9,9,5
20260805_150615,,,10,7,4
20260805_150616,,,11,6,4
20260805_150616,,,12,5,3
20260805_150617,,,13,6,3
20260805_150617,,,14,6,4
20260805_150618,,,15,8,4
20260805_150618,,,16,6,3
20260805_150619,,,17,5,3
20260805_150619,,,18,7,4
20260805_150620,,,19,8,4
20260805_150620,,,20,7,4
20260805_150621,,,0,7,3
20260805_150621,,,1,5,3
20260805_150622,,,2,5,3
20260805_150622,,,3,7,4
20260805_150623,,,4,8,4
20260805_150623,,,5,7,4
20260805_150624,,,6,13,5
20260805_150624,,,7,16,7
20260805_150625,,,8,10,5
20260805_150625,,,9,9,5
20260805_150626,,,10,7,4
20260805_150626,,,11,6,4
20260805_150627,,,12,6,3
20260805_150627,,,13,6,3
20260805_150628,,,14,5,3
20260805_150628,,,15,5,3
20260805_150629,,,16,5,3
20260805_150629,,,17,4,2
20260805_150630,,,18,4,2
20260805_150630,,,19,8,3
20260805_150631,,,20,4,2
20260805_150631,,,0,6,2
20260805_150632,,,1,6,3
20260805_150632,,,2,5,3
20260805_150633,,,3,10,4
20260805_150633,,,4,10,4
20260805_150634,,,5,9,3
20260805_150634,,,6,18,6
20260805_150635,,,7,20,10
20260805_150635,,,8,12,7
20260805_150636,,,9,8,4
20260805_150636,,,10,5,3
20260805_150637,,,11,6,3
20260805_150637,,,12,6,4
20260805_150638,,,13,6,4
20260805_150638,,,14,5,3
20260805_150639,,,15,6,3
20260805_150639,,,16,7,3
20260805_150640,,,17,5,3
20260805_150640,,,18,6,4
20260805_150641,,,19,9,4
20260805_150641,,,20,8,4
20260805_150642,,,0,8,4
20260805_150642,,,1,6,3
20260805_150643,,,2,6,3
20260805_150643,,,3,8,4
20260805_150644,,,4,10,4
20260805_150644,,,5,8,5
20260805_150645,,,6,12,5
20260805_150645,,,7,16,11
20260805_150646,,,8,9,5
20260805_150646,,,9,9,5
20260805_150647,,,10,9,5
20260805_150647,,,11,6,3
20260805_150648,,,12,7,4
20260805_150648,,,13,6,3
20260805_150649,,,14,6,4
20260805_150649,,,15,9,4
20260805_150650,,,16,7,4
20260805_150651,,,17,6,4
20260805_150651,,,18,6,4
20260805_150652,,,19,10,4
20260805_150652,,,20,6,3
20260805_150653,,,0,7,4
20260805_150653,,,1,7,4
20260805_150654,,,2,7,4
20260805_150654,,,3,11,6
20260805_150655,,,4,9,5
20260805_150655,,,5,10,6
20260805_150656,,,6,17,7
20260805_150656,,,7,18,10
20260805_150657,,,8,16,9
20260805_150657,,,9,11,5
20260805_150658,,,10,6,4
20260805_150658,,,11,5,3
20260805_150659,,,12,5,3
20260805_150659,,,13,7,4
20260805_150700,,,14,6,4
20260805_150700,,,15,8,4
20260805_150701,,,16,7,4
20260805_150701,,,17,6,4
20260805_150702,,,18,7,4
20260805_150702,,,19,9,5
20260805_150703,,,20,10,4
20260805_150703,,,0,8,4
20260805_150704,,,1,6,4
20260805_150704,,,2,7,5
20260805_150705,,,3,12,6
20260805_150705,,,4,11,5
20260805_150706,,,5,10,6
20260805_150706,,,6,12,5
20260805_150707,,,7,24,12
20260805_150707,,,8,11,7
20260805_150708,,,9,11,6
20260805_150708,,,10,9,5
20260805_150709,,,11,5,3
20260805_150709,,,12,6,4
20260805_150710,,,13,7,4
20260805_150710,,,14,7,4
20260805_150711,,,15,10,4
20260805_150711,,,16,6,4
20260805_150712,,,17,6,4
20260805_150712,,,18,8,5
20260805_150713,,,19,11,5
20260805_150713,,,20,6,4
20260805_150714,,,0,5,3
20260805_150714,,,1,5,3
20260805_150715,,,2,6,3
20260805_150715,,,3,10,5
20260805_150716,,,4,10,5
20260805_150716,,,5,9,5
20260805_150717,,,6,16,6
20260805_150717,,,7,18,9
20260805_150718,,,8,18,10
20260805_150718,,,9,11,5
20260805_150719,,,10,6,4
20260805_150719,,,11,6,4
20260805_150720,,,12,6,5
20260805_150720,,,13,7,4
20260805_150721,,,14,6,3
20260805_150721,,,15,6,3
20260805_150722,,,16,7,4
20260805_150722,,,17,6,4
20260805_150723,,,18,7,5
20260805_150723,,,19,9,5
20260805_150724,,,20,7,4
20260805_150724,,,0,11,4
20260805_150725,,,1,7,4
20260805_150725,,,2,6,4
20260805_150726,,,3,11,5
20260805_150726,,,4,8,4
20260805_150727,,,5,8,5
20260805_150727,,,6,10,5
20260805_150728,,,7,22,11
20260805_150728,,,8,11,7
20260805_150729,,,9,10,6
20260805_150729,,,10,6,4
20260805_150730,,,11,6,4
20260805_150730,,,12,7,4
20260805_150731,,,13,6,4
20260805_150731,,,14,6,4
20260805_150732,,,15,9,4
20260805_150732,,,16,7,4
20260805_150733,,,17,6,4
20260805_150733,,,18,7,4
20260805_150734,,,19,9,4
20260805_150735,,,20,8,5
20260805_150735,,,0,7,4
20260805_150736,,,1,6,4
20260805_150736,,,2,6,4
20260805_150737,,,3,9,5
20260805_150737,,,4,11,5
20260805_150738,,,5,9,5
20260805_150738,,,6,15,6
20260805_150739,,,7,17,9
20260805_150739,,,8,10,5
20260805_150740,,,9,10,5
20260805_150740,,,10,7,5
20260805_150741,,,11,6,3
20260805_150741,,,12,7,4
20260805_150742,,,13,8,5
20260805_150742,,,14,7,4
20260805_150743,,,15,7,4
20260805_150743,,,16,8,5
20260805_150744,,,17,7,5
20260805_150744,,,18,7,5
20260805_150745,,,19,8,5
20260805_150745,,,20,6,4
20260805_150746,,,0,8,4
20260805_150746,,,1,8,5
20260805_150747,,,2,6,4
20260805_150747,,,3,13,7
20260805_150748,,,4,10,6
20260805_150748,,,5,9,5
20260805_150749,,,6,20,8
20260805_150749,,,7,22,12
20260805_150750,,,8,14,9
20260805_150750,,,9,9,5
20260805_150751,,,10,6,4
20260805_150751,,,11,4,3
20260805_150752,,,12,5,3
20260805_150752,,,13,6,3
20260805_150753,,,14,6,4
20260805_150753,,,15,9,4
20260805_150754,,,16,7,4
20260805_150754,,,17,6,4
20260805_150755,,,18,8,5
20260805_150755,,,19,10,5
20260805_150756,,,20,8,5
20260805_150756,,,0,9,4
20260805_150757,,,1,7,4
20260805_150757,,,2,8,5
20260805_150758,,,3,9,6
20260805_150758,,,4,10,5
20260805_150759,,,5,9,5
20260805_150759,,,6,15,7
20260805_150800,,,7,17,9
20260805_150800,,,8,11,6
20260805_150801,,,9,10,6
20260805_150801,,,10,8,5
20260805_150802,,,11,7,4
20260805_150802,,,12,7,5
20260805_150803,,,13,6,4
20260805_150803,,,14,7,4
20260805_150804,,,15,10,5
20260805_150804,,,16,7,5
20260805_150805,,,17,7,5
20260805_150805,,,18,6,4
20260805_150806,,,19,11,5
20260805_150806,,,20,5,3
20260805_150807,,,0,7,4
20260805_150807,,,1,7,4
20260805_150808,,,2,6,3
20260805_150808,,,3,11,5
20260805_150809,,,4,9,4
20260805_150809,,,5,7,4
20260805_150810,,,6,17,5
20260805_150810,,,7,19,9
20260805_150811,,,8,13,7
20260805_150811,,,9,8,3
20260805_150812,,,10,4,2
20260805_150812,,,11,4,2
20260805_150813,,,12,5,3
20260805_150813,,,13,6,3
20260805_150814,,,14,5,3
20260805_150814,,,15,7,3
20260805_150815,,,16,6,3
20260805_150815,,,17,5,3
20260805_150816,,,18,7,4
20260805_150817,,,19,8,4
20260805_150817,,,20,8,3
20260805_150818,,,0,7,3
20260805_150818,,,1,4,2
20260805_150819,,,2,5,3
20260805_150819,,,3,6,3
20260805_150820,,,4,7,2
20260805_150820,,,5,7,3
20260805_150821,,,6,12,4
20260805_150821,,,7,21,10
20260805_150822,,,8,8,4
20260805_150822,,,9,8,4
20260805_150823,,,10,7,3
20260805_150823,,,11,4,3
20260805_150824,,,12,5,3
20260805_150824,,,13,5,3
20260805_150825,,,14,5,3
20260805_150825,,,15,9,4
20260805_150826,,,16,6,4
20260805_150826,,,17,5,3
20260805_150827,,,18,5,3
20260805_150827,,,19,9,3
20260805_150828,,,20,5,3
20260805_150828,,,0,7,4
20260805_150829,,,1,8,3
20260805_150829,,,2,6,3
20260805_150830,,,3,9,4
20260805_150830,,,4,8,4
20260805_150831,,,5,8,4
20260805_150831,,,6,17,6
20260805_150832,,,7,19,10
20260805_150832,,,8,15,8
20260805_150833,,,9,10,5
20260805_150833,,,10,6,4
20260805_150834,,,11,6,3
20260805_150834,,,12,6,3
20260805_150835,,,13,7,3
20260805_150835,,,14,5,3
20260805_150836,,,15,6,3
20260805_150836,,,16,7,3
20260805_150837,,,17,4,3
20260805_150837,43.11128,-70.912279,18,6,3
20260805_150838,43.11128,-70.912279,19,7,3
20260805_150838,,,20,6,3
20260805_150839,,,0,8,4
20260805_150839,,,1,7,4
20260805_150840,,,2,7,4
20260805_150840,,,3,11,5
20260805_150841,,,4,8,3
20260805_150841,,,5,6,3
20260805_150842,,,6,10,4
20260805_150842,,,7,22,10
20260805_150843,,,8,9,5
20260805_150843,,,9,7,3
20260805_150844,,,10,8,3
20260805_150844,,,11,5,2
20260805_150845,,,12,4,3
20260805_150845,,,13,5,3
20260805_150846,,,14,5,3
20260805_150846,,,15,9,3
20260805_150847,,,16,5,2
20260805_150847,,,17,5,3
20260805_150848,,,18,6,4
20260805_150848,,,19,8,3
20260805_150849,43.111741,-70.91046,20,6,3
20260805_150849,43.111741,-70.91046,0,7,4
20260805_150850,43.111852,-70.910273,1,5,3
20260805_150850,43.111852,-70.910273,2,6,4
20260805_150851,43.111915,-70.910137,3,8,4
20260805_150851,43.111915,-70.910137,4,10,5
20260805_150852,,,5,9,5
20260805_150852,,,6,17,7
20260805_150853,43.111999,-70.909918,7,19,10
20260805_150853,43.111999,-70.909918,8,18,11
20260805_150854,43.112043,-70.909819,9,10,5
20260805_150854,43.112043,-70.909819,10,6,4
20260805_150855,43.112073,-70.909735,11,5,4
20260805_150855,43.112073,-70.909735,12,7,5
20260805_150856,43.112103,-70.909665,13,7,4
20260805_150856,43.112103,-70.909665,14,5,3
20260805_150857,,,15,7,3
20260805_150857,,,16,6,4
20260805_150858,,,17,6,4
20260805_150858,,,18,7,4
20260805_150859,,,19,8,4
20260805_150859,,,20,7,4
20260805_150900,43.112294,-70.909635,0,9,4
20260805_150901,43.112294,-70.909635,1,7,4
20260805_150901,43.11235,-70.909682,2,6,4
20260805_150902,43.11235,-70.909682,3,13,6
20260805_150902,43.112408,-70.909738,4,9,4
20260805_150903,43.112408,-70.909738,5,8,5
20260805_150903,43.112471,-70.909786,6,9,5
20260805_150904,43.112471,-70.909786,7,22,10
20260805_150904,43.112528,-70.909834,8,10,6
20260805_150905,43.112528,-70.909834,9,9,5
20260805_150905,43.112589,-70.909878,10,6,4
20260805_150906,43.112589,-70.909878,11,6,4
20260805_150906,43.112652,-70.909921,12,7,5
20260805_150907,43.112652,-70.909921,13,8,5
20260805_150907,43.112715,-70.90996,14,7,4
20260805_150908,43.112715,-70.90996,15,8,4
20260805_150908,43.11278,-70.91,16,6,4
20260805_150909,43.11278,-70.91,17,7,4
20260805_150909,43.112846,-70.910032,18,7,4
20260805_150910,43.112846,-70.910032,19,11,5
20260805_150910,43.112906,-70.910061,20,8,5
20260805_150911,43.112906,-70.910061,0,7,4
20260805_150911,,,1,6,3
20260805_150912,,,2,6,3
20260805_150912,43.113113,-70.909902,3,8,4
20260805_150913,43.113113,-70.909902,4,9,4
20260805_150913,43.113181,-70.909839,5,8,4
20260805_150914,43.113181,-70.909839,6,14,5
20260805_150914,43.113246,-70.909778,7,18,8
20260805_150915,43.113246,-70.909778,8,10,5
20260805_150915,43.113304,-70.909708,9,10,4
20260805_150916,43.113304,-70.909708,10,7,4
20260805_150916,43.113359,-70.909626,11,5,3
20260805_150917,43.113359,-70.909626,12,5,3
20260805_150917,43.113418,-70.909552,13,6,4
20260805_150918,43.113418,-70.909552,14,7,4
20260805_150918,43.113483,-70.909483,15,7,4
20260805_150919,43.113483,-70.909483,16,7,4
20260805_150919,43.113549,-70.90942,17,6,3
20260805_150920,43.113549,-70.90942,18,7,5
20260805_150920,43.113617,-70.909358,19,10,5
20260805_150921,43.113617,-70.909358,20,7,5
20260805_150921,43.113687,-70.909301,0,8,4
20260805_150922,43.113687,-70.909301,1,8,4
20260805_150922,43.113757,-70.909247,2,7,3
20260805_150923,43.113757,-70.909247,3,12,5
20260805_150923,43.11383,-70.90919,4,9,4
20260805_150924,43.11383,-70.90919,5,7,4
20260805_150924,43.113901,-70.909134,6,18,6
20260805_150925,43.113901,-70.909134,7,22,11
20260805_150925,43.113977,-70.909076,8,13,8
20260805_150926,43.113977,-70.909076,9,10,6
20260805_150926,43.11411,-70.909197,10,8,5
20260805_150927,43.11421,-70.909242,11,7,5
20260805_150927,43.11421,-70.909242,12,6,4
20260805_150928,43.114299,-70.909269,13,7,4
20260805_150928,43.114299,-70.909269,14,6,4
20260805_150929,43.114396,-70.909293,15,8,4
20260805_150929,43.114396,-70.909293,16,7,4
20260805_150930,43.114492,-70.909313,17,7,5
20260805_150930,43.114492,-70.909313,18,8,5
20260805_150931,43.114585,-70.909335,19,11,6
20260805_150931,43.114585,-70.909335,20,10,5
20260805_150932,43.114678,-70.909356,0,10,5
20260805_150932,43.114678,-70.909356,1,6,4
20260805_150933,,,2,7,4
20260805_150933,,,3,9,5
20260805_150934,,,4,8,3
20260805_150934,,,5,7,4
20260805_150935,,,6,14,6
20260805_150935,,,7,18,9
20260805_150936,,,8,10,5
20260805_150936,,,9,9,5
20260805_150937,,,10,8,5
20260805_150937,,,11,6,4
20260805_150938,43.115222,-70.909471,12,7,4
20260805_150938,43.115222,-70.909471,13,6,4
20260805_150939,43.115319,-70.909479,14,6,4
20260805_150939,43.115319,-70.909479,15,9,4
20260805_150940,,,16,7,5
20260805_150940,,,17,5,3
20260805_150941,,,18,5,3
20260805_150941,,,19,9,3
20260805_150942,43.115581,-70.909534,20,5,3
20260805_150942,43.115581,-70.909534,0,6,3
20260805_150943,43.115681,-70.909538,1,6,3
20260805_150944,43.115681,-70.909538,2,7,4
20260805_150944,43.115782,-70.909515,3,10,5
20260805_150945,43.115782,-70.909515,4,9,5
20260805_150945,,,5,9,5
20260805_150946,,,6,18,7
20260805_150946,,,7,19,10
20260805_150947,,,8,13,7
20260805_150947,,,9,10,5
20260805_150948,,,10,6,4
20260805_150948,,,11,6,4
20260805_150949,,,12,6,4
20260805_150949,43.116185,-70.909217,13,6,4
20260805_150950,43.116185,-70.909217,14,5,3
20260805_150950,43.116022,-70.908195,15,7,3
20260805_150951,43.116022,-70.908195,16,8,4
20260805_150951,43.11607,-70.908065,17,6,4
20260805_150952,43.11607,-70.908065,18,7,4
20260805_150952,,,19,8,4
20260805_150953,,,20,9,4
20260805_150953,,,0,9,4
20260805_150954,,,1,7,4
20260805_150954,,,2,6,4
20260805_150955,,,3,8,5
20260805_150955,,,4,9,5
20260805_150956,,,5,8,5
20260805_150956,,,6,12,5
20260805_150957,,,7,22,11
20260805_150957,,,8,9,5
20260805_150958,,,9,9,5
20260805_150958,,,10,8,4
20260805_150959,,,11,6,4
20260805_150959,,,12,7,4
20260805_151000,,,13,7,4
20260805_151000,,,14,6,4
20260805_151001,,,15,9,4
20260805_151001,,,16,5,3
20260805_151002,,,17,5,3
20260805_151002,,,18,6,4
20260805_151003,,,19,10,4
20260805_151003,,,20,7,4
20260805_151004,,,0,8,4
20260805_151004,,,1,5,3
20260805_151005,,,2,7,4
20260805_151005,,,3,9,5
20260805_151006,,,4,9,4
20260805_151006,,,5,8,4
20260805_151007,,,6,19,7
20260805_151007,,,7,19,9
20260805_151008,,,8,17,9
20260805_151008,,,9,10,5
20260805_151009,,,10,6,4
20260805_151009,,,11,7,4
20260805_151010,,,12,7,5
20260805_151010,,,13,7,5
20260805_151011,,,14,7,4
20260805_151011,,,15,7,4
20260805_151012,,,16,7,4
20260805_151012,,,17,6,4
20260805_151013,,,18,9,6
20260805_151013,,,19,10,6
20260805_151014,,,20,6,4
20260805_151014,,,0,9,4
20260805_151015,,,1,7,5
20260805_151015,,,2,6,4
20260805_151016,,,3,12,6
20260805_151016,,,4,8,4
20260805_151017,,,5,8,5
20260805_151017,,,6,13,6
20260805_151018,,,7,24,12
20260805_151018,,,8,11,7
20260805_151019,,,9,9,6
20260805_151019,,,10,9,6
20260805_151020,,,11,7,4
20260805_151020,,,12,7,5
20260805_151021,,,13,8,5
20260805_151021,,,14,6,4
20260805_151022,,,15,7,3
20260805_151022,,,16,5,3
20260805_151023,,,17,5,3
20260805_151023,,,18,6,4
20260805_151024,,,19,9,4
20260805_151024,,,20,7,4
20260805_151025,,,0,6,4
20260805_151026,,,1,6,4
20260805_151026,,,2,7,4
20260805_151027,,,3,9,4
20260805_151027,,,4,10,5
20260805_151028,,,5,9,4
20260805_151028,,,6,15,6
20260805_151029,,,7,19,10
20260805_151029,,,8,20,10
20260805_151030,,,9,12,5
20260805_151030,43.119639,-70.907595,10,7,4
20260805_151031,43.119639,-70.907595,11,6,3
20260805_151031,43.119643,-70.907726,12,7,4
20260805_151032,43.119643,-70.907726,13,6,4
20260805_151032,,,14,5,3
20260805_151033,,,15,6,3
20260805_151033,,,16,6,3
20260805_151034,,,17,5,3
20260805_151034,,,18,6,4
20260805_151035,,,19,7,4
20260805_151035,,,20,6,4
20260805_151036,,,0,8,4
20260805_151036,,,1,8,4
20260805_151037,,,2,7,4
20260805_151037,,,3,11,5
20260805_151038,,,4,8,3
20260805_151038,,,5,7,3
20260805_151039,,,6,19,6
20260805_151039,,,7,21,10
20260805_151040,,,8,10,6
20260805_151040,43.119732,-70.908903,9,8,5
20260805_151041,43.119732,-70.908903,10,5,3
20260805_151041,43.11971,-70.909032,11,4,2
20260805_151042,43.11971,-70.909032,12,5,3
20260805_151042,43.119702,-70.909149,13,6,3
20260805_151043,43.119702,-70.909149,14,5,3
20260805_151043,43.119699,-70.909263,15,6,2
20260805_151044,43.119699,-70.909263,16,5,2
20260805_151044,43.119681,-70.909371,17,4,2
20260805_151045,43.119681,-70.909371,18,5,2
20260805_151045,43.119657,-70.909481,19,7,2
20260805_151046,43.119657,-70.909481,20,5,2
20260805_151046,43.119631,-70.909595,0,6,2
20260805_151047,43.119631,-70.909595,1,4,2
20260805_151047,43.119607,-70.909705,2,5,2
20260805_151048,43.119607,-70.909705,3,7,3
20260805_151048,,,4,9,2
20260805_151049,,,5,7,4
20260805_151049,,,6,14,4
20260805_151050,,,7,16,7
20260805_151050,43.119325,-70.909937,8,8,4
20260805_151051,,,9,9,4
20260805_151051,,,10,6,3
20260805_151052,,,11,4,2
20260805_151052,,,12,6,4
20260805_151053,,,13,5,3
20260805_151053,,,14,6,3
20260805_151054,,,15,5,3
20260805_151054,,,16,6,3
20260805_151055,,,17,6,3
20260805_151055,,,18,5,3
20260805_151056,,,19,8,3
20260805_151056,,,20,4,3
20260805_151057,,,0,6,3
20260805_151057,,,1,6,2
20260805_151058,,,2,6,2
20260805_151058,,,3,9,4
20260805_151059,,,4,7,3
20260805_151059,,,5,6,3
20260805_151100,,,6,17,6
20260805_151100,,,7,20,10
20260805_151101,,,8,12,7
20260805_151101,,,9,8,4
20260805_151102,43.118339,-70.910541,10,5,3
20260805_151102,43.118339,-70.910541,11,4,2
20260805_151103,43.118272,-70.910486,12,4,2
20260805_151103,43.118272,-70.910486,13,5,3
20260805_151104,43.118223,-70.910456,14,5,3
20260805_151104,43.118223,-70.910456,15,8,4
20260805_151105,43.118159,-70.910416,16,7,4
20260805_151105,43.118159,-70.910416,17,6,4
20260805_151106,43.118071,-70.910386,18,6,4
20260805_151106,43.118071,-70.910386,19,7,3
20260805_151107,43.118009,-70.910376,20,8,4
20260805_151107,43.118009,-70.910376,0,8,4
20260805_151108,,,1,5,3
20260805_151108,,,2,5,3
20260805_151109,43.117647,-70.910455,3,8,4
20260805_151110,43.117647,-70.910455,4,9,4
20260805_151110,43.117588,-70.910452,5,7,4
20260805_151111,43.117588,-70.910452,6,13,5
20260805_151111,43.117519,-70.910454,7,17,7
20260805_151112,43.117519,-70.910454,8,10,5
20260805_151112,43.117442,-70.910449,9,11,6
20260805_151113,43.117442,-70.910449,10,8,5
20260805_151113,43.117373,-70.910443,11,6,4
20260805_151114,43.117373,-70.910443,12,7,4
20260805_151114,43.117294,-70.910465,13,7,4
20260805_151115,43.117294,-70.910465,14,5,3
20260805_151115,43.117232,-70.910468,15,8,3
20260805_151116,43.117232,-70.910468,16,6,3
20260805_151116,43.117142,-70.910468,17,5,3
20260805_151117,43.117142,-70.910468,18,5,3
20260805_151117,,,19,11,3
20260805_151118,,,20,5,3
20260805_151118,43.116104,-70.910752,0,6,3
20260805_151119,43.116104,-70.910752,1,6,3
20260805_151119,,,2,6,3
20260805_151120,,,3,11,6
20260805_151120,43.115986,-70.910778,4,9,5
20260805_151121,43.115986,-70.910778,5,8,4
20260805_151121,43.115902,-70.910803,6,19,7
20260805_151122,43.115902,-70.910803,7,19,10
20260805_151122,,,8,15,9
20260805_151123,,,9,10,5
20260805_151123,43.11566,-70.910837,10,6,4
20260805_151124,43.11566,-70.910837,11,6,4
20260805_151124,43.115571,-70.91086,12,7,4
20260805_151125,43.115571,-70.91086,13,7,5
20260805_151125,43.115496,-70.910883,14,6,4
20260805_151126,43.115496,-70.910883,15,8,4
20260805_151126,43.115417,-70.910901,16,8,4
20260805_151127,43.115417,-70.910901,17,7,5
20260805_151127,43.115336,-70.910922,18,8,5
20260805_151128,43.115336,-70.910922,19,10,6
20260805_151128,43.11523,-70.91094,20,10,6
20260805_151129,43.11523,-70.91094,0,10,5
20260805_151129,43.115132,-70.910968,1,8,5
20260805_151130,43.115132,-70.910968,2,8,5
20260805_151130,43.11504,-70.910987,3,8,5
20260805_151131,43.11504,-70.910987,4,10,4
20260805_151131,43.114946,-70.911014,5,8,5
20260805_151132,43.114946,-70.911014,6,12,6
20260805_151132,43.114855,-70.911047,7,22,11
20260805_151133,43.114855,-70.911047,8,11,6
20260805_151133,43.114753,-70.911084,9,10,6
20260805_151134,43.114753,-70.911084,10,8,5
20260805_151134,43.114679,-70.91111,11,5,3
20260805_151135,43.11457,-70.911134,12,6,4
20260805_151135,43.11457,-70.911134,13,6,4
20260805_151136,43.11457,-70.911134,14,5,3
20260805_151136,43.114003,-70.911451,15,8,3
20260805_151137,,,16,5,3
20260805_151137,,,17,5,3
20260805_151138,,,18,4,2
20260805_151138,,,19,9,4
20260805_151139,,,20,6,4
20260805_151139,,,0,6,3
20260805_151140,,,1,5,3
20260805_151140,,,2,6,4
20260805_151141,,,3,9,5
20260805_151141,,,4,9,4
20260805_151142,,,5,8,4
20260805_151142,,,6,16,6
20260805_151143,,,7,18,10
20260805_151143,,,8,17,9
20260805_151144,,,9,10,5
20260805_151144,,,10,7,4
20260805_151145,,,11,6,4
20260805_151145,,,12,6,4
20260805_151146,,,13,8,5
20260805_151146,,,14,6,4
20260805_151147,,,15,7,4
20260805_151147,,,16,7,4
20260805_151148,43.112922,-70.912107,17,8,5
20260805_151148,43.112922,-70.912107,18,7,4
20260805_151149,43.112872,-70.91203,19,7,4
20260805_151149,43.112872,-70.91203,20,5,3
20260805_151150,43.112759,-70.912028,0,7,3
20260805_151150,43.112759,-70.912028,1,6,4
20260805_151151,43.112582,-70.912034,2,5,3
20260805_151151,43.112582,-70.912034,3,12,6
20260805_151152,43.112446,-70.912042,4,8,4
20260805_151153,43.112446,-70.912042,5,6,3
20260805_151153,43.112313,-70.912057,6,11,5
20260805_151154,43.112313,-70.912057,7,23,10
20260805_151154,43.112223,-70.91207,8,9,6
20260805_151155,43.112223,-70.91207,9,9,5
20260805_151155,43.112103,-70.912089,10,10,5
20260805_151156,43.112103,-70.912089,11,6,3
20260805_151156,43.111947,-70.912109,12,5,3
20260805_151157,43.111947,-70.912109,13,5,3
20260805_151157,43.111764,-70.912151,14,5,3
20260805_151158,43.111764,-70.912151,15,8,3
20260805_151158,43.111646,-70.912182,16,6,3
20260805_151159,43.111646,-70.912182,17,6,3
20260805_151159,43.111559,-70.912196,18,6,3
20260805_151200,43.111559,-70.912196,19,8,3
20260805_151200,43.111482,-70.912206,20,6,3
20260805_151201,43.111482,-70.912206,0,5,3
20260805_151201,43.111409,-70.912204,1,6,4
20260805_151202,43.111409,-70.912204,2,7,4
20260805_151202,43.111344,-70.912204,3,9,4
20260805_151203,43.111344,-70.912204,4,10,5
20260805_151203,43.11129,-70.9122,5,8,5
20260805_151204,43.11129,-70.9122,6,16,6
20260805_151204,43.111225,-70.912203,7,17,9
20260805_151205,43.111225,-70.912203,8,17,10
20260805_151205,,,9,10,6
20260805_151206,,,10,7,4
20260805_151206,43.111093,-70.912214,11,4,3
20260805_151207,43.111093,-70.912214,12,7,4
20260805_151207,43.111196,-70.912188,13,7,4
20260805_151208,43.111196,-70.912188,14,6,4
20260805_151208,43.111182,-70.912219,15,6,3
20260805_151209,43.111182,-70.912219,16,5,3
20260805_151209,43.11116,-70.912262,17,4,2
20260805_151210,43.11116,-70.912262,18,5,3
20260805_151210,,,19,7,4
20260805_151211,,,20,6,4
20260805_151211,,,0,8,4
20260805_151212,,,1,6,3
20260805_151212,,,2,5,3
20260805_151213,,,3,11,4
20260805_151213,43.111011,-70.912421,4,8,4
20260805_151214,43.111011,-70.912421,5,8,4
20260805_151214,43.110955,-70.912471,6,17,6
20260805_151215,43.110955,-70.912471,7,22,10
20260805_151215,43.110906,-70.912514,8,11,6
20260805_151216,43.110906,-70.912514,9,8,4
20260805_151216,43.110862,-70.912568,10,5,3
20260805_151217,43.110862,-70.912568,11,4,2
20260805_151217,43.110793,-70.912621,12,4,3
20260805_151218,43.110793,-70.912621,13,5,3
20260805_151218,43.110738,-70.912673,14,5,3
20260805_151219,43.110669,-70.912725,15,7,3
20260805_151219,43.110669,-70.912725,16,6,3
20260805_151220,43.110669,-70.912725,17,6,3
20260805_151220,43.110593,-70.912786,18,5,3
20260805_151221,43.110593,-70.912786,19,8,3
20260805_151221,43.11052,-70.912848,20,7,4
20260805_151222,43.11052,-70.912848,0,6,3
20260805_151222,43.110465,-70.912902,1,5,3
20260805_151223,43.110416,-70.912965,2,6,3
20260805_151223,43.110416,-70.912965,3,8,4
20260805_151224,43.11037,-70.913027,4,8,4
20260805_151224,43.11037,-70.913027,5,8,4
20260805_151225,43.110573,-70.914246,6,15,6
20260805_151225,43.110573,-70.914246,7,16,7
20260805_151226,43.110572,-70.914361,8,9,5
20260805_151226,43.110572,-70.914361,9,10,5
20260805_151227,43.110579,-70.914489,10,6,4
20260805_151227,43.110579,-70.914489,11,5,3
20260805_151228,,,12,7,4
20260805_151228,,,13,7,4
20260805_151229,,,14,6,4
20260805_151229,,,15,6,4
20260805_151230,,,16,8,5
20260805_151230,,,17,6,4
20260805_151231,,,18,6,4
20260805_151231,,,19,10,4
20260805_151232,,,20,6,3
20260805_151232,,,0,8,4
20260805_151233,43.110687,-70.915249,1,7,4
20260805_151233,43.110687,-70.915249,2,8,5
20260805_151234,43.110737,-70.915369,3,12,6
20260805_151234,43.110737,-70.915369,4,9,5
20260805_151235,43.110778,-70.915485,5,9,5
20260805_151236,43.110778,-70.915485,6,18,7
20260805_151236,43.110804,-70.915589,7,21,11
20260805_151237,43.110804,-70.915589,8,12,7
20260805_151237,43.110829,-70.91569,9,9,5
20260805_151238,43.110829,-70.91569,10,6,4
20260805_151238,,,11,6,4
20260805_151239,,,12,7,4
20260805_151239,43.110986,-70.915737,13,6,4
20260805_151240,43.110986,-70.915737,14,6,4
20260805_151240,43.111034,-70.915745,15,9,5
20260805_151241,43.111034,-70.915745,16,9,5
20260805_151241,43.111076,-70.915747,17,6,4
20260805_151242,43.111076,-70.915747,18,8,5
20260805_151242,43.111122,-70.915743,19,10,5
20260805_151243,43.111122,-70.915743,20,8,4
20260805_151243,43.111171,-70.91574,0,8,3
20260805_151244,43.111171,-70.91574,1,5,3
20260805_151244,43.111228,-70.915741,2,6,4
20260805_151245,43.111228,-70.915741,3,8,5
20260805_151245,43.111286,-70.915742,4,8,3
20260805_151246,43.111286,-70.915742,5,8,4
20260805_151246,,,6,13,5
20260805_151247,,,7,17,8
20260805_151247,,,8,11,5
20260805_151248,,,9,10,5
20260805_151248,43.111448,-70.915755,10,8,4
20260805_151249,43.111448,-70.915755,11,7,4
20260805_151249,43.111509,-70.915748,12,7,4
20260805_151250,43.111509,-70.915748,13,6,4
20260805_151250,43.111578,-70.915743,14,6,4
20260805_151251,43.111578,-70.915743,15,9,4
20260805_151251,43.111645,-70.91573,16,6,3
20260805_151252,43.111645,-70.91573,17,5,3
20260805_151252,43.111713,-70.915724,18,6,4
20260805_151253,43.111713,-70.915724,19,9,4
20260805_151253,43.111785,-70.915717,20,6,4
20260805_151254,43.111785,-70.915717,0,6,3
20260805_151254,43.111857,-70.915701,1,7,4
20260805_151255,43.111857,-70.915701,2,7,4
20260805_151255,43.112439,-70.915286,3,10,5
20260805_151256,43.112439,-70.915286,4,10,5
20260805_151256,,,5,8,4
20260805_151257,,,6,18,6
20260805_151257,,,7,20,10
20260805_151258,,,8,14,8
20260805_151258,,,9,11,5
20260805_151259,,,10,6,4
20260805_151259,,,11,7,5
20260805_151300,,,12,7,5
20260805_151300,,,13,8,5
20260805_151301,,,14,5,3
20260805_151301,,,15,8,5
20260805_151302,,,16,8,4
20260805_151302,,,17,6,4
20260805_151303,,,18,6,4
20260805_151303,,,19,8,4
20260805_151304,,,20,8,4
20260805_151304,,,0,8,4
20260805_151305,,,1,6,3
20260805_151305,,,2,6,4
20260805_151306,,,3,12,6
20260805_151306,,,4,8,4
20260805_151307,,,5,8,4
20260805_151307,,,6,12,5
20260805_151308,,,7,23,10
20260805_151308,,,8,9,5
20260805_151309,,,9,9,5
20260805_151309,,,10,8,4
20260805_151310,,,11,6,4
20260805_151310,,,12,6,4
20260805_151311,,,13,6,3
20260805_151311,,,14,6,3
20260805_151312,,,15,9,4
20260805_151312,,,16,6,4
20260805_151313,,,17,5,3
20260805_151313,,,18,5,3
20260805_151314,,,19,8,3
20260805_151314,,,20,5,3
20260805_151315,,,0,5,3
20260805_151315,,,1,4,2
20260805_151316,,,2,5,3
20260805_151316,,,3,8,4
20260805_151317,,,4,7,3
20260805_151317,,,5,8,4
20260805_151318,,,6,17,6
20260805_151318,,,7,17,8
20260805_151319,,,8,15,7
20260805_151320,,,9,9,4
20260805_151320,,,10,5,3
20260805_151321,,,11,5,3
20260805_151321,,,12,5,3
20260805_151322,,,13,6,3
20260805_151322,,,14,5,3
20260805_151323,,,15,6,3
20260805_151323,,,16,7,3
20260805_151324,,,17,4,2
20260805_151324,,,18,5,3
20260805_151325,,,19,7,3
20260805_151325,,,20,4,3
20260805_151326,,,0,6,3
20260805_151326,,,1,5,3
20260805_151327,,,2,4,2
20260805_151327,,,3,12,6
20260805_151328,,,4,7,3
20260805_151328,,,5,7,4
20260805_151329,,,6,10,4
20260805_151329,,,7,22,10
20260805_151330,,,8,8,4
20260805_151330,,,9,7,4
20260805_151331,,,10,7,3
20260805_151331,,,11,4,2
20260805_151332,,,12,5,3
20260805_151332,,,13,5,3
20260805_151333,,,14,5,3
20260805_151333,,,15,7,3
20260805_151334,,,16,5,3
20260805_151334,,,17,4,3
20260805_151335,,,18,6,4
20260805_151335,,,19,8,3
20260805_151336,,,20,6,3
20260805_151336,,,0,7,3
20260805_151337,,,1,5,3
20260805_151337,,,2,6,4
20260805_151338,,,3,9,5
20260805_151338,,,4,9,4
20260805_151339,,,5,9,5
20260805_151339,,,6,17,6
20260805_151340,,,7,17,9
20260805_151340,,,8,17,9
20260805_151341,,,9,11,5
20260805_151341,,,10,6,4
20260805_151342,,,11,6,3
20260805_151342,,,12,7,4
20260805_151343,,,13,6,4
20260805_151343,,,14,6,3
20260805_151344,,,15,6,3
20260805_151344,,,16,6,3
20260805_151345,,,17,5,3
20260805_151345,,,18,5,3
20260805_151346,,,19,6,3
20260805_151346,,,20,5,3
20260805_151347,,,0,8,3
20260805_151347,,,1,6,3
