time,lat,lon,freq_index,peak_val,noise_mean
20260805_132623,43.13742,-70.934638,0,4,1
20260805_132624,43.13742,-70.934638,1,2,1
20260805_132624,43.13742,-70.934638,2,2,1
20260805_132625,43.13742,-70.934638,3,5,2
20260805_132625,43.13742,-70.934638,4,4,1
20260805_132626,43.13742,-70.934638,5,4,2
20260805_132626,43.13742,-70.934638,6,9,3
20260805_132627,43.13742,-70.934638,7,11,5
20260805_132627,43.13742,-70.934638,8,4,2
20260805_132628,43.13742,-70.934638,9,5,2
20260805_132628,43.13742,-70.934638,10,3,1
20260805_132629,43.13742,-70.934638,11,2,1
20260805_132629,43.13742,-70.934638,12,3,1
20260805_132630,43.13742,-70.934638,13,3,1
20260805_132630,43.13742,-70.934638,14,3,1
20260805_132631,43.13742,-70.934638,15,4,1
20260805_132631,43.13742,-70.934638,16,3,1
20260805_132632,43.137421,-70.934638,17,3,1
20260805_132632,43.137421,-70.934638,18,3,1
20260805_132633,43.137421,-70.934638,19,5,2
20260805_132633,43.137421,-70.934638,20,2,1
20260805_132634,43.137421,-70.934638,0,4,1
20260805_132634,43.137421,-70.934638,1,2,1
20260805_132635,43.137421,-70.934638,2,3,1
20260805_132635,43.137421,-70.934638,3,5,2
20260805_132636,43.137421,-70.934638,4,4,1
20260805_132636,43.137421,-70.934638,5,4,2
20260805_132637,43.137421,-70.934638,6,9,3
20260805_132637,43.137421,-70.934638,7,11,5
20260805_132638,43.137421,-70.934638,8,4,2
20260805_132638,43.137421,-70.934638,9,5,2
20260805_132639,43.137421,-70.934638,10,2,1
20260805_132639,43.137421,-70.934638,11,2,1
20260805_132640,43.137421,-70.934638,12,3,1
20260805_132640,43.137421,-70.934638,13,3,1
20260805_132641,43.137421,-70.934638,14,2,1
20260805_132641,43.137421,-70.934638,15,3,1
20260805_132642,43.137421,-70.934638,16,3,1
20260805_132642,43.137421,-70.934638,17,2,1
20260805_132643,43.137421,-70.934638,18,3,1
20260805_132643,43.137421,-70.934638,19,4,1
20260805_132644,43.137421,-70.934638,20,2,1
20260805_132644,43.137421,-70.934638,0,3,1
20260805_132645,43.137421,-70.934638,1,2,1
20260805_132645,43.137421,-70.934638,2,2,1
20260805_132646,43.137421,-70.934638,3,5,2
20260805_132647,43.137421,-70.934638,4,4,1
20260805_132647,43.137421,-70.934638,5,3,1
20260805_132648,43.137421,-70.934638,6,8,2
20260805_132648,43.137421,-70.934638,7,11,5
20260805_132649,43.137421,-70.934638,8,5,2
20260805_132649,43.137421,-70.934638,9,4,1
20260805_132650,43.137421,-70.934638,10,3,1
20260805_132650,43.137421,-70.934638,11,2,1
20260805_132651,43.137421,-70.934638,12,3,1
20260805_132651,43.137421,-70.934639,13,2,1
20260805_132652,43.137421,-70.934639,14,2,1
20260805_132652,43.137421,-70.934639,15,4,1
20260805_132653,43.137421,-70.934639,16,3,1
20260805_132653,43.137421,-70.934639,17,3,1
20260805_132654,43.137421,-70.934639,18,3,1
20260805_132654,43.137421,-70.934639,19,4,1
20260805_132655,43.137421,-70.934639,20,2,1
20260805_132655,43.137421,-70.934639,0,4,1
20260805_132656,43.137421,-70.934639,1,2,1
20260805_132656,43.137421,-70.934639,2,3,1
20260805_132657,43.137421,-70.934639,3,6,2
20260805_132657,43.137421,-70.934639,4,4,2
20260805_132658,43.137421,-70.934639,5,5,2
20260805_132658,43.137421,-70.934639,6,9,3
20260805_132659,43.137421,-70.934639,7,11,5
20260805_132659,43.137421,-70.934639,8,5,2
20260805_132700,43.137421,-70.934639,9,5,2
20260805_132700,43.137421,-70.934639,10,4,2
20260805_132701,43.137421,-70.934639,11,3,1
20260805_132701,43.137421,-70.934639,12,4,2
20260805_132702,43.137421,-70.934639,13,4,2
20260805_132702,43.13742,-70.934639,14,3,1
20260805_132703,43.13742,-70.934639,15,4,1
20260805_132703,43.13742,-70.934639,16,3,2
20260805_132704,43.13742,-70.934639,17,2,1
20260805_132704,43.13742,-70.934639,18,3,2
20260805_132705,43.13742,-70.934639,19,5,2
20260805_132705,43.13742,-70.934639,20,3,1
20260805_132706,43.13742,-70.934639,0,5,2
20260805_132706,43.13742,-70.93464,1,2,1
20260805_132707,43.13742,-70.93464,2,3,2
20260805_132707,43.13742,-70.93464,3,6,3
20260805_132708,43.13742,-70.93464,4,4,1
20260805_132708,43.13742,-70.93464,5,5,2
20260805_132709,43.13742,-70.93464,6,9,3
20260805_132709,43.13742,-70.93464,7,11,5
20260805_132710,43.13742,-70.93464,8,5,2
20260805_132710,43.13742,-70.93464,9,5,2
20260805_132711,43.13742,-70.93464,10,3,1
20260805_132711,43.13742,-70.93464,11,2,1
20260805_132712,43.13742,-70.93464,12,3,2
20260805_132712,43.13742,-70.93464,13,3,1
20260805_132713,43.13742,-70.93464,14,2,1
20260805_132713,43.13742,-70.93464,15,4,1
20260805_132714,43.13742,-70.93464,16,3,1
20260805_132714,43.13742,-70.93464,17,2,1
20260805_132715,43.13742,-70.934641,18,3,1
20260805_132715,43.13742,-70.934641,19,4,2
20260805_132716,43.13742,-70.934641,20,3,1
20260805_132716,43.13742,-70.934641,0,4,1
20260805_132717,43.13742,-70.934641,1,2,1
20260805_132717,43.13742,-70.934641,2,3,1
20260805_132718,43.13742,-70.934641,3,6,2
20260805_132718,43.13742,-70.934641,4,4,1
20260805_132719,43.13742,-70.934641,5,3,1
20260805_132719,43.13742,-70.934641,6,8,3
20260805_132720,43.13742,-70.934641,7,12,5
20260805_132720,43.13742,-70.934641,8,5,2
20260805_132721,43.13742,-70.934642,9,5,2
20260805_132721,43.13742,-70.934642,10,4,2
20260805_132722,43.13742,-70.934642,11,3,2
20260805_132722,43.13742,-70.934642,12,3,1
20260805_132723,43.13742,-70.934642,13,3,1
20260805_132723,43.13742,-70.934642,14,2,1
20260805_132724,43.13742,-70.934642,15,4,1
20260805_132724,43.13742,-70.934642,16,3,2
20260805_132725,43.13742,-70.934642,17,3,1
20260805_132725,43.13742,-70.934642,18,3,1
20260805_132726,43.137421,-70.934643,19,4,1
20260805_132726,43.137421,-70.934643,20,2,1
20260805_132727,43.13742,-70.934643,0,4,1
20260805_132728,43.13742,-70.934643,1,2,1
20260805_132728,43.13742,-70.934643,2,3,1
20260805_132729,43.13742,-70.934643,3,6,2
20260805_132729,43.137421,-70.934643,4,4,1
20260805_132730,43.137421,-70.934643,5,4,2
20260805_132730,43.137421,-70.934643,6,9,3
20260805_132731,43.137421,-70.934643,7,11,5
20260805_132731,43.137421,-70.934643,8,4,2
20260805_132732,43.137421,-70.934643,9,5,2
20260805_132732,43.137421,-70.934643,10,3,1
20260805_132733,43.137421,-70.934643,11,2,1
20260805_132733,43.137421,-70.934643,12,4,2
20260805_132734,43.137421,-70.934643,13,3,1
20260805_132734,43.137421,-70.934644,14,2,1
20260805_132735,43.137421,-70.934644,15,4,2
20260805_132735,43.137421,-70.934644,16,3,1
20260805_132736,43.137421,-70.934644,17,2,1
20260805_132736,43.137421,-70.934644,18,3,1
20260805_132737,43.137421,-70.934644,19,4,1
20260805_132737,43.137421,-70.934644,20,2,1
20260805_132738,43.137421,-70.934644,0,4,1
20260805_132738,43.137421,-70.934644,1,2,1
20260805_132739,43.137421,-70.934644,2,3,1
20260805_132739,43.137421,-70.934644,3,6,2
20260805_132740,43.137421,-70.934644,4,4,1
20260805_132740,43.137421,-70.934644,5,4,2
20260805_132741,43.137421,-70.934644,6,9,2
20260805_132741,43.137421,-70.934645,7,11,5
20260805_132742,43.137421,-70.934645,8,5,2
20260805_132742,43.137421,-70.934645,9,5,2
20260805_132743,43.137421,-70.934645,10,2,1
20260805_132743,43.137421,-70.934645,11,2,1
20260805_132744,43.137421,-70.934645,12,3,1
20260805_132744,43.137421,-70.934645,13,3,1
20260805_132745,43.137421,-70.934645,14,3,1
20260805_132745,43.137421,-70.934645,15,4,2
20260805_132746,43.137421,-70.934645,16,3,1
20260805_132746,43.137421,-70.934645,17,3,1
20260805_132747,43.137421,-70.934645,18,3,2
20260805_132747,43.137421,-70.934645,19,5,2
20260805_132748,43.137421,-70.934645,20,3,2
20260805_132748,43.137421,-70.934645,0,4,2
20260805_132749,43.137421,-70.934645,1,3,1
20260805_132749,43.137421,-70.934645,2,3,2
20260805_132750,43.137421,-70.934645,3,6,2
20260805_132750,43.137421,-70.934646,4,4,2
20260805_132751,43.137421,-70.934646,5,5,2
20260805_132751,43.137421,-70.934646,6,9,3
20260805_132752,43.137421,-70.934646,7,11,5
20260805_132752,43.137421,-70.934646,8,4,2
20260805_132753,43.137421,-70.934645,9,5,2
20260805_132753,43.137421,-70.934645,10,3,2
20260805_132754,43.13742,-70.934645,11,3,1
20260805_132754,43.13742,-70.934645,12,4,2
20260805_132755,43.13742,-70.934645,13,3,1
20260805_132755,43.13742,-70.934645,14,2,1
20260805_132756,43.13742,-70.934645,15,4,2
20260805_132756,43.13742,-70.934645,16,3,1
20260805_132757,43.13742,-70.934645,17,3,1
20260805_132757,43.13742,-70.934645,18,3,2
20260805_132758,43.13742,-70.934645,19,5,2
20260805_132758,43.13742,-70.934645,20,3,1
20260805_132759,43.13742,-70.934645,0,4,1
20260805_132759,43.13742,-70.934645,1,2,1
20260805_132800,43.137419,-70.934645,2,3,2
20260805_132800,43.137419,-70.934645,3,6,3
20260805_132801,43.137419,-70.934645,4,5,2
20260805_132801,43.137419,-70.934645,5,4,2
20260805_132802,43.137419,-70.934645,6,9,3
20260805_132802,43.137419,-70.934645,7,12,6
20260805_132803,43.137419,-70.934645,8,6,3
20260805_132803,43.137419,-70.934645,9,5,2
20260805_132804,43.137419,-70.934645,10,4,2
20260805_132804,43.137419,-70.934645,11,4,2
20260805_132805,43.137419,-70.934645,12,4,2
20260805_132805,43.137419,-70.934645,13,4,2
20260805_132806,43.137418,-70.934645,14,3,1
20260805_132806,43.137418,-70.934645,15,5,2
20260805_132807,43.137418,-70.934645,16,4,2
20260805_132808,43.137418,-70.934645,17,3,2
20260805_132808,43.137418,-70.934645,18,4,2
20260805_132809,43.137418,-70.934645,19,5,2
20260805_132809,43.137418,-70.934645,20,4,2
20260805_132810,43.137418,-70.934645,0,5,2
20260805_132810,43.137418,-70.934645,1,3,1
20260805_132811,43.137418,-70.934645,2,3,2
20260805_132811,43.137418,-70.934644,3,5,2
20260805_132812,43.137418,-70.934644,4,4,1
20260805_132812,43.137418,-70.934644,5,4,2
20260805_132813,43.137418,-70.934644,6,10,3
20260805_132813,43.137418,-70.934644,7,11,5
20260805_132814,43.137418,-70.934644,8,6,3
20260805_132814,43.137418,-70.934644,9,6,3
20260805_132815,43.137418,-70.934644,10,3,1
20260805_132815,43.137418,-70.934644,11,2,1
20260805_132816,43.137418,-70.934644,12,3,2
20260805_132816,43.137418,-70.934644,13,3,1
20260805_132817,43.137418,-70.934644,14,3,2
20260805_132817,43.137417,-70.934643,15,5,2
20260805_132818,43.137417,-70.934643,16,4,2
20260805_132818,43.137417,-70.934643,17,4,2
20260805_132819,43.137417,-70.934643,18,4,2
20260805_132819,43.137417,-70.934643,19,5,2
20260805_132820,43.137417,-70.934643,20,3,2
20260805_132820,43.137417,-70.934643,0,4,1
20260805_132821,43.137417,-70.934643,1,3,1
20260805_132821,43.137417,-70.934643,2,4,2
20260805_132822,43.137417,-70.934643,3,6,2
20260805_132822,43.137417,-70.934642,4,4,1
20260805_132823,43.137417,-70.934642,5,4,2
20260805_132823,43.137417,-70.934642,6,9,3
20260805_132824,43.137417,-70.934642,7,10,5
20260805_132824,43.137417,-70.934642,8,4,2
20260805_132825,43.137417,-70.934642,9,5,2
20260805_132825,43.137416,-70.934641,10,3,2
20260805_132826,43.137416,-70.934641,11,3,2
20260805_132826,43.137416,-70.934641,12,3,1
20260805_132827,43.137416,-70.934641,13,3,2
20260805_132827,43.137416,-70.934641,14,3,1
20260805_132828,43.137416,-70.934641,15,4,1
20260805_132828,43.137416,-70.93464,16,3,1
20260805_132829,43.137416,-70.93464,17,2,1
20260805_132829,43.137416,-70.93464,18,4,2
20260805_132830,43.137416,-70.93464,19,5,2
20260805_132830,43.137415,-70.93464,20,2,1
20260805_132831,43.137415,-70.934639,0,4,1
20260805_132831,43.137415,-70.934639,1,3,2
20260805_132832,43.137415,-70.934639,2,3,2
20260805_132832,43.137415,-70.934639,3,6,3
20260805_132833,43.137415,-70.934638,4,4,1
20260805_132833,43.137415,-70.934638,5,4,2
20260805_132834,43.137415,-70.934638,6,9,3
20260805_132834,43.137415,-70.934638,7,12,5
20260805_132835,43.137415,-70.934638,8,5,2
20260805_132835,43.137415,-70.934638,9,5,2
20260805_132836,43.137415,-70.934637,10,3,1
20260805_132836,43.137415,-70.934637,11,3,1
20260805_132837,43.137414,-70.934637,12,4,2
20260805_132837,43.137414,-70.934637,13,4,2
20260805_132838,43.137414,-70.934637,14,2,1
20260805_132838,43.137414,-70.934637,15,4,1
20260805_132839,43.137414,-70.934636,16,4,2
20260805_132839,43.137414,-70.934636,17,3,2
20260805_132840,43.137414,-70.934636,18,4,2
20260805_132840,43.137414,-70.934636,19,6,2
20260805_132841,43.137414,-70.934636,20,3,2
20260805_132841,43.137414,-70.934636,0,4,1
20260805_132842,43.137414,-70.934635,1,3,2
20260805_132842,43.137414,-70.934635,2,3,1
20260805_132843,43.137414,-70.934635,3,6,2
20260805_132843,43.137414,-70.934635,4,4,2
20260805_132844,43.137413,-70.934635,5,5,2
20260805_132844,43.137413,-70.934635,6,10,3
20260805_132845,43.137414,-70.934635,7,12,6
20260805_132845,43.137414,-70.934635,8,5,3
20260805_132846,43.137414,-70.934634,9,5,2
20260805_132846,43.137414,-70.934634,10,3,1
20260805_132847,43.137414,-70.934634,11,4,2
20260805_132847,43.137414,-70.934634,12,3,2
20260805_132848,43.137414,-70.934634,13,3,1
20260805_132849,43.137414,-70.934634,14,3,2
20260805_132849,43.137414,-70.934634,15,4,1
20260805_132850,43.137414,-70.934634,16,3,1
20260805_132850,43.137414,-70.934634,17,3,1
20260805_132851,43.137414,-70.934634,18,3,1
20260805_132851,43.137414,-70.934633,19,5,2
20260805_132852,43.137414,-70.934633,20,2,1
20260805_132852,43.137414,-70.934633,0,4,1
20260805_132853,43.137414,-70.934633,1,2,1
20260805_132853,43.137414,-70.934633,2,3,1
20260805_132854,43.137414,-70.934633,3,6,2
20260805_132854,43.137414,-70.934633,4,4,2
20260805_132855,43.137414,-70.934633,5,4,2
20260805_132855,43.137414,-70.934633,6,9,2
20260805_132856,43.137414,-70.934633,7,11,5
20260805_132856,43.137414,-70.934632,8,4,2
20260805_132857,43.137414,-70.934632,9,4,2
20260805_132857,43.137413,-70.934632,10,3,1
20260805_132858,43.137413,-70.934632,11,2,1
20260805_132858,43.137413,-70.934632,12,3,1
20260805_132859,43.137413,-70.934632,13,3,1
20260805_132859,43.137413,-70.934632,14,3,2
20260805_132900,43.137413,-70.934632,15,4,1
20260805_132900,43.137413,-70.934632,16,3,2
20260805_132901,43.137413,-70.934632,17,2,1
20260805_132901,43.137413,-70.934632,18,3,2
20260805_132902,43.137413,-70.934632,19,5,2
20260805_132902,43.137413,-70.934632,20,3,2
20260805_132903,43.137413,-70.934632,0,4,2
20260805_132903,43.137413,-70.934632,1,3,1
20260805_132904,43.137413,-70.934632,2,3,2
20260805_132904,43.137413,-70.934632,3,7,3
20260805_132905,43.137413,-70.934632,4,4,2
20260805_132905,43.137413,-70.934632,5,4,2
20260805_132906,43.137413,-70.934632,6,10,3
20260805_132906,43.137413,-70.934632,7,11,5
20260805_132907,43.137413,-70.934632,8,5,2
20260805_132907,43.137412,-70.934632,9,5,2
20260805_132908,43.137412,-70.934632,10,3,1
20260805_132908,43.137412,-70.934632,11,3,1
20260805_132909,43.137412,-70.934632,12,3,2
20260805_132909,43.137412,-70.934632,13,3,2
20260805_132910,43.137412,-70.934632,14,3,1
20260805_132910,43.137412,-70.934632,15,5,2
20260805_132911,43.137412,-70.934632,16,3,1
20260805_132911,43.137412,-70.934632,17,2,1
20260805_132912,43.137412,-70.934632,18,3,2
20260805_132912,43.137412,-70.934632,19,5,2
20260805_132913,43.137412,-70.934632,20,3,1
20260805_132913,43.137412,-70.934632,0,4,1
20260805_132914,43.137412,-70.934632,1,2,1
20260805_132914,43.137412,-70.934632,2,3,1
20260805_132915,43.137412,-70.934632,3,5,2
20260805_132915,43.137412,-70.934632,4,4,2
20260805_132916,43.137412,-70.934632,5,4,2
20260805_132916,43.137412,-70.934632,6,10,3
20260805_132917,43.137412,-70.934632,7,11,5
20260805_132917,43.137412,-70.934632,8,4,2
20260805_132918,43.137412,-70.934632,9,5,2
20260805_132918,43.137412,-70.934632,10,2,1
20260805_132919,43.137412,-70.934632,11,2,1
20260805_132919,43.137412,-70.934632,12,4,2
20260805_132920,43.137412,-70.934632,13,3,1
20260805_132920,43.137412,-70.934632,14,3,1
20260805_132921,43.137412,-70.934632,15,4,1
20260805_132921,43.137412,-70.934632,16,3,1
20260805_132922,43.137412,-70.934632,17,3,2
20260805_132922,43.137412,-70.934632,18,4,2
20260805_132923,43.137412,-70.934633,19,5,1
20260805_132923,43.137412,-70.934633,20,3,2
20260805_132924,43.137413,-70.934633,0,4,2
20260805_132924,43.137413,-70.934633,1,3,1
20260805_132925,43.137413,-70.934633,2,3,2
20260805_132925,43.137413,-70.934633,3,5,2
20260805_132926,43.137413,-70.934633,4,4,2
20260805_132926,43.137413,-70.934633,5,5,2
20260805_132927,43.137413,-70.934634,6,10,3
20260805_132927,43.137413,-70.934634,7,11,5
20260805_132928,43.137413,-70.934634,8,5,2
20260805_132928,43.137413,-70.934634,9,5,2
20260805_132929,43.137413,-70.934634,10,3,1
20260805_132929,43.137413,-70.934634,11,2,1
20260805_132930,43.137413,-70.934634,12,3,1
20260805_132931,43.137413,-70.934634,13,2,1
20260805_132931,43.137414,-70.934634,14,2,1
20260805_132932,43.137414,-70.934634,15,4,1
20260805_132932,43.137414,-70.934635,16,3,1
20260805_132933,43.137414,-70.934635,17,2,1
20260805_132933,43.137414,-70.934635,18,3,1
20260805_132934,43.137414,-70.934635,19,5,1
20260805_132934,43.137414,-70.934635,20,3,2
20260805_132935,43.137414,-70.934635,0,4,1
20260805_132935,43.137414,-70.934635,1,2,1
20260805_132936,43.137414,-70.934635,2,3,2
20260805_132936,43.137414,-70.934636,3,5,2
20260805_132937,43.137414,-70.934636,4,4,1
20260805_132937,43.137414,-70.934636,5,4,2
20260805_132938,43.137414,-70.934636,6,9,3
20260805_132938,43.137415,-70.934636,7,11,5
20260805_132939,43.137415,-70.934636,8,5,2
20260805_132939,43.137415,-70.934636,9,5,2
20260805_132940,43.137415,-70.934636,10,4,2
20260805_132940,43.137415,-70.934637,11,4,2
20260805_132941,43.137415,-70.934637,12,3,2
20260805_132941,43.137415,-70.934637,13,4,2
20260805_132942,43.137415,-70.934637,14,4,2
20260805_132942,43.137415,-70.934637,15,4,2
20260805_132943,43.137415,-70.934637,16,3,1
20260805_132943,43.137415,-70.934637,17,3,2
20260805_132944,43.137415,-70.934637,18,3,2
20260805_132944,43.137415,-70.934638,19,5,2
20260805_132945,43.137415,-70.934638,20,2,1
20260805_132945,43.137415,-70.934638,0,5,2
20260805_132946,43.137415,-70.934638,1,3,2
20260805_132946,43.137415,-70.934638,2,3,1
20260805_132947,43.137415,-70.934638,3,5,2
20260805_132947,43.137415,-70.934638,4,3,1
20260805_132948,43.137415,-70.934638,5,4,2
20260805_132948,43.137415,-70.934638,6,8,2
20260805_132949,43.137415,-70.934638,7,11,4
20260805_132949,43.137415,-70.934638,8,4,2
20260805_132950,43.137415,-70.934638,9,5,2
20260805_132950,43.137415,-70.934638,10,2,1
20260805_132951,43.137415,-70.934638,11,2,1
20260805_132951,43.137415,-70.934638,12,2,1
20260805_132952,43.137415,-70.934638,13,3,1
20260805_132952,43.137415,-70.934639,14,2,1
20260805_132953,43.137415,-70.934639,15,4,1
20260805_132953,43.137415,-70.934639,16,3,1
20260805_132954,43.137415,-70.934639,17,3,1
20260805_132954,43.137415,-70.934639,18,3,2
20260805_132955,43.137415,-70.934639,19,5,2
20260805_132955,43.137415,-70.934639,20,3,1
20260805_132956,43.137415,-70.934639,0,3,1
20260805_132956,43.137415,-70.934639,1,2,1
20260805_132957,43.137415,-70.934639,2,4,2
20260805_132957,43.137415,-70.934639,3,6,2
20260805_132958,43.137415,-70.934639,4,3,1
20260805_132958,43.137415,-70.934639,5,4,1
20260805_132959,43.137415,-70.934639,6,8,3
20260805_132959,43.137415,-70.934639,7,11,5
20260805_133000,43.137415,-70.934639,8,5,2
20260805_133000,43.137415,-70.934639,9,5,2
20260805_133001,43.137415,-70.934639,10,3,1
20260805_133001,43.137415,-70.934639,11,2,1
20260805_133002,43.137415,-70.934639,12,2,1
20260805_133002,43.137415,-70.934639,13,3,1
20260805_133003,43.137415,-70.934639,14,3,1
20260805_133003,43.137415,-70.934639,15,4,1
20260805_133004,43.137415,-70.93464,16,3,1
20260805_133004,43.137415,-70.93464,17,2,1
20260805_133005,43.137415,-70.93464,18,3,1
20260805_133005,43.137415,-70.93464,19,5,2
20260805_133006,43.137415,-70.93464,20,2,1
20260805_133006,43.137415,-70.93464,0,4,1
20260805_133007,43.137415,-70.93464,1,2,1
20260805_133007,43.137415,-70.93464,2,3,1
20260805_133008,43.137415,-70.93464,3,7,3
20260805_133008,43.137415,-70.93464,4,4,2
20260805_133009,43.137415,-70.93464,5,4,2
20260805_133009,43.137415,-70.93464,6,9,3
20260805_133010,43.137415,-70.93464,7,11,5
20260805_133010,43.137415,-70.93464,8,5,2
20260805_133011,43.137415,-70.934639,9,5,2
20260805_133012,43.137415,-70.934639,10,3,2
20260805_133012,43.137415,-70.934639,11,3,2
20260805_133013,43.137415,-70.934639,12,3,1
20260805_133013,43.137415,-70.934639,13,3,1
20260805_133014,43.137415,-70.934639,14,3,1
20260805_133014,43.137415,-70.934639,15,3,1
20260805_133015,43.137415,-70.934639,16,3,1
20260805_133015,43.137415,-70.934639,17,2,1
20260805_133016,43.137415,-70.934639,18,3,1
20260805_133016,43.137415,-70.934639,19,5,2
20260805_133017,43.137415,-70.934639,20,3,1
20260805_133017,43.137415,-70.934639,0,4,1
20260805_133018,43.137415,-70.934639,1,2,1
20260805_133018,43.137415,-70.934639,2,3,1
20260805_133019,43.137415,-70.934639,3,6,2
20260805_133019,43.137415,-70.934639,4,4,1
20260805_133020,43.137415,-70.934639,5,4,1
20260805_133020,43.137415,-70.934639,6,8,2
20260805_133021,43.137415,-70.934639,7,11,5
20260805_133021,43.137415,-70.934639,8,4,2
20260805_133022,43.137415,-70.934639,9,5,2
20260805_133022,43.137415,-70.934639,10,2,1
20260805_133023,43.137415,-70.934639,11,2,1
20260805_133023,43.137415,-70.934639,12,3,1
20260805_133024,43.137415,-70.934639,13,3,1
20260805_133024,43.137415,-70.934639,14,2,1
20260805_133025,43.137415,-70.934639,15,3,1
20260805_133025,43.137415,-70.934638,16,3,1
20260805_133026,43.137415,-70.934638,17,3,1
20260805_133026,43.137415,-70.934638,18,3,1
20260805_133027,43.137415,-70.934638,19,4,1
20260805_133027,43.137414,-70.934638,20,3,1
20260805_133028,43.137414,-70.934638,0,4,1
20260805_133028,43.137414,-70.934638,1,3,1
20260805_133029,43.137414,-70.934638,2,3,1
20260805_133029,43.137414,-70.934638,3,5,2
20260805_133030,43.137414,-70.934638,4,4,1
20260805_133030,43.137414,-70.934638,5,4,2
20260805_133031,43.137414,-70.934638,6,8,2
20260805_133031,43.137414,-70.934638,7,11,5
20260805_133032,43.137414,-70.934638,8,4,2
20260805_133032,43.137414,-70.934638,9,5,2
20260805_133033,43.137414,-70.934638,10,2,1
20260805_133033,43.137414,-70.934638,11,2,1
20260805_133034,43.137414,-70.934638,12,3,2
20260805_133034,43.137414,-70.934638,13,4,2
20260805_133035,43.137414,-70.934638,14,3,1
20260805_133035,43.137414,-70.934638,15,4,1
20260805_133036,43.137414,-70.934638,16,3,1
20260805_133036,43.137414,-70.934638,17,3,1
20260805_133037,43.137414,-70.934638,18,3,1
20260805_133037,43.137414,-70.934638,19,5,2
20260805_133038,43.137414,-70.934638,20,3,1
20260805_133038,43.137414,-70.934638,0,3,1
20260805_133039,43.137414,-70.934638,1,2,1
20260805_133039,43.137414,-70.934638,2,3,1
20260805_133040,43.137414,-70.934638,3,5,2
20260805_133040,43.137414,-70.934638,4,4,1
20260805_133041,43.137414,-70.934638,5,4,2
20260805_133041,43.137414,-70.934638,6,9,2
20260805_133042,43.137414,-70.934638,7,11,5
20260805_133042,43.137414,-70.934638,8,4,2
20260805_133043,43.137414,-70.934638,9,5,2
20260805_133043,43.137414,-70.934638,10,2,1
20260805_133044,43.137414,-70.934638,11,2,1
20260805_133044,43.137414,-70.934638,12,3,1
20260805_133045,43.137414,-70.934638,13,3,2
20260805_133045,43.137414,-70.934638,14,3,2
20260805_133046,43.137414,-70.934638,15,4,1
20260805_133046,43.137414,-70.934638,16,2,1
20260805_133047,43.137414,-70.934638,17,2,1
20260805_133047,43.137414,-70.934638,18,3,1
20260805_133048,43.137415,-70.934638,19,4,1
20260805_133048,43.137415,-70.934638,20,2,1
20260805_133049,43.137415,-70.934638,0,3,1
20260805_133049,43.137415,-70.934638,1,3,1
20260805_133050,43.137415,-70.934638,2,3,1
20260805_133050,43.137415,-70.934638,3,5,2
20260805_133051,43.137415,-70.934638,4,4,1
20260805_133052,43.137415,-70.934638,5,4,2
20260805_133052,43.137415,-70.934638,6,9,3
20260805_133053,43.137415,-70.934638,7,11,5
20260805_133053,43.137415,-70.934638,8,4,2
20260805_133054,43.137415,-70.934638,9,5,2
20260805_133054,43.137415,-70.934638,10,3,1
20260805_133055,43.137415,-70.934638,11,2,1
20260805_133055,43.137415,-70.934638,12,3,1
20260805_133056,43.137415,-70.934638,13,3,2
20260805_133056,43.137415,-70.934638,14,3,2
20260805_133057,43.137415,-70.934638,15,4,2
20260805_133057,43.137415,-70.934638,16,3,1
20260805_133058,43.137415,-70.934638,17,2,1
20260805_133058,43.137415,-70.934638,18,3,1
20260805_133059,43.137415,-70.934638,19,5,2
20260805_133059,43.137415,-70.934638,20,2,1
20260805_133100,43.137415,-70.934638,0,3,1
20260805_133100,43.137415,-70.934638,1,2,1
20260805_133101,43.137415,-70.934638,2,3,1
20260805_133101,43.137415,-70.934638,3,5,2
20260805_133102,43.137415,-70.934638,4,4,1
20260805_133102,43.137415,-70.934638,5,3,1
20260805_133103,43.137415,-70.934638,6,9,2
20260805_133103,43.137415,-70.934637,7,11,5
20260805_133104,43.137415,-70.934637,8,4,2
20260805_133104,43.137416,-70.934637,9,5,2
20260805_133105,43.137416,-70.934637,10,2,1
20260805_133105,43.137416,-70.934637,11,2,1
20260805_133106,43.137416,-70.934637,12,3,1
20260805_133106,43.137416,-70.934637,13,3,1
20260805_133107,43.137416,-70.934637,14,1,1
20260805_133107,43.137416,-70.934637,15,3,1
20260805_133108,43.137416,-70.934637,16,2,1
20260805_133108,43.137416,-70.934637,17,2,1
20260805_133109,43.137416,-70.934637,18,2,1
20260805_133109,43.137416,-70.934637,19,3,1
20260805_133110,43.137416,-70.934637,20,2,1
20260805_133110,43.137416,-70.934637,0,3,1
20260805_133111,43.137416,-70.934637,1,2,1
20260805_133111,43.137416,-70.934637,2,2,1
20260805_133112,43.137416,-70.934637,3,5,1
20260805_133112,43.137416,-70.934637,4,3,1
20260805_133113,43.137416,-70.934637,5,3,1
20260805_133113,43.137416,-70.934637,6,8,2
20260805_133114,43.137416,-70.934637,7,11,5
20260805_133114,43.137416,-70.934637,8,4,1
20260805_133115,43.137417,-70.934637,9,4,2
20260805_133115,43.137417,-70.934637,10,2,1
20260805_133116,43.137417,-70.934637,11,2,1
20260805_133116,43.137417,-70.934637,12,3,1
20260805_133117,43.137417,-70.934637,13,3,1
20260805_133117,43.137417,-70.934637,14,2,1
20260805_133118,43.137417,-70.934637,15,4,1
20260805_133118,43.137417,-70.934637,16,2,1
20260805_133119,43.137417,-70.934637,17,2,1
20260805_133119,43.137417,-70.934637,18,2,1
20260805_133120,43.137417,-70.934637,19,4,1
20260805_133120,43.137417,-70.934637,20,2,1
20260805_133121,43.137418,-70.934637,0,3,1
20260805_133121,43.137418,-70.934637,1,1,1
20260805_133122,43.137418,-70.934638,2,2,1
20260805_133122,43.137418,-70.934638,3,5,2
20260805_133123,43.137418,-70.934638,4,3,1
20260805_133123,43.137418,-70.934638,5,4,1
20260805_133124,43.137418,-70.934638,6,9,2
20260805_133124,43.137418,-70.934638,7,11,5
20260805_133125,43.137418,-70.934638,8,5,2
20260805_133125,43.137418,-70.934638,9,4,2
20260805_133126,43.137418,-70.934638,10,2,1
20260805_133126,43.137418,-70.934638,11,3,1
20260805_133127,43.137419,-70.934638,12,3,2
20260805_133127,43.137419,-70.934638,13,4,2
20260805_133128,43.137419,-70.934638,14,3,2
20260805_133128,43.137419,-70.934638,15,5,2
20260805_133129,43.137419,-70.934638,16,3,1
20260805_133129,43.137419,-70.934638,17,2,1
20260805_133130,43.137419,-70.934638,18,3,1
20260805_133130,43.137419,-70.934638,19,5,2
20260805_133131,43.13742,-70.934638,20,2,1
20260805_133131,43.13742,-70.934638,0,2,0
20260805_133132,43.13742,-70.934638,1,2,1
20260805_133133,43.13742,-70.934638,2,2,1
20260805_133133,43.13742,-70.934638,3,5,1
20260805_133134,43.13742,-70.934638,4,3,1
20260805_133134,43.13742,-70.934638,5,3,1
20260805_133135,43.13742,-70.934638,6,9,2
20260805_133135,43.13742,-70.934638,7,11,5
20260805_133136,43.13742,-70.934638,8,4,2
20260805_133136,43.137421,-70.934638,9,4,2
20260805_133137,43.137421,-70.934638,10,2,1
20260805_133137,43.137421,-70.934638,11,2,1
20260805_133138,43.137421,-70.934638,12,2,1
20260805_133138,43.137421,-70.934638,13,2,0
20260805_133139,43.137421,-70.934638,14,1,0
20260805_133139,43.137421,-70.934638,15,2,0
20260805_133140,43.137421,-70.934638,16,2,0
20260805_133140,43.137422,-70.934639,17,1,0
20260805_133141,43.137422,-70.934639,18,2,1
20260805_133141,43.137422,-70.934639,19,4,1
20260805_133142,43.137422,-70.934639,20,2,1
20260805_133142,43.137422,-70.934639,0,2,0
20260805_133143,43.137422,-70.934639,1,1,0
20260805_133143,43.137422,-70.934639,2,2,0
20260805_133144,43.137422,-70.934639,3,5,1
20260805_133144,43.137422,-70.934639,4,2,0
20260805_133145,43.137422,-70.934639,5,4,1
20260805_133145,43.137422,-70.934639,6,8,2
20260805_133146,43.137422,-70.934639,7,10,4
20260805_133146,43.137423,-70.934639,8,4,2
20260805_133147,43.137423,-70.934639,9,4,1
20260805_133147,43.137423,-70.934639,10,2,1
20260805_133148,43.137423,-70.934639,11,2,1
20260805_133148,43.137423,-70.93464,12,2,1
20260805_133149,43.137423,-70.93464,13,2,1
20260805_133149,43.137423,-70.93464,14,2,0
20260805_133150,43.137423,-70.93464,15,3,1
20260805_133150,43.137423,-70.93464,16,2,1
20260805_133151,43.137423,-70.93464,17,1,0
20260805_133151,43.137424,-70.93464,18,2,1
20260805_133152,43.137424,-70.93464,19,3,1
20260805_133152,43.137424,-70.93464,20,2,1
20260805_133153,43.137424,-70.93464,0,3,1
20260805_133153,43.137424,-70.93464,1,2,1
20260805_133154,43.137424,-70.93464,2,3,1
20260805_133154,43.137424,-70.93464,3,5,2
20260805_133155,43.137424,-70.93464,4,3,1
20260805_133155,43.137424,-70.93464,5,3,1
20260805_133156,43.137424,-70.93464,6,9,2
20260805_133156,43.137424,-70.93464,7,11,4
20260805_133157,43.137424,-70.93464,8,4,1
20260805_133157,43.137424,-70.93464,9,4,2
20260805_133158,43.137424,-70.93464,10,2,1
20260805_133158,43.137424,-70.93464,11,2,0
20260805_133159,43.137424,-70.93464,12,3,1
20260805_133159,43.137424,-70.93464,13,2,0
20260805_133200,43.137424,-70.93464,14,2,0
20260805_133200,43.137424,-70.93464,15,3,1
20260805_133201,43.137424,-70.93464,16,2,1
20260805_133201,43.137424,-70.93464,17,2,1
20260805_133202,43.137424,-70.93464,18,3,1
20260805_133202,43.137424,-70.93464,19,4,1
20260805_133203,43.137424,-70.93464,20,1,0
20260805_133203,43.137424,-70.93464,0,3,0
20260805_133204,43.137423,-70.93464,1,2,0
20260805_133204,43.137423,-70.93464,2,3,1
20260805_133205,43.137423,-70.93464,3,5,2
20260805_133205,43.137423,-70.93464,4,3,1
20260805_133206,43.137423,-70.93464,5,3,1
20260805_133206,43.137423,-70.93464,6,8,2
20260805_133207,43.137423,-70.934639,7,10,4
20260805_133207,43.137423,-70.934639,8,4,2
20260805_133208,43.137423,-70.934639,9,4,1
20260805_133208,43.137423,-70.934639,10,2,1
20260805_133209,43.137423,-70.934639,11,2,1
20260805_133209,43.137423,-70.934639,12,2,1
20260805_133210,43.137423,-70.934639,13,3,1
20260805_133210,43.137423,-70.934639,14,2,1
20260805_133211,43.137423,-70.934639,15,4,1
20260805_133211,43.137423,-70.934639,16,3,1
20260805_133212,43.137423,-70.934639,17,2,1
20260805_133212,43.137423,-70.934639,18,3,1
20260805_133213,43.137422,-70.934639,19,4,1
20260805_133214,43.137422,-70.934639,20,2,0
20260805_133214,43.137422,-70.934639,0,3,1
20260805_133215,43.137422,-70.934639,1,2,1
20260805_133215,43.137422,-70.934639,2,2,1
20260805_133216,43.137422,-70.934639,3,5,1
20260805_133216,43.137422,-70.934639,4,4,1
20260805_133217,43.137422,-70.934639,5,3,1
20260805_133217,43.137422,-70.934639,6,8,2
20260805_133218,43.137422,-70.934639,7,10,4
20260805_133218,43.137422,-70.934638,8,4,2
20260805_133219,43.137422,-70.934638,9,5,2
20260805_133219,43.137422,-70.934638,10,2,1
20260805_133220,43.137422,-70.934638,11,2,1
20260805_133220,43.137422,-70.934638,12,3,1
20260805_133221,43.137422,-70.934638,13,3,1
20260805_133221,43.137422,-70.934638,14,2,1
20260805_133222,43.137422,-70.934638,15,3,1
20260805_133222,43.137422,-70.934638,16,2,1
20260805_133223,43.137422,-70.934638,17,2,1
20260805_133223,43.137422,-70.934638,18,3,1
20260805_133224,43.137422,-70.934638,19,4,1
20260805_133224,43.137422,-70.934638,20,3,1
20260805_133225,43.137422,-70.934638,0,3,1
20260805_133225,43.137422,-70.934638,1,2,1
20260805_133226,43.137422,-70.934638,2,3,1
20260805_133226,43.137422,-70.934638,3,5,2
20260805_133227,43.137422,-70.934638,4,4,1
20260805_133227,43.137422,-70.934638,5,3,1
20260805_133228,43.137422,-70.934638,6,9,2
20260805_133228,43.137422,-70.934638,7,11,4
20260805_133229,43.137422,-70.934638,8,4,1
20260805_133229,43.137422,-70.934638,9,4,2
20260805_133230,43.137422,-70.934638,10,2,1
20260805_133230,43.137422,-70.934637,11,2,1
20260805_133231,43.137422,-70.934637,12,3,1
20260805_133231,43.137422,-70.934637,13,2,0
20260805_133232,43.137422,-70.934637,14,1,0
20260805_133232,43.137422,-70.934637,15,3,1
20260805_133233,43.137422,-70.934637,16,2,1
20260805_133233,43.137422,-70.934637,17,2,1
20260805_133234,43.137422,-70.934637,18,2,1
20260805_133234,43.137422,-70.934637,19,4,1
20260805_133235,43.137422,-70.934637,20,2,1
20260805_133235,43.137422,-70.934637,0,3,1
20260805_133236,43.137422,-70.934637,1,2,1
20260805_133236,43.137423,-70.934637,2,3,1
20260805_133237,43.137423,-70.934637,3,5,2
20260805_133237,43.137423,-70.934637,4,3,1
20260805_133238,43.137423,-70.934637,5,3,1
20260805_133238,43.137423,-70.934637,6,8,2
20260805_133239,43.137423,-70.934637,7,10,4
20260805_133239,43.137423,-70.934637,8,4,1
20260805_133240,43.137423,-70.934637,9,4,1
20260805_133240,43.137423,-70.934637,10,2,1
20260805_133241,43.137423,-70.934637,11,2,1
20260805_133241,43.137423,-70.934637,12,2,1
20260805_133242,43.137423,-70.934637,13,2,1
20260805_133242,43.137423,-70.934637,14,1,0
20260805_133243,43.137423,-70.934637,15,2,0
20260805_133243,43.137423,-70.934637,16,2,0
20260805_133244,43.137423,-70.934636,17,1,0
20260805_133244,43.137423,-70.934636,18,2,1
20260805_133245,43.137423,-70.934636,19,3,1
20260805_133245,43.137423,-70.934636,20,1,0
20260805_133246,43.137423,-70.934636,0,3,1
20260805_133246,43.137423,-70.934636,1,1,0
20260805_133247,43.137423,-70.934636,2,2,1
20260805_133247,43.137423,-70.934636,3,5,1
20260805_133248,43.137423,-70.934636,4,3,1
20260805_133248,43.137423,-70.934636,5,3,1
20260805_133249,43.137423,-70.934636,6,8,2
20260805_133249,43.137423,-70.934636,7,10,4
20260805_133250,43.137423,-70.934636,8,4,1
20260805_133250,43.137423,-70.934636,9,4,1
20260805_133251,43.137423,-70.934636,10,2,1
20260805_133251,43.137423,-70.934636,11,2,1
20260805_133252,43.137423,-70.934636,12,2,1
20260805_133252,43.137423,-70.934636,13,2,1
20260805_133253,43.137423,-70.934636,14,2,0
20260805_133253,43.137423,-70.934636,15,3,1
20260805_133254,43.137423,-70.934636,16,2,1
20260805_133254,43.137423,-70.934636,17,2,0
20260805_133255,43.137423,-70.934636,18,3,1
20260805_133256,43.137423,-70.934636,19,4,1
20260805_133256,43.137424,-70.934635,20,2,1
20260805_133257,43.137424,-70.934635,0,4,1
20260805_133257,43.137424,-70.934635,1,2,1
20260805_133258,43.137424,-70.934635,2,2,1
20260805_133258,43.137424,-70.934635,3,5,2
20260805_133259,43.137424,-70.934635,4,3,1
20260805_133259,43.137424,-70.934635,5,3,1
20260805_133300,43.137424,-70.934635,6,8,2
20260805_133300,43.137424,-70.934635,7,11,4
20260805_133301,43.137424,-70.934635,8,4,1
20260805_133301,43.137424,-70.934635,9,4,1
20260805_133302,43.137424,-70.934635,10,2,1
20260805_133302,43.137424,-70.934635,11,2,1
20260805_133303,43.137424,-70.934635,12,3,1
20260805_133303,43.137424,-70.934635,13,3,1
20260805_133304,43.137424,-70.934635,14,2,1
20260805_133304,43.137424,-70.934635,15,3,1
20260805_133305,43.137424,-70.934635,16,2,1
20260805_133305,43.137424,-70.934635,17,2,1
20260805_133306,43.137424,-70.934635,18,3,1
20260805_133306,43.137424,-70.934635,19,3,1
20260805_133307,43.137424,-70.934635,20,1,0
20260805_133307,43.137424,-70.934635,0,3,1
20260805_133308,43.137424,-70.934635,1,1,0
20260805_133308,43.137424,-70.934635,2,2,1
20260805_133309,43.137424,-70.934635,3,5,1
20260805_133309,43.137424,-70.934635,4,2,0
20260805_133310,43.137424,-70.934635,5,3,1
20260805_133310,43.137424,-70.934635,6,8,2
20260805_133311,43.137424,-70.934635,7,9,4
20260805_133311,43.137424,-70.934635,8,3,1
20260805_133312,43.137424,-70.934635,9,4,1
20260805_133312,43.137424,-70.934635,10,2,1
20260805_133313,43.137424,-70.934635,11,1,0
20260805_133313,43.137424,-70.934635,12,2,1
20260805_133314,43.137424,-70.934635,13,2,1
20260805_133314,43.137424,-70.934635,14,1,1
20260805_133315,43.137424,-70.934635,15,3,1
20260805_133315,43.137424,-70.934634,16,2,1
20260805_133316,43.137424,-70.934634,17,2,1
20260805_133316,43.137424,-70.934634,18,2,1
20260805_133317,43.137424,-70.934634,19,4,1
20260805_133317,43.137424,-70.934634,20,2,1
20260805_133318,43.137424,-70.934634,0,2,0
20260805_133318,43.137424,-70.934634,1,1,0
20260805_133319,43.137424,-70.934634,2,2,1
20260805_133319,43.137424,-70.934634,3,5,1
20260805_133320,43.137424,-70.934634,4,3,1
20260805_133320,43.137424,-70.934634,5,3,1
20260805_133321,43.137424,-70.934634,6,8,2
20260805_133321,43.137424,-70.934634,7,10,4
20260805_133322,43.137425,-70.934634,8,3,1
20260805_133322,43.137425,-70.934634,9,5,1
20260805_133323,43.137425,-70.934635,10,2,1
20260805_133323,43.137425,-70.934635,11,1,0
20260805_133324,43.137425,-70.934635,12,3,1
20260805_133324,43.137425,-70.934635,13,2,1
20260805_133325,43.137425,-70.934635,14,2,0
20260805_133325,43.137425,-70.934635,15,2,0
20260805_133326,43.137425,-70.934635,16,1,0
20260805_133326,43.137425,-70.934635,17,1,0
20260805_133327,43.137425,-70.934635,18,2,0
20260805_133327,43.137425,-70.934635,19,3,1
20260805_133328,43.137426,-70.934635,20,1,0
20260805_133328,43.137426,-70.934635,0,2,1
20260805_133329,43.137426,-70.934635,1,2,1
20260805_133329,43.137426,-70.934635,2,1,0
20260805_133330,43.137426,-70.934636,3,4,1
20260805_133330,43.137426,-70.934636,4,2,0
20260805_133331,43.137426,-70.934636,5,3,1
20260805_133331,43.137426,-70.934636,6,8,2
20260805_133332,43.137426,-70.934636,7,10,4
20260805_133332,43.137426,-70.934636,8,4,1
20260805_133333,43.137426,-70.934636,9,4,2
20260805_133333,43.137426,-70.934636,10,2,1
20260805_133334,43.137427,-70.934636,11,1,0
20260805_133334,43.137427,-70.934636,12,2,1
20260805_133335,43.137427,-70.934636,13,2,1
20260805_133335,43.137427,-70.934636,14,1,0
20260805_133336,43.137427,-70.934637,15,3,0
20260805_133336,43.137427,-70.934637,16,2,0
20260805_133337,43.137427,-70.934637,17,1,0
20260805_133337,43.137427,-70.934637,18,2,1
20260805_133338,43.137427,-70.934637,19,3,1
20260805_133339,43.137427,-70.934637,20,1,0
20260805_133339,43.137427,-70.934637,0,2,0
20260805_133340,43.137427,-70.934637,1,1,0
20260805_133340,43.137427,-70.934637,2,2,0
20260805_133341,43.137427,-70.934637,3,4,1
20260805_133341,43.137427,-70.934637,4,3,1
20260805_133342,43.137427,-70.934637,5,3,1
20260805_133342,43.137427,-70.934637,6,8,2
20260805_133343,43.137427,-70.934637,7,10,4
20260805_133343,43.137427,-70.934637,8,3,1
20260805_133344,43.137427,-70.934637,9,4,1
20260805_133344,43.137427,-70.934637,10,2,0
20260805_133345,43.137427,-70.934637,11,1,0
20260805_133345,43.137427,-70.934636,12,2,1
20260805_133346,43.137427,-70.934636,13,2,0
20260805_133346,43.137427,-70.934636,14,1,0
20260805_133347,43.137427,-70.934636,15,2,0
20260805_133347,43.137427,-70.934636,16,2,1
20260805_133348,43.137427,-70.934636,17,2,1
20260805_133348,43.137427,-70.934636,18,2,1
20260805_133349,43.137427,-70.934636,19,3,1
20260805_133349,43.137427,-70.934636,20,2,1
20260805_133350,43.137427,-70.934636,0,3,1
20260805_133350,43.137427,-70.934636,1,2,1
20260805_133351,43.137427,-70.934636,2,2,1
20260805_133351,43.137427,-70.934636,3,5,1
20260805_133352,43.137427,-70.934636,4,3,1
20260805_133352,43.137427,-70.934636,5,3,1
20260805_133353,43.137427,-70.934636,6,8,2
20260805_133353,43.137427,-70.934636,7,10,4
20260805_133354,43.137427,-70.934636,8,4,1
20260805_133354,43.137427,-70.934636,9,4,1
20260805_133355,43.137427,-70.934636,10,2,0
20260805_133355,43.137427,-70.934636,11,1,0
20260805_133356,43.137427,-70.934636,12,1,0
20260805_133356,43.137428,-70.934636,13,2,1
20260805_133357,43.137428,-70.934636,14,2,1
20260805_133357,43.137428,-70.934635,15,3,1
20260805_133358,43.137428,-70.934635,16,2,1
20260805_133358,43.137428,-70.934635,17,1,0
20260805_133359,43.137428,-70.934635,18,3,1
20260805_133359,43.137428,-70.934635,19,3,1
20260805_133400,43.137428,-70.934635,20,2,1
20260805_133400,43.137428,-70.934635,0,3,1
20260805_133401,43.137428,-70.934635,1,2,1
20260805_133401,43.137428,-70.934635,2,3,1
20260805_133402,43.137428,-70.934635,3,5,2
20260805_133402,43.137428,-70.934635,4,3,1
20260805_133403,43.137428,-70.934635,5,3,1
20260805_133403,43.137428,-70.934635,6,8,2
20260805_133404,43.137428,-70.934635,7,11,5
20260805_133404,43.137428,-70.934635,8,4,2
20260805_133405,43.137428,-70.934635,9,4,1
20260805_133405,43.137428,-70.934635,10,2,0
20260805_133406,43.137428,-70.934635,11,1,0
20260805_133406,43.137428,-70.934635,12,2,0
20260805_133407,43.137428,-70.934635,13,2,0
20260805_133407,43.137428,-70.934635,14,1,0
20260805_133408,43.137428,-70.934635,15,3,1
20260805_133408,43.137428,-70.934635,16,3,1
20260805_133409,43.137428,-70.934636,17,1,0
20260805_133409,43.137428,-70.934636,18,2,1
20260805_133410,43.137428,-70.934636,19,4,1
20260805_133410,43.137428,-70.934636,20,2,1
20260805_133411,43.137428,-70.934636,0,4,1
20260805_133411,43.137428,-70.934636,1,2,1
20260805_133412,43.137428,-70.934636,2,2,1
20260805_133412,43.137428,-70.934636,3,5,2
20260805_133413,43.137428,-70.934636,4,3,1
20260805_133413,43.137428,-70.934636,5,3,1
20260805_133414,43.137428,-70.934636,6,8,2
20260805_133414,43.137428,-70.934636,7,10,5
20260805_133415,43.137428,-70.934636,8,4,2
20260805_133415,43.137428,-70.934636,9,5,2
20260805_133416,43.137428,-70.934636,10,2,1
20260805_133416,43.137428,-70.934636,11,2,1
20260805_133417,43.137428,-70.934636,12,3,1
20260805_133417,43.137428,-70.934636,13,3,1
20260805_133418,43.137428,-70.934636,14,2,1
20260805_133418,43.137428,-70.934636,15,4,1
20260805_133419,43.137428,-70.934636,16,3,1
20260805_133419,43.137428,-70.934636,17,2,1
20260805_133420,43.137428,-70.934636,18,3,1
20260805_133420,43.137428,-70.934636,19,4,1
20260805_133421,43.137428,-70.934636,20,2,1
20260805_133422,43.137428,-70.934636,0,4,1
20260805_133422,43.137428,-70.934637,1,2,1
20260805_133423,43.137428,-70.934637,2,3,1
20260805_133423,43.137428,-70.934637,3,5,2
20260805_133424,43.137428,-70.934637,4,3,1
20260805_133424,43.137428,-70.934637,5,3,1
20260805_133425,43.137428,-70.934637,6,8,2
20260805_133425,43.137429,-70.934637,7,10,4
20260805_133426,43.137429,-70.934637,8,4,1
20260805_133426,43.137429,-70.934637,9,4,2
20260805_133427,43.137429,-70.934637,10,2,1
20260805_133427,43.137429,-70.934637,11,2,1
20260805_133428,43.137429,-70.934637,12,2,1
20260805_133428,43.137429,-70.934637,13,3,1
20260805_133429,43.137429,-70.934637,14,2,1
20260805_133429,43.137429,-70.934637,15,4,1
20260805_133430,43.137429,-70.934637,16,3,1
20260805_133430,43.137429,-70.934637,17,2,1
20260805_133431,43.137429,-70.934637,18,3,1
20260805_133431,43.137429,-70.934637,19,4,1
20260805_133432,43.137429,-70.934637,20,2,1
20260805_133432,43.137429,-70.934637,0,3,1
20260805_133433,43.137429,-70.934637,1,1,0
20260805_133433,43.137429,-70.934637,2,2,1
20260805_133434,43.137429,-70.934637,3,5,2
20260805_133434,43.137429,-70.934637,4,3,1
20260805_133435,43.137429,-70.934637,5,3,1
20260805_133435,43.137429,-70.934637,6,8,2
20260805_133436,43.137429,-70.934637,7,11,5
20260805_133436,43.137429,-70.934637,8,4,1
20260805_133437,43.137429,-70.934637,9,4,1
20260805_133437,43.137429,-70.934637,10,2,1
20260805_133438,43.137429,-70.934637,11,2,1
20260805_133438,43.137429,-70.934637,12,3,2
20260805_133439,43.137429,-70.934637,13,2,1
20260805_133439,43.137429,-70.934637,14,2,1
20260805_133440,43.137429,-70.934637,15,3,1
20260805_133440,43.137429,-70.934637,16,2,1
20260805_133441,43.137429,-70.934637,17,2,1
20260805_133441,43.137429,-70.934637,18,3,1
20260805_133442,43.137429,-70.934637,19,4,1
20260805_133442,43.137429,-70.934637,20,2,1
20260805_133443,43.137429,-70.934637,0,3,1
20260805_133443,43.137429,-70.934637,1,2,1
20260805_133444,43.137429,-70.934637,2,2,1
20260805_133444,43.137429,-70.934637,3,5,1
20260805_133445,43.137429,-70.934637,4,3,1
20260805_133445,43.13743,-70.934637,5,3,1
20260805_133446,43.13743,-70.934637,6,8,2
20260805_133446,43.13743,-70.934637,7,10,4
20260805_133447,43.13743,-70.934638,8,3,1
20260805_133447,43.13743,-70.934638,9,4,1
20260805_133448,43.13743,-70.934637,10,1,0
20260805_133448,43.13743,-70.934637,11,2,1
20260805_133449,43.13743,-70.934637,12,2,0
20260805_133449,43.13743,-70.934637,13,3,1
20260805_133450,43.13743,-70.934637,14,2,1
20260805_133450,43.13743,-70.934637,15,3,1
20260805_133451,43.13743,-70.934637,16,2,1
20260805_133451,43.13743,-70.934637,17,2,0
20260805_133452,43.13743,-70.934637,18,2,1
20260805_133452,43.13743,-70.934637,19,3,1
20260805_133453,43.13743,-70.934638,20,2,0
20260805_133453,43.13743,-70.934638,0,2,0
20260805_133454,43.137431,-70.934638,1,1,0
20260805_133454,43.137431,-70.934638,2,2,0
20260805_133455,43.137431,-70.934638,3,5,1
20260805_133455,43.137431,-70.934638,4,3,1
20260805_133456,43.137431,-70.934638,5,3,1
20260805_133456,43.137431,-70.934638,6,9,2
20260805_133457,43.137431,-70.934638,7,10,4
20260805_133457,43.137431,-70.934638,8,4,1
20260805_133458,43.137431,-70.934638,9,4,1
20260805_133458,43.137431,-70.934638,10,2,1
20260805_133459,43.137431,-70.934638,11,2,1
20260805_133459,43.137431,-70.934638,12,3,1
20260805_133500,43.13743,-70.934638,13,2,1
20260805_133500,43.13743,-70.934638,14,2,1
20260805_133501,43.13743,-70.934638,15,4,1
20260805_133501,43.13743,-70.934638,16,2,1
20260805_133502,43.13743,-70.934638,17,2,1
20260805_133502,43.13743,-70.934638,18,2,1
20260805_133503,43.13743,-70.934638,19,4,1
20260805_133503,43.13743,-70.934638,20,2,1
20260805_133504,43.13743,-70.934638,0,3,1
20260805_133504,43.13743,-70.934638,1,1,1
20260805_133505,43.13743,-70.934638,2,2,1
20260805_133505,43.13743,-70.934638,3,5,1
20260805_133506,43.13743,-70.934638,4,3,1
20260805_133507,43.13743,-70.934638,5,4,2
20260805_133507,43.137429,-70.934638,6,8,2
20260805_133508,43.137429,-70.934638,7,12,5
20260805_133508,43.137429,-70.934638,8,4,1
20260805_133509,43.137429,-70.934638,9,5,2
20260805_133509,43.137429,-70.934638,10,2,1
20260805_133510,43.137429,-70.934638,11,2,1
20260805_133510,43.137429,-70.934638,12,3,2
20260805_133511,43.137429,-70.934638,13,3,1
20260805_133511,43.137429,-70.934638,14,2,1
20260805_133512,43.137429,-70.934638,15,4,1
20260805_133512,43.137429,-70.934638,16,2,1
20260805_133513,43.137429,-70.934638,17,2,1
20260805_133513,43.137429,-70.934638,18,2,1
20260805_133514,43.137429,-70.934638,19,4,1
20260805_133514,43.137429,-70.934638,20,2,1
20260805_133515,43.137429,-70.934638,0,3,1
20260805_133515,43.137429,-70.934638,1,2,1
20260805_133516,43.137429,-70.934638,2,2,1
20260805_133516,43.137429,-70.934638,3,5,2
20260805_133517,43.137429,-70.934638,4,3,1
20260805_133517,43.137429,-70.934638,5,4,2
20260805_133518,43.137429,-70.934638,6,8,2
20260805_133518,43.137429,-70.934638,7,11,5
20260805_133519,43.137429,-70.934638,8,4,2
20260805_133519,43.137428,-70.934638,9,4,1
20260805_133520,43.137428,-70.934638,10,2,1
20260805_133520,43.137428,-70.934639,11,2,1
20260805_133521,43.137428,-70.934639,12,2,1
20260805_133521,43.137428,-70.934639,13,2,1
20260805_133522,43.137428,-70.934639,14,2,1
20260805_133522,43.137428,-70.934639,15,4,1
20260805_133523,43.137428,-70.934639,16,2,1
20260805_133523,43.137428,-70.934639,17,2,1
20260805_133524,43.137428,-70.934639,18,2,1
20260805_133524,43.137428,-70.934639,19,3,1
20260805_133525,43.137428,-70.934639,20,1,0
20260805_133525,43.137428,-70.934639,0,2,0
20260805_133526,43.137428,-70.934639,1,2,1
20260805_133526,43.137428,-70.93464,2,3,1
20260805_133527,43.137428,-70.93464,3,5,2
20260805_133527,43.137427,-70.93464,4,3,1
20260805_133528,43.137427,-70.93464,5,3,1
20260805_133528,43.137427,-70.93464,6,8,2
20260805_133529,43.137427,-70.93464,7,10,4
20260805_133529,43.137427,-70.93464,8,4,1
20260805_133530,43.137427,-70.93464,9,4,1
20260805_133530,43.137427,-70.93464,10,3,1
20260805_133531,43.137427,-70.93464,11,3,2
20260805_133531,43.137427,-70.93464,12,3,1
20260805_133532,43.137427,-70.93464,13,3,1
20260805_133532,43.137427,-70.93464,14,3,1
20260805_133533,43.137427,-70.93464,15,4,1
20260805_133533,43.137427,-70.93464,16,3,1
20260805_133534,43.137426,-70.93464,17,2,1
20260805_133534,43.137426,-70.93464,18,3,1
20260805_133535,43.137426,-70.93464,19,4,1
20260805_133535,43.137426,-70.93464,20,2,1
20260805_133536,43.137426,-70.93464,0,2,1
20260805_133536,43.137426,-70.93464,1,2,1
20260805_133537,43.137425,-70.93464,2,3,1
20260805_133537,43.137425,-70.93464,3,6,2
20260805_133538,43.137425,-70.93464,4,4,1
20260805_133538,43.137425,-70.93464,5,4,1
20260805_133539,43.137425,-70.93464,6,9,2
20260805_133539,43.137425,-70.93464,7,11,4
20260805_133540,43.137425,-70.93464,8,4,2
20260805_133540,43.137425,-70.93464,9,4,1
20260805_133541,43.137424,-70.93464,10,2,1
20260805_133541,43.137424,-70.93464,11,2,1
20260805_133542,43.137424,-70.93464,12,2,1
20260805_133542,43.137424,-70.93464,13,2,1
20260805_133543,43.137424,-70.93464,14,1,0
20260805_133543,43.137424,-70.93464,15,2,0
20260805_133544,43.137424,-70.934641,16,2,1
20260805_133544,43.137424,-70.934641,17,2,1
20260805_133545,43.137424,-70.934641,18,2,1
20260805_133545,43.137424,-70.934641,19,3,1
20260805_133546,43.137424,-70.934641,20,1,0
20260805_133546,43.137424,-70.934641,0,2,1
20260805_133547,43.137423,-70.934641,1,1,0
20260805_133548,43.137423,-70.934641,2,2,1
20260805_133548,43.137423,-70.934641,3,5,1
20260805_133549,43.137423,-70.934641,4,3,0
20260805_133549,43.137423,-70.934641,5,2,1
20260805_133550,43.137423,-70.934641,6,8,2
20260805_133550,43.137423,-70.934641,7,11,4
20260805_133551,43.137423,-70.934641,8,4,1
20260805_133551,43.137423,-70.934641,9,4,1
20260805_133552,43.137423,-70.934641,10,2,1
20260805_133552,43.137423,-70.934641,11,2,0
20260805_133553,43.137423,-70.934641,12,2,1
20260805_133553,43.137423,-70.934643,13,3,1
20260805_133554,43.137423,-70.934643,14,2,1
20260805_133554,43.137424,-70.934645,15,3,1
20260805_133555,43.137424,-70.934645,16,2,1
20260805_133555,43.137424,-70.934646,17,2,1
20260805_133556,43.137424,-70.934646,18,3,1
20260805_133556,43.137424,-70.934649,19,4,1
20260805_133557,43.137424,-70.934649,20,1,0
20260805_133557,43.137425,-70.934652,0,3,1
20260805_133558,43.137425,-70.934652,1,1,0
20260805_133558,43.137425,-70.934655,2,2,1
20260805_133559,43.137425,-70.934655,3,5,1
20260805_133559,43.137425,-70.93466,4,2,0
20260805_133600,43.137425,-70.93466,5,3,1
20260805_133600,43.137425,-70.934664,6,9,3
20260805_133601,43.137425,-70.934664,7,11,5
20260805_133601,43.137425,-70.934668,8,5,1
20260805_133602,43.137425,-70.934668,9,4,1
20260805_133602,43.137424,-70.934672,10,2,0
20260805_133603,43.137424,-70.934672,11,2,0
20260805_133603,43.137423,-70.934675,12,3,1
20260805_133604,43.137423,-70.934675,13,2,1
20260805_133604,43.137423,-70.934677,14,2,1
20260805_133605,43.137423,-70.934677,15,4,1
20260805_133605,43.137424,-70.934676,16,2,1
20260805_133606,43.137424,-70.934676,17,2,1
20260805_133606,43.137427,-70.934673,18,2,1
20260805_133607,43.137427,-70.934673,19,3,1
20260805_133607,43.137432,-70.934666,20,2,1
20260805_133608,43.137432,-70.934666,0,4,1
20260805_133608,43.137441,-70.934658,1,2,1
20260805_133609,43.137441,-70.934658,2,3,1
20260805_133609,43.137449,-70.934649,3,5,2
20260805_133610,43.137449,-70.934649,4,3,1
20260805_133610,,,5,3,1
20260805_133611,,,6,8,2
20260805_133611,,,7,11,5
20260805_133612,,,8,4,2
20260805_133612,,,9,4,2
20260805_133613,43.137678,-70.934575,10,3,1
20260805_133613,43.137678,-70.934575,11,2,1
20260805_133614,43.137729,-70.934549,12,2,1
20260805_133614,43.137729,-70.934549,13,2,1
20260805_133615,43.137764,-70.934531,14,2,1
20260805_133615,43.137764,-70.934531,15,4,1
20260805_133616,43.137782,-70.934519,16,2,1
20260805_133616,43.137782,-70.934519,17,1,0
20260805_133617,43.137794,-70.934512,18,2,1
20260805_133617,43.137794,-70.934512,19,4,1
20260805_133618,43.137798,-70.93451,20,1,0
20260805_133618,43.137798,-70.93451,0,2,0
20260805_133619,43.137801,-70.934508,1,1,0
20260805_133619,43.137801,-70.934508,2,2,1
20260805_133620,43.137804,-70.934508,3,5,1
20260805_133620,43.137804,-70.934508,4,2,1
20260805_133621,43.137806,-70.934506,5,3,1
20260805_133621,43.137806,-70.934506,6,8,2
20260805_133622,43.137808,-70.934505,7,10,4
20260805_133622,43.137808,-70.934505,8,4,1
20260805_133623,43.137809,-70.934505,9,4,1
20260805_133623,43.137809,-70.934505,10,2,0
20260805_133624,43.13781,-70.934505,11,1,0
20260805_133624,43.13781,-70.934505,12,2,1
20260805_133625,43.13781,-70.934505,13,2,1
20260805_133625,43.13781,-70.934505,14,1,0
20260805_133626,43.137811,-70.934505,15,2,0
20260805_133626,43.137811,-70.934505,16,2,1
20260805_133627,43.137811,-70.934505,17,2,1
20260805_133627,43.137811,-70.934505,18,2,1
20260805_133628,43.137812,-70.934504,19,3,1
20260805_133628,43.137812,-70.934504,20,2,1
20260805_133629,43.137813,-70.934504,0,3,1
20260805_133630,43.137813,-70.934504,1,2,1
20260805_133630,43.137816,-70.934501,2,3,1
20260805_133631,43.137816,-70.934501,3,5,1
20260805_133631,43.137824,-70.934495,4,3,1
20260805_133632,43.137824,-70.934495,5,3,1
20260805_133632,43.137839,-70.934484,6,9,2
20260805_133633,43.137839,-70.934484,7,11,4
20260805_133633,,,8,4,1
20260805_133634,,,9,4,1
20260805_133634,,,10,2,1
20260805_133635,,,11,1,0
20260805_133635,,,12,3,1
20260805_133636,,,13,2,1
20260805_133636,,,14,2,1
20260805_133637,,,15,2,0
20260805_133637,,,16,2,1
20260805_133638,,,17,2,0
20260805_133638,,,18,2,1
20260805_133639,,,19,3,1
20260805_133639,,,20,2,1
20260805_133640,,,0,2,1
20260805_133640,,,1,2,1
20260805_133641,,,2,2,1
20260805_133641,,,3,5,2
20260805_133642,,,4,3,1
20260805_133642,,,5,3,1
20260805_133643,,,6,9,2
20260805_133643,,,7,11,4
20260805_133644,,,8,4,1
20260805_133644,,,9,4,1
20260805_133645,,,10,2,1
20260805_133645,,,11,2,1
20260805_133646,,,12,3,1
20260805_133646,,,13,2,1
20260805_133647,,,14,2,1
20260805_133647,,,15,3,1
20260805_133648,,,16,2,1
20260805_133648,,,17,2,1
20260805_133649,,,18,2,1
20260805_133649,,,19,3,1
20260805_133650,,,20,2,1
20260805_133650,,,0,3,1
20260805_133651,,,1,1,0
20260805_133651,,,2,2,1
20260805_133652,,,3,5,1
20260805_133652,,,4,3,0
20260805_133653,,,5,3,1
20260805_133653,,,6,8,2
20260805_133654,,,7,11,4
20260805_133654,,,8,5,2
20260805_133655,,,9,4,2
20260805_133655,,,10,2,1
20260805_133656,,,11,2,1
20260805_133656,,,12,2,1
20260805_133657,,,13,2,1
20260805_133657,,,14,2,1
20260805_133658,,,15,3,1
20260805_133658,,,16,2,0
20260805_133659,,,17,2,1
20260805_133659,,,18,3,1
20260805_133700,,,19,4,1
20260805_133700,,,20,2,1
20260805_133701,,,0,3,1
20260805_133701,,,1,2,1
20260805_133702,,,2,2,1
20260805_133702,,,3,5,1
20260805_133703,,,4,2,0
20260805_133703,,,5,3,1
20260805_133704,,,6,8,2
20260805_133704,,,7,11,4
20260805_133705,,,8,4,1
20260805_133705,,,9,3,1
20260805_133706,,,10,2,1
20260805_133706,,,11,2,1
20260805_133707,,,12,2,1
20260805_133707,,,13,2,1
20260805_133708,,,14,2,1
20260805_133708,,,15,4,1
20260805_133709,,,16,2,1
20260805_133709,,,17,1,0
20260805_133710,,,18,2,1
20260805_133710,,,19,4,1
20260805_133711,,,20,1,0
20260805_133711,,,0,2,0
20260805_133712,,,1,1,0
20260805_133713,,,2,2,1
20260805_133713,,,3,5,1
20260805_133714,,,4,4,1
20260805_133714,,,5,4,1
20260805_133715,,,6,8,2
20260805_133715,,,7,11,5
20260805_133716,,,8,4,2
20260805_133716,,,9,5,2
20260805_133717,,,10,2,1
20260805_133717,,,11,2,1
20260805_133718,,,12,2,1
20260805_133718,,,13,3,1
20260805_133719,,,14,2,1
20260805_133719,,,15,4,1
20260805_133720,,,16,2,1
20260805_133720,,,17,2,1
20260805_133721,,,18,3,1
20260805_133721,,,19,4,1
20260805_133722,,,20,2,1
20260805_133722,,,0,4,1
20260805_133723,,,1,3,1
20260805_133723,43.140512,-70.940736,2,3,2
20260805_133724,43.140512,-70.940736,3,6,3
20260805_133724,43.140546,-70.940831,4,4,1
20260805_133725,43.140546,-70.940831,5,4,2
20260805_133725,43.140582,-70.940914,6,8,2
20260805_133726,43.140582,-70.940914,7,11,5
20260805_133726,43.140622,-70.940987,8,3,1
20260805_133727,43.140622,-70.940987,9,5,2
20260805_133727,43.140666,-70.941049,10,2,1
20260805_133728,43.140666,-70.941049,11,2,1
20260805_133728,43.140712,-70.941107,12,3,1
20260805_133729,43.140712,-70.941107,13,2,1
20260805_133729,43.140752,-70.941169,14,1,0
20260805_133730,43.140752,-70.941169,15,2,0
20260805_133730,43.140781,-70.941237,16,2,1
20260805_133731,43.140781,-70.941237,17,1,0
20260805_133731,,,18,2,1
20260805_133732,,,19,4,1
20260805_133732,,,20,2,1
20260805_133733,,,0,3,1
20260805_133733,,,1,2,1
20260805_133734,,,2,2,1
20260805_133734,,,3,5,1
20260805_133735,,,4,3,1
20260805_133735,,,5,3,1
20260805_133736,,,6,8,2
20260805_133736,43.140583,-70.941459,7,10,5
20260805_133737,43.140583,-70.941459,8,4,2
20260805_133737,43.140521,-70.941468,9,4,1
20260805_133738,43.140462,-70.941491,10,2,1
20260805_133738,43.140462,-70.941491,11,2,1
20260805_133739,43.140405,-70.941527,12,2,1
20260805_133739,43.140405,-70.941527,13,2,1
20260805_133740,43.14035,-70.941569,14,2,0
20260805_133740,43.14035,-70.941569,15,3,1
20260805_133741,43.140298,-70.941614,16,2,1
20260805_133741,43.140298,-70.941614,17,2,1
20260805_133742,43.140247,-70.941661,18,3,1
20260805_133742,43.140247,-70.941661,19,4,1
20260805_133743,43.140198,-70.94171,20,2,1
20260805_133743,43.140198,-70.94171,0,3,1
20260805_133744,43.140148,-70.941762,1,2,1
20260805_133744,43.140148,-70.941762,2,3,1
20260805_133745,43.140098,-70.941815,3,5,2
20260805_133745,43.140098,-70.941815,4,3,1
20260805_133746,43.140048,-70.941871,5,4,2
20260805_133746,43.140048,-70.941871,6,9,3
20260805_133747,43.139999,-70.941928,7,10,4
20260805_133747,43.139999,-70.941928,8,4,2
20260805_133748,43.13995,-70.941984,9,4,1
20260805_133748,43.13995,-70.941984,10,2,0
20260805_133749,43.139904,-70.942038,11,2,1
20260805_133749,43.139904,-70.942038,12,2,1
20260805_133750,43.139859,-70.942092,13,2,1
20260805_133750,43.139859,-70.942092,14,2,1
20260805_133751,43.139814,-70.942147,15,3,1
20260805_133751,43.139814,-70.942147,16,2,1
20260805_133752,43.139768,-70.942203,17,2,0
20260805_133752,43.139768,-70.942203,18,3,1
20260805_133753,43.139724,-70.942256,19,4,1
20260805_133753,43.139724,-70.942256,20,2,1
20260805_133754,43.139683,-70.942304,0,4,1
20260805_133755,43.139683,-70.942304,1,2,1
20260805_133755,43.139647,-70.942346,2,2,1
20260805_133756,43.139647,-70.942346,3,5,2
20260805_133756,,,4,3,1
20260805_133757,,,5,4,1
20260805_133757,,,6,9,3
20260805_133758,,,7,11,5
20260805_133758,,,8,4,2
20260805_133759,,,9,5,2
20260805_133759,,,10,2,1
20260805_133800,,,11,2,1
20260805_133800,,,12,2,1
20260805_133801,,,13,2,1
20260805_133801,,,14,2,1
20260805_133802,,,15,4,1
20260805_133802,43.139638,-70.942393,16,2,1
20260805_133803,43.139638,-70.942393,17,3,1
20260805_133803,43.139644,-70.942393,18,3,1
20260805_133804,43.139644,-70.942393,19,5,2
20260805_133804,43.139646,-70.942394,20,3,1
20260805_133805,43.139646,-70.942394,0,4,1
20260805_133805,43.139648,-70.942394,1,2,1
20260805_133806,43.139648,-70.942394,2,3,1
20260805_133806,43.139648,-70.942395,3,6,2
20260805_133807,43.139648,-70.942395,4,3,1
20260805_133807,43.139648,-70.942395,5,4,2
20260805_133808,43.139648,-70.942395,6,9,3
20260805_133808,43.139649,-70.942395,7,11,5
20260805_133809,43.139649,-70.942395,8,4,1
20260805_133809,43.139649,-70.942395,9,4,1
20260805_133810,43.139649,-70.942395,10,2,1
20260805_133810,43.139649,-70.942395,11,1,0
20260805_133811,43.139649,-70.942395,12,2,1
20260805_133811,43.139649,-70.942396,13,2,1
20260805_133812,43.139649,-70.942396,14,2,0
20260805_133812,43.139649,-70.942396,15,4,1
20260805_133813,43.139649,-70.942396,16,2,1
20260805_133813,43.139649,-70.942396,17,2,1
20260805_133814,43.139649,-70.942396,18,3,1
20260805_133814,43.139649,-70.942396,19,4,1
20260805_133815,43.139649,-70.942396,20,2,1
20260805_133815,43.139649,-70.942396,0,3,1
20260805_133816,43.139649,-70.942396,1,2,1
20260805_133816,43.139649,-70.942396,2,3,1
20260805_133817,43.139649,-70.942396,3,5,2
20260805_133817,43.139649,-70.942396,4,4,1
20260805_133818,43.139649,-70.942396,5,3,1
20260805_133818,43.139649,-70.942396,6,8,2
20260805_133819,43.139649,-70.942396,7,11,4
20260805_133819,43.139649,-70.942396,8,4,1
20260805_133820,43.139647,-70.942397,9,4,1
20260805_133820,43.139647,-70.942397,10,2,1
20260805_133821,43.139641,-70.9424,11,2,1
20260805_133821,43.139641,-70.9424,12,3,1
20260805_133822,43.13963,-70.942405,13,2,1
20260805_133822,43.13963,-70.942405,14,2,1
20260805_133823,43.139616,-70.942409,15,3,1
20260805_133823,43.139616,-70.942409,16,2,1
20260805_133824,43.139616,-70.942409,17,2,1
20260805_133824,,,18,2,1
20260805_133825,,,19,3,1
20260805_133825,,,20,2,1
20260805_133826,,,0,2,1
20260805_133826,,,1,2,1
20260805_133827,,,2,2,1
20260805_133827,,,3,4,2
20260805_133828,,,4,3,0
20260805_133828,,,5,3,1
20260805_133829,,,6,9,2
20260805_133829,,,7,11,4
20260805_133830,,,8,3,1
20260805_133830,,,9,4,1
20260805_133831,,,10,1,0
20260805_133831,,,11,2,1
20260805_133832,43.139091,-70.942351,12,2,1
20260805_133832,43.139091,-70.942351,13,2,1
20260805_133833,43.139035,-70.942307,14,2,1
20260805_133833,43.139035,-70.942307,15,3,1
20260805_133834,43.138985,-70.942256,16,2,1
20260805_133834,43.138985,-70.942256,17,2,1
20260805_133835,43.138937,-70.942196,18,2,1
20260805_133836,43.138937,-70.942196,19,4,1
20260805_133836,43.138896,-70.942131,20,2,1
20260805_133837,43.138896,-70.942131,0,3,1
20260805_133837,43.13886,-70.942065,1,2,1
20260805_133838,43.13886,-70.942065,2,2,1
20260805_133838,43.13883,-70.941994,3,5,2
20260805_133839,43.13883,-70.941994,4,3,1
20260805_133839,43.138802,-70.941921,5,3,1
20260805_133840,43.138802,-70.941921,6,8,2
20260805_133840,43.138775,-70.941848,7,10,4
20260805_133841,43.138775,-70.941848,8,4,2
20260805_133841,43.138748,-70.941773,9,5,2
20260805_133842,43.138748,-70.941773,10,2,1
20260805_133842,43.138721,-70.941696,11,2,1
20260805_133843,43.138721,-70.941696,12,2,1
20260805_133843,43.138691,-70.941618,13,2,1
20260805_133844,43.138691,-70.941618,14,2,1
20260805_133844,43.138656,-70.941539,15,3,1
20260805_133845,43.138656,-70.941539,16,3,1
20260805_133845,43.138618,-70.941465,17,2,1
20260805_133846,43.138618,-70.941465,18,3,1
20260805_133846,43.138575,-70.941395,19,4,1
20260805_133847,43.138575,-70.941395,20,1,0
20260805_133847,43.13853,-70.941326,0,2,1
20260805_133848,43.13853,-70.941326,1,1,0
20260805_133848,43.138487,-70.941258,2,2,1
20260805_133849,43.138487,-70.941258,3,5,1
20260805_133849,43.138444,-70.941189,4,3,1
20260805_133850,43.138444,-70.941189,5,3,1
20260805_133850,43.138401,-70.941118,6,8,2
20260805_133851,43.138401,-70.941118,7,10,5
20260805_133851,43.13836,-70.941045,8,4,1
20260805_133852,43.13836,-70.941045,9,4,1
20260805_133852,43.138323,-70.940971,10,2,1
20260805_133853,43.138323,-70.940971,11,1,0
20260805_133853,43.138287,-70.940893,12,2,1
20260805_133854,43.138287,-70.940893,13,2,1
20260805_133854,43.138252,-70.940816,14,2,1
20260805_133855,43.138252,-70.940816,15,4,1
20260805_133855,43.138218,-70.940738,16,3,1
20260805_133856,43.138218,-70.940738,17,2,1
20260805_133856,43.138185,-70.940661,18,3,1
20260805_133857,43.138185,-70.940661,19,4,1
20260805_133857,43.138149,-70.940584,20,3,1
20260805_133858,43.138149,-70.940584,0,3,1
20260805_133858,43.138115,-70.940506,1,2,1
20260805_133859,43.138077,-70.940429,2,2,1
20260805_133859,43.138077,-70.940429,3,5,2
20260805_133900,43.138034,-70.940353,4,3,1
20260805_133900,43.138034,-70.940353,5,3,1
20260805_133901,43.137992,-70.940279,6,8,2
20260805_133901,43.137992,-70.940279,7,11,5
20260805_133902,43.137949,-70.940205,8,4,2
20260805_133902,43.137949,-70.940205,9,4,1
20260805_133903,43.137905,-70.940129,10,2,1
20260805_133903,43.137905,-70.940129,11,2,1
20260805_133904,43.13786,-70.940055,12,2,1
20260805_133904,43.13786,-70.940055,13,2,1
20260805_133905,43.137816,-70.939983,14,2,1
20260805_133905,43.137816,-70.939983,15,3,1
20260805_133906,43.137768,-70.939912,16,3,1
20260805_133906,43.137768,-70.939912,17,2,1
20260805_133907,43.137721,-70.939847,18,2,1
20260805_133907,43.137721,-70.939847,19,4,1
20260805_133908,43.137677,-70.939781,20,2,1
20260805_133908,43.137677,-70.939781,0,3,1
20260805_133909,43.137637,-70.939712,1,2,1
20260805_133909,43.137637,-70.939712,2,3,1
20260805_133910,43.137599,-70.939648,3,5,2
20260805_133910,43.137599,-70.939648,4,3,1
20260805_133911,43.137561,-70.939585,5,3,1
20260805_133911,43.137561,-70.939585,6,9,2
20260805_133912,43.137523,-70.939522,7,11,4
20260805_133912,43.137523,-70.939522,8,4,2
20260805_133913,43.137487,-70.93946,9,4,1
20260805_133913,43.137487,-70.93946,10,3,1
20260805_133914,43.137451,-70.939399,11,2,1
20260805_133914,43.137451,-70.939399,12,2,1
20260805_133915,43.137416,-70.939339,13,3,1
20260805_133915,43.137416,-70.939339,14,2,1
20260805_133916,43.137381,-70.93928,15,4,1
20260805_133916,43.137381,-70.93928,16,2,1
20260805_133917,,,17,2,1
20260805_133918,,,18,3,1
20260805_133918,,,19,4,1
20260805_133919,,,20,2,1
20260805_133919,,,0,3,1
20260805_133920,,,1,2,1
20260805_133920,,,2,3,1
20260805_133921,,,3,5,2
20260805_133921,,,4,4,2
20260805_133922,,,5,4,2
20260805_133922,,,6,9,2
20260805_133923,,,7,11,4
20260805_133923,,,8,4,2
20260805_133924,,,9,4,2
20260805_133924,43.137379,-70.939272,10,2,1
20260805_133925,43.137379,-70.939272,11,2,1
20260805_133925,43.137384,-70.939247,12,3,1
20260805_133926,43.137384,-70.939247,13,3,1
20260805_133926,43.137397,-70.939223,14,2,1
20260805_133927,43.137397,-70.939223,15,3,1
20260805_133927,43.137419,-70.939202,16,2,0
20260805_133928,43.137419,-70.939202,17,2,1
20260805_133928,43.137445,-70.939184,18,2,1
20260805_133929,43.137445,-70.939184,19,3,1
20260805_133929,43.137468,-70.939165,20,2,1
20260805_133930,43.137468,-70.939165,0,3,1
20260805_133930,43.137484,-70.939143,1,1,0
20260805_133931,43.137484,-70.939143,2,2,1
20260805_133931,43.137497,-70.939121,3,5,1
20260805_133932,43.137497,-70.939121,4,3,0
20260805_133932,43.137505,-70.9391,5,3,1
20260805_133933,43.137505,-70.9391,6,8,2
20260805_133933,43.13751,-70.939081,7,10,4
20260805_133934,43.13751,-70.939081,8,4,1
20260805_133934,43.137513,-70.939066,9,4,1
20260805_133935,43.137513,-70.939066,10,1,0
20260805_133935,43.137515,-70.939054,11,1,0
20260805_133936,43.137515,-70.939054,12,2,0
20260805_133936,43.137517,-70.939047,13,2,0
20260805_133937,43.137517,-70.939047,14,2,1
20260805_133937,43.137519,-70.939041,15,3,1
20260805_133938,43.137519,-70.939041,16,2,0
20260805_133938,43.13752,-70.939036,17,2,1
20260805_133939,43.13752,-70.939036,18,3,1
20260805_133939,43.137521,-70.939032,19,4,1
20260805_133940,43.137521,-70.939032,20,2,1
20260805_133940,43.137522,-70.939028,0,3,1
20260805_133941,43.137522,-70.939028,1,2,0
20260805_133941,43.137522,-70.939024,2,2,1
20260805_133942,43.137522,-70.939024,3,5,1
20260805_133942,43.137523,-70.939022,4,3,1
20260805_133943,43.137524,-70.939019,5,4,1
20260805_133943,43.137524,-70.939019,6,9,2
20260805_133944,43.137524,-70.939017,7,11,4
20260805_133944,43.137524,-70.939017,8,4,1
20260805_133945,43.137524,-70.939015,9,4,1
20260805_133945,43.137524,-70.939015,10,2,1
20260805_133946,43.137525,-70.939014,11,2,0
20260805_133946,43.137525,-70.939014,12,3,1
20260805_133947,43.137525,-70.939012,13,2,1
20260805_133947,43.137525,-70.939012,14,2,1
20260805_133948,43.137525,-70.939011,15,3,1
20260805_133948,43.137525,-70.939011,16,2,1
20260805_133949,43.137525,-70.93901,17,1,0
20260805_133949,43.137525,-70.93901,18,2,1
20260805_133950,43.137525,-70.939008,19,3,1
20260805_133950,43.137525,-70.939008,20,2,0
20260805_133951,43.137525,-70.939007,0,4,1
20260805_133951,43.137525,-70.939007,1,1,1
20260805_133952,43.137525,-70.939006,2,2,1
20260805_133952,43.137525,-70.939006,3,5,2
20260805_133953,43.137525,-70.939005,4,3,1
20260805_133953,43.137525,-70.939005,5,3,1
20260805_133954,43.137525,-70.939004,6,9,2
20260805_133954,43.137525,-70.939004,7,11,5
20260805_133955,43.137525,-70.939003,8,4,1
20260805_133955,43.137525,-70.939003,9,4,1
20260805_133956,43.137525,-70.939003,10,2,1
20260805_133956,43.137525,-70.939003,11,2,1
20260805_133957,43.137525,-70.939002,12,2,1
20260805_133957,43.137525,-70.939002,13,3,1
20260805_133958,43.137525,-70.939001,14,2,1
20260805_133958,43.137525,-70.939001,15,3,1
20260805_133959,43.137525,-70.939,16,3,1
20260805_134000,43.137525,-70.939,17,2,0
20260805_134000,43.137526,-70.938999,18,2,1
20260805_134001,43.137526,-70.938999,19,4,1
20260805_134001,43.137526,-70.938999,20,2,1
20260805_134002,43.137526,-70.938999,0,2,1
20260805_134002,43.137526,-70.938998,1,2,1
20260805_134003,43.137526,-70.938998,2,2,1
20260805_134003,43.137525,-70.938998,3,6,2
20260805_134004,43.137525,-70.938998,4,4,1
20260805_134004,43.137525,-70.938997,5,4,1
20260805_134005,43.137525,-70.938997,6,8,2
20260805_134005,43.137525,-70.938997,7,11,4
20260805_134006,43.137525,-70.938997,8,3,1
20260805_134006,43.137525,-70.938996,9,4,1
20260805_134007,43.137525,-70.938996,10,2,1
20260805_134007,43.137525,-70.938996,11,2,1
20260805_134008,43.137525,-70.938996,12,2,1
20260805_134008,43.137525,-70.938995,13,2,1
20260805_134009,43.137525,-70.938995,14,2,1
20260805_134009,43.137525,-70.938995,15,3,1
20260805_134010,43.137525,-70.938995,16,2,1
20260805_134010,43.137525,-70.938994,17,2,0
20260805_134011,43.137525,-70.938994,18,2,1
20260805_134011,43.137525,-70.938994,19,3,1
20260805_134012,43.137525,-70.938994,20,1,1
20260805_134012,43.137525,-70.938993,0,2,1
20260805_134013,43.137525,-70.938993,1,2,1
20260805_134013,43.137524,-70.938993,2,2,1
20260805_134014,43.137524,-70.938993,3,5,2
20260805_134014,43.137524,-70.938992,4,3,1
20260805_134015,43.137524,-70.938992,5,3,1
20260805_134015,43.137524,-70.938992,6,8,2
20260805_134016,43.137524,-70.938992,7,11,4
20260805_134016,43.137524,-70.938992,8,4,2
20260805_134017,43.137524,-70.938992,9,4,1
20260805_134017,43.137524,-70.938992,10,2,0
20260805_134018,43.137524,-70.938992,11,1,0
20260805_134018,43.137524,-70.938992,12,2,1
20260805_134019,43.137524,-70.938992,13,2,1
20260805_134019,43.137524,-70.938992,14,2,0
20260805_134020,43.137524,-70.938992,15,3,1
20260805_134020,43.137524,-70.938992,16,2,0
20260805_134021,43.137524,-70.938992,17,2,1
20260805_134021,43.137524,-70.938992,18,3,1
20260805_134022,43.137524,-70.938992,19,4,1
20260805_134022,43.137524,-70.938992,20,2,1
20260805_134023,43.137524,-70.938992,0,3,1
20260805_134023,43.137524,-70.938991,1,2,1
20260805_134024,43.137524,-70.938991,2,3,1
20260805_134024,43.137524,-70.938991,3,6,3
20260805_134025,43.137524,-70.938991,4,4,1
20260805_134025,43.137524,-70.938991,5,4,1
20260805_134026,43.137524,-70.938991,6,9,3
20260805_134026,43.137524,-70.938991,7,11,5
20260805_134027,43.137524,-70.938992,8,5,2
20260805_134027,43.137524,-70.938992,9,5,2
20260805_134028,43.137524,-70.938992,10,3,1
20260805_134028,43.137524,-70.938992,11,2,1
20260805_134029,43.137523,-70.938993,12,3,1
20260805_134029,43.137523,-70.938993,13,3,2
20260805_134030,43.137523,-70.938993,14,2,1
20260805_134030,43.137523,-70.938993,15,5,1
20260805_134031,43.137523,-70.938994,16,3,1
20260805_134031,43.137523,-70.938994,17,3,1
20260805_134032,43.137522,-70.938995,18,3,2
20260805_134032,43.137522,-70.938995,19,4,1
20260805_134033,43.137522,-70.938996,20,3,1
20260805_134033,43.137522,-70.938996,0,3,1
20260805_134034,43.137522,-70.938997,1,2,1
20260805_134034,43.137522,-70.938997,2,3,2
20260805_134035,43.137521,-70.938998,3,5,2
20260805_134035,43.137521,-70.938998,4,4,1
20260805_134036,43.137521,-70.938999,5,4,2
20260805_134036,43.137521,-70.938999,6,8,2
20260805_134037,43.137521,-70.939,7,11,5
20260805_134037,43.137521,-70.939,8,5,2
20260805_134038,43.13752,-70.939001,9,5,2
20260805_134038,43.13752,-70.939001,10,3,1
20260805_134039,43.13752,-70.939002,11,3,1
20260805_134039,43.13752,-70.939002,12,3,1
20260805_134040,43.137519,-70.939003,13,3,1
20260805_134040,43.137519,-70.939003,14,2,1
20260805_134041,43.137519,-70.939004,15,3,1
20260805_134042,43.137519,-70.939004,16,2,1
20260805_134042,43.137519,-70.939005,17,3,1
20260805_134043,43.137519,-70.939005,18,3,2
20260805_134043,43.137519,-70.939006,19,4,1
20260805_134044,43.137519,-70.939006,20,2,1
20260805_134044,43.137518,-70.939007,0,4,1
20260805_134045,43.137518,-70.939007,1,3,1
20260805_134045,43.137518,-70.939008,2,3,1
20260805_134046,43.137518,-70.939008,3,5,2
20260805_134046,43.137518,-70.939009,4,4,2
20260805_134047,43.137518,-70.939009,5,4,2
20260805_134047,43.137517,-70.93901,6,8,3
20260805_134048,43.137517,-70.93901,7,11,5
20260805_134048,43.137517,-70.939011,8,4,2
20260805_134049,43.137517,-70.939011,9,4,2
20260805_134049,43.137517,-70.939012,10,3,2
20260805_134050,43.137517,-70.939012,11,3,2
20260805_134050,43.137516,-70.939013,12,3,2
20260805_134051,43.137516,-70.939013,13,3,1
20260805_134051,43.137516,-70.939013,14,2,1
20260805_134052,43.137516,-70.939013,15,4,1
20260805_134052,43.137516,-70.939014,16,3,1
20260805_134053,43.137516,-70.939014,17,2,1
20260805_134053,43.137515,-70.939015,18,3,1
20260805_134054,43.137515,-70.939015,19,4,1
20260805_134054,43.137515,-70.939016,20,3,1
20260805_134055,43.137515,-70.939016,0,4,1
20260805_134055,43.137515,-70.939016,1,3,1
20260805_134056,43.137515,-70.939016,2,3,1
20260805_134056,43.137515,-70.939017,3,6,2
20260805_134057,43.137515,-70.939017,4,4,2
20260805_134057,43.137514,-70.939016,5,4,2
20260805_134058,43.137514,-70.939016,6,9,3
20260805_134058,43.137512,-70.939013,7,11,5
20260805_134059,43.137512,-70.939013,8,5,2
20260805_134059,43.137508,-70.939008,9,5,2
20260805_134100,43.137508,-70.939008,10,3,1
20260805_134100,43.137504,-70.939003,11,3,1
20260805_134101,43.137504,-70.939003,12,3,2
20260805_134101,43.137501,-70.939,13,3,1
20260805_134102,43.137501,-70.939,14,3,1
20260805_134102,43.1375,-70.939,15,5,2
20260805_134103,43.1375,-70.939,16,3,1
20260805_134103,43.137499,-70.939,17,2,1
20260805_134104,43.137499,-70.939,18,3,1
20260805_134104,43.137499,-70.939,19,4,1
20260805_134105,43.137499,-70.939,20,2,1
20260805_134105,43.137499,-70.939001,0,3,1
20260805_134106,43.137499,-70.939001,1,2,1
20260805_134106,43.137498,-70.939001,2,2,1
20260805_134107,43.137496,-70.938999,3,6,3
20260805_134107,43.137496,-70.938999,4,5,2
20260805_134108,43.137492,-70.938997,5,4,2
20260805_134108,43.137492,-70.938997,6,9,3
20260805_134109,43.137486,-70.938994,7,11,5
20260805_134109,43.137486,-70.938994,8,5,3
20260805_134110,43.137479,-70.938992,9,5,2
20260805_134110,43.137479,-70.938992,10,3,2
20260805_134111,43.137471,-70.93899,11,3,2
20260805_134111,43.137471,-70.93899,12,3,1
20260805_134112,43.137463,-70.938989,13,3,2
20260805_134112,43.137463,-70.938989,14,3,1
20260805_134113,43.137454,-70.938988,15,4,1
20260805_134113,43.137454,-70.938988,16,3,1
20260805_134114,43.137446,-70.938988,17,2,1
20260805_134114,43.137446,-70.938988,18,3,1
20260805_134115,43.137435,-70.938987,19,5,2
20260805_134115,43.137435,-70.938987,20,3,1
20260805_134116,43.13742,-70.938984,0,4,1
20260805_134116,43.13742,-70.938984,1,3,1
20260805_134117,,,2,4,2
20260805_134117,,,3,6,2
20260805_134118,,,4,5,1
20260805_134118,,,5,4,2
20260805_134119,,,6,9,3
20260805_134119,,,7,12,5
20260805_134120,,,8,4,2
20260805_134120,,,9,5,2
20260805_134121,,,10,4,2
20260805_134121,,,11,3,1
20260805_134122,,,12,3,2
20260805_134123,,,13,3,2
20260805_134123,,,14,3,1
20260805_134124,,,15,4,1
20260805_134124,43.137107,-70.938552,16,3,1
20260805_134125,43.137107,-70.938552,17,3,1
20260805_134125,43.137072,-70.938468,18,3,1
20260805_134126,43.137072,-70.938468,19,4,1
20260805_134126,43.13704,-70.938383,20,3,2
20260805_134127,43.13704,-70.938383,0,4,1
20260805_134127,43.137008,-70.938297,1,3,2
20260805_134128,43.137008,-70.938297,2,4,2
20260805_134128,43.136977,-70.938209,3,6,2
20260805_134129,43.136977,-70.938209,4,4,2
20260805_134129,43.136947,-70.938122,5,5,2
20260805_134130,43.136947,-70.938122,6,9,3
20260805_134130,43.136915,-70.938037,7,12,5
20260805_134131,43.136915,-70.938037,8,5,2
20260805_134131,43.136885,-70.937953,9,5,3
20260805_134132,43.136885,-70.937953,10,3,1
20260805_134132,43.136856,-70.937871,11,3,1
20260805_134133,43.136856,-70.937871,12,3,2
20260805_134133,43.136829,-70.937792,13,3,2
20260805_134134,43.136829,-70.937792,14,3,2
20260805_134134,43.136803,-70.937716,15,4,1
20260805_134135,43.136803,-70.937716,16,3,2
20260805_134135,43.136779,-70.937645,17,3,1
20260805_134136,43.136779,-70.937645,18,3,1
20260805_134136,,,19,4,1
20260805_134137,,,20,3,1
20260805_134137,43.136728,-70.9375,0,4,1
20260805_134138,43.136728,-70.9375,1,2,1
20260805_134138,,,2,3,2
20260805_134139,,,3,5,2
20260805_134139,,,4,3,1
20260805_134140,,,5,4,1
20260805_134140,,,6,8,3
20260805_134141,,,7,11,5
20260805_134141,,,8,5,2
20260805_134142,,,9,5,2
20260805_134142,,,10,3,2
20260805_134143,,,11,3,2
20260805_134143,,,12,3,1
20260805_134144,,,13,3,1
20260805_134144,43.136708,-70.937498,14,2,1
20260805_134145,43.136708,-70.937498,15,4,1
20260805_134145,43.13671,-70.9375,16,3,1
20260805_134146,43.136711,-70.937502,17,2,1
20260805_134146,43.136711,-70.937502,18,2,1
20260805_134147,43.136712,-70.937503,19,5,2
20260805_134147,43.136712,-70.937503,20,3,1
20260805_134148,43.136713,-70.937503,0,4,1
20260805_134148,43.136713,-70.937503,1,3,1
20260805_134149,43.136713,-70.937503,2,3,1
20260805_134149,43.136713,-70.937503,3,6,2
20260805_134150,43.136712,-70.937499,4,4,1
20260805_134150,43.136712,-70.937499,5,4,2
20260805_134151,43.136708,-70.937487,6,9,3
20260805_134151,43.136708,-70.937487,7,11,5
20260805_134152,43.136705,-70.937471,8,4,2
20260805_134152,43.136705,-70.937471,9,5,2
20260805_134153,43.136704,-70.937454,10,3,1
20260805_134153,43.136704,-70.937454,11,2,1
20260805_134154,,,12,3,1
20260805_134154,,,13,3,1
20260805_134155,,,14,2,1
20260805_134155,,,15,3,1
20260805_134156,,,16,3,1
20260805_134156,,,17,2,1
20260805_134157,,,18,3,1
20260805_134157,,,19,4,1
20260805_134158,,,20,2,1
20260805_134158,,,0,4,1
20260805_134159,,,1,3,1
20260805_134159,,,2,3,1
20260805_134200,,,3,6,2
20260805_134200,,,4,4,1
20260805_134201,,,5,4,2
20260805_134201,,,6,8,3
20260805_134202,43.137117,-70.937073,7,11,5
20260805_134202,43.137117,-70.937073,8,4,2
20260805_134203,43.137165,-70.937038,9,5,2
20260805_134203,43.137165,-70.937038,10,2,1
20260805_134204,43.137209,-70.937009,11,2,1
20260805_134205,43.137209,-70.937009,12,3,1
20260805_134205,43.137254,-70.936986,13,3,1
20260805_134206,43.137254,-70.936986,14,2,1
20260805_134206,43.137301,-70.936967,15,3,1
20260805_134207,43.137301,-70.936967,16,2,1
20260805_134207,43.137347,-70.936953,17,2,1
20260805_134208,43.137347,-70.936953,18,2,1
20260805_134208,43.137392,-70.93694,19,4,1
20260805_134209,43.137392,-70.93694,20,2,1
20260805_134209,43.137435,-70.936929,0,4,1
20260805_134210,43.137435,-70.936929,1,3,1
20260805_134210,43.137475,-70.93692,2,3,1
20260805_134211,43.137475,-70.93692,3,5,2
20260805_134211,43.137514,-70.936911,4,3,1
20260805_134212,43.137514,-70.936911,5,4,1
20260805_134212,43.137553,-70.936905,6,8,2
20260805_134213,43.137553,-70.936905,7,10,4
20260805_134213,43.137589,-70.936897,8,4,1
20260805_134214,43.137589,-70.936897,9,5,2
20260805_134214,43.137624,-70.936891,10,2,1
20260805_134215,43.137624,-70.936891,11,2,1
20260805_134215,43.137655,-70.936888,12,2,1
20260805_134216,43.137655,-70.936888,13,2,1
20260805_134216,43.137688,-70.936885,14,2,1
20260805_134217,43.137688,-70.936885,15,3,1
20260805_134217,43.137718,-70.936884,16,2,1
20260805_134218,43.137718,-70.936884,17,2,1
20260805_134218,43.13774,-70.936893,18,3,1
20260805_134219,43.13774,-70.936893,19,4,1
20260805_134219,43.13777,-70.936902,20,3,1
20260805_134220,43.13777,-70.936902,0,3,1
20260805_134220,,,1,2,1
20260805_134221,,,2,2,1
20260805_134221,,,3,6,2
20260805_134222,,,4,4,1
20260805_134222,,,5,3,1
20260805_134223,,,6,9,2
20260805_134223,,,7,11,5
20260805_134224,,,8,4,1
20260805_134224,,,9,4,1
20260805_134225,,,10,2,1
20260805_134225,,,11,2,1
20260805_134226,,,12,3,1
20260805_134226,,,13,2,1
20260805_134227,,,14,2,1
20260805_134227,43.137875,-70.937314,15,3,1
20260805_134228,43.137875,-70.937314,16,2,1
20260805_134228,43.137891,-70.937358,17,2,1
20260805_134229,43.137891,-70.937358,18,2,1
20260805_134229,43.13791,-70.937393,19,3,1
20260805_134230,43.13793,-70.937426,20,2,1
20260805_134230,43.13793,-70.937426,0,4,1
20260805_134231,43.137949,-70.937453,1,2,0
20260805_134231,43.137949,-70.937453,2,2,1
20260805_134232,43.137964,-70.937481,3,5,1
20260805_134232,43.137964,-70.937481,4,3,1
20260805_134233,43.13798,-70.937506,5,3,1
20260805_134233,43.13798,-70.937506,6,9,2
20260805_134234,43.137992,-70.937531,7,10,4
20260805_134234,43.137992,-70.937531,8,4,1
20260805_134235,43.138004,-70.937554,9,4,1
20260805_134235,43.138004,-70.937554,10,2,1
20260805_134236,43.138016,-70.937576,11,1,0
20260805_134236,43.138016,-70.937576,12,2,1
20260805_134237,43.138027,-70.937598,13,2,1
20260805_134237,43.138027,-70.937598,14,2,1
20260805_134238,43.138039,-70.937621,15,3,1
20260805_134238,43.138039,-70.937621,16,3,1
20260805_134239,43.138053,-70.937644,17,2,1
20260805_134239,43.138053,-70.937644,18,3,1
20260805_134240,43.138067,-70.937669,19,4,1
20260805_134240,43.138067,-70.937669,20,1,0
20260805_134241,43.138083,-70.937696,0,3,1
20260805_134241,43.138083,-70.937696,1,1,0
20260805_134242,43.138099,-70.937725,2,2,1
20260805_134242,43.138099,-70.937725,3,5,2
20260805_134243,43.138115,-70.937755,4,3,1
20260805_134243,43.138115,-70.937755,5,3,1
20260805_134244,43.138131,-70.937784,6,8,2
20260805_134244,43.138131,-70.937784,7,10,4
20260805_134245,43.138147,-70.937814,8,4,1
20260805_134245,43.138147,-70.937814,9,4,1
20260805_134246,43.138164,-70.937844,10,2,1
20260805_134247,43.138164,-70.937844,11,2,1
20260805_134247,43.13818,-70.937875,12,3,1
20260805_134248,43.13818,-70.937875,13,3,1
20260805_134248,43.138196,-70.937904,14,2,1
20260805_134249,43.138196,-70.937904,15,3,1
20260805_134249,43.138212,-70.937933,16,2,0
20260805_134250,43.138212,-70.937933,17,2,1
20260805_134250,43.138227,-70.937959,18,2,1
20260805_134251,43.138227,-70.937959,19,4,1
20260805_134251,43.138241,-70.937981,20,2,1
20260805_134252,43.138241,-70.937981,0,3,1
20260805_134252,43.138255,-70.937999,1,2,1
20260805_134253,43.138255,-70.937999,2,3,1
20260805_134253,43.138267,-70.938019,3,6,2
20260805_134254,43.138267,-70.938019,4,4,1
20260805_134254,43.138276,-70.938041,5,3,1
20260805_134255,43.138276,-70.938041,6,8,2
20260805_134255,43.138281,-70.938066,7,10,4
20260805_134256,43.138281,-70.938066,8,3,1
20260805_134256,43.138284,-70.938089,9,4,1
20260805_134257,43.138284,-70.938089,10,1,0
20260805_134257,43.138287,-70.93811,11,1,0
20260805_134258,43.138287,-70.93811,12,2,0
20260805_134258,43.13829,-70.938136,13,2,0
20260805_134259,43.13829,-70.938136,14,2,1
20260805_134259,43.138292,-70.938159,15,2,0
20260805_134300,43.138292,-70.938159,16,2,0
20260805_134300,43.138295,-70.938177,17,2,1
20260805_134301,43.138295,-70.938177,18,2,1
20260805_134301,43.138297,-70.938191,19,3,1
20260805_134302,43.138297,-70.938191,20,1,0
20260805_134302,43.138301,-70.938204,0,2,0
20260805_134303,43.138301,-70.938204,1,1,0
20260805_134303,43.138304,-70.938215,2,2,0
20260805_134304,43.138304,-70.938215,3,4,1
20260805_134304,43.138307,-70.938225,4,2,0
20260805_134305,43.138307,-70.938225,5,3,1
20260805_134305,43.138308,-70.938235,6,7,2
20260805_134306,43.138308,-70.938235,7,10,4
20260805_134306,43.13831,-70.938242,8,4,1
20260805_134307,43.13831,-70.938242,9,4,1
20260805_134307,43.138312,-70.938249,10,2,1
20260805_134308,43.138312,-70.938249,11,1,0
20260805_134308,43.138314,-70.938256,12,2,0
20260805_134309,43.138314,-70.938256,13,2,1
20260805_134309,43.138316,-70.938263,14,2,1
20260805_134310,43.138316,-70.938263,15,2,0
20260805_134310,43.138318,-70.93827,16,1,0
20260805_134311,43.138318,-70.93827,17,2,1
20260805_134311,43.13832,-70.938276,18,3,1
20260805_134312,43.13832,-70.938276,19,4,1
20260805_134312,43.138322,-70.938282,20,2,1
20260805_134313,43.138322,-70.938282,0,4,1
20260805_134313,43.138324,-70.93829,1,2,1
20260805_134314,43.138232,-70.938101,2,2,1
20260805_134314,43.138232,-70.938101,3,5,1
20260805_134315,43.138233,-70.938097,4,3,1
20260805_134315,43.138233,-70.938097,5,3,2
20260805_134316,43.138233,-70.938095,6,8,2
20260805_134316,43.138233,-70.938095,7,11,5
20260805_134317,43.138233,-70.938094,8,5,2
20260805_134317,43.138233,-70.938094,9,4,1
20260805_134318,43.138233,-70.938093,10,2,1
20260805_134318,43.138233,-70.938093,11,2,1
20260805_134319,43.138233,-70.938093,12,2,1
20260805_134319,43.138233,-70.938093,13,2,0
20260805_134320,43.138233,-70.938093,14,2,0
20260805_134320,43.138233,-70.938093,15,3,1
20260805_134321,43.138233,-70.938093,16,2,1
20260805_134321,43.138233,-70.938093,17,2,1
20260805_134322,43.138233,-70.938093,18,3,1
20260805_134322,43.138233,-70.938093,19,4,1
20260805_134323,43.138233,-70.938093,20,3,1
20260805_134323,43.138233,-70.938093,0,4,2
20260805_134324,43.138234,-70.938093,1,2,1
20260805_134324,43.138234,-70.938093,2,2,1
20260805_134325,43.138235,-70.938093,3,5,2
20260805_134325,43.138235,-70.938093,4,3,1
20260805_134326,43.138236,-70.938091,5,4,2
20260805_134326,43.138236,-70.938091,6,8,2
20260805_134327,43.13824,-70.938089,7,11,4
20260805_134327,43.13824,-70.938089,8,3,1
20260805_134328,43.138245,-70.938085,9,5,1
20260805_134328,43.138245,-70.938085,10,2,1
20260805_134329,43.138253,-70.938082,11,2,1
20260805_134330,43.138253,-70.938082,12,2,1
20260805_134330,43.138259,-70.938081,13,3,1
20260805_134331,43.138259,-70.938081,14,3,1
20260805_134331,43.138263,-70.93808,15,3,1
20260805_134332,43.138263,-70.93808,16,3,1
20260805_134332,43.138267,-70.938079,17,2,0
20260805_134333,43.138267,-70.938079,18,2,1
20260805_134333,43.138269,-70.938078,19,4,1
20260805_134334,43.138269,-70.938078,20,1,0
20260805_134334,43.138271,-70.938078,0,3,0
20260805_134335,43.138271,-70.938078,1,1,0
20260805_134335,43.138271,-70.938076,2,2,0
20260805_134336,43.138271,-70.938076,3,5,2
20260805_134336,43.138272,-70.938075,4,3,1
20260805_134337,43.138272,-70.938075,5,3,1
20260805_134337,43.138274,-70.938074,6,8,2
20260805_134338,43.138274,-70.938074,7,10,4
20260805_134338,43.138275,-70.938074,8,4,1
20260805_134339,43.138275,-70.938074,9,4,1
20260805_134339,43.138276,-70.938074,10,2,0
20260805_134340,43.138276,-70.938074,11,2,1
20260805_134340,43.138277,-70.938073,12,2,1
20260805_134341,43.138277,-70.938073,13,2,1
20260805_134341,43.138274,-70.938069,14,2,1
20260805_134342,43.138274,-70.938069,15,3,1
20260805_134342,43.138269,-70.938059,16,2,1
20260805_134343,43.138269,-70.938059,17,2,1
20260805_134343,,,18,3,1
20260805_134344,,,19,4,1
20260805_134344,,,20,2,1
20260805_134345,,,0,4,1
20260805_134345,,,1,2,1
20260805_134346,,,2,2,0
20260805_134346,,,3,5,2
20260805_134347,,,4,3,1
20260805_134347,43.138262,-70.938041,5,4,2
20260805_134348,43.138262,-70.938041,6,9,2
20260805_134348,,,7,10,5
20260805_134349,,,8,4,1
20260805_134349,43.138184,-70.9378,9,5,2
20260805_134350,43.138184,-70.9378,10,2,1
20260805_134350,43.138162,-70.937751,11,2,1
20260805_134351,43.138162,-70.937751,12,3,2
20260805_134351,43.13814,-70.937704,13,3,1
20260805_134352,43.13814,-70.937704,14,2,1
20260805_134352,43.138117,-70.937659,15,4,1
20260805_134353,43.138117,-70.937659,16,2,1
20260805_134353,43.138094,-70.937616,17,2,1
20260805_134354,43.138094,-70.937616,18,2,1
20260805_134354,43.13807,-70.937575,19,3,1
20260805_134355,43.138046,-70.937535,20,1,0
20260805_134355,43.138046,-70.937535,0,3,1
20260805_134356,43.138023,-70.937496,1,2,1
20260805_134356,43.138023,-70.937496,2,2,1
20260805_134357,43.138001,-70.937458,3,5,2
20260805_134357,43.138001,-70.937458,4,4,1
20260805_134358,43.137979,-70.937422,5,3,1
20260805_134358,43.137979,-70.937422,6,8,2
20260805_134359,43.137956,-70.937392,7,10,4
20260805_134359,43.137956,-70.937392,8,4,1
20260805_134400,43.137929,-70.937361,9,4,1
20260805_134400,43.137929,-70.937361,10,2,0
20260805_134401,43.137904,-70.937323,11,2,0
20260805_134401,43.137904,-70.937323,12,2,1
20260805_134402,43.137881,-70.93728,13,3,1
20260805_134402,43.137881,-70.93728,14,2,1
20260805_134403,43.137861,-70.937234,15,3,1
20260805_134403,43.137861,-70.937234,16,2,1
20260805_134404,43.13784,-70.937189,17,2,1
20260805_134404,43.13784,-70.937189,18,2,1
20260805_134405,43.137819,-70.937144,19,3,1
20260805_134405,43.137819,-70.937144,20,2,0
20260805_134406,43.137798,-70.937101,0,3,1
20260805_134406,43.137798,-70.937101,1,2,1
20260805_134407,43.137777,-70.937059,2,2,1
20260805_134407,43.137777,-70.937059,3,5,2
20260805_134408,43.137754,-70.937019,4,3,1
20260805_134408,43.137754,-70.937019,5,3,1
20260805_134409,43.137727,-70.93698,6,8,2
20260805_134409,43.137727,-70.93698,7,11,5
20260805_134410,43.137696,-70.936946,8,4,1
20260805_134410,43.137696,-70.936946,9,4,2
20260805_134411,43.137663,-70.936911,10,2,1
20260805_134411,43.137663,-70.936911,11,2,0
20260805_134412,,,12,2,1
20260805_134413,,,13,2,1
20260805_134413,,,14,2,0
20260805_134414,,,15,3,1
20260805_134414,,,16,2,1
20260805_134415,,,17,2,1
20260805_134415,,,18,3,1
20260805_134416,,,19,3,1
20260805_134416,,,20,2,1
20260805_134417,,,0,3,1
20260805_134417,,,1,1,0
20260805_134418,,,2,2,1
20260805_134418,43.137279,-70.936984,3,5,2
20260805_134419,43.137279,-70.936984,4,3,1
20260805_134419,43.137214,-70.937016,5,3,1
20260805_134420,43.137214,-70.937016,6,8,2
20260805_134420,43.137158,-70.937049,7,11,4
20260805_134421,43.137158,-70.937049,8,4,2
20260805_134421,43.137104,-70.937089,9,5,2
20260805_134422,43.137104,-70.937089,10,2,1
20260805_134422,43.137049,-70.937132,11,2,1
20260805_134423,43.137049,-70.937132,12,2,1
20260805_134423,43.136993,-70.937173,13,2,0
20260805_134424,43.136993,-70.937173,14,2,1
20260805_134424,43.136935,-70.937213,15,3,1
20260805_134425,43.136935,-70.937213,16,2,1
20260805_134425,43.136876,-70.937251,17,1,0
20260805_134426,43.136876,-70.937251,18,2,1
20260805_134426,43.136816,-70.93729,19,3,1
20260805_134427,43.136816,-70.93729,20,2,1
20260805_134427,43.136755,-70.93733,0,3,1
20260805_134428,43.136755,-70.93733,1,2,0
20260805_134428,43.136695,-70.93737,2,2,1
20260805_134429,43.136695,-70.93737,3,5,1
20260805_134429,43.136635,-70.93741,4,3,1
20260805_134430,43.136635,-70.93741,5,3,1
20260805_134430,43.136576,-70.937449,6,8,2
20260805_134431,43.136576,-70.937449,7,10,4
20260805_134431,43.136518,-70.937487,8,4,1
20260805_134432,43.136518,-70.937487,9,4,1
20260805_134432,43.136459,-70.93752,10,2,0
20260805_134433,43.136459,-70.93752,11,1,0
20260805_134433,43.136401,-70.937551,12,2,0
20260805_134434,43.136401,-70.937551,13,1,0
20260805_134434,,,14,1,0
20260805_134435,,,15,2,0
20260805_134435,,,16,2,0
20260805_134436,,,17,1,0
20260805_134436,,,18,2,0
20260805_134437,,,19,3,1
20260805_134437,,,20,1,0
20260805_134438,,,0,2,0
20260805_134438,,,1,1,0
20260805_134439,,,2,2,0
20260805_134439,,,3,5,1
20260805_134440,,,4,3,1
20260805_134440,,,5,3,1
20260805_134441,,,6,8,2
20260805_134441,,,7,10,4
20260805_134442,43.135872,-70.937832,8,3,1
20260805_134442,43.135872,-70.937832,9,4,1
20260805_134443,43.135759,-70.937349,10,2,1
20260805_134443,43.135759,-70.937349,11,2,1
20260805_134444,43.135683,-70.937361,12,2,1
20260805_134444,43.135683,-70.937361,13,2,1
20260805_134445,43.135605,-70.937379,14,2,1
20260805_134445,43.135605,-70.937379,15,4,1
20260805_134446,43.135525,-70.937399,16,2,1
20260805_134446,43.135525,-70.937399,17,2,0
20260805_134447,43.135445,-70.937418,18,2,1
20260805_134447,43.135445,-70.937418,19,3,1
20260805_134448,43.135365,-70.937439,20,2,1
20260805_134448,43.135365,-70.937439,0,3,1
20260805_134449,43.135285,-70.937459,1,2,1
20260805_134449,43.135285,-70.937459,2,2,1
20260805_134450,43.135206,-70.937479,3,5,2
20260805_134450,43.135206,-70.937479,4,2,0
20260805_134451,43.13513,-70.937497,5,3,1
20260805_134451,43.13513,-70.937497,6,8,1
20260805_134452,43.135056,-70.937517,7,10,4
20260805_134452,43.135056,-70.937517,8,4,1
20260805_134453,43.134987,-70.937533,9,4,1
20260805_134453,43.134987,-70.937533,10,1,0
20260805_134454,43.134924,-70.937548,11,1,0
20260805_134454,43.134924,-70.937548,12,2,1
20260805_134455,43.134865,-70.937564,13,2,1
20260805_134456,43.134865,-70.937564,14,1,0
20260805_134456,,,15,3,1
20260805_134457,,,16,2,1
20260805_134457,,,17,1,0
20260805_134458,,,18,2,1
20260805_134458,,,19,3,1
20260805_134459,,,20,1,0
20260805_134459,,,0,2,1
20260805_134500,,,1,1,0
20260805_134500,,,2,2,0
20260805_134501,,,3,5,1
20260805_134501,43.134787,-70.937592,4,3,0
20260805_134502,43.134787,-70.937592,5,3,1
20260805_134502,43.134754,-70.937597,6,8,2
20260805_134503,43.134754,-70.937597,7,10,4
20260805_134503,43.134712,-70.937592,8,4,1
20260805_134504,43.134712,-70.937592,9,4,1
20260805_134504,43.134667,-70.937573,10,2,1
20260805_134505,43.134667,-70.937573,11,1,0
20260805_134505,,,12,2,1
20260805_134506,,,13,2,1
20260805_134506,,,14,2,1
20260805_134507,,,15,3,1
20260805_134507,43.134539,-70.937546,16,2,1
20260805_134508,43.134539,-70.937546,17,1,0
20260805_134508,43.134505,-70.937518,18,2,1
20260805_134509,43.134505,-70.937518,19,3,1
20260805_134509,,,20,1,0
20260805_134510,,,0,2,1
20260805_134510,,,1,1,0
20260805_134511,,,2,2,0
20260805_134511,,,3,5,1
20260805_134512,,,4,3,0
20260805_134512,,,5,3,1
20260805_134513,,,6,8,2
20260805_134513,,,7,10,4
20260805_134514,,,8,3,1
20260805_134514,,,9,4,1
20260805_134515,,,10,1,0
20260805_134515,,,11,1,0
20260805_134516,,,12,2,1
20260805_134516,,,13,2,1
20260805_134517,,,14,2,1
20260805_134517,,,15,3,1
20260805_134518,,,16,2,1
20260805_134518,,,17,2,1
20260805_134519,,,18,2,1
20260805_134519,,,19,3,1
20260805_134520,,,20,2,1
20260805_134520,43.133998,-70.936414,0,3,1
20260805_134521,43.133998,-70.936414,1,2,1
20260805_134521,43.133991,-70.936371,2,3,1
20260805_134522,43.133991,-70.936371,3,5,1
20260805_134522,43.13399,-70.93634,4,3,1
20260805_134523,43.133993,-70.936309,5,3,1
20260805_134523,43.133993,-70.936309,6,9,2
20260805_134524,43.134007,-70.936276,7,11,4
20260805_134524,43.134007,-70.936276,8,4,1
20260805_134525,43.134007,-70.936276,9,4,1
20260805_134525,,,10,2,1
20260805_134526,,,11,1,0
20260805_134526,,,12,2,1
20260805_134527,,,13,2,1
20260805_134527,,,14,2,1
20260805_134528,,,15,3,1
20260805_134528,,,16,2,0
20260805_134529,,,17,2,0
20260805_134529,,,18,2,1
20260805_134530,,,19,4,1
20260805_134530,,,20,1,0
20260805_134531,43.134345,-70.936242,0,3,1
20260805_134531,43.134345,-70.936242,1,2,1
20260805_134532,43.134404,-70.936267,2,2,0
20260805_134532,43.134404,-70.936267,3,5,2
20260805_134533,43.134459,-70.936303,4,3,1
20260805_134533,43.134459,-70.936303,5,3,1
20260805_134534,43.134513,-70.936339,6,8,2
20260805_134534,43.134513,-70.936339,7,11,5
20260805_134535,43.134562,-70.936375,8,4,2
20260805_134535,43.134562,-70.936375,9,4,1
20260805_134536,43.134604,-70.936412,10,1,0
20260805_134536,43.134604,-70.936412,11,2,1
20260805_134537,,,12,3,1
20260805_134537,,,13,2,1
20260805_134538,,,14,2,1
20260805_134538,,,15,3,1
20260805_134539,,,16,2,1
20260805_134539,,,17,2,1
20260805_134540,43.134594,-70.936614,18,2,1
20260805_134540,43.134594,-70.936614,19,4,1
20260805_134541,43.134575,-70.936664,20,2,1
20260805_134542,43.134575,-70.936664,0,3,1
20260805_134542,43.134555,-70.936714,1,2,1
20260805_134543,43.134555,-70.936714,2,3,1
20260805_134543,43.134532,-70.936759,3,5,2
20260805_134544,43.134532,-70.936759,4,3,1
20260805_134544,43.134506,-70.936796,5,4,2
20260805_134545,43.134506,-70.936796,6,8,2
20260805_134545,43.134476,-70.936825,7,10,5
20260805_134546,43.134476,-70.936825,8,4,1
20260805_134546,43.134447,-70.936847,9,4,2
20260805_134547,43.134447,-70.936847,10,12,1
20260805_134547,,,11,2,1
20260805_134548,,,12,2,1
20260805_134548,,,13,2,1
20260805_134549,,,14,2,1
20260805_134549,,,15,3,1
20260805_134550,,,16,2,1
20260805_134550,,,17,2,1
20260805_134551,,,18,3,1
20260805_134551,,,19,4,1
20260805_134552,,,20,2,1
20260805_134552,,,0,3,1
20260805_134553,,,1,2,1
20260805_134553,,,2,3,1
20260805_134554,,,3,5,2
20260805_134554,,,4,4,1
20260805_134555,,,5,3,1
20260805_134555,,,6,8,2
20260805_134556,,,7,10,4
20260805_134556,,,8,3,1
20260805_134557,,,9,4,1
20260805_134557,,,10,2,1
20260805_134558,,,11,2,1
20260805_134558,43.134341,-70.936794,12,3,1
20260805_134559,43.134341,-70.936794,13,3,1
20260805_134559,43.134341,-70.936794,14,2,1
20260805_134600,43.134341,-70.936794,15,3,1
20260805_134600,43.134341,-70.936794,16,3,1
20260805_134601,43.134341,-70.936794,17,2,1
20260805_134601,43.134341,-70.936794,18,3,1
20260805_134602,43.134341,-70.936794,19,4,1
20260805_134602,43.134341,-70.936793,20,2,1
20260805_134603,43.134341,-70.936793,0,2,1
20260805_134603,43.134341,-70.936793,1,1,0
20260805_134604,43.134341,-70.936793,2,1,0
20260805_134604,43.134341,-70.936793,3,5,1
20260805_134605,43.134341,-70.936793,4,3,0
20260805_134605,43.134341,-70.936793,5,3,1
20260805_134606,43.134341,-70.936793,6,7,2
20260805_134606,43.134341,-70.936793,7,10,4
20260805_134607,43.134341,-70.936793,8,3,1
20260805_134607,43.134341,-70.936793,9,4,1
20260805_134608,43.134341,-70.936793,10,2,1
20260805_134608,43.134341,-70.936793,11,2,1
20260805_134609,43.134342,-70.936792,12,2,1
20260805_134609,43.134342,-70.936792,13,2,1
20260805_134610,43.134342,-70.936792,14,2,0
20260805_134610,43.134342,-70.936792,15,3,1
20260805_134611,43.134342,-70.936792,16,2,1
20260805_134611,43.134342,-70.936792,17,2,1
20260805_134612,43.134342,-70.936792,18,3,1
20260805_134612,43.134342,-70.936792,19,4,1
20260805_134613,43.134342,-70.936792,20,2,1
20260805_134613,43.134342,-70.936792,0,3,1
20260805_134614,43.134343,-70.936792,1,2,1
20260805_134614,43.134343,-70.936792,2,2,1
20260805_134615,43.134343,-70.936793,3,5,1
20260805_134615,43.134343,-70.936793,4,3,0
20260805_134616,43.134343,-70.936793,5,3,1
20260805_134616,43.134343,-70.936793,6,8,2
20260805_134617,43.134343,-70.936793,7,10,4
20260805_134617,43.134343,-70.936793,8,3,1
20260805_134618,43.134343,-70.936793,9,4,1
20260805_134618,43.134343,-70.936793,10,2,1
20260805_134619,43.134343,-70.936793,11,1,0
20260805_134619,43.134343,-70.936793,12,2,1
20260805_134620,43.134343,-70.936793,13,2,1
20260805_134620,43.134343,-70.936793,14,2,0
20260805_134621,43.134343,-70.936794,15,3,1
20260805_134621,43.134343,-70.936794,16,2,1
20260805_134622,43.134343,-70.936794,17,2,1
20260805_134623,43.134343,-70.936794,18,2,1
20260805_134623,43.134343,-70.936794,19,3,1
20260805_134624,43.134343,-70.936794,20,1,0
20260805_134624,43.134343,-70.936794,0,2,1
20260805_134625,43.134343,-70.936794,1,2,0
20260805_134625,43.134343,-70.936794,2,2,1
20260805_134626,43.134343,-70.936794,3,5,2
20260805_134626,43.134343,-70.936794,4,4,1
20260805_134627,43.134343,-70.936794,5,3,1
20260805_134627,43.134343,-70.936794,6,9,2
20260805_134628,43.134343,-70.936794,7,11,4
20260805_134628,43.134343,-70.936795,8,3,1
20260805_134629,43.134343,-70.936795,9,4,2
20260805_134629,43.134343,-70.936795,10,2,1
20260805_134630,43.134343,-70.936795,11,2,1
20260805_134630,43.134343,-70.936795,12,3,1
20260805_134631,43.134343,-70.936795,13,3,1
20260805_134631,43.134343,-70.936795,14,2,1
20260805_134632,43.134343,-70.936795,15,3,1
20260805_134632,43.134343,-70.936795,16,3,1
20260805_134633,43.134343,-70.936795,17,2,1
20260805_134633,43.134343,-70.936795,18,3,1
20260805_134634,43.134343,-70.936795,19,4,1
20260805_134634,43.134343,-70.936795,20,2,1
20260805_134635,43.134343,-70.936795,0,3,1
20260805_134635,43.134343,-70.936796,1,2,1
20260805_134636,43.134343,-70.936796,2,2,1
20260805_134636,43.134343,-70.936796,3,5,2
20260805_134637,43.134343,-70.936796,4,3,1
20260805_134637,43.134343,-70.936796,5,4,2
20260805_134638,43.134343,-70.936796,6,8,2
20260805_134638,43.134343,-70.936796,7,11,5
20260805_134639,43.134343,-70.936796,8,4,1
20260805_134639,43.134343,-70.936796,9,4,1
20260805_134640,43.134343,-70.936796,10,2,1
20260805_134640,43.134343,-70.936796,11,2,1
20260805_134641,43.134343,-70.936796,12,2,1
20260805_134641,43.134343,-70.936796,13,2,1
20260805_134642,43.134343,-70.936796,14,2,1
20260805_134642,43.134343,-70.936796,15,3,1
20260805_134643,43.134343,-70.936796,16,2,1
20260805_134643,43.134342,-70.936796,17,2,1
20260805_134644,43.134342,-70.936796,18,2,1
20260805_134644,43.134342,-70.936796,19,4,1
20260805_134645,43.134342,-70.936796,20,2,1
20260805_134645,43.134342,-70.936796,0,3,1
20260805_134646,43.134342,-70.936796,1,2,1
20260805_134646,43.134342,-70.936796,2,2,1
20260805_134647,43.134342,-70.936796,3,5,1
20260805_134647,43.134342,-70.936796,4,3,1
20260805_134648,43.134342,-70.936796,5,3,1
20260805_134648,43.134342,-70.936796,6,8,2
20260805_134649,43.134342,-70.936796,7,11,4
20260805_134649,43.134342,-70.936796,8,4,2
20260805_134650,43.134342,-70.936796,9,6,2
20260805_134650,43.134342,-70.936796,10,3,1
20260805_134651,43.134342,-70.936795,11,2,1
20260805_134651,43.134342,-70.936795,12,2,1
20260805_134652,43.134342,-70.936795,13,3,1
20260805_134652,43.134342,-70.936795,14,2,1
20260805_134653,43.134342,-70.936795,15,4,2
20260805_134653,43.134342,-70.936795,16,3,1
20260805_134654,43.134342,-70.936795,17,2,1
20260805_134654,43.134342,-70.936795,18,3,1
20260805_134655,43.134342,-70.936795,19,4,1
20260805_134655,43.134342,-70.936795,20,2,1
20260805_134656,43.134342,-70.936795,0,3,1
20260805_134656,43.134342,-70.936795,1,2,1
20260805_134657,43.134342,-70.936795,2,3,1
20260805_134657,43.134342,-70.936795,3,5,2
20260805_134658,43.134341,-70.936794,4,4,1
20260805_134658,43.134341,-70.936794,5,4,2
20260805_134659,43.134341,-70.936794,6,8,2
20260805_134659,43.134341,-70.936794,7,11,5
20260805_134700,43.134341,-70.936794,8,5,2
20260805_134700,43.134341,-70.936794,9,5,2
20260805_134701,43.134341,-70.936794,10,2,1
20260805_134701,43.134341,-70.936794,11,3,1
20260805_134702,43.134341,-70.936794,12,3,1
20260805_134702,43.134341,-70.936794,13,3,1
20260805_134703,43.134341,-70.936794,14,2,1
20260805_134704,43.134341,-70.936794,15,3,1
20260805_134704,43.134341,-70.936794,16,3,1
20260805_134705,43.134341,-70.936794,17,2,1
20260805_134705,43.134341,-70.936793,18,3,1
20260805_134706,43.134341,-70.936793,19,4,1
20260805_134706,43.134341,-70.936793,20,2,1
20260805_134707,43.134341,-70.936793,0,4,1
20260805_134707,43.134341,-70.936793,1,2,1
20260805_134708,43.134341,-70.936793,2,2,1
20260805_134708,43.134341,-70.936793,3,5,2
20260805_134709,43.134341,-70.936793,4,4,1
20260805_134709,43.134341,-70.936793,5,3,1
20260805_134710,43.134341,-70.936793,6,8,2
20260805_134710,43.134341,-70.936793,7,10,4
20260805_134711,43.134341,-70.936793,8,4,1
20260805_134711,43.134341,-70.936793,9,5,2
20260805_134712,43.134341,-70.936793,10,2,1
20260805_134712,43.134341,-70.936792,11,2,1
20260805_134713,43.134341,-70.936792,12,3,1
20260805_134713,43.134341,-70.936792,13,2,1
20260805_134714,43.134341,-70.936792,14,2,1
20260805_134714,43.134341,-70.936792,15,3,1
20260805_134715,43.134341,-70.936792,16,2,1
20260805_134715,43.134341,-70.936792,17,2,1
20260805_134716,43.134341,-70.936792,18,2,1
20260805_134716,43.134341,-70.936792,19,4,1
20260805_134717,43.134341,-70.936792,20,2,1
20260805_134717,43.134341,-70.936792,0,3,1
20260805_134718,43.134341,-70.936792,1,1,0
20260805_134718,43.134341,-70.936792,2,2,0
20260805_134719,43.134341,-70.936792,3,5,1
20260805_134719,43.134341,-70.936792,4,3,1
20260805_134720,43.134341,-70.936792,5,3,1
20260805_134720,43.134341,-70.936792,6,8,2
20260805_134721,43.134341,-70.936792,7,10,4
20260805_134721,43.134341,-70.936792,8,5,2
20260805_134722,43.134341,-70.936792,9,5,1
20260805_134722,43.134341,-70.936792,10,2,1
20260805_134723,43.134341,-70.936792,11,2,1
20260805_134723,43.134341,-70.936792,12,2,1
20260805_134724,43.134341,-70.936792,13,3,1
20260805_134724,43.134341,-70.936792,14,2,1
20260805_134725,43.134341,-70.936792,15,3,1
20260805_134725,43.134341,-70.936792,16,3,1
20260805_134726,43.134341,-70.936792,17,3,1
20260805_134726,43.134341,-70.936792,18,3,1
20260805_134727,43.134341,-70.936792,19,4,1
20260805_134727,43.134341,-70.936792,20,2,1
20260805_134728,43.134341,-70.936792,0,3,1
20260805_134728,43.134341,-70.936792,1,2,1
20260805_134729,43.134341,-70.936792,2,2,1
20260805_134729,43.134341,-70.936792,3,5,2
20260805_134730,43.134341,-70.936792,4,3,0
20260805_134730,43.134341,-70.936792,5,3,1
20260805_134731,43.134341,-70.936792,6,8,2
20260805_134731,43.134341,-70.936792,7,10,4
20260805_134732,43.134341,-70.936792,8,4,1
20260805_134732,43.134341,-70.936792,9,5,2
20260805_134733,43.134341,-70.936792,10,2,1
20260805_134733,43.134341,-70.936792,11,2,1
20260805_134734,43.134341,-70.936792,12,3,2
20260805_134734,43.134341,-70.936792,13,3,2
20260805_134735,43.134341,-70.936792,14,2,1
20260805_134735,43.134341,-70.936792,15,3,1
20260805_134736,43.134341,-70.936792,16,2,1
20260805_134736,43.134341,-70.936792,17,2,1
20260805_134737,43.134341,-70.936792,18,3,1
20260805_134737,43.134341,-70.936792,19,3,1
20260805_134738,43.134341,-70.936792,20,2,1
20260805_134738,43.134341,-70.936792,0,3,1
20260805_134739,43.134341,-70.936792,1,2,1
20260805_134739,43.134341,-70.936792,2,3,1
20260805_134740,43.134341,-70.936792,3,6,2
20260805_134740,43.134341,-70.936792,4,3,1
20260805_134741,43.134341,-70.936792,5,3,1
20260805_134741,43.134341,-70.936792,6,8,2
20260805_134742,43.134341,-70.936792,7,10,4
20260805_134742,43.134341,-70.936792,8,4,1
20260805_134743,43.134341,-70.936792,9,4,1
20260805_134743,43.134341,-70.936792,10,2,1
20260805_134744,43.134341,-70.936792,11,1,0
20260805_134744,43.134341,-70.936792,12,2,1
20260805_134745,43.134341,-70.936792,13,2,1
20260805_134745,43.134341,-70.936792,14,2,1
20260805_134746,43.134341,-70.936792,15,3,1
20260805_134746,43.134341,-70.936792,16,2,1
20260805_134747,43.13434,-70.936792,17,1,0
20260805_134748,43.13434,-70.936792,18,2,1
20260805_134748,43.13434,-70.936792,19,4,1
20260805_134749,43.13434,-70.936792,20,2,1
20260805_134749,43.13434,-70.936792,0,2,0
20260805_134750,43.13434,-70.936792,1,1,0
20260805_134750,43.13434,-70.936792,2,1,0
20260805_134751,43.13434,-70.936792,3,5,1
20260805_134751,43.13434,-70.936792,4,2,0
20260805_134752,43.13434,-70.936792,5,3,1
20260805_134752,43.13434,-70.936792,6,7,1
20260805_134753,43.13434,-70.936792,7,10,4
20260805_134753,43.13434,-70.936792,8,4,1
20260805_134754,43.13434,-70.936792,9,4,1
20260805_134754,43.13434,-70.936792,10,1,0
20260805_134755,43.13434,-70.936792,11,1,0
20260805_134755,43.13434,-70.936792,12,1,0
20260805_134756,43.13434,-70.936792,13,2,0
20260805_134756,43.13434,-70.936792,14,2,0
20260805_134757,43.13434,-70.936792,15,2,0
20260805_134757,43.13434,-70.936792,16,2,0
20260805_134758,43.13434,-70.936792,17,1,0
20260805_134758,43.13434,-70.936792,18,2,1
20260805_134759,43.13434,-70.936792,19,4,0
20260805_134759,43.13434,-70.936792,20,1,0
20260805_134800,43.13434,-70.936792,0,3,0
20260805_134800,43.13434,-70.936792,1,1,0
20260805_134801,43.13434,-70.936792,2,2,1
20260805_134801,43.13434,-70.936792,3,4,1
20260805_134802,43.13434,-70.936792,4,2,0
20260805_134802,43.13434,-70.936792,5,3,1
20260805_134803,43.13434,-70.936792,6,8,1
20260805_134803,43.13434,-70.936792,7,10,4
20260805_134804,43.13434,-70.936792,8,3,1
20260805_134804,43.13434,-70.936792,9,4,1
20260805_134805,43.13434,-70.936792,10,1,0
20260805_134805,43.13434,-70.936792,11,1,0
20260805_134806,43.13434,-70.936792,12,2,1
20260805_134806,43.13434,-70.936792,13,1,0
20260805_134807,43.13434,-70.936792,14,1,0
20260805_134807,43.13434,-70.936792,15,3,1
20260805_134808,43.13434,-70.936792,16,2,1
20260805_134808,43.13434,-70.936792,17,1,0
20260805_134809,43.13434,-70.936792,18,2,1
20260805_134809,43.13434,-70.936792,19,4,1
20260805_134810,43.13434,-70.936792,20,1,0
20260805_134810,43.13434,-70.936792,0,2,0
20260805_134811,43.13434,-70.936792,1,1,0
20260805_134811,43.13434,-70.936792,2,2,0
20260805_134812,43.13434,-70.936792,3,5,1
20260805_134812,43.13434,-70.936792,4,3,1
20260805_134813,43.13434,-70.936792,5,3,1
20260805_134813,43.13434,-70.936792,6,8,2
20260805_134814,43.13434,-70.936792,7,10,4
20260805_134814,43.13434,-70.936792,8,4,2
20260805_134815,43.13434,-70.936792,9,5,1
20260805_134815,43.13434,-70.936792,10,1,0
20260805_134816,43.13434,-70.936792,11,2,0
20260805_134816,43.13434,-70.936792,12,2,1
20260805_134817,43.13434,-70.936792,13,2,1
20260805_134817,43.13434,-70.936792,14,1,0
20260805_134818,43.13434,-70.936792,15,3,1
20260805_134818,43.13434,-70.936792,16,2,1
20260805_134819,43.13434,-70.936792,17,2,0
20260805_134819,43.13434,-70.936792,18,2,0
20260805_134820,43.13434,-70.936792,19,4,1
20260805_134820,43.13434,-70.936792,20,2,1
20260805_134821,43.13434,-70.936792,0,3,1
20260805_134821,43.13434,-70.936792,1,2,0
20260805_134822,43.13434,-70.936792,2,2,1
20260805_134822,43.13434,-70.936792,3,5,2
20260805_134823,43.13434,-70.936792,4,3,1
20260805_134823,43.13434,-70.936792,5,3,1
20260805_134824,43.13434,-70.936792,6,9,2
20260805_134824,43.13434,-70.936792,7,10,4
20260805_134825,43.13434,-70.936793,8,4,1
20260805_134825,43.13434,-70.936793,9,4,1
20260805_134826,43.13434,-70.936793,10,2,1
20260805_134826,43.13434,-70.936793,11,1,0
20260805_134827,43.13434,-70.936793,12,2,1
