snr,wifi_db,exp_phase_shift,exp_doppler_shift,found_phase_shift,found_doppler_shift
-50,-100,6724,-215,9996,-1000
-50,-100,3890,-565,8420,-500
-50,-100,6795,-463,3795,-800
-50,-100,7216,625,16,-900
-50,-100,6138,1,9020,-300
-50,-100,3002,-605,6788,900
-50,-100,7360,663,8023,400
-50,-100,9348,-490,9346,-1000
-50,-100,9902,-854,9059,-800
-50,-100,1058,-746,6977,-600
-50,-100,8571,-350,7406,-200
-50,-100,7447,345,8167,-200
-50,-100,6341,378,4396,200
-50,-100,6027,-664,8176,700
-50,-100,9201,-101,2202,-200
-50,-100,4077,-959,9905,100
-50,-100,4289,966,1055,900
-50,-100,8714,46,5271,-300
-50,-100,9150,-705,6185,600
-50,-100,9685,576,4312,-500
-50,-100,7570,-951,7133,-400
-50,-100,1954,-10,620,700
-50,-100,9629,896,3964,-500
-50,-100,1322,686,4092,200
-50,-100,793,-221,9425,-500
-50,-100,2924,747,54,-800
-50,-100,8797,821,6442,-200
-50,-100,8061,231,7047,-800
-50,-100,4523,-915,6748,0
-50,-100,5028,635,6689,-600
-50,-100,6584,-623,7191,600
-50,-100,6597,-479,8587,200
-50,-100,7005,-987,158,-200
-50,-100,9198,-448,5268,700
-50,-100,3827,638,6080,900
-50,-100,7052,-256,8201,900
-50,-100,7941,-127,8999,400
-50,-100,4679,889,8592,-500
-50,-100,5637,-620,7411,100
-50,-100,4383,-501,4827,-100
-50,-100,78,600,1476,700
-50,-100,6498,302,9389,500
-50,-100,3200,9,1359,-900
-50,-100,401,-626,9906,300
-50,-100,8981,-32,3108,900
-50,-100,3509,-17,5609,-200
-50,-100,1291,-277,5999,0
-50,-100,8946,640,180,0
-50,-100,2133,874,4630,-500
-50,-100,3757,-627,2517,-500
-50,-100,4458,400,2799,900
-50,-100,9814,-503,2965,300
-50,-100,3500,-471,4019,-600
-50,-100,7373,-201,4521,-200
-50,-100,7223,-754,9405,800
-50,-100,6920,854,5748,800
-50,-100,1081,424,9402,-400
-50,-100,3355,721,6899,500
-50,-100,783,-30,331,500
-50,-100,8896,52,3218,-700
-50,-100,7484,905,2464,-300
-50,-100,6519,490,9583,700
-50,-100,1218,993,5950,-900
-50,-100,3222,674,4233,100
-50,-100,2467,403,5025,700
-50,-100,8751,610,5269,100
-50,-100,6991,-998,7383,500
-50,-100,8040,-411,3023,300
-50,-100,9294,-376,777,500
-50,-100,8404,-684,2206,900
-50,-100,2865,-487,7588,-100
-50,-100,3612,148,3184,-100
-50,-100,6646,-755,5136,-100
-50,-100,412,643,7083,300
-50,-100,3372,538,5326,-900
-50,-100,6469,51,4925,400
-50,-100,1758,-893,2020,-400
-50,-100,6967,-786,2870,600
-50,-100,7703,-438,9815,-300
-50,-100,3656,-582,1623,400
-50,-100,33,562,2253,-1000
-50,-100,5785,-266,2818,-700
-50,-100,8514,-983,26,400
-50,-100,7969,836,2997,200
-50,-100,24,575,1693,900
-50,-100,6754,90,6927,-1000
-50,-100,2572,-718,5572,0
-50,-100,9372,715,8966,400
-50,-100,2718,665,4140,-400
-50,-100,52,221,9394,100
-50,-100,2911,378,2412,800
-50,-100,4188,409,8248,-400
-50,-100,3707,358,5069,800
-50,-100,427,217,2765,-900
-50,-100,2796,905,7652,-900
-50,-100,2600,-305,5639,900
-50,-100,6357,-303,1555,-800
-50,-100,2569,-669,7032,-400
-50,-100,6751,752,2360,-100
-50,-100,9133,420,3968,700
-50,-90,6037,101,639,300
-50,-90,4490,101,5910,900
-50,-90,8544,666,1470,0
-50,-90,880,-612,2071,-1000
-50,-90,9686,-142,8408,-1000
-50,-90,4640,-297,196,-500
-50,-90,3358,588,9434,900
-50,-90,3044,618,2443,0
-50,-90,4341,647,6493,900
-50,-90,285,-783,9667,-900
-50,-90,3863,843,6319,-1000
-50,-90,5667,-424,5034,-600
-50,-90,4500,-74,1110,-300
-50,-90,2754,-937,4505,500
-50,-90,70,-770,9904,-500
-50,-90,2973,-913,7501,-200
-50,-90,8436,-945,1188,-100
-50,-90,790,975,851,-700
-50,-90,811,265,6761,-1000
-50,-90,3687,-887,6879,-100
-50,-90,1362,737,9034,200
-50,-90,2938,-149,4456,-200
-50,-90,7960,-121,6558,-1000
-50,-90,3247,772,1831,900
-50,-90,5027,326,1396,-900
-50,-90,511,-794,5401,800
-50,-90,3075,-436,9068,600
-50,-90,7641,-894,8408,-800
-50,-90,8311,-654,5583,400
-50,-90,6496,645,820,400
-50,-90,6945,-684,1709,-200
-50,-90,5808,-800,3764,-1000
-50,-90,5164,677,388,0
-50,-90,7547,-596,9870,500
-50,-90,4767,886,5681,700
-50,-90,3322,743,4311,700
-50,-90,8512,817,7747,200
-50,-90,1798,-820,7388,0
-50,-90,9243,704,3599,-800
-50,-90,1764,482,1340,400
-50,-90,1483,196,1272,-1000
-50,-90,6167,-637,5067,200
-50,-90,2777,-539,5509,900
-50,-90,3107,184,9588,-1000
-50,-90,4967,64,2954,300
-50,-90,9956,-465,9899,100
-50,-90,8815,-899,1140,900
-50,-90,6281,-760,4693,-400
-50,-90,3844,-178,8238,600
-50,-90,8159,787,7667,800
-50,-90,9395,-936,8059,300
-50,-90,2522,689,3662,-400
-50,-90,1956,303,4316,-500
-50,-90,8946,487,777,-700
-50,-90,9199,-512,4054,900
-50,-90,6996,-268,7809,0
-50,-90,7357,670,1215,800
-50,-90,7611,-475,6955,800
-50,-90,6507,-886,707,800
-50,-90,1808,-560,7835,-500
-50,-90,9724,-479,5279,-800
-50,-90,5209,637,6787,200
-50,-90,175,-410,2972,-500
-50,-90,2976,494,44,300
-50,-90,3344,739,509,400
-50,-90,1653,-282,459,300
-50,-90,6951,186,358,-1000
-50,-90,5045,-669,4368,-1000
-50,-90,3511,142,5225,300
-50,-90,1175,-284,8991,-100
-50,-90,6754,103,5607,700
-50,-90,2554,399,6067,-500
-50,-90,7577,-460,6915,300
-50,-90,6531,-851,2349,-900
-50,-90,4432,-560,3259,-100
-50,-90,6937,-541,4453,400
-50,-90,9615,-910,1029,-1000
-50,-90,7486,-756,7897,400
-50,-90,9514,-504,8154,-800
-50,-90,5298,-254,1975,-700
-50,-90,4032,-471,9958,-1000
-50,-90,165,-394,1346,600
-50,-90,9139,-929,766,-200
-50,-90,1517,-533,9745,-700
-50,-90,9389,572,5310,900
-50,-90,3085,950,2560,-700
-50,-90,5847,56,7395,600
-50,-90,6851,-933,1845,900
-50,-90,6928,-75,5796,200
-50,-90,2239,-368,6376,200
-50,-90,892,-703,3240,900
-50,-90,2594,-227,5672,-600
-50,-90,9923,387,1074,700
-50,-90,6558,864,9411,500
-50,-90,437,-101,4501,600
-50,-90,6401,184,1700,-900
-50,-90,309,-792,9882,-400
-50,-90,8981,-753,5827,-800
-50,-90,5354,205,7247,100
-50,-90,1755,-21,6585,-900
-50,-80,2262,801,1315,800
-50,-80,7254,-796,9667,900
-50,-80,7170,728,6619,-300
-50,-80,5567,963,4718,300
-50,-80,1039,591,6392,900
-50,-80,4294,370,7664,600
-50,-80,1531,-163,1141,-200
-50,-80,792,-175,8592,800
-50,-80,4699,-345,9598,-1000
-50,-80,6330,847,10000,0
-50,-80,8821,-267,6911,-900
-50,-80,2472,-1000,6317,-500
-50,-80,4947,-336,9820,800
-50,-80,6721,-164,5376,200
-50,-80,7038,457,6782,0
-50,-80,1391,-377,5720,-900
-50,-80,3339,-106,2938,100
-50,-80,4188,235,3089,-200
-50,-80,7086,-922,8425,-700
-50,-80,6791,748,4998,900
-50,-80,9945,630,6883,-600
-50,-80,7557,73,4522,800
-50,-80,9121,537,1156,100
-50,-80,7484,-949,2121,300
-50,-80,5471,242,6637,-700
-50,-80,1355,-915,8633,400
-50,-80,9425,792,9314,900
-50,-80,4718,-578,2919,800
-50,-80,2294,725,4503,200
-50,-80,4209,-962,4618,-300
-50,-80,9851,-163,979,-1000
-50,-80,1117,576,9217,0
-50,-80,1368,-387,4161,100
-50,-80,7574,-400,9766,-900
-50,-80,1771,-177,2466,200
-50,-80,5203,125,367,500
-50,-80,8338,-506,8079,-1000
-50,-80,7151,-178,6076,900
-50,-80,1173,614,814,500
-50,-80,3608,581,2779,-600
-50,-80,4116,460,189,800
-50,-80,3577,979,4223,400
-50,-80,3907,293,7847,800
-50,-80,6400,325,3955,-900
-50,-80,212,978,3676,700
-50,-80,7386,709,7699,900
-50,-80,2965,-963,1160,500
-50,-80,6199,871,5518,-300
-50,-80,9515,58,312,700
-50,-80,2636,-170,5175,-600
-50,-80,5138,764,5940,600
-50,-80,2145,653,7977,600
-50,-80,3273,-290,7968,-400
-50,-80,4683,-635,6612,100
-50,-80,8804,336,6638,-800
-50,-80,1282,45,1786,-900
-50,-80,4292,730,7424,600
-50,-80,9483,-673,5166,-200
-50,-80,277,123,4097,-600
-50,-80,2092,-240,6119,900
-50,-80,4516,126,3580,-600
-50,-80,334,-831,8486,-800
-50,-80,3752,34,9667,-300
-50,-80,9490,370,2501,-900
-50,-80,9991,55,4577,-400
-50,-80,3177,123,1011,300
-50,-80,6093,330,3799,900
-50,-80,6135,-616,6738,100
-50,-80,9202,-168,5909,900
-50,-80,494,-678,16,100
-50,-80,7395,793,3932,-200
-50,-80,5705,-645,1560,-1000
-50,-80,2052,-291,5408,700
-50,-80,5553,-582,9380,0
-50,-80,1195,-141,2457,900
-50,-80,8851,477,9956,-700
-50,-80,1458,-116,2144,-100
-50,-80,6490,569,3639,800
-50,-80,9155,-844,7446,100
-50,-80,2820,826,2263,300
-50,-80,3078,883,1967,-700
-50,-80,9521,-990,3590,900
-50,-80,3528,24,8224,500
-50,-80,8467,-466,5406,-700
-50,-80,7379,-735,7929,-300
-50,-80,911,-825,2812,400
-50,-80,1268,777,7715,-900
-50,-80,100,426,9025,700
-50,-80,2112,67,6065,-700
-50,-80,3961,874,6250,-400
-50,-80,7262,854,8177,700
-50,-80,8147,-189,9041,-900
-50,-80,2417,-281,7724,-900
-50,-80,4716,-983,5541,-500
-50,-80,2309,-315,9138,100
-50,-80,8570,331,453,100
-50,-80,3311,-260,5963,700
-50,-80,7618,592,9929,-300
-50,-80,2810,976,5327,200
-50,-80,4088,-655,4031,800
-50,-70,7875,555,426,700
-50,-70,4969,-221,3579,900
-50,-70,7783,233,1071,400
-50,-70,478,-204,3294,100
-50,-70,1762,976,6416,-300
-50,-70,8259,-967,3001,-600
-50,-70,8917,-947,6215,0
-50,-70,1327,-312,6323,-200
-50,-70,2599,-372,3884,200
-50,-70,9616,114,8499,-500
-50,-70,9437,27,3206,300
-50,-70,2718,80,359,-500
-50,-70,7599,256,4640,-200
-50,-70,2378,4,3359,600
-50,-70,9456,-754,2520,100
-50,-70,4888,-27,9532,-300
-50,-70,8454,-515,9986,500
-50,-70,1794,-304,3954,100
-50,-70,4456,176,4561,800
-50,-70,9999,-205,5143,200
-50,-70,1129,94,3997,-200
-50,-70,313,96,3497,800
-50,-70,3998,703,5498,500
-50,-70,1188,-919,4629,400
-50,-70,4546,576,2415,-400
-50,-70,7925,-996,9322,400
-50,-70,1646,48,2730,-300
-50,-70,1315,-18,3023,-400
-50,-70,146,197,5021,-700
-50,-70,2823,34,1960,200
-50,-70,6711,256,5386,-100
-50,-70,1261,800,8236,-1000
-50,-70,2720,-339,2823,900
-50,-70,4080,-174,8230,-900
-50,-70,21,-256,2837,800
-50,-70,5156,479,3960,-900
-50,-70,220,409,3616,900
-50,-70,9128,29,8363,300
-50,-70,6310,-817,6232,-1000
-50,-70,6107,984,1671,-600
-50,-70,5739,-867,5918,-100
-50,-70,7144,-277,7495,-300
-50,-70,9124,159,6334,600
-50,-70,9038,-134,262,800
-50,-70,285,-347,761,0
-50,-70,2799,410,9119,-600
-50,-70,1431,-711,9016,-700
-50,-70,7928,-984,4241,-700
-50,-70,1490,-849,3984,-200
-50,-70,177,-899,2456,400
-50,-70,8767,509,235,-900
-50,-70,9790,643,7839,-500
-50,-70,882,-548,8456,600
-50,-70,4684,-393,8201,700
-50,-70,1107,-187,1576,-1000
-50,-70,7844,192,5530,200
-50,-70,2888,90,1952,-400
-50,-70,2308,-478,3617,900
-50,-70,4176,688,4441,-800
-50,-70,2191,424,3556,-800
-50,-70,6426,642,3782,200
-50,-70,8849,693,5209,-300
-50,-70,4554,-959,7153,300
-50,-70,7170,-162,4832,200
-50,-70,6929,830,9904,-800
-50,-70,9437,-69,9871,-200
-50,-70,8955,-83,3960,400
-50,-70,2305,-746,1086,-300
-50,-70,5698,-502,6508,900
-50,-70,4871,648,1128,900
-50,-70,6512,-297,7878,-700
-50,-70,4397,312,9777,400
-50,-70,8017,-908,1601,-200
-50,-70,3035,960,135,800
-50,-70,4483,234,1902,-500
-50,-70,7785,842,5561,-1000
-50,-70,6027,222,1981,400
-50,-70,42,-979,7741,900
-50,-70,240,364,1415,-1000
-50,-70,4047,616,3439,-100
-50,-70,6282,468,667,-500
-50,-70,9335,-371,5562,-300
-50,-70,264,570,5687,100
-50,-70,6101,-844,1568,400
-50,-70,3174,955,2842,-100
-50,-70,8180,150,7660,500
-50,-70,5310,732,8124,-100
-50,-70,6678,897,6242,-900
-50,-70,6427,-798,419,-1000
-50,-70,8574,-858,1054,-400
-50,-70,2207,-433,9689,100
-50,-70,3724,-205,4681,200
-50,-70,6989,-840,562,-1000
-50,-70,8587,924,4999,-1000
-50,-70,2761,-514,3609,-300
-50,-70,2921,-232,5357,400
-50,-70,1090,981,7196,0
-50,-70,8247,-535,5716,-500
-50,-70,2590,190,3078,-300
-50,-70,5685,180,550,-1000
-50,-60,9203,979,7713,-400
-50,-60,5280,134,5016,700
-50,-60,7422,-839,6771,500
-50,-60,2556,249,6185,-900
-50,-60,6840,409,7387,-1000
-50,-60,5290,775,9959,700
-50,-60,8701,-790,5401,900
-50,-60,886,262,9133,400
-50,-60,3030,937,7396,-1000
-50,-60,430,432,9568,-1000
-50,-60,3183,-820,897,-200
-50,-60,3660,172,8721,200
-50,-60,7101,281,8027,-1000
-50,-60,2443,-578,8416,600
-50,-60,1699,-572,8960,-900
-50,-60,6343,-65,9539,-900
-50,-60,850,-753,6962,900
-50,-60,6970,766,5544,600
-50,-60,5531,517,9775,-700
-50,-60,4748,-376,1516,700
-50,-60,7783,483,5039,-600
-50,-60,8072,352,6100,-1000
-50,-60,8752,964,2595,-700
-50,-60,8068,81,3244,-700
-50,-60,400,-617,1695,-800
-50,-60,8363,96,514,-100
-50,-60,3672,-563,6480,600
-50,-60,8438,-252,644,-400
-50,-60,9980,-57,4852,900
-50,-60,9205,665,743,800
-50,-60,4304,424,5583,-400
-50,-60,6801,-348,9219,800
-50,-60,1287,-144,3607,400
-50,-60,2814,-59,1258,500
-50,-60,2276,149,5340,300
-50,-60,8730,-900,6106,200
-50,-60,9987,387,2772,-100
-50,-60,9268,-164,4460,-1000
-50,-60,5508,-332,5360,0
-50,-60,519,-177,1628,0
-50,-60,8025,1000,2802,800
-50,-60,5612,715,2235,-400
-50,-60,8526,-71,2354,-100
-50,-60,5337,-291,2570,300
-50,-60,9060,-615,3856,-1000
-50,-60,4232,-816,6468,-200
-50,-60,3533,193,2768,-100
-50,-60,7225,269,7305,-700
-50,-60,1387,813,7892,-1000
-50,-60,2356,871,8465,900
-50,-60,8965,125,2987,-100
-50,-60,5097,-146,2989,-400
-50,-60,6415,96,2867,900
-50,-60,5831,39,4199,900
-50,-60,7393,-903,5194,-200
-50,-60,3002,778,3066,100
-50,-60,2553,-715,6554,-200
-50,-60,7304,-360,5451,-200
-50,-60,3900,-881,2264,400
-50,-60,6403,248,6607,-100
-50,-60,1365,-430,4732,-1000
-50,-60,6327,-751,9437,-600
-50,-60,853,-158,6023,-100
-50,-60,7851,282,6768,-300
-50,-60,5686,-641,7448,800
-50,-60,1875,422,1665,-500
-50,-60,7075,-821,9366,200
-50,-60,5305,966,3825,800
-50,-60,5381,5,1449,-900
-50,-60,5351,-768,1174,0
-50,-60,9268,232,5722,-100
-50,-60,1775,-672,5918,-100
-50,-60,8320,-953,6464,0
-50,-60,1887,903,8042,100
-50,-60,4537,509,7063,400
-50,-60,1726,457,3664,-200
-50,-60,9147,-679,6433,-900
-50,-60,7397,627,2701,-200
-50,-60,1161,517,5466,-700
-50,-60,59,613,1423,900
-50,-60,6242,-686,1619,300
-50,-60,9828,-649,1338,300
-50,-60,9857,476,1903,-600
-50,-60,7600,184,6247,700
-50,-60,2455,-336,3136,100
-50,-60,4911,277,384,-200
-50,-60,9700,-339,5361,-600
-50,-60,7937,120,562,-700
-50,-60,1498,-802,3727,-1000
-50,-60,7052,-746,2234,200
-50,-60,8744,-767,3659,-300
-50,-60,8954,178,8606,0
-50,-60,9591,992,9623,0
-50,-60,2022,957,3873,-900
-50,-60,6130,-953,6980,300
-50,-60,6379,35,3324,-100
-50,-60,3951,-752,5728,0
-50,-60,8477,530,9255,900
-50,-60,4014,991,9763,900
-50,-60,9909,-475,4015,-1000
-50,-50,2369,414,7907,-900
-50,-50,1099,-491,2605,-800
-50,-50,9247,696,3741,200
-50,-50,5240,305,600,400
-50,-50,5497,736,5628,-1000
-50,-50,3197,-702,7035,100
-50,-50,4097,-382,2834,-600
-50,-50,5353,363,3342,400
-50,-50,7029,-624,5082,100
-50,-50,9686,952,9444,900
-50,-50,4997,395,8564,-500
-50,-50,8547,325,5364,500
-50,-50,72,850,4312,800
-50,-50,4079,-72,8310,100
-50,-50,6300,307,131,200
-50,-50,3758,279,3808,200
-50,-50,5266,-463,7620,200
-50,-50,5952,-9,4042,600
-50,-50,1849,-214,6743,-600
-50,-50,3964,-958,4706,600
-50,-50,3683,946,5226,900
-50,-50,3374,-393,6495,100
-50,-50,143,-851,2429,0
-50,-50,7470,-744,6295,400
-50,-50,34,-351,5791,600
-50,-50,5453,833,2330,-1000
-50,-50,2847,672,4053,100
-50,-50,8787,-832,4923,300
-50,-50,3036,-733,4578,400
-50,-50,2668,539,7209,-800
-50,-50,116,240,5361,-900
-50,-50,4119,-211,5800,800
-50,-50,7784,-148,7070,-500
-50,-50,6862,-137,2595,-500
-50,-50,5002,771,4973,-900
-50,-50,1247,-659,8788,700
-50,-50,1609,-736,1935,-200
-50,-50,4851,-489,839,900
-50,-50,6737,-814,2975,0
-50,-50,290,172,9220,200
-50,-50,6608,213,8109,700
-50,-50,88,-365,6312,300
-50,-50,6269,221,4501,-1000
-50,-50,8711,-230,5197,500
-50,-50,4873,958,2484,500
-50,-50,1681,587,9964,800
-50,-50,8104,699,1645,-300
-50,-50,4860,375,4399,-300
-50,-50,1836,-739,4826,-1000
-50,-50,1323,-29,5114,-100
-50,-50,7396,-188,4166,900
-50,-50,6806,-939,673,-700
-50,-50,3201,-634,310,-700
-50,-50,4473,-700,6148,100
-50,-50,5870,-387,6089,900
-50,-50,2161,481,1473,500
-50,-50,6416,-34,9292,-300
-50,-50,439,-465,2077,-200
-50,-50,3627,-284,7952,600
-50,-50,700,395,7189,-200
-50,-50,4333,179,1252,-500
-50,-50,4346,-74,2921,-600
-50,-50,7401,-600,9878,-1000
-50,-50,928,402,486,-800
-50,-50,5241,809,771,900
-50,-50,2755,258,3481,900
-50,-50,2317,-888,7805,600
-50,-50,6428,913,3971,500
-50,-50,8613,526,7224,800
-50,-50,7160,-90,2542,-500
-50,-50,127,475,116,400
-50,-50,1248,495,9200,-800
-50,-50,2349,641,6890,-800
-50,-50,2415,553,311,-100
-50,-50,7753,-929,1150,-500
-50,-50,3500,-120,6823,300
-50,-50,250,-532,4892,-1000
-50,-50,6588,472,7217,-800
-50,-50,9683,770,3049,800
-50,-50,937,201,3058,900
-50,-50,3719,-27,4569,500
-50,-50,5202,550,9645,-1000
-50,-50,3396,-243,7133,-700
-50,-50,4513,-489,8184,-400
-50,-50,6800,569,2266,500
-50,-50,9930,283,890,-700
-50,-50,1983,-812,9623,-400
-50,-50,5513,-982,6441,-200
-50,-50,3673,810,6566,200
-50,-50,644,884,6769,-300
-50,-50,2801,612,5034,800
-50,-50,1651,906,3438,-1000
-50,-50,3568,887,9234,-500
-50,-50,4325,76,6360,-900
-50,-50,61,88,2980,-100
-50,-50,2907,-496,1755,700
-50,-50,8147,-422,8712,-900
-50,-50,9770,852,7459,300
-50,-50,6915,429,7670,300
-50,-50,2318,399,5630,500
-50,-40,6573,573,5102,-400
-50,-40,1342,-54,2140,900
-50,-40,7973,278,8945,-300
-50,-40,8974,-371,478,-1000
-50,-40,2052,527,4922,-900
-50,-40,9822,-851,7526,900
-50,-40,337,444,9002,-500
-50,-40,5852,191,5029,-1000
-50,-40,9481,975,3585,700
-50,-40,3848,543,9543,900
-50,-40,807,-676,6689,-700
-50,-40,9819,235,7953,900
-50,-40,9670,-127,3874,700
-50,-40,3290,-650,1849,900
-50,-40,9221,873,7566,-700
-50,-40,2468,-840,150,-100
-50,-40,1716,-184,6647,600
-50,-40,5369,-425,2985,700
-50,-40,5953,816,5100,-800
-50,-40,5690,7,5104,300
-50,-40,8331,-443,4950,300
-50,-40,5391,596,5940,700
-50,-40,6291,-373,3888,-1000
-50,-40,9408,-619,2677,-600
-50,-40,2358,857,2799,-900
-50,-40,136,-713,1206,-600
-50,-40,2550,497,6866,-400
-50,-40,7408,-297,204,-700
-50,-40,4889,852,7644,-500
-50,-40,2892,403,6521,-600
-50,-40,1150,-748,3755,-400
-50,-40,8289,136,6918,300
-50,-40,1002,-760,3260,500
-50,-40,4234,-493,4489,-1000
-50,-40,1938,611,2075,900
-50,-40,4641,267,3833,-100
-50,-40,2225,-787,6146,100
-50,-40,3621,709,6525,800
-50,-40,8348,242,7986,800
-50,-40,7310,763,3346,-100
-50,-40,6393,-268,8526,-1000
-50,-40,8359,-655,567,-1000
-50,-40,9890,925,7213,900
-50,-40,3201,-353,9962,900
-50,-40,1212,-459,8991,700
-50,-40,485,670,2102,-300
-50,-40,7152,599,2698,-700
-50,-40,9726,-853,8562,-400
-50,-40,2896,546,4167,-200
-50,-40,1101,864,9890,100
-50,-40,5005,-195,7723,900
-50,-40,7448,-325,3259,400
-50,-40,1872,331,4428,700
-50,-40,9103,21,7280,400
-50,-40,4342,625,962,300
-50,-40,2293,-383,6192,900
-50,-40,5398,911,6639,700
-50,-40,2444,-749,6856,600
-50,-40,1705,-312,5370,-400
-50,-40,452,402,5666,-900
-50,-40,757,123,860,-200
-50,-40,5737,-332,3141,-400
-50,-40,9635,-601,7822,600
-50,-40,3774,970,2958,-1000
-50,-40,3552,-532,4626,700
-50,-40,7756,-311,3047,-400
-50,-40,1188,569,522,200
-50,-40,4167,-297,2182,400
-50,-40,3741,892,6596,0
-50,-40,6037,832,6698,0
-50,-40,553,-6,4011,-1000
-50,-40,3860,-514,4967,-1000
-50,-40,1047,-505,2167,700
-50,-40,3247,58,8625,-800
-50,-40,5489,-869,1408,900
-50,-40,8016,216,5672,800
-50,-40,34,-7,9702,-500
-50,-40,3716,163,6954,0
-50,-40,252,949,4145,-500
-50,-40,454,319,3288,-500
-50,-40,3632,547,9634,-1000
-50,-40,692,16,9232,200
-50,-40,4993,933,1183,-200
-50,-40,8625,84,2105,0
-50,-40,6722,-938,8540,800
-50,-40,7781,43,1763,300
-50,-40,909,-789,3209,400
-50,-40,7517,-344,8841,-1000
-50,-40,7219,696,2393,-200
-50,-40,2923,733,2395,800
-50,-40,1929,-425,9011,900
-50,-40,3933,818,5676,-800
-50,-40,6201,-793,2935,-300
-50,-40,7406,289,1754,-900
-50,-40,7633,124,6592,0
-50,-40,7993,587,3851,100
-50,-40,6006,-593,7840,-200
-50,-40,907,-931,1903,-1000
-50,-40,7006,58,3410,700
-50,-40,8642,-110,4247,-100
-50,-30,4785,374,440,200
-50,-30,4961,865,4486,800
-50,-30,4419,-799,8517,-100
-50,-30,5520,479,2067,500
-50,-30,384,963,986,600
-50,-30,4395,669,1776,-200
-50,-30,4441,-394,5983,-1000
-50,-30,84,-236,9819,400
-50,-30,5477,206,7771,-300
-50,-30,2758,442,6276,-200
-50,-30,3175,340,8934,900
-50,-30,9676,-613,4823,-200
-50,-30,4610,-746,7751,300
-50,-30,5135,-282,4179,800
-50,-30,9251,-117,297,-200
-50,-30,9509,311,8789,200
-50,-30,3785,-45,121,-400
-50,-30,417,810,8087,-800
-50,-30,3086,-615,270,-700
-50,-30,5876,805,9670,900
-50,-30,4994,813,8647,-500
-50,-30,4774,31,3777,200
-50,-30,9216,-83,7731,900
-50,-30,4517,-193,4629,900
-50,-30,5148,-525,5705,-1000
-50,-30,4402,-294,8994,-1000
-50,-30,4867,-203,5766,-400
-50,-30,7123,-587,5161,200
-50,-30,6991,-407,7873,-600
-50,-30,9082,315,6268,-600
-50,-30,9295,-330,3327,900
-50,-30,5429,-801,6816,-900
-50,-30,2295,661,3035,300
-50,-30,7819,-281,5351,-800
-50,-30,1999,74,726,-800
-50,-30,5361,924,8499,900
-50,-30,1471,361,8485,300
-50,-30,5382,-463,9999,-900
-50,-30,6439,949,3170,400
-50,-30,1282,-217,2438,-200
-50,-30,2103,-425,5300,-200
-50,-30,1236,-983,3643,-1000
-50,-30,2104,-429,251,-1000
-50,-30,8704,448,1339,-1000
-50,-30,2476,-129,8837,-900
-50,-30,747,116,239,-700
-50,-30,7012,-256,2155,900
-50,-30,9436,443,6239,400
-50,-30,6018,-409,8870,-300
-50,-30,6802,500,1544,-500
-50,-30,917,298,4603,100
-50,-30,2840,741,2092,-500
-50,-30,3813,327,3799,300
-50,-30,9355,-903,911,500
-50,-30,8539,-868,2391,-300
-50,-30,6869,-87,7804,300
-50,-30,6086,-932,9239,-600
-50,-30,2419,-237,5543,700
-50,-30,386,-572,6575,0
-50,-30,2926,-507,1544,200
-50,-30,1323,226,4410,-700
-50,-30,8851,612,3995,-100
-50,-30,9662,996,4348,100
-50,-30,8194,736,5676,-800
-50,-30,8624,837,6426,900
-50,-30,4655,-807,1987,-600
-50,-30,989,502,6149,-600
-50,-30,8062,521,8898,-500
-50,-30,2498,424,2400,-300
-50,-30,9146,755,9154,900
-50,-30,7192,510,3837,-800
-50,-30,9832,-585,7785,-500
-50,-30,8905,482,8870,-600
-50,-30,8308,-100,4688,-300
-50,-30,3793,287,6839,600
-50,-30,2802,186,1533,100
-50,-30,3133,396,681,-100
-50,-30,450,364,1629,-300
-50,-30,3015,773,9163,400
-50,-30,5749,-60,9657,-600
-50,-30,6351,180,6065,700
-50,-30,8109,-183,446,-1000
-50,-30,8188,-439,2416,-100
-50,-30,6303,678,120,600
-50,-30,4263,494,5671,-400
-50,-30,5485,870,1266,400
-50,-30,8801,-756,4514,-1000
-50,-30,8707,322,9478,-100
-50,-30,4117,-644,445,-900
-50,-30,5484,-335,1422,-500
-50,-30,7590,57,2689,700
-50,-30,1532,413,8952,900
-50,-30,4487,31,328,300
-50,-30,4113,908,2527,-300
-50,-30,1117,237,4508,-600
-50,-30,3897,-428,7790,100
-50,-30,5718,-400,6231,-800
-50,-30,6276,365,9884,-600
-50,-30,6325,263,6324,-600
-50,-30,5895,-831,9619,700
-50,-20,817,-266,4354,-200
-50,-20,2687,402,123,-600
-50,-20,8896,64,4701,300
-50,-20,3695,-679,1809,700
-50,-20,2110,-699,4287,200
-50,-20,4272,-496,2176,200
-50,-20,5352,507,2229,-1000
-50,-20,3533,499,5201,600
-50,-20,2427,721,6605,-100
-50,-20,4609,564,9968,800
-50,-20,6405,-392,6943,900
-50,-20,8977,937,9669,-700
-50,-20,1189,-779,9809,900
-50,-20,1518,699,5102,-200
-50,-20,5454,-480,9911,500
-50,-20,9386,715,5086,200
-50,-20,3820,815,2724,-900
-50,-20,6809,-282,9033,-200
-50,-20,2653,-62,2859,900
-50,-20,1249,-606,909,-400
-50,-20,2530,613,8788,-100
-50,-20,9909,-184,4009,600
-50,-20,445,163,6954,600
-50,-20,7676,-831,9622,0
-50,-20,6051,731,256,400
-50,-20,3986,85,9844,-200
-50,-20,344,-33,1840,-200
-50,-20,2205,-985,3651,-700
-50,-20,5159,-56,1373,-400
-50,-20,5420,174,2387,-500
-50,-20,9682,-536,1978,-100
-50,-20,8474,77,8759,-400
-50,-20,1140,-117,1584,600
-50,-20,420,484,3904,900
-50,-20,953,607,8836,-800
-50,-20,6434,-39,585,500
-50,-20,4472,179,4416,400
-50,-20,3252,348,953,-1000
-50,-20,9857,-426,2956,-1000
-50,-20,9773,-741,6926,-200
-50,-20,1499,-218,2561,900
-50,-20,7649,170,5982,200
-50,-20,4610,-744,4619,-600
-50,-20,8983,-760,9691,300
-50,-20,7815,-915,8723,500
-50,-20,5767,-793,6881,800
-50,-20,8342,383,5870,900
-50,-20,7605,266,8474,-900
-50,-20,2274,502,6378,-1000
-50,-20,8929,742,7385,-800
-50,-20,1691,881,1271,-400
-50,-20,2462,250,2640,900
-50,-20,2142,-33,2304,900
-50,-20,8923,-200,8900,200
-50,-20,7727,-15,8086,-200
-50,-20,1682,74,3434,0
-50,-20,5065,-779,5670,-100
-50,-20,4958,341,5832,-700
-50,-20,5206,29,597,300
-50,-20,4516,-143,726,-900
-50,-20,728,686,6741,-600
-50,-20,3514,-609,7081,300
-50,-20,9775,-176,4176,900
-50,-20,469,888,3411,0
-50,-20,7391,-555,1687,-800
-50,-20,8364,541,4949,900
-50,-20,3127,907,4942,400
-50,-20,7372,401,772,500
-50,-20,6070,823,7196,900
-50,-20,8566,335,8022,400
-50,-20,5553,374,4351,900
-50,-20,3128,-670,1737,400
-50,-20,5006,-591,3639,800
-50,-20,5597,-17,9127,-800
-50,-20,250,423,2997,-700
-50,-20,6538,-974,6789,100
-50,-20,7187,-646,4463,-400
-50,-20,2050,-603,4835,900
-50,-20,6020,-194,2552,600
-50,-20,3335,941,596,-100
-50,-20,4978,-744,2602,100
-50,-20,4776,-925,3760,600
-50,-20,305,-369,700,200
-50,-20,6576,145,2174,-300
-50,-20,1587,274,726,200
-50,-20,9581,131,4871,300
-50,-20,3486,-284,6171,300
-50,-20,9994,525,4743,-400
-50,-20,4537,-300,6729,900
-50,-20,866,-80,1849,-1000
-50,-20,365,-578,9023,900
-50,-20,1329,-663,5819,-400
-50,-20,8148,885,873,-500
-50,-20,7347,422,6103,-900
-50,-20,4701,569,4307,0
-50,-20,2529,-186,5358,-100
-50,-20,4940,-130,5579,600
-50,-20,2683,-892,6046,-100
-50,-20,6129,181,1439,900
-50,-20,823,881,788,-300
-50,-10,1138,-330,9852,-1000
-50,-10,6558,-859,4833,400
-50,-10,7108,911,4008,-900
-50,-10,3093,24,3727,300
-50,-10,112,-739,6000,600
-50,-10,3099,-65,3391,700
-50,-10,983,-463,1318,-100
-50,-10,1896,-877,7953,900
-50,-10,5894,-142,9206,-200
-50,-10,7660,-327,4730,600
-50,-10,4273,-275,4195,400
-50,-10,4836,495,4478,-900
-50,-10,5626,491,2619,400
-50,-10,1483,-333,4411,-800
-50,-10,9881,503,7682,-700
-50,-10,9342,786,2229,800
-50,-10,7328,598,1825,300
-50,-10,5808,-463,1646,0
-50,-10,8275,139,2275,0
-50,-10,2233,-822,8323,600
-50,-10,9626,234,5636,-1000
-50,-10,4455,-172,8468,-600
-50,-10,8504,591,4315,-500
-50,-10,1247,-626,4461,600
-50,-10,1475,581,6685,300
-50,-10,5611,-220,6053,-700
-50,-10,1633,-512,3984,300
-50,-10,473,310,9154,900
-50,-10,3603,-630,6037,500
-50,-10,8362,37,5733,800
-50,-10,5302,157,940,-500
-50,-10,7313,305,3540,-200
-50,-10,5004,-529,3922,-1000
-50,-10,6845,797,4483,-600
-50,-10,9088,765,1142,-100
-50,-10,2852,-290,1278,700
-50,-10,8454,-707,6955,-200
-50,-10,8412,63,6252,900
-50,-10,1975,-253,2068,-500
-50,-10,6069,841,2306,-500
-50,-10,2933,626,6814,-200
-50,-10,7334,756,2164,200
-50,-10,1654,-836,8716,-300
-50,-10,617,751,1909,800
-50,-10,1241,788,1139,-700
-50,-10,3949,636,7946,900
-50,-10,7307,767,6827,-200
-50,-10,1627,-331,4031,-200
-50,-10,8493,-114,2226,-700
-50,-10,7658,311,9526,-1000
-50,-10,1035,-20,5483,-100
-50,-10,959,932,8936,-1000
-50,-10,9727,756,742,900
-50,-10,3278,-873,2444,-1000
-50,-10,6626,-474,5148,200
-50,-10,7661,838,1627,-1000
-50,-10,5964,615,8731,400
-50,-10,1768,-864,349,-700
-50,-10,8580,606,1832,-300
-50,-10,4924,341,3520,200
-50,-10,5611,-58,8781,-1000
-50,-10,1667,368,695,-200
-50,-10,345,835,3877,600
-50,-10,5457,-908,4613,-300
-50,-10,9271,-426,5043,300
-50,-10,5714,962,4893,-1000
-50,-10,2679,513,7586,-1000
-50,-10,5012,105,992,-1000
-50,-10,5054,-675,7013,-300
-50,-10,5480,-229,4761,-500
-50,-10,982,-694,2899,800
-50,-10,5649,-678,6249,300
-50,-10,2459,-926,3261,-900
-50,-10,3575,766,2773,-200
-50,-10,6007,-947,3006,100
-50,-10,6946,757,312,100
-50,-10,3533,-528,4676,500
-50,-10,8764,171,6767,500
-50,-10,8488,-93,5126,-100
-50,-10,4306,91,4336,-200
-50,-10,5526,763,9886,700
-50,-10,5509,-150,4977,600
-50,-10,9014,-362,5868,400
-50,-10,7242,103,6793,-300
-50,-10,7396,-805,4660,500
-50,-10,679,582,8696,-900
-50,-10,1397,-661,6877,-1000
-50,-10,7259,-416,1979,900
-50,-10,4170,472,6002,500
-50,-10,1041,575,9283,-800
-50,-10,423,554,4134,700
-50,-10,33,-338,2077,200
-50,-10,121,596,2325,-400
-50,-10,544,514,6743,-1000
-50,-10,7849,-676,7357,-900
-50,-10,2254,-753,4417,-1000
-50,-10,5691,966,5969,600
-50,-10,1119,-94,9224,-200
-50,-10,6180,131,6236,-800
-50,-10,7653,-469,535,-400
-50,0,5505,302,4051,600
-50,0,7122,-84,6784,400
-50,0,3995,498,8818,-700
-50,0,3267,-118,603,-500
-50,0,9603,-252,9594,-900
-50,0,8411,688,7419,-500
-50,0,8951,-757,3332,-200
-50,0,9271,-776,6526,100
-50,0,763,597,5985,-500
-50,0,5822,8,3818,400
-50,0,1646,803,1875,800
-50,0,7732,476,5664,-900
-50,0,4874,35,7674,-200
-50,0,7962,862,2417,900
-50,0,1058,247,3839,200
-50,0,7991,-599,4283,600
-50,0,4877,-230,9579,-1000
-50,0,2644,-424,4559,600
-50,0,6695,909,7971,-400
-50,0,8807,-407,8996,900
-50,0,2532,659,4207,-100
-50,0,463,-842,2877,700
-50,0,7334,419,8751,-500
-50,0,2618,945,9497,-500
-50,0,7198,741,3567,-400
-50,0,1833,-725,491,0
-50,0,6269,-71,3628,-800
-50,0,9791,811,7535,-300
-50,0,106,627,1917,-300
-50,0,4365,-885,8509,200
-50,0,9752,59,5631,-1000
-50,0,5645,-21,8478,-1000
-50,0,2225,-53,9707,-500
-50,0,6558,-52,8953,-300
-50,0,361,-896,5788,-400
-50,0,1531,868,2196,100
-50,0,9469,172,2458,500
-50,0,8536,439,8386,-300
-50,0,475,-749,5142,-200
-50,0,6254,-413,4097,0
-50,0,7571,543,80,600
-50,0,1177,-679,1916,-800
-50,0,1989,302,5000,-500
-50,0,9808,655,3725,300
-50,0,4530,-839,5345,900
-50,0,2684,-28,4451,700
-50,0,6123,100,9268,900
-50,0,1667,-37,4138,-1000
-50,0,2556,-895,3471,800
-50,0,9781,943,8603,-500
-50,0,9887,582,7534,100
-50,0,8859,852,4657,800
-50,0,3869,-893,1482,300
-50,0,552,24,6521,0
-50,0,2462,-786,7842,-400
-50,0,2290,1,5914,-300
-50,0,3289,-392,5280,-200
-50,0,4531,478,1905,-200
-50,0,3584,795,144,-100
-50,0,8905,-421,5635,-600
-50,0,4346,646,200,-500
-50,0,1109,673,7157,-900
-50,0,1151,-698,8234,300
-50,0,5662,506,2804,-200
-50,0,7207,204,879,-900
-50,0,6118,228,399,-600
-50,0,2469,810,8541,700
-50,0,9,-354,7449,-500
-50,0,6720,-915,1180,-1000
-50,0,9364,363,6872,-200
-50,0,4907,618,4251,0
-50,0,733,-100,38,200
-50,0,7720,-489,8228,400
-50,0,2860,-771,3735,-700
-50,0,2308,978,8447,-500
-50,0,242,240,7741,200
-50,0,1518,-522,7255,0
-50,0,7486,-178,2476,-300
-50,0,4311,626,8335,-200
-50,0,3481,-450,6713,900
-50,0,3323,898,7213,-400
-50,0,4582,994,3989,800
-50,0,1092,732,9935,900
-50,0,4521,-465,1342,-900
-50,0,4257,-573,5955,0
-50,0,1197,-653,988,-900
-50,0,8575,29,9370,-500
-50,0,1293,858,6226,-100
-50,0,486,-517,8828,900
-50,0,8798,212,6362,700
-50,0,8614,-430,9794,-800
-50,0,4280,852,8494,-500
-50,0,8319,954,3086,100
-50,0,4284,-965,4944,800
-50,0,7766,-582,7702,400
-50,0,2056,-41,8533,400
-50,0,3857,-384,3978,900
-50,0,5544,-688,48,100
-50,0,717,715,9408,500
-50,0,3465,-435,2392,-100
-50,10,1128,333,2510,900
-50,10,8959,-356,5534,400
-50,10,6673,94,1691,-400
-50,10,7090,-871,5051,-800
-50,10,1442,-602,7175,-300
-50,10,509,558,1470,-200
-50,10,7937,-747,6093,700
-50,10,7342,-554,5720,-200
-50,10,1158,62,9434,-1000
-50,10,5580,542,6198,700
-50,10,5192,-421,8780,200
-50,10,4413,-623,2085,-900
-50,10,1387,-530,1351,0
-50,10,5930,-24,3856,300
-50,10,8334,267,5341,-500
-50,10,2235,-899,1821,-700
-50,10,8424,249,9887,-700
-50,10,1839,775,4245,0
-50,10,3678,-593,8115,200
-50,10,9039,802,192,400
-50,10,280,15,6684,-100
-50,10,3749,425,5601,-900
-50,10,9916,-396,2119,800
-50,10,3602,-403,742,0
-50,10,3217,81,1468,200
-50,10,5356,943,8305,-600
-50,10,1516,-116,9275,800
-50,10,2368,-269,3052,-200
-50,10,8120,832,9622,500
-50,10,339,-649,7242,-1000
-50,10,7498,-541,6448,300
-50,10,6263,-388,3106,700
-50,10,9493,-65,9527,700
-50,10,6211,79,23,-500
-50,10,6222,263,6165,200
-50,10,2675,136,6973,-100
-50,10,427,-829,4201,-800
-50,10,8682,27,906,-300
-50,10,9615,-452,6251,-1000
-50,10,672,447,6526,200
-50,10,5871,-946,335,600
-50,10,4562,786,9820,500
-50,10,7569,-678,1160,900
-50,10,4126,-410,8315,900
-50,10,8419,-325,8905,-800
-50,10,7177,-294,3871,400
-50,10,9860,180,9174,0
-50,10,5866,-235,8479,500
-50,10,659,438,4226,500
-50,10,9775,-63,8832,-600
-50,10,4883,-866,5196,-1000
-50,10,7776,-637,4456,800
-50,10,309,406,2478,-1000
-50,10,4597,-367,5345,700
-50,10,614,122,5281,100
-50,10,4061,577,1144,-1000
-50,10,6482,304,5662,300
-50,10,7777,-314,5424,100
-50,10,8104,736,9067,-500
-50,10,8170,-807,114,800
-50,10,6148,-133,9898,-100
-50,10,3126,254,9465,400
-50,10,6822,-398,775,300
-50,10,5771,246,843,500
-50,10,4344,662,6326,600
-50,10,3037,-274,5310,-900
-50,10,6381,-527,8948,800
-50,10,4902,633,2557,-100
-50,10,2864,-689,9280,700
-50,10,5677,466,3254,-100
-50,10,8135,-487,730,900
-50,10,7185,840,5291,600
-50,10,5769,-322,5197,600
-50,10,6259,342,6305,-400
-50,10,9493,-665,2544,500
-50,10,3102,-235,2424,-900
-50,10,6672,-389,6870,-400
-50,10,2285,361,5335,-700
-50,10,6885,677,9684,900
-50,10,9786,-756,8910,-1000
-50,10,4984,-170,604,-1000
-50,10,8258,248,5163,300
-50,10,9581,-792,7175,700
-50,10,955,4,7911,800
-50,10,2014,100,7394,-100
-50,10,3945,-732,8516,-200
-50,10,7469,997,3468,700
-50,10,272,-235,6486,900
-50,10,4483,-734,5743,-900
-50,10,5677,-701,542,-600
-50,10,3972,152,4444,-400
-50,10,2846,-776,7679,0
-50,10,6508,531,5301,-1000
-50,10,48,253,4917,600
-50,10,993,-464,362,200
-50,10,5471,85,5701,700
-50,10,3566,600,2354,-600
-50,10,5211,-648,4521,200
-50,10,6616,483,5040,200
-50,10,4931,525,6881,900
-50,20,3280,593,7361,600
-50,20,215,357,8889,100
-50,20,9415,579,1529,900
-50,20,817,-507,3072,-1000
-50,20,192,-973,3586,-1000
-50,20,5155,372,8437,500
-50,20,815,172,5856,-300
-50,20,9700,-21,2178,-700
-50,20,6344,-838,7873,-100
-50,20,9296,939,6182,-700
-50,20,3701,-110,197,-1000
-50,20,7690,585,5527,-900
-50,20,9887,-174,4205,900
-50,20,7965,-991,5876,-800
-50,20,7004,-631,5781,-600
-50,20,3180,316,3911,600
-50,20,2617,363,3924,100
-50,20,1548,688,7796,400
-50,20,2696,-921,7935,300
-50,20,719,-466,8235,0
-50,20,2139,235,2203,900
-50,20,5623,122,4406,400
-50,20,2655,709,5763,900
-50,20,364,694,564,200
-50,20,144,736,4071,-500
-50,20,3944,929,7340,900
-50,20,2465,-502,7675,0
-50,20,4375,906,3992,-500
-50,20,2912,-162,4697,-600
-50,20,3422,-268,2601,400
-50,20,4872,-612,4191,-100
-50,20,4122,-389,6141,300
-50,20,7936,477,7038,900
-50,20,600,-310,167,300
-50,20,5711,-608,4829,100
-50,20,8803,575,4136,500
-50,20,2926,422,3327,-400
-50,20,146,856,4760,400
-50,20,3859,-664,7708,100
-50,20,4745,-772,2025,-600
-50,20,7246,-88,3705,-1000
-50,20,9214,-305,1306,900
-50,20,4552,-387,5983,-1000
-50,20,3223,819,9787,200
-50,20,9335,85,2711,-1000
-50,20,7760,-578,1129,-900
-50,20,2464,-771,3039,-700
-50,20,7659,-777,3477,-100
-50,20,6187,-692,4944,-800
-50,20,9318,-891,2323,-400
-50,20,8274,389,4829,-800
-50,20,1423,-873,7719,-400
-50,20,5449,216,2827,-200
-50,20,7051,-573,5134,-400
-50,20,8098,949,6013,900
-50,20,5981,-738,4874,500
-50,20,5588,197,1235,-600
-50,20,7381,-216,800,400
-50,20,3621,70,1846,-800
-50,20,4566,980,3741,-600
-50,20,4092,-219,8977,0
-50,20,56,622,3220,0
-50,20,6593,-949,3577,-100
-50,20,1988,304,782,-400
-50,20,1591,545,3675,200
-50,20,9907,-782,76,300
-50,20,5521,-227,2647,-200
-50,20,1332,90,8031,-600
-50,20,5895,-654,2659,-800
-50,20,8936,-831,9053,-200
-50,20,6759,-511,7467,900
-50,20,6092,91,816,800
-50,20,750,303,3248,500
-50,20,6794,51,7978,200
-50,20,5440,-238,6696,900
-50,20,1704,-752,7756,-700
-50,20,1952,-439,4380,-800
-50,20,4377,-999,7341,-200
-50,20,9815,-259,159,200
-50,20,2623,841,665,-1000
-50,20,7033,-389,76,900
-50,20,925,-869,4341,-700
-50,20,7328,466,6125,600
-50,20,9025,-68,8253,-800
-50,20,6811,-718,1004,300
-50,20,9945,188,168,0
-50,20,1,-371,6458,-700
-50,20,9273,-256,1931,-200
-50,20,3158,-616,286,-500
-50,20,6419,-572,465,-1000
-50,20,5679,-503,4147,300
-50,20,4109,856,9520,-100
-50,20,3531,-892,8200,-500
-50,20,1237,858,6751,900
-50,20,7979,646,4601,700
-50,20,4561,259,1745,800
-50,20,7649,-248,3663,-400
-50,20,4005,-406,9674,0
-50,20,7649,-602,5233,-700
-50,20,872,-575,737,-1000
-50,30,5527,-993,4968,-700
-50,30,436,420,8451,100
-50,30,6744,801,9233,-900
-50,30,6742,-644,94,-700
-50,30,4475,522,9639,-400
-50,30,8051,397,6921,900
-50,30,3883,271,8075,100
-50,30,3922,866,6947,-200
-50,30,9935,-509,330,900
-50,30,8332,-782,3737,100
-50,30,7008,-255,3435,-800
-50,30,8379,-826,9545,-1000
-50,30,2673,-338,949,600
-50,30,5200,839,708,-700
-50,30,7250,-796,1746,-500
-50,30,391,-307,3379,-1000
-50,30,8461,524,769,300
-50,30,8631,577,9700,900
-50,30,8441,-142,9639,-600
-50,30,902,-858,8315,-700
-50,30,3773,176,8407,-900
-50,30,8133,27,1700,500
-50,30,5909,-676,2273,900
-50,30,8442,-686,5353,-500
-50,30,1683,547,7545,-200
-50,30,9024,-648,3820,-900
-50,30,8403,372,1593,-600
-50,30,9848,483,5102,200
-50,30,9399,963,5132,100
-50,30,7967,-327,3497,700
-50,30,6376,-950,1027,800
-50,30,1470,-398,1222,-400
-50,30,2067,40,1395,-700
-50,30,5173,-182,1621,100
-50,30,6632,-631,227,-700
-50,30,472,-846,8638,500
-50,30,7701,-822,2151,-800
-50,30,1480,779,2387,300
-50,30,2359,971,2463,-400
-50,30,9335,-728,3838,600
-50,30,7618,929,2045,-300
-50,30,8147,-511,2529,600
-50,30,9269,-722,5251,300
-50,30,3277,-38,3539,600
-50,30,2953,-491,8709,-1000
-50,30,8128,628,3508,-1000
-50,30,1545,402,1211,-1000
-50,30,997,-722,3390,100
-50,30,2308,641,7066,200
-50,30,6219,-405,8587,-600
-50,30,9759,945,4269,300
-50,30,2146,-350,2525,800
-50,30,5539,985,6430,900
-50,30,8324,130,3354,800
-50,30,7222,517,3178,-200
-50,30,6002,-670,9117,300
-50,30,838,122,8459,-800
-50,30,6067,757,8948,100
-50,30,2018,975,1332,-600
-50,30,4127,556,9799,-1000
-50,30,7912,-258,5919,-200
-50,30,218,-950,2621,-1000
-50,30,9051,-891,1633,500
-50,30,2748,705,4978,400
-50,30,7070,-694,5930,500
-50,30,3056,-482,4117,-700
-50,30,9898,-546,9482,-800
-50,30,947,-154,4249,-300
-50,30,8708,658,5551,900
-50,30,1360,446,1001,900
-50,30,7240,-465,9381,-1000
-50,30,7984,289,5434,200
-50,30,3918,-642,9251,-300
-50,30,4664,977,1692,-100
-50,30,6447,876,7723,0
-50,30,4893,-232,5452,600
-50,30,7156,-940,557,400
-50,30,2285,-457,6232,900
-50,30,7386,-908,3830,-1000
-50,30,5262,642,2999,0
-50,30,9363,686,5764,-1000
-50,30,7465,667,7911,900
-50,30,4894,-556,4944,-300
-50,30,7829,842,5708,-800
-50,30,4791,215,757,-900
-50,30,7672,-443,1340,-800
-50,30,2138,-546,5555,100
-50,30,7003,210,3781,400
-50,30,5496,-280,6675,300
-50,30,843,-539,9371,500
-50,30,2841,768,3434,-400
-50,30,9109,-507,2489,400
-50,30,571,-457,8063,-200
-50,30,3537,208,9774,-100
-50,30,2647,-151,671,500
-50,30,151,401,359,900
-50,30,4966,377,7329,-900
-50,30,1782,910,4942,0
-50,30,7862,470,2428,-900
-50,30,9155,877,5754,-400
-50,40,327,-859,9646,600
-50,40,9084,463,6928,900
-50,40,482,448,2798,-100
-50,40,2199,-501,9237,-1000
-50,40,9108,911,6195,700
-50,40,1852,-543,3001,-400
-50,40,7867,110,1544,700
-50,40,9981,93,9998,400
-50,40,6418,-285,5996,-1000
-50,40,4436,193,7980,-1000
-50,40,5908,717,636,-1000
-50,40,226,258,7183,-1000
-50,40,9805,-643,239,-700
-50,40,4825,500,2452,100
-50,40,1299,-116,9103,-600
-50,40,959,622,5341,900
-50,40,7402,540,9757,-800
-50,40,2293,-872,9434,-1000
-50,40,7602,-133,9298,900
-50,40,6865,66,2141,0
-50,40,6688,-725,1575,900
-50,40,1102,330,1450,-200
-50,40,4608,938,6782,-200
-50,40,4870,943,2931,-400
-50,40,7321,-829,9355,-300
-50,40,5727,467,4243,300
-50,40,4938,846,2498,-1000
-50,40,5585,212,7080,-600
-50,40,324,-578,1368,100
-50,40,1059,-361,5350,300
-50,40,6987,-622,6800,500
-50,40,8319,-918,3369,-300
-50,40,4382,-386,8521,0
-50,40,200,-144,5359,-200
-50,40,4786,-803,3362,-700
-50,40,6416,-622,7816,-200
-50,40,1345,734,8343,-200
-50,40,8090,606,2132,600
-50,40,6199,-38,2425,500
-50,40,6636,612,9306,-200
-50,40,647,-87,5825,-1000
-50,40,233,-215,6949,600
-50,40,4440,-865,6803,900
-50,40,1055,296,3120,-1000
-50,40,9619,237,5960,900
-50,40,9610,129,1638,700
-50,40,8235,-687,6767,900
-50,40,6324,-695,1387,-500
-50,40,739,-902,1658,900
-50,40,9899,-836,774,100
-50,40,3388,918,5064,800
-50,40,9483,-598,9639,0
-50,40,701,621,9495,-1000
-50,40,1999,977,8420,-100
-50,40,590,-619,7489,500
-50,40,8643,-237,3226,100
-50,40,5650,819,2624,700
-50,40,2312,129,7930,-300
-50,40,7315,-957,8786,-700
-50,40,4918,440,309,900
-50,40,8176,-266,1899,100
-50,40,1617,-801,3242,700
-50,40,1019,-409,5315,700
-50,40,4130,648,7496,-200
-50,40,7618,-131,8721,-700
-50,40,5609,-112,6546,-100
-50,40,2540,-179,854,800
-50,40,6531,-777,5100,-700
-50,40,307,758,1910,-1000
-50,40,6457,369,3849,900
-50,40,3422,-788,9112,800
-50,40,8480,613,7748,700
-50,40,2626,351,2289,-200
-50,40,9255,-49,5988,600
-50,40,3559,939,63,300
-50,40,7911,-349,4326,-1000
-50,40,1032,-500,7964,200
-50,40,2326,183,8361,-500
-50,40,229,310,5612,-200
-50,40,2818,-237,6190,100
-50,40,4201,-376,9704,-400
-50,40,8853,-966,3719,-100
-50,40,2726,-57,2641,500
-50,40,8293,-697,3691,400
-50,40,6822,-87,1950,-1000
-50,40,421,852,9706,100
-50,40,3610,726,9144,-600
-50,40,2997,975,5142,900
-50,40,37,126,8052,-800
-50,40,3276,-938,9056,-800
-50,40,654,373,6609,-400
-50,40,1888,379,3808,-900
-50,40,8213,-268,1426,-200
-50,40,7642,458,4191,400
-50,40,1794,959,157,0
-50,40,7859,809,8894,0
-50,40,3380,-390,7480,500
-50,40,4574,370,2616,700
-50,40,3351,851,1947,0
-50,40,469,-182,1613,-300
-50,50,7737,-132,8775,-100
-50,50,4316,-605,1478,800
-50,50,8777,-451,7812,-400
-50,50,1491,-839,39,-800
-50,50,6485,42,8039,500
-50,50,8528,-128,336,-400
-50,50,1749,543,4541,900
-50,50,287,376,2657,900
-50,50,325,780,8038,700
-50,50,6988,458,8038,700
-50,50,431,-130,1368,600
-50,50,4732,-831,227,900
-50,50,2301,-233,4971,-800
-50,50,7321,289,335,100
-50,50,6168,223,9236,-500
-50,50,4897,940,4536,700
-50,50,446,427,5359,-400
-50,50,1729,502,5037,-400
-50,50,9789,309,4035,900
-50,50,1636,-762,3002,-100
-50,50,242,761,1178,-900
-50,50,7410,-867,4342,300
-50,50,211,-826,2372,-800
-50,50,4188,-336,5361,0
-50,50,3991,-324,884,-800
-50,50,428,-553,7480,300
-50,50,6280,-553,8038,400
-50,50,6156,-436,8038,500
-50,50,1651,454,7996,200
-50,50,335,-485,8284,-300
-50,50,7996,-60,7666,100
-50,50,8414,-404,7531,600
-50,50,6127,553,6515,900
-50,50,3494,-652,8039,500
-50,50,598,-562,4243,-100
-50,50,6077,806,4132,-500
-50,50,2877,164,1975,200
-50,50,9041,-78,4196,200
-50,50,6603,230,6515,800
-50,50,4145,390,1382,200
-50,50,0,244,3301,-1000
-50,50,4211,889,4774,900
-50,50,223,572,7032,600
-50,50,7133,708,8038,700
-50,50,1194,622,7246,-1000
-50,50,6461,-619,922,0
-50,50,9779,-504,9984,-300
-50,50,5721,-86,4858,-200
-50,50,1150,668,9134,-500
-50,50,8828,390,8712,-800
-50,50,3673,40,140,400
-50,50,2724,-890,931,100
-50,50,7213,-656,4296,300
-50,50,1304,937,6785,900
-50,50,3089,-276,2879,-700
-50,50,2111,607,1376,-200
-50,50,4243,14,4536,800
-50,50,9117,293,7528,200
-50,50,3069,321,9631,0
-50,50,8610,-451,4300,600
-50,50,4305,-158,8717,-700
-50,50,4807,-123,1077,200
-50,50,115,919,6515,900
-50,50,3997,888,9113,300
-50,50,8991,-530,9067,100
-50,50,3420,468,4132,-500
-50,50,4083,-556,5355,-100
-50,50,5799,-35,6515,800
-50,50,5357,-517,5374,100
-50,50,7342,747,9132,-600
-50,50,465,155,4536,600
-50,50,7234,-694,9166,-500
-50,50,8173,-956,7888,300
-50,50,896,423,4861,-500
-50,50,711,-310,4395,600
-50,50,130,-418,4334,0
-50,50,449,-4,3864,200
-50,50,1014,-870,2372,-900
-50,50,8181,523,4299,400
-50,50,747,-557,831,-700
-50,50,1404,-779,9849,-400
-50,50,3130,116,7747,400
-50,50,5608,-802,9111,800
-50,50,9259,599,7246,-1000
-50,50,6694,-550,2658,-700
-50,50,6045,227,2371,-1000
-50,50,5948,-314,8038,600
-50,50,3995,-603,9707,200
-50,50,7406,220,9693,700
-50,50,6738,-479,460,300
-50,50,961,-748,4821,200
-50,50,1524,318,4849,-1000
-50,50,4550,-518,4342,200
-50,50,3650,205,6786,700
-50,50,9962,949,4148,900
-50,50,1154,-329,5569,900
-50,50,916,968,9580,-800
-50,50,9747,-489,8431,-1000
-50,50,6710,-602,727,400
-50,50,6502,974,9598,-800
-40,-100,7493,-661,2928,400
-40,-100,1456,-497,2531,-1000
-40,-100,227,909,7362,-100
-40,-100,7217,982,6818,-900
-40,-100,6469,252,8954,-1000
-40,-100,1480,117,9011,0
-40,-100,939,-579,7702,400
-40,-100,3237,300,3485,-100
-40,-100,7664,-87,669,-600
-40,-100,6332,353,3762,-500
-40,-100,5486,-514,5378,-900
-40,-100,3911,-907,2551,700
-40,-100,3275,-274,1368,100
-40,-100,3546,-452,5827,200
-40,-100,6389,923,800,-400
-40,-100,4421,706,516,200
-40,-100,3700,107,7002,900
-40,-100,9670,-990,7493,200
-40,-100,3481,628,8612,-500
-40,-100,4391,394,928,-900
-40,-100,1285,-156,8561,600
-40,-100,8200,-102,3250,600
-40,-100,8249,-646,4474,400
-40,-100,4419,219,8602,900
-40,-100,2929,437,4039,-400
-40,-100,6588,184,3831,-600
-40,-100,1170,647,2882,-300
-40,-100,1273,461,5238,100
-40,-100,6530,320,2799,-1000
-40,-100,6854,-49,7890,-1000
-40,-100,9380,1,6956,-500
-40,-100,8535,-704,2115,300
-40,-100,7778,-208,755,-1000
-40,-100,7194,-159,6100,-500
-40,-100,8325,-888,9573,-600
-40,-100,13,-103,2957,-200
-40,-100,8456,749,7801,-1000
-40,-100,5863,-638,9630,900
-40,-100,3756,153,6639,-1000
-40,-100,9888,745,6982,900
-40,-100,4702,-197,4076,200
-40,-100,3782,-433,785,-1000
-40,-100,2597,888,3382,-300
-40,-100,2586,-105,4407,-1000
-40,-100,4833,642,4532,200
-40,-100,3858,-2,4535,300
-40,-100,8306,229,1914,900
-40,-100,1119,402,9093,700
-40,-100,2478,-82,9173,-500
-40,-100,7162,251,6273,-200
-40,-100,1251,632,5431,-300
-40,-100,1014,109,1489,-600
-40,-100,9870,596,6009,-200
-40,-100,9428,-340,2817,400
-40,-100,5927,351,4078,-100
-40,-100,6810,146,8708,-300
-40,-100,1142,-617,5857,-900
-40,-100,977,-176,3152,700
-40,-100,4176,-568,1870,100
-40,-100,8257,-983,2651,-100
-40,-100,1251,617,3008,700
-40,-100,1241,176,6333,700
-40,-100,1447,-687,94,0
-40,-100,6290,-102,2299,0
-40,-100,9304,-676,3671,400
-40,-100,6296,712,4929,-100
-40,-100,1450,179,4778,300
-40,-100,5362,867,7051,900
-40,-100,989,-825,2068,-300
-40,-100,3842,-748,5527,800
-40,-100,7642,-428,4618,-500
-40,-100,9748,-496,9679,800
-40,-100,6184,-453,477,-200
-40,-100,5104,984,3678,-1000
-40,-100,4971,-78,9631,800
-40,-100,9480,-746,4190,-200
-40,-100,3383,905,6413,-100
-40,-100,4582,-561,2417,-200
-40,-100,6094,560,97,800
-40,-100,6794,737,6144,100
-40,-100,7440,517,2032,0
-40,-100,9638,-555,5101,-1000
-40,-100,6464,-517,1769,900
-40,-100,7801,-565,2697,800
-40,-100,4559,1,754,-900
-40,-100,168,-194,8443,200
-40,-100,4661,95,8764,900
-40,-100,1416,6,3357,-800
-40,-100,4041,323,1718,-1000
-40,-100,5293,-403,7214,300
-40,-100,7125,160,4890,300
-40,-100,5034,-278,3483,500
-40,-100,9555,419,5943,600
-40,-100,398,-441,3378,800
-40,-100,5074,49,7324,-900
-40,-100,7034,664,8325,-1000
-40,-100,9191,789,7942,-900
-40,-100,8576,711,6134,700
-40,-100,1831,-653,3785,-1000
-40,-100,9671,-807,7923,500
-40,-90,4681,544,6566,-200
-40,-90,8070,-876,5584,-900
-40,-90,1174,-836,4736,500
-40,-90,9153,-140,5892,-200
-40,-90,5099,206,771,-600
-40,-90,7681,-577,2273,600
-40,-90,9872,-925,1353,200
-40,-90,9086,-936,4729,600
-40,-90,5563,17,500,900
-40,-90,3915,145,6103,-500
-40,-90,3898,439,6356,500
-40,-90,7854,-979,2284,900
-40,-90,6909,-66,2805,100
-40,-90,1952,652,5324,300
-40,-90,8187,-198,1623,700
-40,-90,9988,-607,671,-700
-40,-90,2147,-327,7644,-300
-40,-90,4452,-249,6796,-1000
-40,-90,9150,673,665,500
-40,-90,1630,-343,950,-900
-40,-90,2686,702,8077,-800
-40,-90,8206,131,7309,900
-40,-90,4074,622,1369,500
-40,-90,1708,654,9800,900
-40,-90,9127,-983,2696,-800
-40,-90,8642,-468,4036,-600
-40,-90,3551,700,9710,-200
-40,-90,8324,-117,4165,300
-40,-90,1095,905,2102,200
-40,-90,4758,-524,4753,-400
-40,-90,6106,314,4182,-400
-40,-90,9064,-237,1088,0
-40,-90,394,-159,9282,0
-40,-90,2397,358,7777,700
-40,-90,844,908,7398,-200
-40,-90,698,-171,4935,-800
-40,-90,9157,470,2810,-100
-40,-90,1654,970,4902,100
-40,-90,2879,577,9210,-400
-40,-90,9944,55,9265,200
-40,-90,2794,-122,998,-200
-40,-90,7546,754,5812,-300
-40,-90,9230,993,7869,-100
-40,-90,3927,-910,8325,-1000
-40,-90,724,75,8836,-200
-40,-90,444,755,37,900
-40,-90,191,-930,2294,900
-40,-90,2565,31,7632,-400
-40,-90,5592,-113,670,-1000
-40,-90,6971,-872,3012,600
-40,-90,502,937,967,-1000
-40,-90,1702,-483,2009,-400
-40,-90,3463,991,6631,-1000
-40,-90,2707,871,9999,-500
-40,-90,670,404,3474,-500
-40,-90,4797,-480,9581,200
-40,-90,4327,895,3208,400
-40,-90,9104,146,8059,200
-40,-90,6991,141,729,-900
-40,-90,4338,-198,6714,900
-40,-90,3555,575,3124,-900
-40,-90,2562,-146,4889,-600
-40,-90,3675,978,1994,200
-40,-90,4022,-247,2628,900
-40,-90,1072,-692,8105,-1000
-40,-90,1543,-781,9790,-400
-40,-90,778,310,819,200
-40,-90,2407,149,6208,-100
-40,-90,7799,963,4576,-200
-40,-90,7273,40,116,100
-40,-90,1017,-120,8493,200
-40,-90,733,-962,4285,-1000
-40,-90,4144,-887,5718,900
-40,-90,508,-503,4286,500
-40,-90,9280,-946,453,-600
-40,-90,3230,-653,417,-900
-40,-90,2618,978,7588,-100
-40,-90,8650,-698,3771,-300
-40,-90,1102,-667,4890,-100
-40,-90,3747,333,6497,-500
-40,-90,3833,170,4141,600
-40,-90,6294,893,7608,-1000
-40,-90,5924,-274,4719,-1000
-40,-90,4743,315,8077,900
-40,-90,2379,-892,8624,-200
-40,-90,8857,-109,1817,-400
-40,-90,1569,320,495,-600
-40,-90,3942,-970,4336,-800
-40,-90,7521,104,345,800
-40,-90,3440,305,6410,-400
-40,-90,6120,-395,801,-1000
-40,-90,1026,-31,592,500
-40,-90,916,103,4234,-100
-40,-90,5968,591,9993,-1000
-40,-90,2372,-984,729,0
-40,-90,2502,-301,8453,300
-40,-90,9074,82,1434,500
-40,-90,6446,-643,4268,-900
-40,-90,6754,-358,6024,-1000
-40,-90,4813,265,5288,200
-40,-80,2546,81,4423,-500
-40,-80,9933,-219,8799,-1000
-40,-80,2118,-19,9782,700
-40,-80,5963,403,1074,-800
-40,-80,4575,-6,2233,-100
-40,-80,9089,302,6881,-100
-40,-80,6317,620,6318,700
-40,-80,3098,-103,9195,100
-40,-80,8803,-116,1884,500
-40,-80,4852,847,7887,100
-40,-80,2283,663,3152,-600
-40,-80,3656,352,9382,500
-40,-80,4629,471,7046,500
-40,-80,7249,-953,3423,100
-40,-80,9022,315,2931,-300
-40,-80,2514,-90,8969,-200
-40,-80,1790,336,8452,200
-40,-80,5638,-919,3925,-300
-40,-80,4264,-156,4557,-900
-40,-80,7492,-881,5271,700
-40,-80,5845,-246,8789,-600
-40,-80,649,735,4931,700
-40,-80,1250,48,2815,500
-40,-80,2878,99,1026,-900
-40,-80,5849,251,4745,300
-40,-80,2621,379,6313,700
-40,-80,3518,-999,1630,700
-40,-80,9367,-742,3826,700
-40,-80,8643,-70,5063,-800
-40,-80,2401,900,5986,-1000
-40,-80,8904,-13,8766,600
-40,-80,1465,270,7473,200
-40,-80,7110,314,8799,-900
-40,-80,8865,-199,9945,900
-40,-80,3278,315,9546,-500
-40,-80,6142,62,9769,900
-40,-80,8315,905,8084,-700
-40,-80,928,-369,7656,-100
-40,-80,6062,-479,1311,500
-40,-80,6869,501,9727,-300
-40,-80,4359,478,3455,-100
-40,-80,9115,-921,193,-200
-40,-80,1061,-994,7096,-800
-40,-80,2951,583,3657,-300
-40,-80,1212,-488,8649,-200
-40,-80,4519,-225,2146,-1000
-40,-80,2908,-533,7893,700
-40,-80,6973,962,4703,500
-40,-80,745,-248,8008,-200
-40,-80,9816,667,2940,-800
-40,-80,7786,305,4594,-1000
-40,-80,612,516,313,-800
-40,-80,9648,-467,8391,0
-40,-80,3425,704,9462,-800
-40,-80,6650,522,728,700
-40,-80,3035,319,3591,900
-40,-80,7905,-85,9269,900
-40,-80,5075,-127,2402,600
-40,-80,8028,-223,2854,-600
-40,-80,606,-454,8298,900
-40,-80,9401,136,4308,500
-40,-80,5292,232,3911,-1000
-40,-80,4550,-715,3899,-700
-40,-80,512,-907,9022,-600
-40,-80,3397,41,4845,300
-40,-80,6045,36,1481,-900
-40,-80,3269,-212,5671,200
-40,-80,5264,226,6252,-200
-40,-80,4439,10,5976,-100
-40,-80,5334,-209,1778,-200
-40,-80,7371,-523,1438,-400
-40,-80,1155,653,217,-800
-40,-80,9644,960,8139,-300
-40,-80,9261,-554,1708,500
-40,-80,6176,438,2091,200
-40,-80,1264,267,946,500
-40,-80,6876,-407,1771,900
-40,-80,4468,693,4210,-200
-40,-80,8832,329,9090,700
-40,-80,4261,22,6492,-800
-40,-80,1436,67,3113,300
-40,-80,4659,772,6181,-400
-40,-80,2343,447,7673,-500
-40,-80,5234,-776,8277,-200
-40,-80,1648,25,4187,900
-40,-80,6395,-257,6400,100
-40,-80,944,-966,6905,700
-40,-80,6491,345,2420,-700
-40,-80,1692,209,4055,-100
-40,-80,6550,-540,4392,-500
-40,-80,3955,550,8294,-800
-40,-80,3345,45,3314,-900
-40,-80,7542,-769,5938,700
-40,-80,885,-513,7164,-700
-40,-80,6193,703,9074,300
-40,-80,3922,-933,5461,400
-40,-80,4076,-622,4517,-400
-40,-80,6539,-444,6806,-1000
-40,-80,9875,818,8723,-200
-40,-80,3826,-99,4152,-700
-40,-70,7103,12,4399,600
-40,-70,3260,-707,1335,-1000
-40,-70,3019,-264,9328,-200
-40,-70,7032,-441,8568,600
-40,-70,4717,-380,3516,-1000
-40,-70,2921,-834,6285,-800
-40,-70,3313,386,2585,-800
-40,-70,2421,-853,5853,-600
-40,-70,9722,-354,1838,-300
-40,-70,9857,-82,52,-600
-40,-70,3133,729,8175,100
-40,-70,8949,1000,6263,600
-40,-70,5659,-743,739,-700
-40,-70,9603,-638,378,500
-40,-70,1207,-872,3929,900
-40,-70,7618,-370,1981,200
-40,-70,4898,-219,2012,-800
-40,-70,8333,380,399,400
-40,-70,1392,307,8824,-200
-40,-70,5532,-598,7345,-600
-40,-70,6624,849,3371,-1000
-40,-70,5632,325,4217,900
-40,-70,8265,-962,3636,400
-40,-70,1151,-455,717,300
-40,-70,7184,361,2449,100
-40,-70,7050,-417,2668,900
-40,-70,5768,-972,2768,-100
-40,-70,1453,401,9725,-100
-40,-70,8276,-684,9630,-400
-40,-70,2776,646,9314,200
-40,-70,3390,-794,4196,-600
-40,-70,3724,53,602,600
-40,-70,9451,-913,2593,500
-40,-70,2819,-252,1013,800
-40,-70,2581,933,4443,-400
-40,-70,809,-356,7071,-500
-40,-70,4603,-853,9179,800
-40,-70,7552,163,3487,900
-40,-70,2548,583,2085,-900
-40,-70,1512,-199,8121,-300
-40,-70,4777,-592,6738,-1000
-40,-70,9940,709,2228,800
-40,-70,717,21,6997,-300
-40,-70,9768,-676,9593,-100
-40,-70,3794,839,3227,-200
-40,-70,6780,-674,781,-400
-40,-70,4841,696,2172,500
-40,-70,90,95,3068,100
-40,-70,2825,314,336,500
-40,-70,8015,-146,8415,900
-40,-70,8223,-596,5219,-200
-40,-70,9326,952,8047,500
-40,-70,7835,896,7233,900
-40,-70,1090,-70,9877,800
-40,-70,4103,-738,8398,700
-40,-70,6525,-604,3838,500
-40,-70,8231,-175,5651,500
-40,-70,8455,718,1121,-300
-40,-70,3771,471,8636,300
-40,-70,5692,419,6058,200
-40,-70,5807,460,7309,-300
-40,-70,5380,-293,1208,0
-40,-70,7623,-869,4686,800
-40,-70,1457,233,3590,-1000
-40,-70,2028,260,2286,-1000
-40,-70,7057,451,3418,900
-40,-70,649,406,6470,500
-40,-70,6644,395,6036,-100
-40,-70,7803,-804,4678,-1000
-40,-70,9475,-401,3190,-1000
-40,-70,5118,664,367,-1000
-40,-70,9967,896,7188,200
-40,-70,1402,-356,516,500
-40,-70,3549,139,3554,700
-40,-70,9267,-690,3280,-400
-40,-70,4646,-135,5241,900
-40,-70,837,-779,1136,-1000
-40,-70,993,-654,340,0
-40,-70,8800,-855,3195,-400
-40,-70,1445,567,3956,-500
-40,-70,8696,597,2868,-800
-40,-70,4360,-611,4850,-200
-40,-70,468,-898,918,-400
-40,-70,7744,-402,5065,-300
-40,-70,6883,-287,945,-400
-40,-70,5118,759,1371,600
-40,-70,4542,859,6010,0
-40,-70,4313,-503,6759,900
-40,-70,4774,-573,3951,900
-40,-70,4246,-16,3411,0
-40,-70,972,-566,1396,-700
-40,-70,7366,-921,3074,600
-40,-70,707,-869,8754,900
-40,-70,8882,984,8344,400
-40,-70,3971,-437,6238,700
-40,-70,372,715,4414,300
-40,-70,4452,-208,905,-200
-40,-70,5209,-138,4162,0
-40,-70,6942,113,2239,800
-40,-70,6704,-349,4474,200
-40,-60,6212,603,1493,600
-40,-60,1988,-992,2706,-600
-40,-60,4144,-688,5239,100
-40,-60,9985,-913,9869,-200
-40,-60,2828,575,461,-200
-40,-60,18,-74,1608,-200
-40,-60,500,71,8025,-600
-40,-60,1092,-577,3349,300
-40,-60,9931,225,7957,-100
-40,-60,9345,-268,3689,-700
-40,-60,9480,-449,4346,400
-40,-60,8600,-40,8343,900
-40,-60,9527,297,4084,400
-40,-60,9992,942,2460,-1000
-40,-60,9426,415,2956,600
-40,-60,8497,52,2322,400
-40,-60,7546,-238,7955,-300
-40,-60,1734,632,8569,-1000
-40,-60,6838,673,2742,800
-40,-60,8638,998,1719,900
-40,-60,9691,141,1926,-600
-40,-60,5198,435,5494,-1000
-40,-60,730,190,956,-300
-40,-60,5526,815,9144,0
-40,-60,4690,789,266,0
-40,-60,3916,534,6875,-100
-40,-60,1998,937,8380,700
-40,-60,7748,-101,328,300
-40,-60,8655,161,6532,300
-40,-60,3638,657,8667,-700
-40,-60,5258,327,9578,-200
-40,-60,2905,-394,3820,-100
-40,-60,9910,61,3199,-1000
-40,-60,5450,-370,143,-600
-40,-60,9970,-681,8143,500
-40,-60,2679,-557,7967,900
-40,-60,8755,-882,5023,500
-40,-60,1967,-128,9842,-300
-40,-60,6492,547,7024,-1000
-40,-60,1309,572,7093,200
-40,-60,1975,-750,1880,-100
-40,-60,2611,798,9438,-500
-40,-60,9439,294,5743,700
-40,-60,8145,-558,1498,-600
-40,-60,9356,-549,7391,700
-40,-60,739,-346,1422,-300
-40,-60,4814,853,2672,-1000
-40,-60,6668,165,9154,600
-40,-60,4566,-617,5713,-500
-40,-60,6095,990,7835,-1000
-40,-60,7761,-574,8118,300
-40,-60,3885,916,7685,100
-40,-60,5355,-31,9651,-900
-40,-60,2399,-712,1291,400
-40,-60,5564,122,2760,-100
-40,-60,3367,-515,656,500
-40,-60,7736,-259,5579,600
-40,-60,5469,996,1437,300
-40,-60,3190,-884,1867,-500
-40,-60,8370,-958,9638,-700
-40,-60,9246,-178,9136,900
-40,-60,1489,8,9091,700
-40,-60,8559,-496,5344,-1000
-40,-60,9392,-641,5323,-800
-40,-60,3553,-891,7161,-100
-40,-60,5208,-141,2091,100
-40,-60,4144,-58,3969,100
-40,-60,2898,-24,2974,-600
-40,-60,8248,-11,4993,100
-40,-60,2783,-535,407,-700
-40,-60,8121,871,1718,800
-40,-60,3157,991,9291,-100
-40,-60,1559,-420,5235,-1000
-40,-60,280,-557,2360,900
-40,-60,3294,-469,1358,900
-40,-60,8403,-303,3181,-1000
-40,-60,8640,-428,2850,600
-40,-60,9134,601,4793,300
-40,-60,6575,-303,9956,400
-40,-60,310,267,85,700
-40,-60,9542,-54,8107,0
-40,-60,6024,-201,2479,-900
-40,-60,8148,478,3425,800
-40,-60,65,-213,5369,-1000
-40,-60,1984,-899,1877,0
-40,-60,3356,963,6868,-1000
-40,-60,3677,597,9619,300
-40,-60,800,-709,4141,-900
-40,-60,4503,497,4088,200
-40,-60,6988,944,6256,-500
-40,-60,4839,-238,9506,900
-40,-60,1449,-579,1386,-300
-40,-60,4292,916,904,-1000
-40,-60,7473,-411,9011,-800
-40,-60,9408,598,2807,300
-40,-60,7874,-677,6833,600
-40,-60,5674,-941,3079,-700
-40,-60,5884,457,984,-900
-40,-60,1170,482,2182,300
-40,-60,4132,-960,3315,900
-40,-50,9955,483,6615,200
-40,-50,1472,-503,1039,900
-40,-50,823,-995,6930,0
-40,-50,8630,-860,6239,700
-40,-50,5895,480,259,-700
-40,-50,2563,-886,4294,-1000
-40,-50,6303,272,1297,0
-40,-50,8615,981,3825,700
-40,-50,4202,607,4788,300
-40,-50,4582,928,4027,-100
-40,-50,4722,399,6320,-200
-40,-50,2314,169,5874,-200
-40,-50,8669,-395,7109,-800
-40,-50,918,289,8171,-1000
-40,-50,775,-415,6314,-700
-40,-50,3354,-13,2810,800
-40,-50,5299,986,4880,-100
-40,-50,513,-527,5106,0
-40,-50,6241,282,1339,-1000
-40,-50,2351,962,2001,500
-40,-50,1264,-742,5672,-400
-40,-50,7190,-623,9805,900
-40,-50,6490,-858,5975,-300
-40,-50,847,-577,9728,-300
-40,-50,8109,-321,6168,-1000
-40,-50,9606,-928,9051,-200
-40,-50,6593,424,660,-1000
-40,-50,940,-210,7021,900
-40,-50,8576,236,5878,700
-40,-50,9720,819,6702,-600
-40,-50,3685,-182,4906,400
-40,-50,537,-724,8440,-100
-40,-50,7855,-841,8963,-200
-40,-50,4307,557,3328,-100
-40,-50,3544,235,9350,300
-40,-50,5705,-713,1977,800
-40,-50,9210,306,9327,900
-40,-50,6230,604,8428,600
-40,-50,8664,-817,5719,-700
-40,-50,2797,561,7292,-600
-40,-50,1666,283,8233,200
-40,-50,9676,525,5475,-600
-40,-50,4734,995,3104,-1000
-40,-50,476,551,4386,-800
-40,-50,8039,557,6442,-700
-40,-50,417,-372,2344,900
-40,-50,214,-586,8183,700
-40,-50,8713,979,4394,600
-40,-50,8998,-449,4919,-100
-40,-50,7868,51,8029,700
-40,-50,8451,124,2942,900
-40,-50,3606,-812,9914,-700
-40,-50,1138,-823,243,800
-40,-50,8637,647,7814,600
-40,-50,3302,-82,1758,-1000
-40,-50,4499,606,2828,-900
-40,-50,1407,763,1999,500
-40,-50,7138,-998,8592,900
-40,-50,537,341,4142,-300
-40,-50,3749,837,2892,-700
-40,-50,5361,227,8228,-1000
-40,-50,9756,98,4513,-100
-40,-50,582,-75,7489,800
-40,-50,6192,306,5753,500
-40,-50,7525,414,2162,700
-40,-50,6194,820,9652,-700
-40,-50,4925,388,465,900
-40,-50,3485,216,7203,-400
-40,-50,5697,599,4410,-700
-40,-50,3929,980,8396,200
-40,-50,8862,-15,1629,-1000
-40,-50,8614,-15,5221,400
-40,-50,9101,889,4743,900
-40,-50,9561,-659,3728,900
-40,-50,7258,123,9696,-1000
-40,-50,3301,175,893,900
-40,-50,4909,223,8480,-1000
-40,-50,5643,-122,2019,600
-40,-50,1901,-850,8981,800
-40,-50,8620,-230,4168,600
-40,-50,4094,-308,7915,100
-40,-50,1556,393,9584,-200
-40,-50,9614,701,7721,-100
-40,-50,3071,628,2907,-300
-40,-50,4836,638,9386,-200
-40,-50,3812,899,1870,800
-40,-50,5555,105,2043,-1000
-40,-50,8427,250,5057,700
-40,-50,3307,-944,6179,800
-40,-50,1297,-653,4976,300
-40,-50,4684,-55,5864,-100
-40,-50,7623,720,4697,800
-40,-50,3328,-553,8312,-200
-40,-50,2042,442,7311,-200
-40,-50,8582,-276,1279,800
-40,-50,6347,841,9106,-1000
-40,-50,4126,-273,2333,900
-40,-50,556,-591,8032,700
-40,-50,7474,-265,7218,-500
-40,-50,502,-424,3998,700
-40,-40,6671,109,3338,700
-40,-40,877,-848,2494,900
-40,-40,464,-79,1381,900
-40,-40,3896,658,8083,-100
-40,-40,9480,-269,1758,-300
-40,-40,6030,922,2696,-500
-40,-40,7058,-218,8060,-500
-40,-40,274,871,6711,-300
-40,-40,6101,937,9290,-900
-40,-40,7076,-121,4325,-900
-40,-40,3239,320,8686,500
-40,-40,5880,438,278,-200
-40,-40,7515,-978,4204,-500
-40,-40,4217,391,2435,-400
-40,-40,4874,-79,1460,900
-40,-40,4373,-151,7069,-300
-40,-40,1080,417,2369,-800
-40,-40,7667,333,2089,-900
-40,-40,6107,-732,6264,200
-40,-40,2446,947,7244,900
-40,-40,2640,537,8360,-400
-40,-40,8622,372,392,-1000
-40,-40,5644,432,9400,-900
-40,-40,9726,634,3112,800
-40,-40,9513,693,2757,-900
-40,-40,7973,908,9087,-600
-40,-40,2123,547,1493,-900
-40,-40,3108,884,7045,-700
-40,-40,601,800,7635,-200
-40,-40,6216,-806,9128,-800
-40,-40,5766,-811,8587,800
-40,-40,2531,559,5443,-800
-40,-40,6570,-726,4046,-1000
-40,-40,5479,-630,5223,0
-40,-40,3101,11,3617,-100
-40,-40,5916,652,2327,-1000
-40,-40,3479,-614,82,500
-40,-40,674,-405,5584,-600
-40,-40,1230,-828,7751,-500
-40,-40,5837,-99,7762,600
-40,-40,9870,-746,3841,900
-40,-40,8409,-732,7935,-400
-40,-40,4071,6,5494,700
-40,-40,7409,742,6533,-900
-40,-40,6995,191,9380,0
-40,-40,8438,-62,648,500
-40,-40,5305,422,4962,-300
-40,-40,7752,-507,8076,500
-40,-40,7113,-852,2527,200
-40,-40,9433,-589,5742,-800
-40,-40,224,-52,7257,100
-40,-40,5641,866,6801,300
-40,-40,5790,-736,4165,600
-40,-40,3784,-306,5645,-1000
-40,-40,1112,-798,8961,-200
-40,-40,2909,-486,804,-800
-40,-40,2039,-630,9747,-200
-40,-40,5004,749,2550,700
-40,-40,7325,-810,6270,900
-40,-40,9061,-432,2495,-500
-40,-40,4378,518,5770,-1000
-40,-40,9356,636,7516,700
-40,-40,8025,145,9553,-100
-40,-40,6692,72,5672,700
-40,-40,9270,-637,288,100
-40,-40,9406,197,3541,-400
-40,-40,7802,698,9758,-400
-40,-40,5628,385,2476,-800
-40,-40,4780,-241,3172,500
-40,-40,9276,-502,2722,-1000
-40,-40,8105,-340,6289,800
-40,-40,5604,977,3737,-1000
-40,-40,6957,-973,5318,-200
-40,-40,7749,-699,955,300
-40,-40,1963,159,9701,700
-40,-40,2599,408,9713,900
-40,-40,4098,67,6974,700
-40,-40,1242,-662,9107,-900
-40,-40,720,-835,8536,-300
-40,-40,8954,271,5536,600
-40,-40,5589,65,7196,200
-40,-40,9215,-885,7579,900
-40,-40,8932,325,2934,900
-40,-40,4521,-863,8020,-300
-40,-40,7756,-792,5748,600
-40,-40,8463,-435,8242,-500
-40,-40,3253,-212,3490,900
-40,-40,4279,-466,1099,600
-40,-40,1451,-297,8694,-400
-40,-40,2131,682,3841,800
-40,-40,4792,-433,44,200
-40,-40,5814,-735,4164,-800
-40,-40,3887,-819,7650,700
-40,-40,105,-56,5460,-900
-40,-40,8007,-147,7101,500
-40,-40,2773,100,5353,-300
-40,-40,3631,-847,104,100
-40,-40,3938,629,3532,-1000
-40,-40,1043,470,2629,900
-40,-40,2612,242,6932,900
-40,-30,6867,-831,9848,600
-40,-30,9188,-772,9453,-900
-40,-30,7691,-204,247,-400
-40,-30,3270,832,3829,-100
-40,-30,6312,538,6584,0
-40,-30,2873,-81,2005,500
-40,-30,3162,-836,3279,-400
-40,-30,2533,-651,9904,-900
-40,-30,2593,612,2886,-800
-40,-30,1051,-874,6142,200
-40,-30,814,824,4147,900
-40,-30,290,758,5324,-400
-40,-30,3257,798,5854,-200
-40,-30,2758,-428,5273,200
-40,-30,1311,133,1897,700
-40,-30,7316,-471,551,0
-40,-30,8495,-77,9970,700
-40,-30,6856,902,2199,-1000
-40,-30,8410,29,4710,-200
-40,-30,8144,134,5282,-1000
-40,-30,426,429,2047,-600
-40,-30,8130,28,1858,900
-40,-30,7606,-148,819,-500
-40,-30,1012,677,1859,-1000
-40,-30,9889,-125,4199,900
-40,-30,2046,-379,7449,-1000
-40,-30,1253,860,1026,-700
-40,-30,9271,-423,802,-900
-40,-30,3011,-826,2493,100
-40,-30,5988,336,7438,-300
-40,-30,6072,633,5599,900
-40,-30,7236,526,2762,-500
-40,-30,532,810,272,-300
-40,-30,7450,776,8416,-800
-40,-30,2963,35,6285,-800
-40,-30,9861,-707,8133,300
-40,-30,8693,-502,1024,500
-40,-30,3389,-814,3399,-600
-40,-30,5626,740,472,-1000
-40,-30,5876,947,7527,200
-40,-30,6732,181,4898,0
-40,-30,6733,-256,9744,600
-40,-30,4139,-757,1167,-900
-40,-30,7865,-442,6008,0
-40,-30,2033,770,1175,400
-40,-30,8173,-448,7560,-300
-40,-30,9825,535,224,-300
-40,-30,1258,544,6300,-1000
-40,-30,6023,-561,6740,600
-40,-30,5283,765,7804,-200
-40,-30,9975,-213,7696,700
-40,-30,260,100,4044,600
-40,-30,2029,310,9027,-300
-40,-30,5428,-481,106,-400
-40,-30,2138,-731,7836,600
-40,-30,5230,-500,7781,400
-40,-30,3082,692,3615,500
-40,-30,5620,-245,594,-500
-40,-30,5194,-17,6500,-700
-40,-30,9827,492,9714,-1000
-40,-30,1758,-628,812,-400
-40,-30,5889,-905,9329,500
-40,-30,2840,-306,779,900
-40,-30,5672,318,8932,-1000
-40,-30,6207,103,1536,600
-40,-30,9468,807,3128,-600
-40,-30,1618,-879,4627,300
-40,-30,2485,-840,6497,-800
-40,-30,4485,604,2223,300
-40,-30,3481,-562,2520,-900
-40,-30,4314,-676,8882,-1000
-40,-30,9852,148,2781,-300
-40,-30,409,-41,6342,-300
-40,-30,6480,-419,3465,-1000
-40,-30,1593,130,5876,400
-40,-30,7956,19,2180,-1000
-40,-30,8169,271,7244,-700
-40,-30,5486,856,7129,-600
-40,-30,7051,89,4768,-1000
-40,-30,6937,-684,5192,-600
-40,-30,5608,-150,8885,900
-40,-30,2078,653,4716,-900
-40,-30,2360,-24,6170,-600
-40,-30,533,-444,2669,-900
-40,-30,892,514,608,-400
-40,-30,4423,-183,5812,200
-40,-30,2301,244,7138,900
-40,-30,2600,571,5633,0
-40,-30,7511,-575,4935,-1000
-40,-30,5214,698,1162,-200
-40,-30,5251,-258,7866,200
-40,-30,1026,-854,6641,900
-40,-30,7218,-611,5931,300
-40,-30,5868,945,2379,200
-40,-30,5629,-911,3616,-400
-40,-30,7623,-784,5807,200
-40,-30,273,40,3888,-900
-40,-30,9622,-552,7187,600
-40,-30,7922,-877,1881,-300
-40,-30,7308,-762,5878,600
-40,-20,5769,-239,2726,900
-40,-20,3297,416,1042,-400
-40,-20,9413,664,2779,-400
-40,-20,5326,266,4138,200
-40,-20,8542,-948,9507,-500
-40,-20,2018,-865,2713,-1000
-40,-20,5544,-489,3954,-500
-40,-20,1371,54,113,0
-40,-20,9740,780,6985,-600
-40,-20,9730,201,7372,700
-40,-20,8966,-497,3820,-300
-40,-20,8884,-245,8637,-300
-40,-20,9274,231,9501,900
-40,-20,9180,563,6592,-1000
-40,-20,9917,-905,7261,-600
-40,-20,1883,350,1655,-200
-40,-20,4313,-923,8423,-900
-40,-20,4578,185,6897,-200
-40,-20,5680,-414,8241,200
-40,-20,4615,-752,8927,400
-40,-20,331,-446,7649,700
-40,-20,100,-458,9980,100
-40,-20,4359,-184,5530,-1000
-40,-20,1918,-700,5408,-100
-40,-20,3780,-715,36,900
-40,-20,6880,-144,9260,900
-40,-20,9702,-699,9019,-600
-40,-20,4665,-996,8998,800
-40,-20,8893,-922,8469,-100
-40,-20,6380,736,763,-100
-40,-20,6221,-667,4819,800
-40,-20,73,852,6413,900
-40,-20,6540,495,1273,0
-40,-20,9777,-260,1000,800
-40,-20,2873,-368,261,-800
-40,-20,4520,890,4413,400
-40,-20,3893,247,5951,-400
-40,-20,1070,599,841,800
-40,-20,7023,42,4235,-200
-40,-20,7894,281,867,-100
-40,-20,2713,458,4283,500
-40,-20,2675,584,9602,500
-40,-20,3986,191,8549,600
-40,-20,4414,927,3993,200
-40,-20,8015,766,4677,900
-40,-20,6839,-96,3937,-900
-40,-20,3112,377,5519,300
-40,-20,301,588,7451,-1000
-40,-20,701,-592,5022,200
-40,-20,5786,-293,3226,-1000
-40,-20,3578,-547,6589,0
-40,-20,7978,-565,482,-1000
-40,-20,8268,235,5914,-400
-40,-20,3001,-143,765,-1000
-40,-20,3500,74,719,200
-40,-20,7729,-493,4866,300
-40,-20,2694,-317,4483,700
-40,-20,1428,-655,3611,-100
-40,-20,6061,690,4478,200
-40,-20,1808,-478,3750,-100
-40,-20,440,-314,7859,-400
-40,-20,4656,-777,4109,700
-40,-20,6013,158,6120,700
-40,-20,255,21,4999,900
-40,-20,928,173,982,-400
-40,-20,4251,-103,4267,700
-40,-20,2455,898,6541,-600
-40,-20,4023,-464,6258,-100
-40,-20,7921,-425,9199,-100
-40,-20,3841,-317,1080,0
-40,-20,620,-676,5198,200
-40,-20,1426,-617,4183,900
-40,-20,1606,-417,5112,-600
-40,-20,4297,68,6858,500
-40,-20,5973,-497,8713,-1000
-40,-20,2956,470,689,100
-40,-20,6773,-749,2420,-800
-40,-20,1245,248,8373,900
-40,-20,9828,-829,7830,700
-40,-20,7618,847,2593,100
-40,-20,5784,-589,5785,-800
-40,-20,9284,905,3513,200
-40,-20,5111,-293,9163,900
-40,-20,9355,-598,3227,-400
-40,-20,5529,163,5801,100
-40,-20,6702,-87,7735,200
-40,-20,8628,-553,9321,500
-40,-20,8398,-795,1864,-800
-40,-20,9140,-763,2731,300
-40,-20,100,-581,5285,300
-40,-20,5423,-248,5957,-500
-40,-20,8770,-636,1937,0
-40,-20,2258,-249,6740,700
-40,-20,644,671,9384,500
-40,-20,503,168,786,400
-40,-20,1135,-471,7499,100
-40,-20,9305,181,4789,100
-40,-20,8140,-785,1611,-200
-40,-20,1080,754,9309,500
-40,-20,3546,364,1700,500
-40,-10,2611,-826,217,100
-40,-10,3544,755,3339,-1000
-40,-10,223,260,8491,400
-40,-10,7312,991,3503,600
-40,-10,271,-123,4006,-700
-40,-10,1805,-502,7280,0
-40,-10,8243,171,1096,-100
-40,-10,3591,-496,5261,-1000
-40,-10,4032,-874,9614,-800
-40,-10,245,356,4718,300
-40,-10,5549,-386,7794,-600
-40,-10,2821,283,4725,-200
-40,-10,1093,655,8025,-500
-40,-10,8485,618,8605,300
-40,-10,4038,-920,5434,200
-40,-10,1916,-882,9684,700
-40,-10,2972,611,8741,900
-40,-10,4410,840,419,-600
-40,-10,6704,-437,110,-700
-40,-10,6117,85,2083,900
-40,-10,3804,-407,7193,-1000
-40,-10,8685,-930,8821,400
-40,-10,1845,155,3606,-1000
-40,-10,8271,957,6593,-800
-40,-10,4148,453,8746,900
-40,-10,4140,967,5166,-600
-40,-10,9832,372,612,-1000
-40,-10,9643,909,3615,-900
-40,-10,51,-824,1604,-1000
-40,-10,6845,474,9607,500
-40,-10,2193,-225,4847,800
-40,-10,6532,-625,2845,600
-40,-10,1157,-726,7469,300
-40,-10,9352,357,1665,-400
-40,-10,740,863,4473,800
-40,-10,2507,-884,7770,-800
-40,-10,776,-164,2012,-1000
-40,-10,2089,9,8782,600
-40,-10,7906,-93,7195,600
-40,-10,6498,-355,1110,800
-40,-10,7186,382,3158,500
-40,-10,4030,-246,1227,-200
-40,-10,1798,-89,4724,600
-40,-10,3422,-5,7576,700
-40,-10,2642,802,4686,-500
-40,-10,1497,-805,4169,0
-40,-10,3940,-843,9880,-600
-40,-10,6918,677,312,-200
-40,-10,406,175,9723,600
-40,-10,5576,-982,9570,900
-40,-10,2633,-267,964,-900
-40,-10,4115,-490,2514,-200
-40,-10,1506,-61,5198,900
-40,-10,8175,-910,7228,-1000
-40,-10,9138,530,7071,200
-40,-10,5137,516,7544,900
-40,-10,4627,-912,3227,-500
-40,-10,6178,-570,1383,-400
-40,-10,5426,-222,2249,800
-40,-10,50,573,6111,-500
-40,-10,89,-531,6121,400
-40,-10,2098,945,2551,-1000
-40,-10,6725,-935,1437,-300
-40,-10,4499,417,7941,-200
-40,-10,6384,255,4854,-400
-40,-10,8994,306,9984,800
-40,-10,2218,758,9757,-400
-40,-10,8019,981,9751,200
-40,-10,9809,888,756,-300
-40,-10,2634,-610,8189,-1000
-40,-10,5934,10,7297,800
-40,-10,9466,-489,1409,-500
-40,-10,3666,-199,4081,300
-40,-10,7611,821,7570,-400
-40,-10,3364,158,4185,-800
-40,-10,6203,-191,2219,-200
-40,-10,3943,-239,1974,-200
-40,-10,5590,-779,6777,-300
-40,-10,215,-365,3460,0
-40,-10,7971,361,1208,700
-40,-10,3390,180,6579,-900
-40,-10,5757,397,8636,0
-40,-10,9352,-814,6668,500
-40,-10,7913,-130,1850,0
-40,-10,7767,-958,6423,-800
-40,-10,1425,-536,5991,900
-40,-10,6974,612,2115,900
-40,-10,4246,192,7289,900
-40,-10,6304,-367,8480,-100
-40,-10,3806,430,3731,-400
-40,-10,7272,-655,2292,-600
-40,-10,2592,502,2205,100
-40,-10,4778,668,7929,-1000
-40,-10,5084,-138,6342,-600
-40,-10,7899,212,3670,700
-40,-10,4209,-206,7436,500
-40,-10,9726,-792,2972,400
-40,-10,6337,-994,650,500
-40,-10,8239,774,7873,-900
-40,-10,5034,443,2751,-600
-40,0,7618,420,8303,900
-40,0,1069,183,6836,0
-40,0,2407,-780,6569,-700
-40,0,2950,17,9911,-1000
-40,0,5893,264,1188,0
-40,0,2591,-309,2135,900
-40,0,4234,133,2197,-900
-40,0,3505,-144,5860,-900
-40,0,6908,762,9739,900
-40,0,3742,430,7474,800
-40,0,2661,-953,7521,-1000
-40,0,6553,237,7679,-900
-40,0,7509,-801,6163,-1000
-40,0,9866,-228,7920,300
-40,0,9985,964,5953,-600
-40,0,6697,490,7616,-1000
-40,0,5022,-359,118,700
-40,0,1593,886,5299,-300
-40,0,3329,-300,2896,100
-40,0,2608,-186,9244,100
-40,0,6843,-763,1247,300
-40,0,835,-914,2737,-700
-40,0,61,487,4079,-400
-40,0,8124,-83,1325,-1000
-40,0,7009,-410,8209,800
-40,0,4286,-395,2457,-500
-40,0,738,476,7947,-300
-40,0,3507,292,7950,-900
-40,0,4464,48,5531,600
-40,0,2372,909,5590,-100
-40,0,3387,-827,7202,800
-40,0,684,690,2417,900
-40,0,8387,-643,106,-1000
-40,0,497,-90,7101,800
-40,0,3889,-622,4160,200
-40,0,4646,-350,4034,900
-40,0,8320,9,6586,800
-40,0,6633,694,245,400
-40,0,8624,-823,4817,300
-40,0,3325,-677,3374,900
-40,0,2878,-698,4394,-800
-40,0,5283,-769,1982,500
-40,0,8096,-628,5097,-600
-40,0,8930,869,3725,-900
-40,0,8525,-551,647,-100
-40,0,2539,-792,7315,100
-40,0,8422,-772,7063,0
-40,0,1263,449,9654,200
-40,0,3728,-201,6701,500
-40,0,5093,487,5945,-1000
-40,0,8634,287,8328,-200
-40,0,1882,351,1367,700
-40,0,7839,583,668,0
-40,0,9263,808,4183,-1000
-40,0,717,-49,4073,-500
-40,0,1875,36,3786,600
-40,0,7646,460,2047,-500
-40,0,767,133,6683,100
-40,0,6328,348,8230,300
-40,0,6940,-499,683,0
-40,0,8945,-431,8140,-800
-40,0,9884,856,4574,-1000
-40,0,4774,465,653,-500
-40,0,3308,977,925,-100
-40,0,9593,532,5186,-100
-40,0,8699,944,7639,-500
-40,0,598,-21,8689,900
-40,0,7355,301,5452,-900
-40,0,7909,361,2305,-100
-40,0,272,704,5988,800
-40,0,4490,-881,2008,-400
-40,0,4045,-648,5992,-200
-40,0,3668,353,7232,900
-40,0,4868,-280,4864,-100
-40,0,8420,-125,6541,-800
-40,0,9754,-981,8559,-1000
-40,0,8456,258,2440,-400
-40,0,2496,425,1174,-800
-40,0,1203,285,7375,900
-40,0,2714,-959,6625,500
-40,0,6345,605,7164,-700
-40,0,8777,263,9868,-500
-40,0,1452,-899,1095,-700
-40,0,6553,-587,8710,900
-40,0,2652,281,2066,100
-40,0,2132,467,1572,100
-40,0,4514,-104,3146,0
-40,0,4029,-951,1127,100
-40,0,9024,-686,112,900
-40,0,1428,-161,5652,700
-40,0,4216,308,6862,-500
-40,0,1337,-743,6702,-600
-40,0,609,-980,5402,900
-40,0,6578,-490,4052,-400
-40,0,1492,-391,8883,-1000
-40,0,4675,-990,4477,700
-40,0,8846,629,4072,200
-40,0,4051,437,9074,100
-40,0,7423,546,6615,-100
-40,0,9318,472,90,100
-40,10,6442,133,5730,300
-40,10,2005,278,5767,0
-40,10,8263,728,1719,200
-40,10,6930,-440,4885,900
-40,10,1544,665,3884,-100
-40,10,3461,-837,8840,600
-40,10,7336,-516,6432,100
-40,10,2993,907,3899,-600
-40,10,6216,408,6228,900
-40,10,6397,891,5212,100
-40,10,8665,-3,7447,-700
-40,10,5293,-949,1759,200
-40,10,9709,-765,9861,-700
-40,10,7683,-232,6543,-500
-40,10,1449,715,628,-800
-40,10,7032,241,7102,900
-40,10,1261,-1,612,-1000
-40,10,652,122,5673,-400
-40,10,4494,-68,8897,300
-40,10,9307,24,8158,300
-40,10,1191,362,4393,-200
-40,10,3762,-891,5782,500
-40,10,4635,-809,1760,-600
-40,10,5984,-206,6292,-500
-40,10,139,599,6949,900
-40,10,2617,992,9388,-1000
-40,10,8202,-966,8869,300
-40,10,5718,-850,1560,300
-40,10,3277,301,458,-200
-40,10,8605,-447,2662,100
-40,10,2459,274,3608,900
-40,10,3382,-11,7309,-700
-40,10,9076,110,5672,-1000
-40,10,4010,-571,4112,500
-40,10,3794,958,9247,-500
-40,10,5266,487,1825,700
-40,10,3784,-78,699,0
-40,10,5658,250,667,900
-40,10,3707,346,4014,200
-40,10,860,-300,5816,-700
-40,10,534,-4,9883,-900
-40,10,9091,-116,8617,-800
-40,10,7190,-999,8377,100
-40,10,79,-228,9662,800
-40,10,3092,-66,1270,-700
-40,10,3462,212,432,-700
-40,10,1538,696,4395,900
-40,10,3314,-118,7334,900
-40,10,4789,-206,4844,-500
-40,10,13,-601,5507,300
-40,10,3723,-288,6861,-800
-40,10,9547,696,6762,-700
-40,10,3848,-12,5742,400
-40,10,6201,550,3972,-600
-40,10,6993,-732,7215,-100
-40,10,9347,677,2781,-400
-40,10,3361,318,6493,300
-40,10,5286,98,9686,-600
-40,10,4075,903,305,400
-40,10,2052,133,3204,-100
-40,10,857,-212,1656,-400
-40,10,3665,259,8106,700
-40,10,6854,-981,9429,-200
-40,10,1345,-257,139,-400
-40,10,6843,-283,7184,900
-40,10,6090,834,3908,-200
-40,10,5833,-963,5701,900
-40,10,6541,-453,2352,400
-40,10,5823,866,4065,400
-40,10,9307,110,9532,200
-40,10,7854,279,656,800
-40,10,2470,-537,4309,-500
-40,10,3939,-550,8297,600
-40,10,4188,962,5308,-300
-40,10,1685,467,3109,800
-40,10,6526,279,3295,400
-40,10,3066,-527,538,900
-40,10,3271,-451,551,-800
-40,10,6866,-951,6723,-100
-40,10,2121,-888,457,-200
-40,10,6560,-869,3426,-1000
-40,10,3222,974,9889,-900
-40,10,2656,-766,9735,-800
-40,10,9014,-398,760,-400
-40,10,5431,-120,132,-900
-40,10,220,-449,6943,-600
-40,10,3054,-901,3369,-1000
-40,10,4773,689,6975,900
-40,10,3184,-569,8353,-700
-40,10,4245,-99,492,800
-40,10,8799,457,6236,-600
-40,10,6013,-156,6352,300
-40,10,8802,438,8852,-300
-40,10,820,-642,7663,900
-40,10,8536,-616,4940,-200
-40,10,2552,-269,3137,-600
-40,10,2289,-697,7516,700
-40,10,1432,-760,3988,-900
-40,10,2388,-301,6335,-1000
-40,10,2073,-681,7180,200
-40,20,3390,-424,4948,200
-40,20,4528,52,7568,800
-40,20,9238,-140,8517,900
-40,20,2286,219,4785,300
-40,20,7373,657,9175,900
-40,20,5010,-9,8795,-500
-40,20,6869,-701,8212,-500
-40,20,358,744,9990,-700
-40,20,9459,945,6135,100
-40,20,3054,590,8221,-700
-40,20,2207,-193,7763,500
-40,20,2430,49,3216,300
-40,20,2750,499,7929,-700
-40,20,4712,171,4288,0
-40,20,3365,296,9196,-800
-40,20,2445,111,484,200
-40,20,7575,-129,9376,-1000
-40,20,5046,-995,6070,700
-40,20,1877,-381,5729,0
-40,20,6661,-54,8255,500
-40,20,5696,-671,6787,400
-40,20,5212,608,2969,-800
-40,20,2662,-560,9354,-700
-40,20,7349,-502,2047,900
-40,20,9351,484,9468,-1000
-40,20,4990,-641,8813,-800
-40,20,1342,-711,5342,900
-40,20,8863,-264,2594,600
-40,20,3313,777,8172,900
-40,20,6144,945,3034,500
-40,20,3766,458,6150,-400
-40,20,8949,-599,863,-600
-40,20,3605,232,787,-200
-40,20,925,820,2994,500
-40,20,8389,-294,6937,-800
-40,20,4934,-481,4672,-600
-40,20,7461,461,3288,200
-40,20,520,995,9249,-900
-40,20,1123,-894,9003,-800
-40,20,2634,147,8616,-100
-40,20,39,493,4611,900
-40,20,6504,978,5033,-600
-40,20,3328,-701,4865,-800
-40,20,630,-354,1918,-1000
-40,20,1908,-39,7738,-500
-40,20,4025,-915,1233,-300
-40,20,5850,-142,8510,900
-40,20,5239,646,871,-800
-40,20,914,-686,162,-800
-40,20,6093,-52,33,300
-40,20,1128,772,2974,-500
-40,20,4887,-891,1669,400
-40,20,5721,-462,5555,900
-40,20,505,-266,4846,-400
-40,20,1664,-447,6738,800
-40,20,4107,887,5674,500
-40,20,59,432,8537,-1000
-40,20,190,-357,4721,-700
-40,20,2102,776,183,100
-40,20,4362,-546,3722,-900
-40,20,172,521,9465,-300
-40,20,548,-127,1288,-800
-40,20,3585,562,8428,200
-40,20,6019,-194,5053,400
-40,20,6327,94,7218,-800
-40,20,7012,885,907,-700
-40,20,1142,475,6888,700
-40,20,6501,-905,1325,300
-40,20,9947,-946,2462,300
-40,20,5480,-53,7195,0
-40,20,8371,905,3296,-900
-40,20,6308,-697,3482,500
-40,20,2747,-33,3441,-800
-40,20,2432,-45,1965,400
-40,20,5631,-67,5632,-1000
-40,20,3506,-462,6025,100
-40,20,404,75,8262,-400
-40,20,9277,-740,4197,100
-40,20,739,695,3774,-600
-40,20,5987,655,5206,400
-40,20,1711,-776,9726,-900
-40,20,926,587,2641,-800
-40,20,2749,-700,7728,0
-40,20,5961,994,1827,0
-40,20,4969,137,8470,-800
-40,20,4157,560,6854,-900
-40,20,6362,73,8500,-800
-40,20,1918,-58,6269,-300
-40,20,4611,984,1271,600
-40,20,8184,-922,4726,-600
-40,20,4190,-246,4130,-1000
-40,20,8584,893,8050,-600
-40,20,8675,-133,719,-700
-40,20,196,742,6051,-1000
-40,20,1921,-771,3112,-900
-40,20,6528,-416,3832,-200
-40,20,9181,-499,2661,-100
-40,20,7293,708,7129,-1000
-40,20,4077,-170,7046,-600
-40,20,7341,447,9876,200
-40,30,2622,-214,7641,600
-40,30,8570,158,7528,600
-40,30,6358,-741,9092,-100
-40,30,5194,-310,385,-900
-40,30,1491,166,6516,900
-40,30,3914,745,735,600
-40,30,4528,-740,2079,900
-40,30,1202,839,9459,100
-40,30,8529,69,335,-100
-40,30,3774,-897,7031,400
-40,30,7985,-493,5738,500
-40,30,9973,-16,5827,900
-40,30,914,-42,232,-1000
-40,30,7043,122,7115,700
-40,30,9251,-285,4865,200
-40,30,9677,988,1885,-900
-40,30,972,-166,5841,-100
-40,30,4971,355,9988,-900
-40,30,1499,474,3226,900
-40,30,3709,-884,5682,800
-40,30,6123,-84,6673,-900
-40,30,7263,-930,7674,300
-40,30,6576,780,3116,-100
-40,30,1303,-927,1772,200
-40,30,1223,-41,3299,-700
-40,30,874,134,621,200
-40,30,3235,396,3215,900
-40,30,7437,-484,137,400
-40,30,5376,284,2731,-1000
-40,30,9782,-689,498,-500
-40,30,3258,170,9003,700
-40,30,9362,-331,3979,900
-40,30,2180,964,3662,-1000
-40,30,2092,327,9512,-1000
-40,30,3209,434,5176,500
-40,30,4858,292,1904,300
-40,30,9741,-827,5358,400
-40,30,3719,962,3447,-1000
-40,30,6637,-286,500,-1000
-40,30,4383,-88,8884,200
-40,30,8664,65,281,900
-40,30,5968,350,1478,700
-40,30,9083,-867,8383,-100
-40,30,698,-829,2987,400
-40,30,6505,143,30,-800
-40,30,802,962,4774,900
-40,30,167,26,4954,0
-40,30,1214,-488,9160,900
-40,30,5798,208,6464,800
-40,30,1981,-263,8306,500
-40,30,5734,-996,335,-100
-40,30,3192,-851,6384,900
-40,30,5967,669,7835,700
-40,30,8885,-376,9328,-400
-40,30,5328,233,1484,200
-40,30,6914,884,1766,300
-40,30,5698,974,3601,-800
-40,30,7882,-915,461,400
-40,30,2370,316,1907,-1000
-40,30,6736,-821,9417,-1000
-40,30,8742,-39,8038,800
-40,30,1493,990,7601,-1000
-40,30,4908,-711,4955,-400
-40,30,673,-144,9135,200
-40,30,9296,494,7367,100
-40,30,5754,767,2212,500
-40,30,2207,372,8038,600
-40,30,9116,190,5901,800
-40,30,4508,-828,6305,-500
-40,30,1993,466,1817,900
-40,30,3635,-483,5763,-400
-40,30,4669,347,2580,300
-40,30,3761,655,8572,300
-40,30,4460,423,7745,200
-40,30,4573,880,8025,600
-40,30,634,373,7205,-400
-40,30,4640,-956,5085,-1000
-40,30,1887,987,9552,400
-40,30,3253,569,4090,900
-40,30,5101,-337,9170,900
-40,30,8622,-96,404,200
-40,30,975,573,2626,600
-40,30,7262,-456,3049,-200
-40,30,8154,-210,7265,-200
-40,30,3029,-114,2879,-1000
-40,30,5110,-177,3307,-300
-40,30,4040,477,6632,400
-40,30,4131,-542,8816,300
-40,30,3368,448,6496,-100
-40,30,2732,-652,9098,-300
-40,30,660,197,3784,-300
-40,30,7108,-493,8549,800
-40,30,6667,834,6774,200
-40,30,5873,-321,1292,900
-40,30,674,389,9236,-700
-40,30,4050,321,558,-1000
-40,30,5602,304,8077,600
-40,30,8910,882,2118,0
-40,30,8858,-769,552,-700
-40,30,1746,698,3639,-1000
-40,40,3130,729,664,400
-40,40,9562,-88,381,-400
-40,40,1694,-410,1695,-400
-40,40,4834,77,9236,-700
-40,40,6538,84,9269,-300
-40,40,5191,-26,4342,200
-40,40,6290,449,5569,900
-40,40,8463,633,5355,600
-40,40,1082,777,2930,-200
-40,40,6241,-761,336,-300
-40,40,4835,-759,727,900
-40,40,4754,77,2042,-600
-40,40,248,456,4820,200
-40,40,7561,527,8038,500
-40,40,8063,-751,6925,100
-40,40,5380,872,5134,-600
-40,40,4167,-344,812,300
-40,40,3486,-24,1373,-500
-40,40,540,642,4161,0
-40,40,2948,-38,8284,-200
-40,40,3097,921,6486,100
-40,40,6327,635,1450,-200
-40,40,5785,-924,9880,-900
-40,40,8593,-614,8717,-500
-40,40,6431,-342,3469,900
-40,40,1099,955,4956,300
-40,40,3820,-722,135,-900
-40,40,8781,-781,4820,-100
-40,40,7388,-810,7757,-400
-40,40,3956,852,3427,900
-40,40,7394,325,726,900
-40,40,3924,682,4989,400
-40,40,2598,-903,4773,800
-40,40,2941,916,7089,200
-40,40,621,564,9237,-800
-40,40,5686,-497,142,600
-40,40,9219,-382,5359,-100
-40,40,1769,-490,1379,-200
-40,40,4876,-662,4536,800
-40,40,3498,296,8057,-700
-40,40,7556,-588,9976,-600
-40,40,6165,352,9720,200
-40,40,5543,-865,1292,400
-40,40,1029,147,3382,900
-40,40,7240,83,8038,600
-40,40,2055,190,8769,800
-40,40,2732,-87,3655,-500
-40,40,2684,-75,2657,900
-40,40,9168,-212,4334,-400
-40,40,6191,143,4958,-300
-40,40,302,25,3677,-1000
-40,40,1002,941,334,-200
-40,40,1178,-862,4775,800
-40,40,6017,-59,159,-1000
-40,40,4454,-106,9073,500
-40,40,8158,724,6490,700
-40,40,7816,-105,6653,-600
-40,40,5973,478,8038,700
-40,40,4611,-141,9381,900
-40,40,3276,-894,8717,-700
-40,40,3019,774,5354,-500
-40,40,7325,-487,9226,-1000
-40,40,283,232,6413,-600
-40,40,8580,659,2371,-1000
-40,40,6532,255,4196,0
-40,40,1892,335,2836,-400
-40,40,8323,-500,4822,200
-40,40,5930,-162,8038,400
-40,40,541,752,4773,900
-40,40,2523,52,9113,0
-40,40,3670,104,8712,-1000
-40,40,4441,343,6486,100
-40,40,6526,56,8677,-1000
-40,40,6879,-404,4298,500
-40,40,8131,-574,2600,-900
-40,40,3653,488,5361,300
-40,40,5900,605,2310,-1000
-40,40,6943,-419,5567,800
-40,40,61,-315,4537,400
-40,40,4941,-58,5029,-800
-40,40,7766,-111,4728,-1000
-40,40,6315,566,9463,-800
-40,40,8868,-739,9898,700
-40,40,5495,-121,1075,300
-40,40,9400,-880,2547,700
-40,40,1918,-758,3316,900
-40,40,6454,-410,1695,-400
-40,40,2001,-578,2833,-200
-40,40,8571,-63,334,0
-40,40,2731,182,2932,200
-40,40,4896,-357,4877,400
-40,40,1380,-938,336,-600
-40,40,1815,52,5350,700
-40,40,2199,367,9552,300
-40,40,1434,-81,7101,900
-40,40,3272,-367,8285,-400
-40,40,8697,375,8201,-100
-40,40,2224,544,8256,200
-40,40,9202,140,8389,100
-40,40,1605,723,335,-100
-40,50,6322,694,5359,-100
-40,50,1827,-391,5359,0
-40,50,77,-411,335,-100
-40,50,1922,-846,8038,600
-40,50,9695,-678,8038,600
-40,50,6009,102,8038,600
-40,50,6364,948,8038,600
-40,50,1529,63,4773,900
-40,50,7465,258,9237,-700
-40,50,245,297,5359,-100
-40,50,4312,-571,9113,200
-40,50,215,-727,335,-100
-40,50,9816,-86,8038,600
-40,50,4573,372,8038,500
-40,50,9415,-418,8038,600
-40,50,1735,217,6515,900
-40,50,2844,-784,8038,600
-40,50,3750,114,5359,-100
-40,50,1815,-550,8038,600
-40,50,7292,-697,8038,500
-40,50,406,365,8038,600
-40,50,354,679,9113,200
-40,50,325,865,8038,600
-40,50,9922,-181,7246,-1000
-40,50,4933,-760,335,-200
-40,50,4745,-569,9113,200
-40,50,1566,85,335,-100
-40,50,6450,-9,5359,-100
-40,50,5348,885,8038,600
-40,50,1652,-812,8038,600
-40,50,7736,781,335,-100
-40,50,4788,-642,335,-200
-40,50,2293,133,8038,600
-40,50,2283,-99,8038,600
-40,50,2818,560,8038,500
-40,50,56,139,335,-100
-40,50,1100,-668,8038,700
-40,50,2015,-419,8038,600
-40,50,4933,-394,335,-100
-40,50,6133,742,8038,600
-40,50,8245,-204,8038,600
-40,50,2649,-720,8038,600
-40,50,2010,-938,335,-100
-40,50,4361,579,8038,600
-40,50,5452,-863,8038,700
-40,50,9788,-253,8038,600
-40,50,2343,627,8038,600
-40,50,1167,891,5359,0
-40,50,7213,708,335,-200
-40,50,9442,665,5359,-100
-40,50,9346,-310,8038,600
-40,50,1216,-328,8038,600
-40,50,461,304,8038,600
-40,50,3067,611,3965,-700
-40,50,3399,337,8038,700
-40,50,3369,463,8038,600
-40,50,1535,188,8038,600
-40,50,6752,369,8038,500
-40,50,2838,885,8038,700
-40,50,2522,957,8038,700
-40,50,7286,-809,9113,100
-40,50,3123,-922,8038,600
-40,50,5149,692,8038,500
-40,50,1741,125,5359,-100
-40,50,7859,0,335,-100
-40,50,7434,68,8038,600
-40,50,234,647,335,-100
-40,50,9180,663,8038,500
-40,50,1671,-608,335,-200
-40,50,8904,913,8038,500
-40,50,2435,951,9113,100
-40,50,1005,-76,8038,600
-40,50,6295,-856,335,-200
-40,50,3381,-484,9113,200
-40,50,9326,-334,4821,0
-40,50,5726,277,8038,600
-40,50,1126,-651,335,-100
-40,50,776,321,8038,500
-40,50,4238,-734,8038,600
-40,50,3150,-567,9113,100
-40,50,6322,-437,5359,-100
-40,50,9471,5,9113,200
-40,50,4606,-823,6515,900
-40,50,8900,-466,8038,600
-40,50,8132,676,335,-100
-40,50,7453,702,8038,600
-40,50,7117,210,8038,600
-40,50,3380,-316,8038,600
-40,50,6673,511,8038,600
-40,50,387,-176,8038,600
-40,50,8701,684,8038,600
-40,50,8819,425,335,-200
-40,50,1204,-866,8038,700
-40,50,8265,923,8038,600
-40,50,4561,657,3970,-900
-40,50,638,-600,8038,600
-40,50,5127,399,8036,400
-40,50,3514,942,5359,-100
-40,50,5572,-102,8038,600
-40,50,7352,734,8038,600
-30,-100,9368,-205,6647,-100
-30,-100,6369,-399,3806,-300
-30,-100,3042,-925,7261,-400
-30,-100,4150,-502,1286,-600
-30,-100,3194,-245,7704,300
-30,-100,9769,850,3884,900
-30,-100,1042,-285,8274,800
-30,-100,315,251,2414,800
-30,-100,4258,853,7955,800
-30,-100,4196,-752,7444,300
-30,-100,4992,676,6574,200
-30,-100,4003,-186,9853,300
-30,-100,6488,-650,8267,-800
-30,-100,7049,-724,1732,-1000
-30,-100,7349,905,7146,-600
-30,-100,9539,-156,6531,-700
-30,-100,9683,-58,5851,500
-30,-100,9116,-854,1037,600
-30,-100,2800,-881,276,-600
-30,-100,5043,639,6822,100
-30,-100,4401,-230,9207,400
-30,-100,2776,-532,7742,-600
-30,-100,9779,25,906,-800
-30,-100,6869,-840,4598,-900
-30,-100,9457,55,9459,-100
-30,-100,8653,523,9031,300
-30,-100,7916,-659,7246,900
-30,-100,218,853,7503,-400
-30,-100,4815,-785,6426,900
-30,-100,7636,-906,1572,900
-30,-100,491,873,5289,0
-30,-100,5358,-575,4979,-300
-30,-100,7704,-98,10,300
-30,-100,5652,253,3101,-800
-30,-100,1048,-26,5291,-1000
-30,-100,1290,773,4202,200
-30,-100,10,-239,2483,900
-30,-100,7652,366,7654,400
-30,-100,9657,764,1496,0
-30,-100,7328,182,5782,-300
-30,-100,505,-417,5562,-300
-30,-100,9281,-128,9281,-200
-30,-100,117,-467,119,-100
-30,-100,4270,377,9757,-600
-30,-100,837,-988,2404,400
-30,-100,4608,122,8698,200
-30,-100,7831,-617,5326,-600
-30,-100,8513,304,8516,600
-30,-100,2421,-302,4673,100
-30,-100,8645,36,236,-600
-30,-100,9240,-256,9241,-200
-30,-100,8922,653,6958,-800
-30,-100,2231,35,5183,900
-30,-100,8578,195,1387,-400
-30,-100,3741,651,7027,0
-30,-100,4608,-923,7799,-300
-30,-100,6052,413,7059,-700
-30,-100,1921,441,76,-300
-30,-100,1593,614,6717,-800
-30,-100,4696,437,1789,600
-30,-100,6488,985,3230,900
-30,-100,3764,-743,6349,200
-30,-100,2417,-308,9253,700
-30,-100,2964,275,2963,500
-30,-100,1049,212,1682,-1000
-30,-100,1393,-835,9175,500
-30,-100,3961,-260,3961,-300
-30,-100,1095,-324,240,-1000
-30,-100,4237,324,4289,400
-30,-100,2618,465,3848,-300
-30,-100,654,167,9371,-800
-30,-100,7904,-88,5936,-1000
-30,-100,5774,992,4769,700
-30,-100,5481,-510,3809,200
-30,-100,192,398,3599,-600
-30,-100,2950,677,4684,300
-30,-100,3227,-725,36,-700
-30,-100,198,-105,6940,500
-30,-100,6296,894,6928,900
-30,-100,9822,80,9822,0
-30,-100,1939,-167,1717,800
-30,-100,5501,666,5501,600
-30,-100,141,-598,5129,200
-30,-100,2207,405,2863,-500
-30,-100,6688,-534,7562,900
-30,-100,6430,-727,3561,600
-30,-100,4477,-599,7359,-500
-30,-100,4555,-877,8394,900
-30,-100,172,-550,4727,600
-30,-100,3282,-740,5311,800
-30,-100,7697,514,6182,900
-30,-100,4472,759,4879,200
-30,-100,2788,-771,1710,500
-30,-100,363,365,8609,-700
-30,-100,9122,-932,4615,400
-30,-100,2163,28,6771,-100
-30,-100,6203,-956,7994,800
-30,-100,1962,-969,7685,500
-30,-100,5292,-39,4754,-900
-30,-100,2137,-378,2933,100
-30,-90,2221,-560,9497,300
-30,-90,3290,-840,6069,600
-30,-90,3641,444,3642,300
-30,-90,9143,490,585,600
-30,-90,7238,750,905,-200
-30,-90,244,-771,6374,-800
-30,-90,8008,372,792,600
-30,-90,4515,899,8888,-1000
-30,-90,8120,-498,2413,800
-30,-90,2493,9,8373,300
-30,-90,6721,493,5241,-400
-30,-90,8660,-508,2289,400
-30,-90,6878,-11,6028,-800
-30,-90,8032,-60,5235,-500
-30,-90,875,-565,7220,-400
-30,-90,7052,-258,1384,-900
-30,-90,5121,-751,6301,-600
-30,-90,2209,-853,1697,-100
-30,-90,9822,-784,5068,-300
-30,-90,1485,606,7173,-800
-30,-90,4941,250,6512,-1000
-30,-90,7175,-671,9040,-1000
-30,-90,7903,-857,4734,-500
-30,-90,900,-816,900,-700
-30,-90,1474,771,1474,900
-30,-90,8993,203,7881,-1000
-30,-90,2234,411,3168,500
-30,-90,2197,-470,735,-700
-30,-90,7477,-762,6807,-300
-30,-90,2232,432,5130,-1000
-30,-90,7691,-972,8878,-700
-30,-90,9691,-624,1129,-100
-30,-90,4420,328,6004,900
-30,-90,294,851,9764,-200
-30,-90,3535,11,4488,900
-30,-90,975,73,975,0
-30,-90,4340,732,7506,800
-30,-90,7860,-422,4680,-1000
-30,-90,4458,143,1023,-1000
-30,-90,4183,-507,51,-600
-30,-90,4948,866,4040,500
-30,-90,1256,203,2413,-800
-30,-90,4772,62,8026,-700
-30,-90,1646,91,7084,-600
-30,-90,3926,-16,679,-900
-30,-90,7307,-755,3058,-300
-30,-90,5914,836,5186,900
-30,-90,1534,36,1175,-100
-30,-90,4681,-295,4681,-400
-30,-90,2573,461,5435,-800
-30,-90,5673,133,8020,-100
-30,-90,7906,794,363,700
-30,-90,6698,-527,2923,700
-30,-90,9277,-262,1334,-600
-30,-90,7990,-204,9184,-600
-30,-90,7693,-262,9526,700
-30,-90,6551,-643,2403,800
-30,-90,9234,-979,3803,-200
-30,-90,4938,-889,4939,-900
-30,-90,4184,381,3738,900
-30,-90,9910,-599,1765,500
-30,-90,8537,-834,9624,800
-30,-90,3748,241,1142,-1000
-30,-90,8681,-484,5205,200
-30,-90,6016,378,3746,200
-30,-90,7898,992,8056,-200
-30,-90,8795,-384,1391,900
-30,-90,7857,650,3177,100
-30,-90,8488,-331,9240,-900
-30,-90,7299,26,4268,700
-30,-90,7400,-264,3667,-600
-30,-90,4554,46,4115,600
-30,-90,5930,-136,7326,500
-30,-90,9667,-475,9704,-100
-30,-90,8313,378,880,-400
-30,-90,2921,847,2301,400
-30,-90,9022,-893,9793,-400
-30,-90,1116,-505,1115,-600
-30,-90,2481,-106,4706,300
-30,-90,7748,-991,3685,-100
-30,-90,1978,-818,1976,-1000
-30,-90,3631,12,1369,800
-30,-90,3,751,176,500
-30,-90,4817,942,8,200
-30,-90,1081,836,9112,500
-30,-90,2013,-342,590,900
-30,-90,6559,750,8610,-500
-30,-90,4295,-776,5513,100
-30,-90,8255,647,7980,0
-30,-90,4049,982,1980,0
-30,-90,4367,-165,8291,900
-30,-90,8134,-983,7894,-400
-30,-90,1102,-874,1408,-1000
-30,-90,1610,675,4828,-200
-30,-90,7998,86,7998,300
-30,-90,2639,845,3614,500
-30,-90,5441,52,4329,-400
-30,-90,1697,-339,3100,900
-30,-90,5667,984,1491,600
-30,-90,6471,-704,6472,-500
-30,-80,5988,-852,9315,-1000
-30,-80,620,581,4487,300
-30,-80,6270,-493,6951,900
-30,-80,4716,-739,3824,700
-30,-80,2278,-406,5193,0
-30,-80,7233,-317,5328,-1000
-30,-80,6585,786,5230,-1000
-30,-80,2133,733,5544,-800
-30,-80,6643,-648,9805,900
-30,-80,864,76,9485,-400
-30,-80,6866,205,5309,-200
-30,-80,7503,-9,2556,-900
-30,-80,331,-311,8055,500
-30,-80,6394,330,964,-300
-30,-80,7604,-56,1401,900
-30,-80,8192,999,3006,-400
-30,-80,6802,-212,5777,-100
-30,-80,4145,-735,6532,-800
-30,-80,2345,127,3942,600
-30,-80,250,420,8033,-600
-30,-80,1390,-541,2968,-100
-30,-80,9422,-526,378,-200
-30,-80,161,739,158,900
-30,-80,5166,822,7010,700
-30,-80,8491,-748,6668,-500
-30,-80,501,-998,6357,600
-30,-80,5040,-871,6074,-700
-30,-80,4881,-773,7509,200
-30,-80,5944,-334,5943,-500
-30,-80,187,934,7458,-1000
-30,-80,341,211,1516,-200
-30,-80,6478,-43,1701,900
-30,-80,2499,-606,5607,700
-30,-80,5462,761,5462,800
-30,-80,4159,389,6089,900
-30,-80,5360,-570,339,-1000
-30,-80,4304,-884,4809,-900
-30,-80,1174,-456,6693,-900
-30,-80,3610,-361,4125,-500
-30,-80,1832,231,3174,-300
-30,-80,7782,212,7782,300
-30,-80,3384,-334,1572,300
-30,-80,3686,752,4723,600
-30,-80,324,340,1093,900
-30,-80,2078,105,8122,600
-30,-80,835,-500,3690,-100
-30,-80,6154,543,5856,600
-30,-80,9729,208,9731,400
-30,-80,3232,-828,3231,-1000
-30,-80,4284,934,4284,800
-30,-80,812,-895,2994,-1000
-30,-80,2054,-613,8598,400
-30,-80,1136,344,627,-800
-30,-80,1048,814,500,300
-30,-80,2738,-957,1090,400
-30,-80,5847,770,7003,200
-30,-80,3933,-889,1799,100
-30,-80,7495,112,3312,-1000
-30,-80,3274,-930,7447,-1000
-30,-80,8543,-996,6052,500
-30,-80,4265,-942,21,-1000
-30,-80,4858,12,6821,900
-30,-80,2455,-670,9803,-800
-30,-80,898,589,5515,900
-30,-80,6325,-995,19,700
-30,-80,116,670,9824,-600
-30,-80,7239,617,8914,500
-30,-80,5748,147,2877,500
-30,-80,5090,-149,5090,-200
-30,-80,6403,-575,4654,-1000
-30,-80,5875,540,8106,500
-30,-80,8853,-305,9,500
-30,-80,1607,478,8558,-800
-30,-80,8169,439,7228,300
-30,-80,1542,122,3420,-500
-30,-80,8864,617,8902,-1000
-30,-80,5207,450,6635,-1000
-30,-80,6456,513,3545,-1000
-30,-80,1786,-256,1786,-200
-30,-80,320,615,321,600
-30,-80,5329,140,5669,600
-30,-80,5358,-582,3822,0
-30,-80,6691,621,9327,-1000
-30,-80,3891,578,3891,900
-30,-80,7266,846,9875,-400
-30,-80,4056,487,6022,-200
-30,-80,860,761,7012,-500
-30,-80,2228,335,6948,-200
-30,-80,8607,-629,8913,200
-30,-80,7630,300,6868,-600
-30,-80,699,-307,5445,600
-30,-80,3915,-704,1570,-1000
-30,-80,4348,482,3645,-100
-30,-80,5775,-500,6984,700
-30,-80,9754,505,9146,200
-30,-80,3445,-687,6071,900
-30,-80,6264,-484,5048,600
-30,-80,3374,-747,8559,700
-30,-80,5771,331,5771,500
-30,-80,5188,76,4258,700
-30,-70,1429,665,1578,-800
-30,-70,3158,-390,3052,500
-30,-70,5353,-490,2216,-500
-30,-70,8389,427,8388,400
-30,-70,363,-819,5861,-100
-30,-70,4816,209,6860,600
-30,-70,8011,259,490,100
-30,-70,7107,536,3130,-500
-30,-70,888,656,96,-300
-30,-70,6914,940,4242,500
-30,-70,3789,-135,3789,200
-30,-70,6656,547,4693,200
-30,-70,6247,-605,5588,0
-30,-70,4388,-385,4,-1000
-30,-70,7216,177,5535,-400
-30,-70,1486,-924,5103,-600
-30,-70,1598,-116,7053,-500
-30,-70,2236,-234,4603,-300
-30,-70,5827,723,7521,0
-30,-70,5841,318,4921,-100
-30,-70,3624,-400,1835,-300
-30,-70,3434,-569,7665,-500
-30,-70,6419,-238,6556,-800
-30,-70,2708,-468,41,-500
-30,-70,8646,401,4730,200
-30,-70,4121,988,3660,-1000
-30,-70,6949,373,6141,-300
-30,-70,3868,-771,3869,-900
-30,-70,8563,626,8563,600
-30,-70,6927,894,9634,300
-30,-70,7136,202,2082,500
-30,-70,1134,-346,652,-400
-30,-70,360,435,6066,-1000
-30,-70,4518,-378,7146,-400
-30,-70,7865,179,7865,300
-30,-70,2444,-533,5112,200
-30,-70,2110,-4,615,-300
-30,-70,8456,-292,1319,0
-30,-70,3957,-726,6845,-100
-30,-70,5872,-554,2584,900
-30,-70,3428,367,699,-1000
-30,-70,2293,-138,5614,-600
-30,-70,5105,-213,9958,-900
-30,-70,5666,-71,8846,-900
-30,-70,9006,998,3109,900
-30,-70,2806,-746,6198,700
-30,-70,6036,-610,6287,800
-30,-70,1427,-631,4201,900
-30,-70,2630,-409,4180,600
-30,-70,6928,-937,8518,900
-30,-70,5974,257,3844,-300
-30,-70,2376,-887,2374,-800
-30,-70,5488,-375,6740,-300
-30,-70,9524,969,3916,700
-30,-70,7654,575,1139,-600
-30,-70,1835,-768,1835,-1000
-30,-70,5642,746,8647,0
-30,-70,8513,-853,3078,-300
-30,-70,8617,-758,8754,-500
-30,-70,1945,-266,1944,-200
-30,-70,5585,510,7608,600
-30,-70,2075,526,2075,500
-30,-70,9257,525,6703,900
-30,-70,3947,560,796,200
-30,-70,8844,-323,2369,-700
-30,-70,7955,-220,7956,-200
-30,-70,5478,746,6567,-1000
-30,-70,4669,290,4672,200
-30,-70,7796,849,9710,900
-30,-70,3746,-757,7627,-900
-30,-70,112,-753,720,-1000
-30,-70,4941,-495,9677,900
-30,-70,6403,-981,6403,-800
-30,-70,7198,717,7483,-200
-30,-70,1662,-212,1664,-500
-30,-70,8297,610,8657,-500
-30,-70,793,-969,952,300
-30,-70,1295,-337,9218,-300
-30,-70,9567,272,670,-700
-30,-70,386,786,1914,-900
-30,-70,3898,625,7893,-900
-30,-70,5878,-772,5878,-600
-30,-70,7929,-89,2759,0
-30,-70,1174,-49,5007,-800
-30,-70,7926,-235,9490,400
-30,-70,9682,-270,1233,300
-30,-70,5429,-621,1111,600
-30,-70,5914,446,4204,100
-30,-70,5800,-547,3444,-300
-30,-70,9965,-735,3732,-400
-30,-70,7821,-809,3468,900
-30,-70,4381,-252,2174,700
-30,-70,4018,970,9657,-700
-30,-70,9442,-818,9833,-1000
-30,-70,2154,-916,804,-500
-30,-70,4169,433,3505,-500
-30,-70,2353,-481,2963,600
-30,-70,5619,-451,1219,100
-30,-70,3107,803,9279,-1000
-30,-70,2770,-520,5712,800
-30,-60,9747,-495,9747,-400
-30,-60,5311,-486,9155,-700
-30,-60,4528,-622,329,900
-30,-60,3163,-184,5638,-1000
-30,-60,1766,946,4434,400
-30,-60,9169,-494,4368,-1000
-30,-60,9864,595,1318,900
-30,-60,4281,832,5804,400
-30,-60,206,-28,207,300
-30,-60,3957,-30,3957,200
-30,-60,5281,-863,7054,-500
-30,-60,5036,875,356,-1000
-30,-60,7883,528,7507,-200
-30,-60,8137,-866,6931,-200
-30,-60,5517,-608,2789,500
-30,-60,3506,-977,327,-600
-30,-60,7944,147,8109,200
-30,-60,5847,153,9244,700
-30,-60,2012,-50,8976,-600
-30,-60,5272,-186,1718,600
-30,-60,6989,-988,6249,0
-30,-60,774,427,1846,-900
-30,-60,6148,611,8724,-900
-30,-60,6296,-441,925,900
-30,-60,4971,942,2201,500
-30,-60,4146,-475,205,-600
-30,-60,9294,508,8582,-1000
-30,-60,1321,462,9598,900
-30,-60,4672,-788,8466,100
-30,-60,1141,788,6825,-900
-30,-60,1279,-3,1655,-100
-30,-60,937,397,3083,300
-30,-60,3932,-770,8386,-900
-30,-60,3446,-207,3420,900
-30,-60,4211,29,7529,800
-30,-60,5439,656,5438,400
-30,-60,6290,717,6290,600
-30,-60,1686,-186,3800,-300
-30,-60,3770,927,462,-1000
-30,-60,9068,164,3396,-1000
-30,-60,8856,809,2270,-300
-30,-60,1952,-956,1900,-1000
-30,-60,6531,750,2058,-500
-30,-60,2875,-945,3872,-800
-30,-60,6842,-490,6841,-600
-30,-60,6951,267,6950,200
-30,-60,5797,338,4696,700
-30,-60,9035,291,5852,900
-30,-60,7806,-605,7806,-500
-30,-60,5276,-339,5273,-400
-30,-60,8573,-257,3831,-500
-30,-60,5451,-249,6663,-300
-30,-60,4538,683,1827,-700
-30,-60,7515,-916,8626,800
-30,-60,6656,720,8959,0
-30,-60,7967,-185,4216,-900
-30,-60,506,-454,3315,-500
-30,-60,787,-884,5797,-200
-30,-60,5448,-945,7202,-1000
-30,-60,8605,228,8601,-200
-30,-60,8319,925,2639,400
-30,-60,7475,-404,2650,-500
-30,-60,8760,-311,2189,300
-30,-60,9407,-143,5568,500
-30,-60,4977,-769,5384,-800
-30,-60,3326,-907,681,-600
-30,-60,4461,784,6106,400
-30,-60,629,-93,3889,-100
-30,-60,9301,356,9300,300
-30,-60,8668,695,8668,500
-30,-60,4509,760,4509,900
-30,-60,379,-366,1856,-400
-30,-60,2523,-75,4289,-600
-30,-60,1748,501,7736,-1000
-30,-60,2222,561,4048,0
-30,-60,7935,-668,1206,-1000
-30,-60,1041,37,2173,-400
-30,-60,122,607,6535,900
-30,-60,9712,-471,1013,100
-30,-60,4959,497,4662,0
-30,-60,605,-110,7239,900
-30,-60,9905,-503,9306,-100
-30,-60,2722,-454,8647,-200
-30,-60,4438,847,9087,800
-30,-60,648,-826,8035,800
-30,-60,3064,900,7689,-100
-30,-60,4860,591,4860,700
-30,-60,3166,824,1807,700
-30,-60,4134,-930,2095,100
-30,-60,4323,-906,7141,-1000
-30,-60,3378,-987,7602,-900
-30,-60,2018,-217,2409,900
-30,-60,6139,460,7980,-200
-30,-60,2533,456,6865,600
-30,-60,6894,-706,8282,-900
-30,-60,489,771,2934,700
-30,-60,9856,773,2475,-200
-30,-60,7138,-802,8291,-1000
-30,-60,1246,435,3179,600
-30,-60,5076,967,6764,-500
-30,-50,9912,239,9911,200
-30,-50,6023,-836,6024,-1000
-30,-50,7031,-698,9243,-1000
-30,-50,5029,144,782,-200
-30,-50,7657,-323,1094,-1000
-30,-50,1263,-868,5033,600
-30,-50,2321,202,8214,-500
-30,-50,8302,-728,8302,-900
-30,-50,8027,-609,2786,-300
-30,-50,6721,573,2678,-1000
-30,-50,6393,-417,8800,-500
-30,-50,8088,813,1017,700
-30,-50,2821,-905,7479,600
-30,-50,3674,306,5507,200
-30,-50,2075,790,3664,-1000
-30,-50,6007,755,7796,900
-30,-50,1143,-692,1143,-700
-30,-50,1271,-411,1013,-500
-30,-50,8635,729,1042,0
-30,-50,3103,-219,4202,500
-30,-50,3033,528,2683,-800
-30,-50,5809,-299,5808,100
-30,-50,3930,-665,7356,700
-30,-50,2603,-927,1125,-500
-30,-50,8197,-350,8199,-300
-30,-50,4473,726,3487,-600
-30,-50,9573,-744,9611,500
-30,-50,8849,906,4720,-600
-30,-50,145,116,1904,-1000
-30,-50,645,-815,9789,900
-30,-50,6902,774,5797,300
-30,-50,7648,-404,4737,700
-30,-50,1252,780,9767,900
-30,-50,8548,-241,3759,-700
-30,-50,7216,-482,747,-600
-30,-50,2156,-230,3082,-700
-30,-50,735,-394,1794,0
-30,-50,8220,293,4150,-200
-30,-50,2589,223,4260,900
-30,-50,4585,584,1892,-700
-30,-50,6400,-898,5192,-600
-30,-50,2549,815,3401,700
-30,-50,3904,462,3902,400
-30,-50,7673,33,5363,900
-30,-50,4702,712,9592,-800
-30,-50,4039,-431,9277,-200
-30,-50,9037,-365,4100,900
-30,-50,6284,-14,6284,-100
-30,-50,1101,-939,7075,900
-30,-50,9178,-453,5953,-900
-30,-50,2895,-235,6807,-500
-30,-50,3514,-741,5320,-900
-30,-50,5380,482,6768,-300
-30,-50,8468,804,1722,900
-30,-50,3559,67,6132,-400
-30,-50,8953,81,2666,100
-30,-50,1794,-234,3403,-200
-30,-50,4943,504,498,-500
-30,-50,8298,-267,21,0
-30,-50,2210,-97,2251,800
-30,-50,1406,279,8776,-300
-30,-50,8953,924,4886,100
-30,-50,9519,347,5491,900
-30,-50,2568,-421,1237,100
-30,-50,648,769,1852,300
-30,-50,7342,392,4884,600
-30,-50,644,-823,1122,-500
-30,-50,4511,555,8245,600
-30,-50,5090,927,5856,-700
-30,-50,4382,77,4381,300
-30,-50,662,635,4121,500
-30,-50,1731,-277,6763,100
-30,-50,9600,445,8246,-700
-30,-50,6247,530,8261,-800
-30,-50,6228,-314,9417,-700
-30,-50,8132,-210,6601,-300
-30,-50,4197,885,4474,700
-30,-50,5426,-482,5426,-400
-30,-50,6264,-467,6012,0
-30,-50,228,-224,5637,400
-30,-50,315,-254,316,-400
-30,-50,307,318,5035,500
-30,-50,4850,376,9155,100
-30,-50,6149,-229,1468,-500
-30,-50,2709,-356,4955,-1000
-30,-50,5338,-718,7303,900
-30,-50,775,698,8915,300
-30,-50,6079,734,6976,-1000
-30,-50,9662,-215,8777,-900
-30,-50,9614,338,5239,300
-30,-50,7206,-372,2600,700
-30,-50,3214,-779,4526,900
-30,-50,9925,189,6285,900
-30,-50,3959,-7,9487,600
-30,-50,3234,-205,3236,-200
-30,-50,1410,-564,1887,900
-30,-50,9757,468,9069,400
-30,-50,6489,-365,6016,0
-30,-50,1396,-121,4863,500
-30,-50,6280,368,6280,500
-30,-40,3858,-560,607,-400
-30,-40,9928,-82,2370,-700
-30,-40,4346,178,53,-1000
-30,-40,4726,-695,5945,900
-30,-40,6696,-910,8013,300
-30,-40,5223,288,2063,800
-30,-40,4550,-696,4551,-800
-30,-40,8266,-558,9319,0
-30,-40,6908,-8,6911,200
-30,-40,1847,92,668,400
-30,-40,3280,127,3278,400
-30,-40,8195,227,2102,-300
-30,-40,1673,651,7837,800
-30,-40,3915,-497,6578,100
-30,-40,1757,526,8724,900
-30,-40,3448,373,6712,800
-30,-40,9768,-629,6369,-500
-30,-40,5973,-652,5973,-700
-30,-40,9991,-323,9991,-400
-30,-40,8757,47,9708,100
-30,-40,4736,-804,4048,700
-30,-40,7585,-212,5486,700
-30,-40,2240,-489,7368,100
-30,-40,2723,1000,4171,900
-30,-40,2669,-178,8902,-1000
-30,-40,7417,175,5675,600
-30,-40,4633,-254,9042,200
-30,-40,8337,-652,1085,-300
-30,-40,4320,411,9865,100
-30,-40,5895,103,6884,300
-30,-40,546,86,9074,100
-30,-40,5141,17,7973,-800
-30,-40,2170,-444,734,-900
-30,-40,201,-487,2091,100
-30,-40,1130,-673,1204,900
-30,-40,3444,-235,2452,-900
-30,-40,2894,-292,5936,900
-30,-40,1825,-577,9900,400
-30,-40,9284,-543,7898,800
-30,-40,1951,579,6088,200
-30,-40,4272,444,8289,-600
-30,-40,1222,420,3538,-200
-30,-40,9611,891,4007,800
-30,-40,5524,908,2003,-500
-30,-40,3022,294,287,-1000
-30,-40,6732,-223,1423,600
-30,-40,2270,301,8006,300
-30,-40,3096,65,6448,-100
-30,-40,1568,385,9343,-200
-30,-40,6083,-280,3641,-100
-30,-40,902,-606,8684,600
-30,-40,4447,-557,385,-1000
-30,-40,410,-753,4539,100
-30,-40,9467,192,284,0
-30,-40,7838,-984,1906,-500
-30,-40,9159,-46,5272,-1000
-30,-40,239,-185,3209,-900
-30,-40,5656,-425,2126,0
-30,-40,4901,-691,3993,0
-30,-40,9824,91,6577,-1000
-30,-40,7063,634,4107,-1000
-30,-40,3727,-481,3727,-500
-30,-40,2905,-930,2905,-800
-30,-40,9031,947,2735,900
-30,-40,1722,-605,7951,-1000
-30,-40,2102,480,2099,600
-30,-40,803,-209,804,-300
-30,-40,5746,628,5741,800
-30,-40,6412,-397,8366,-800
-30,-40,5913,-639,5913,-700
-30,-40,4673,863,4676,900
-30,-40,8115,300,8115,300
-30,-40,2982,290,5011,-1000
-30,-40,4105,746,4658,-1000
-30,-40,1030,-327,396,-900
-30,-40,5541,-498,8562,-600
-30,-40,5704,-564,5865,900
-30,-40,2162,-218,2163,-200
-30,-40,6408,-253,2455,-700
-30,-40,3294,-533,3294,-400
-30,-40,456,912,7455,800
-30,-40,9256,-762,3624,100
-30,-40,691,-292,6559,900
-30,-40,8618,-931,1144,800
-30,-40,8643,403,2426,-1000
-30,-40,6789,-969,6412,-500
-30,-40,7402,142,2057,-900
-30,-40,3561,-807,7743,-900
-30,-40,5639,-528,2667,-200
-30,-40,6989,-593,5601,-1000
-30,-40,4954,-17,4954,100
-30,-40,30,-425,9083,500
-30,-40,750,-348,9915,900
-30,-40,3080,81,6041,900
-30,-40,7600,-494,6812,500
-30,-40,4592,-981,4594,-1000
-30,-40,8873,-53,5804,100
-30,-40,5708,694,1342,-1000
-30,-40,4944,450,4942,100
-30,-40,9926,-944,1197,500
-30,-30,9120,-992,8757,800
-30,-30,3548,320,1116,500
-30,-30,3363,-128,9512,600
-30,-30,2237,-720,6192,-300
-30,-30,3222,-895,9036,-500
-30,-30,633,-298,9818,-1000
-30,-30,5074,520,2386,-500
-30,-30,7142,766,7413,0
-30,-30,3466,-669,2063,700
-30,-30,4610,-350,9971,-400
-30,-30,8467,91,1332,-1000
-30,-30,9983,55,9983,0
-30,-30,5707,327,5951,300
-30,-30,2607,-831,2744,800
-30,-30,1965,610,2807,-500
-30,-30,970,-205,3601,0
-30,-30,6961,892,6810,-100
-30,-30,6252,-8,2811,-1000
-30,-30,790,690,6641,900
-30,-30,5601,483,5601,400
-30,-30,8603,-415,4073,400
-30,-30,8655,648,243,200
-30,-30,5557,-344,5556,-300
-30,-30,8950,622,9908,-900
-30,-30,1464,521,7078,-800
-30,-30,2700,-45,4338,-1000
-30,-30,8270,-389,4851,-400
-30,-30,9536,897,4009,900
-30,-30,6962,12,2909,500
-30,-30,5488,-246,8806,300
-30,-30,2779,502,2779,400
-30,-30,8980,970,2018,-200
-30,-30,1397,639,4526,900
-30,-30,6855,325,3553,-400
-30,-30,6669,-203,8340,800
-30,-30,9040,-173,2283,300
-30,-30,4727,-902,7277,100
-30,-30,9779,-269,529,-800
-30,-30,6939,38,1653,-1000
-30,-30,9006,358,8862,-200
-30,-30,5274,-540,7428,-1000
-30,-30,682,-673,6999,300
-30,-30,3899,859,6782,-600
-30,-30,7985,218,3869,900
-30,-30,5035,-489,5193,-1000
-30,-30,6455,-762,9428,-100
-30,-30,4887,87,7663,-900
-30,-30,5032,404,9902,-800
-30,-30,3629,-718,3630,-800
-30,-30,1672,-970,572,800
-30,-30,3669,798,6817,700
-30,-30,6783,-241,6783,-300
-30,-30,3338,-795,6807,900
-30,-30,2690,-187,2689,-200
-30,-30,4663,83,4661,200
-30,-30,7822,-317,868,900
-30,-30,5927,23,8929,-400
-30,-30,1498,-716,556,100
-30,-30,4109,-67,8567,-200
-30,-30,5477,-323,5724,-1000
-30,-30,8056,-93,4094,700
-30,-30,2746,615,7399,-800
-30,-30,1030,505,3415,700
-30,-30,6176,346,6543,800
-30,-30,9253,528,2752,-900
-30,-30,3979,-672,3831,800
-30,-30,5930,924,7343,800
-30,-30,2688,-378,6305,100
-30,-30,2778,-412,8603,700
-30,-30,6235,-764,7348,300
-30,-30,3442,-850,9366,600
-30,-30,3748,778,5700,300
-30,-30,6305,345,5367,0
-30,-30,6424,-830,263,-700
-30,-30,7368,406,2063,-300
-30,-30,4319,239,4398,-800
-30,-30,5504,-874,244,-700
-30,-30,8150,407,4365,-1000
-30,-30,6311,-620,5283,200
-30,-30,8614,501,6560,400
-30,-30,3425,140,5252,-1000
-30,-30,9036,905,9037,900
-30,-30,2367,441,6981,400
-30,-30,1053,441,5759,400
-30,-30,2931,-814,3297,-700
-30,-30,7108,499,7108,400
-30,-30,7056,-887,7289,700
-30,-30,4492,-58,4492,200
-30,-30,9210,-309,1625,100
-30,-30,2543,989,8246,300
-30,-30,3356,-811,8113,500
-30,-30,8759,-934,8759,-1000
-30,-30,8434,-479,4342,400
-30,-30,235,-329,235,-400
-30,-30,78,732,2801,900
-30,-30,9838,675,377,900
-30,-30,133,126,4093,-900
-30,-30,4671,791,5486,-600
-30,-30,6816,-214,545,-200
-30,-30,3994,-644,6406,700
-30,-20,9751,-103,1634,-900
-30,-20,9941,521,3681,-500
-30,-20,9399,963,7671,-100
-30,-20,6981,-99,6065,-100
-30,-20,5516,-118,5516,0
-30,-20,818,-21,818,0
-30,-20,6127,-273,5272,900
-30,-20,2910,622,5368,600
-30,-20,3190,853,4401,500
-30,-20,800,-550,9687,100
-30,-20,6552,275,6552,400
-30,-20,3950,288,7023,900
-30,-20,1600,-191,3300,-100
-30,-20,3720,-14,5407,400
-30,-20,4983,-37,7490,-100
-30,-20,9665,-999,1909,-900
-30,-20,6075,-624,2671,-800
-30,-20,1294,-795,6518,300
-30,-20,6117,-321,895,300
-30,-20,2088,317,5575,300
-30,-20,3830,677,9338,900
-30,-20,4326,975,2548,-100
-30,-20,1030,-31,2314,900
-30,-20,5095,554,1966,-1000
-30,-20,3023,-301,4027,-300
-30,-20,6646,-689,9838,-700
-30,-20,1396,593,6954,900
-30,-20,1549,72,4507,-100
-30,-20,3769,244,7623,-1000
-30,-20,8272,895,5210,600
-30,-20,7022,-884,7022,-1000
-30,-20,4371,-724,3440,800
-30,-20,4856,-415,6855,-1000
-30,-20,1362,27,9729,0
-30,-20,9103,-213,7162,900
-30,-20,23,62,1106,-600
-30,-20,5010,-912,1816,0
-30,-20,5529,272,4965,-800
-30,-20,422,599,422,600
-30,-20,5682,-667,5683,-700
-30,-20,1142,543,8770,-1000
-30,-20,4439,64,2229,-500
-30,-20,8640,-442,8640,-400
-30,-20,8625,832,6110,900
-30,-20,8197,240,7856,-600
-30,-20,6094,-377,744,-1000
-30,-20,6856,-781,2521,800
-30,-20,8914,75,202,-1000
-30,-20,2117,132,4303,-500
-30,-20,9170,-99,256,-600
-30,-20,3377,362,3919,500
-30,-20,5996,625,2983,-500
-30,-20,8724,590,9944,-500
-30,-20,4433,714,7574,800
-30,-20,659,-616,5294,0
-30,-20,5835,-385,5235,-900
-30,-20,1717,310,7338,-500
-30,-20,3958,962,1317,600
-30,-20,7601,190,2819,-900
-30,-20,6345,-417,4413,-100
-30,-20,6375,103,1527,300
-30,-20,2180,-19,6762,-1000
-30,-20,6179,967,2738,-600
-30,-20,9332,-554,5150,-200
-30,-20,2023,805,3601,700
-30,-20,4356,-154,3852,-300
-30,-20,3336,85,6927,-600
-30,-20,4725,-539,8430,400
-30,-20,2375,819,7948,-900
-30,-20,5904,98,6016,700
-30,-20,2734,-116,5038,-1000
-30,-20,3602,779,1440,-700
-30,-20,9091,-697,9091,-800
-30,-20,224,-650,7129,-1000
-30,-20,5301,677,5301,700
-30,-20,5432,-33,8178,-400
-30,-20,3994,-390,3994,900
-30,-20,7152,-189,7153,-200
-30,-20,1542,229,5593,-400
-30,-20,4970,965,4417,200
-30,-20,4016,-292,9695,-800
-30,-20,8625,-616,4253,0
-30,-20,4257,-334,5526,-400
-30,-20,737,-713,4118,500
-30,-20,5504,-871,7769,900
-30,-20,5128,186,4209,-1000
-30,-20,6262,-443,3204,700
-30,-20,422,987,8767,600
-30,-20,3332,994,4506,700
-30,-20,6890,170,4442,-600
-30,-20,8832,-144,8832,-300
-30,-20,3348,292,5942,-1000
-30,-20,9462,-878,3507,900
-30,-20,2346,-345,7648,600
-30,-20,7117,494,7117,500
-30,-20,8754,-227,6989,-900
-30,-20,1314,652,5468,-900
-30,-20,6349,711,6350,900
-30,-20,8883,156,8852,-600
-30,-20,5067,390,5067,300
-30,-10,5,-772,5996,600
-30,-10,3137,-298,3987,-500
-30,-10,9706,890,5516,-500
-30,-10,7163,735,5433,100
-30,-10,2083,-317,8087,400
-30,-10,865,-600,8326,400
-30,-10,9985,-702,8686,200
-30,-10,6025,813,6499,-400
-30,-10,6514,121,131,-800
-30,-10,2196,752,4766,-1000
-30,-10,7678,858,6065,-600
-30,-10,4750,245,1482,900
-30,-10,8634,-828,3390,-1000
-30,-10,2572,-718,3681,-600
-30,-10,5228,75,5228,0
-30,-10,6419,28,7185,-400
-30,-10,514,213,4274,900
-30,-10,7183,-866,9746,300
-30,-10,2351,-904,9358,-1000
-30,-10,3059,-647,9893,-100
-30,-10,5760,-287,7259,-800
-30,-10,289,176,5140,-600
-30,-10,8389,-690,8389,-700
-30,-10,2413,462,4948,-1000
-30,-10,2129,894,7563,-600
-30,-10,9538,43,1717,-600
-30,-10,9887,-926,3577,-900
-30,-10,5716,-831,5716,-900
-30,-10,5600,223,3485,800
-30,-10,8703,-345,518,-800
-30,-10,2555,273,9368,-800
-30,-10,6776,445,6766,-300
-30,-10,6050,83,475,-500
-30,-10,442,-438,441,-400
-30,-10,1979,315,8333,-400
-30,-10,3697,180,6802,-800
-30,-10,8459,-703,8459,-1000
-30,-10,8913,-709,978,-300
-30,-10,2935,388,6026,0
-30,-10,2941,459,1667,-100
-30,-10,5222,735,1776,500
-30,-10,8371,946,7328,-300
-30,-10,3416,-790,3021,-500
-30,-10,2258,-757,6261,900
-30,-10,1179,401,7765,-1000
-30,-10,4953,565,3687,0
-30,-10,110,-373,8915,-800
-30,-10,2875,-754,1025,-400
-30,-10,823,-138,6582,-700
-30,-10,3843,305,5957,-700
-30,-10,7337,-604,3408,700
-30,-10,9752,11,5799,-100
-30,-10,7615,-549,8310,-300
-30,-10,559,-249,427,-900
-30,-10,2465,870,7998,-700
-30,-10,6219,633,2596,-1000
-30,-10,8764,-71,3923,900
-30,-10,264,792,5894,200
-30,-10,5400,534,7492,900
-30,-10,4075,-425,6977,200
-30,-10,4941,530,6852,300
-30,-10,6299,-45,420,300
-30,-10,3299,914,1315,200
-30,-10,4118,-626,7623,800
-30,-10,8246,798,6885,-500
-30,-10,9018,-116,4887,-1000
-30,-10,9715,361,6716,-900
-30,-10,3397,116,6810,900
-30,-10,7340,-657,8163,900
-30,-10,8312,-256,7363,-700
-30,-10,154,467,1096,-600
-30,-10,503,770,8492,-300
-30,-10,7831,-932,1045,-900
-30,-10,3981,93,4667,100
-30,-10,2010,895,8197,0
-30,-10,5293,751,3466,-1000
-30,-10,4465,421,573,0
-30,-10,3831,-614,3434,700
-30,-10,5477,230,5716,200
-30,-10,1091,-4,6775,0
-30,-10,7672,42,8892,0
-30,-10,98,-519,8579,900
-30,-10,6208,-942,1831,-1000
-30,-10,4992,458,6699,700
-30,-10,632,-893,632,-1000
-30,-10,1068,-939,881,-1000
-30,-10,5850,600,9071,700
-30,-10,9606,918,222,-900
-30,-10,3822,-629,6402,800
-30,-10,7471,-347,4021,0
-30,-10,2108,-116,9177,-1000
-30,-10,5389,335,5389,300
-30,-10,191,652,191,600
-30,-10,3817,175,8652,-500
-30,-10,5100,-410,8301,-1000
-30,-10,5336,475,6369,-500
-30,-10,9138,-333,3986,-500
-30,-10,2685,420,7148,-200
-30,-10,5468,-779,4157,500
-30,-10,5771,878,696,-900
-30,0,5162,41,2011,-1000
-30,0,4352,-345,2438,800
-30,0,4078,-446,8138,100
-30,0,8176,776,6615,800
-30,0,9488,-974,5634,-1000
-30,0,4126,-501,815,200
-30,0,294,842,3828,200
-30,0,6961,-499,6957,-600
-30,0,8672,644,3197,100
-30,0,6381,220,4871,-1000
-30,0,4549,-63,8922,-100
-30,0,8411,855,907,300
-30,0,2539,-639,2539,-500
-30,0,1152,945,7556,-700
-30,0,1170,-286,2873,600
-30,0,6250,883,3328,100
-30,0,7242,977,7520,-900
-30,0,1049,-1000,1049,-1000
-30,0,6485,880,3830,-800
-30,0,7612,288,7550,-500
-30,0,3917,-325,3476,500
-30,0,9848,-16,3612,-200
-30,0,863,-221,4589,-200
-30,0,8978,-583,8976,-600
-30,0,6710,-750,6712,-500
-30,0,3783,-224,8387,900
-30,0,3475,-173,9599,-700
-30,0,3789,502,6339,400
-30,0,6631,-804,8225,900
-30,0,4240,-821,2021,900
-30,0,6424,365,6389,-200
-30,0,7220,931,6598,-800
-30,0,4949,874,5429,-200
-30,0,9936,643,7092,800
-30,0,4554,-276,1219,0
-30,0,1871,176,1871,200
-30,0,7824,170,9086,-500
-30,0,5962,-560,1915,-1000
-30,0,2051,-228,345,-900
-30,0,7736,-374,7736,-300
-30,0,9362,-137,5151,-500
-30,0,8960,780,7584,900
-30,0,4906,-566,4906,-500
-30,0,6081,-415,5359,-700
-30,0,3906,-913,2814,900
-30,0,4501,-609,996,800
-30,0,8440,-734,6864,600
-30,0,8311,-393,4717,-1000
-30,0,6969,-733,8543,200
-30,0,8904,-928,272,700
-30,0,8232,-464,154,-600
-30,0,6424,-998,7133,-700
-30,0,506,-599,2418,700
-30,0,3796,994,7661,-600
-30,0,5024,-953,5468,800
-30,0,6414,66,7994,-700
-30,0,1782,-91,6008,-1000
-30,0,6282,619,1624,0
-30,0,3736,592,3735,500
-30,0,9962,527,2805,200
-30,0,1286,-601,1673,900
-30,0,5137,-601,7048,500
-30,0,325,306,512,-800
-30,0,4008,-66,382,800
-30,0,1324,333,623,0
-30,0,8866,-758,6394,-900
-30,0,5970,450,2618,-800
-30,0,1958,164,9628,-800
-30,0,7213,-153,721,-800
-30,0,8566,22,8567,100
-30,0,1533,-117,5443,900
-30,0,2100,237,2310,500
-30,0,6384,-65,8257,-100
-30,0,5553,267,5553,400
-30,0,3885,-538,4357,900
-30,0,8848,-682,4477,-700
-30,0,6970,-509,2642,900
-30,0,6558,515,1289,800
-30,0,9488,444,7395,-400
-30,0,2062,619,2344,300
-30,0,3940,349,4555,-300
-30,0,6480,-622,3344,400
-30,0,442,-386,443,-200
-30,0,3494,482,5257,-1000
-30,0,8228,542,1724,900
-30,0,3995,65,2385,400
-30,0,1822,-48,1822,-100
-30,0,1764,550,8807,-600
-30,0,6666,772,2323,700
-30,0,1387,751,4819,900
-30,0,3758,-985,9342,-800
-30,0,6183,31,8812,400
-30,0,1459,-721,1733,-300
-30,0,5476,-776,814,300
-30,0,5361,880,3030,400
-30,0,737,755,5048,800
-30,0,4453,-756,5408,-800
-30,0,9995,-187,7423,100
-30,0,5463,-523,1418,-1000
-30,0,993,-735,3358,500
-30,10,7442,300,2986,-200
-30,10,6371,-738,2992,-800
-30,10,354,-295,9907,600
-30,10,4059,49,4060,0
-30,10,1401,-979,8667,-400
-30,10,2375,766,7606,-500
-30,10,2264,-201,2601,-100
-30,10,9544,911,7526,300
-30,10,5868,597,9601,100
-30,10,8793,-31,3357,300
-30,10,3654,657,3655,600
-30,10,343,861,2974,-500
-30,10,4706,431,5123,400
-30,10,6646,89,4733,-600
-30,10,7364,378,716,200
-30,10,6845,-218,4172,300
-30,10,595,-676,3799,200
-30,10,4035,829,9221,-1000
-30,10,393,662,3048,400
-30,10,1476,716,8644,200
-30,10,8613,-957,1194,-200
-30,10,9152,805,3501,-600
-30,10,2216,-997,5485,-500
-30,10,3950,-986,2536,-700
-30,10,3122,-161,1397,-100
-30,10,2519,892,6925,200
-30,10,4695,-709,5142,-800
-30,10,1246,-735,282,-800
-30,10,8657,468,1288,-500
-30,10,681,404,3532,100
-30,10,2664,429,8579,300
-30,10,5877,-708,6800,200
-30,10,9816,709,6601,900
-30,10,6526,-495,6526,-700
-30,10,4050,419,7430,700
-30,10,7045,-509,8672,100
-30,10,457,909,7279,600
-30,10,5307,70,1876,800
-30,10,2013,675,8465,-800
-30,10,5169,629,3252,700
-30,10,8762,901,8764,900
-30,10,6831,-537,2870,200
-30,10,3683,568,3686,600
-30,10,8481,-999,6886,-800
-30,10,6568,-222,1961,-1000
-30,10,6388,71,9022,-500
-30,10,5124,20,4354,-200
-30,10,7465,909,7461,900
-30,10,6687,-610,8713,-700
-30,10,804,-150,5912,-200
-30,10,3936,900,7537,100
-30,10,994,-461,984,400
-30,10,557,371,2624,400
-30,10,1534,-853,1315,-100
-30,10,7274,-398,1791,-500
-30,10,2251,484,5463,-600
-30,10,6748,689,255,-1000
-30,10,399,-731,1962,-200
-30,10,7326,800,3077,0
-30,10,5743,-597,3469,500
-30,10,851,-236,1175,-500
-30,10,8224,465,9824,0
-30,10,2084,-710,7317,400
-30,10,2642,822,1826,-900
-30,10,8555,-937,720,-300
-30,10,2292,708,85,400
-30,10,7723,-661,2877,300
-30,10,1507,938,1507,700
-30,10,8352,-41,3744,-600
-30,10,6894,723,7482,500
-30,10,9680,-298,9679,-300
-30,10,2733,-196,5441,900
-30,10,5497,825,5833,500
-30,10,255,-22,1710,800
-30,10,3374,-11,3274,-600
-30,10,1626,-968,4102,-200
-30,10,4120,-33,4120,100
-30,10,7762,733,9223,-1000
-30,10,8770,-725,2585,-1000
-30,10,5271,-785,8415,-500
-30,10,8618,894,2281,500
-30,10,5857,526,9095,900
-30,10,4355,-126,5070,-1000
-30,10,4309,314,9366,400
-30,10,1347,773,6903,-300
-30,10,1593,-917,7104,-900
-30,10,7678,-506,7679,-500
-30,10,2572,337,6576,600
-30,10,1451,340,980,200
-30,10,2337,-252,6611,-400
-30,10,7094,-539,4902,-1000
-30,10,4983,-460,9578,-800
-30,10,5741,-381,4817,-400
-30,10,1599,-444,1605,-500
-30,10,9406,582,3266,-400
-30,10,744,376,8669,900
-30,10,1622,-31,8699,0
-30,10,6821,26,2415,-400
-30,10,3413,-79,9074,600
-30,10,442,-639,9365,900
-30,20,4934,634,9384,900
-30,20,8655,380,1289,-700
-30,20,7406,375,9711,100
-30,20,7748,-624,7755,600
-30,20,2130,677,2879,-1000
-30,20,4874,-624,4181,700
-30,20,2817,-900,2490,900
-30,20,2906,561,8019,-700
-30,20,340,-470,335,-100
-30,20,6973,335,5356,200
-30,20,1294,-28,2837,400
-30,20,580,649,5393,600
-30,20,9765,-881,568,800
-30,20,9492,793,3918,-1000
-30,20,8667,602,1704,400
-30,20,5231,327,3527,800
-30,20,1856,-349,9236,-500
-30,20,6778,-884,8284,-400
-30,20,3497,-587,3433,300
-30,20,2985,-938,8226,900
-30,20,2662,111,488,700
-30,20,2241,460,6268,600
-30,20,1880,-778,8981,400
-30,20,8563,338,8563,300
-30,20,7588,-531,8976,700
-30,20,2449,-403,4055,100
-30,20,8592,-485,7254,300
-30,20,7531,-610,2766,500
-30,20,7426,464,3702,-900
-30,20,1303,-194,7089,300
-30,20,9478,-668,1649,0
-30,20,8390,-128,6949,-700
-30,20,9738,-651,9739,-700
-30,20,5634,879,4671,-1000
-30,20,268,-452,1846,100
-30,20,4257,-173,4277,700
-30,20,1957,571,6762,-900
-30,20,3092,-616,3092,-800
-30,20,3210,876,4210,-1000
-30,20,1103,718,9683,-700
-30,20,2934,-448,2734,300
-30,20,9386,-291,2691,-100
-30,20,5869,909,7632,300
-30,20,1471,335,1472,200
-30,20,8606,273,914,200
-30,20,5104,756,2932,900
-30,20,9228,-849,7527,0
-30,20,1989,551,8657,100
-30,20,1425,316,3564,900
-30,20,3587,-646,8798,-200
-30,20,7928,339,2575,-900
-30,20,3879,-617,9405,700
-30,20,4343,-346,4644,-300
-30,20,5664,-902,5665,-900
-30,20,1006,829,2613,500
-30,20,5671,-695,4553,700
-30,20,253,-570,4334,-500
-30,20,2322,-715,7873,-1000
-30,20,1854,-585,7254,-1000
-30,20,1163,-999,2987,-200
-30,20,5978,-991,4506,-700
-30,20,7206,137,4266,-100
-30,20,813,905,207,-1000
-30,20,8726,-279,5795,100
-30,20,8906,-62,5616,900
-30,20,9534,-483,9330,-600
-30,20,3540,-503,3540,-500
-30,20,5666,-847,8363,-100
-30,20,5603,115,7583,-600
-30,20,7087,917,3771,900
-30,20,8563,263,6202,-200
-30,20,5555,222,8391,400
-30,20,4380,244,6053,-200
-30,20,5519,252,4840,500
-30,20,1275,998,4003,-1000
-30,20,6301,-801,8765,200
-30,20,2041,-659,4483,800
-30,20,9880,494,9879,500
-30,20,942,835,9819,800
-30,20,5801,811,8427,-400
-30,20,9065,166,3398,900
-30,20,442,-541,3835,700
-30,20,3678,-15,2409,-900
-30,20,7333,804,9339,600
-30,20,4627,-161,6638,-700
-30,20,9460,-143,5686,900
-30,20,919,843,9501,-300
-30,20,1755,-992,4775,-800
-30,20,9679,-152,4413,0
-30,20,5857,-142,5818,-500
-30,20,7550,-242,3085,400
-30,20,1062,-255,1421,200
-30,20,8215,581,4448,-1000
-30,20,2441,-31,3612,-500
-30,20,9452,80,6228,0
-30,20,6474,-868,3404,-1000
-30,20,8782,670,9265,600
-30,20,1340,-476,9630,600
-30,20,1164,896,1632,400
-30,20,5836,-42,6401,600
-30,30,8789,181,1377,100
-30,30,767,-579,8281,-600
-30,30,8568,-718,1694,-800
-30,30,3870,-844,7246,-1000
-30,30,6190,-77,8038,600
-30,30,4232,407,2966,-1000
-30,30,8330,-898,1695,-600
-30,30,997,-842,920,-300
-30,30,7931,-476,2965,-1000
-30,30,6273,365,9848,-400
-30,30,6532,396,7996,400
-30,30,7575,-229,4773,800
-30,30,7690,435,6060,0
-30,30,1500,275,9166,-800
-30,30,7076,-111,2459,0
-30,30,9124,-841,5498,900
-30,30,3095,838,8721,-600
-30,30,1526,-697,8720,-600
-30,30,1556,-531,8255,400
-30,30,2130,157,7722,500
-30,30,9602,970,3003,-300
-30,30,4753,-332,9584,-200
-30,30,3119,-390,6393,-700
-30,30,6371,69,7162,600
-30,30,2737,515,8709,-600
-30,30,7614,-770,2602,-600
-30,30,256,599,7948,-800
-30,30,5320,-451,630,-700
-30,30,6111,848,6489,600
-30,30,5912,339,5124,-600
-30,30,7179,197,1695,-300
-30,30,3594,-769,6660,900
-30,30,9430,-223,9706,0
-30,30,1650,-78,1450,-400
-30,30,737,-630,8038,500
-30,30,4092,92,6653,-200
-30,30,8687,171,5569,900
-30,30,1343,-406,5350,-1000
-30,30,5665,535,8038,600
-30,30,6989,-785,9113,100
-30,30,897,-52,38,900
-30,30,2746,818,9114,200
-30,30,1576,-607,5579,-400
-30,30,1764,-369,2372,-900
-30,30,3234,-938,677,900
-30,30,9623,940,8038,500
-30,30,2684,-502,335,-100
-30,30,8040,63,4295,400
-30,30,3757,-398,8038,700
-30,30,2715,742,8297,700
-30,30,2462,-191,9816,-700
-30,30,5346,920,6515,900
-30,30,1203,-232,4338,0
-30,30,7782,587,5130,-800
-30,30,5712,804,6719,900
-30,30,7804,438,7247,-1000
-30,30,3319,-786,8748,700
-30,30,2844,762,5358,-300
-30,30,9125,290,7749,400
-30,30,1936,-596,4773,700
-30,30,7065,830,1573,-500
-30,30,6010,469,676,900
-30,30,4301,-702,910,-1000
-30,30,6528,142,335,-100
-30,30,2595,95,5134,-700
-30,30,7967,980,4162,-200
-30,30,2134,-300,9111,200
-30,30,6599,731,7246,-1000
-30,30,8060,-952,7479,100
-30,30,9486,285,2651,800
-30,30,9431,-972,5576,-400
-30,30,321,-645,1224,-1000
-30,30,9248,913,4773,900
-30,30,1104,-364,8677,-1000
-30,30,7444,5,9111,400
-30,30,1405,755,2449,-500
-30,30,9266,-826,5127,-300
-30,30,2199,-222,9098,200
-30,30,1800,65,2735,200
-30,30,4885,40,8038,600
-30,30,2301,-448,4131,-900
-30,30,7688,-220,9579,-600
-30,30,2692,621,5026,-900
-30,30,8347,546,5216,-200
-30,30,7681,362,1921,-900
-30,30,710,95,6515,900
-30,30,5374,-414,8192,-600
-30,30,9665,410,3003,-300
-30,30,3996,-433,7101,800
-30,30,21,700,9114,200
-30,30,8647,-387,3003,-400
-30,30,5328,-493,2079,800
-30,30,3065,-596,2602,-700
-30,30,5701,541,8677,-1000
-30,30,7245,316,8040,900
-30,30,8828,-795,8036,500
-30,30,4278,706,7074,400
-30,30,8239,-414,2495,900
-30,30,8450,397,7086,100
-30,30,3652,0,8035,600
-30,40,3291,-44,8038,600
-30,40,1372,-313,335,-100
-30,40,8699,-229,8038,600
-30,40,5360,592,335,-100
-30,40,916,-894,335,-200
-30,40,5320,123,9113,200
-30,40,3267,717,335,-100
-30,40,183,-22,8038,600
-30,40,2416,-919,8038,600
-30,40,9611,-101,8038,600
-30,40,3882,-14,335,-100
-30,40,8171,-721,8038,500
-30,40,5867,-175,8038,600
-30,40,3221,475,8038,600
-30,40,8915,-968,9113,100
-30,40,5613,800,8038,600
-30,40,3622,-402,8038,500
-30,40,7019,153,3965,-700
-30,40,9267,466,5359,-100
-30,40,9698,-209,8038,600
-30,40,1588,363,9237,-700
-30,40,2579,-936,9113,100
-30,40,9354,447,8038,600
-30,40,6935,-388,9113,200
-30,40,9985,-723,6515,900
-30,40,1298,265,8038,600
-30,40,135,-885,8038,600
-30,40,9558,-889,8038,600
-30,40,2989,-804,8038,600
-30,40,7534,-924,8038,600
-30,40,4158,923,8038,600
-30,40,8288,-458,335,-100
-30,40,5015,393,8038,600
-30,40,762,251,8038,600
-30,40,2938,902,9113,200
-30,40,4713,691,9113,200
-30,40,9887,-997,8038,600
-30,40,5297,-403,5359,-100
-30,40,5033,889,8038,700
-30,40,9217,639,5359,-200
-30,40,6164,49,8038,500
-30,40,4403,745,5359,0
-30,40,868,858,9113,200
-30,40,5926,790,8038,600
-30,40,7347,-42,8038,600
-30,40,3374,547,8038,600
-30,40,8456,355,8038,600
-30,40,8254,-984,8038,600
-30,40,4570,-65,9113,200
-30,40,1295,-258,8038,600
-30,40,5464,103,8038,500
-30,40,3758,723,8038,600
-30,40,6110,-715,335,0
-30,40,4309,-841,8038,600
-30,40,2640,-823,9237,-700
-30,40,3285,-328,335,-100
-30,40,4491,406,5359,-100
-30,40,1812,-798,5359,0
-30,40,7031,-912,8038,500
-30,40,1185,-676,335,-100
-30,40,5560,-589,8038,600
-30,40,8138,-638,335,-100
-30,40,610,511,8038,600
-30,40,9296,-88,5359,0
-30,40,8059,928,6515,900
-30,40,5263,-516,335,-100
-30,40,1541,-475,8038,600
-30,40,43,-614,8038,600
-30,40,8361,967,8038,600
-30,40,3910,772,8038,600
-30,40,1830,851,8038,500
-30,40,381,565,9237,-800
-30,40,8925,179,8038,500
-30,40,6518,288,8038,500
-30,40,9074,-231,8038,700
-30,40,9509,-659,8038,600
-30,40,3514,414,8038,600
-30,40,641,237,8038,600
-30,40,1194,-32,8038,600
-30,40,5112,904,8038,600
-30,40,6857,361,4773,900
-30,40,3845,718,8036,400
-30,40,5875,-646,8038,700
-30,40,4818,-482,8038,600
-30,40,1571,493,8038,600
-30,40,9648,917,8038,600
-30,40,4286,824,8038,700
-30,40,8000,-331,8038,600
-30,40,8924,-559,5359,-100
-30,40,8698,-998,8038,600
-30,40,5209,-324,335,0
-30,40,5043,881,4773,900
-30,40,9429,56,8038,600
-30,40,7254,176,727,800
-30,40,5830,-36,335,-100
-30,40,346,800,8038,600
-30,40,8254,383,9113,200
-30,40,1567,-748,5359,-100
-30,40,5225,-942,9113,100
-30,40,8573,-337,8038,600
-30,50,4619,756,8038,600
-30,50,1092,27,8038,600
-30,50,2130,907,8038,600
-30,50,8869,-806,8038,600
-30,50,7926,790,8038,600
-30,50,90,-489,8038,600
-30,50,9094,-1,8038,600
-30,50,728,614,8038,600
-30,50,7356,-405,8038,600
-30,50,9892,139,8038,600
-30,50,4719,465,8038,600
-30,50,7017,-798,8038,600
-30,50,3322,-313,8038,600
-30,50,4121,-976,8038,600
-30,50,293,231,8038,600
-30,50,5850,-556,8038,600
-30,50,4577,-280,8038,600
-30,50,3493,-509,8038,600
-30,50,8120,-804,8038,600
-30,50,3211,203,8038,600
-30,50,8255,942,8038,600
-30,50,8154,-282,8038,600
-30,50,4170,-157,8038,600
-30,50,1026,663,8038,600
-30,50,7382,999,8038,600
-30,50,8271,-906,8038,600
-30,50,3430,62,8038,600
-30,50,9982,-249,8038,600
-30,50,6888,-380,8038,600
-30,50,8211,-311,8038,600
-30,50,5475,330,8038,600
-30,50,7184,333,8038,600
-30,50,7667,434,8038,600
-30,50,4484,82,8038,600
-30,50,479,-94,8038,600
-30,50,3548,-51,8038,600
-30,50,6136,-416,8038,600
-30,50,7144,39,8038,600
-30,50,1163,-629,8038,600
-30,50,5924,128,8038,600
-30,50,8033,-817,8038,600
-30,50,4449,915,8038,600
-30,50,5026,-308,5359,-100
-30,50,4813,107,8038,600
-30,50,2527,-28,8038,600
-30,50,1094,-93,8038,600
-30,50,3699,-543,8038,600
-30,50,4318,811,8038,600
-30,50,9171,908,8038,600
-30,50,7274,531,8038,600
-30,50,5396,-492,8038,600
-30,50,9749,-714,8038,600
-30,50,9264,328,8038,600
-30,50,9094,397,8038,600
-30,50,3777,-327,8038,600
-30,50,4778,-283,8038,600
-30,50,7255,967,8038,600
-30,50,1083,643,8038,600
-30,50,174,19,8038,600
-30,50,3057,362,8038,600
-30,50,2932,-540,335,-100
-30,50,1260,136,8038,600
-30,50,9990,422,8038,600
-30,50,8709,770,8038,600
-30,50,576,898,8038,600
-30,50,7544,-94,8038,600
-30,50,5702,-316,8038,600
-30,50,7247,-573,8038,600
-30,50,7328,-79,8038,600
-30,50,5211,238,8038,600
-30,50,4735,890,8038,600
-30,50,316,-740,8038,600
-30,50,2010,-586,8038,600
-30,50,233,-971,8038,600
-30,50,7772,444,8038,600
-30,50,6433,-364,8038,600
-30,50,2238,-313,8038,600
-30,50,1754,318,8038,600
-30,50,9502,124,8038,600
-30,50,6155,-218,8038,600
-30,50,8474,657,8038,600
-30,50,7146,59,8038,600
-30,50,7010,576,8038,600
-30,50,946,802,8038,600
-30,50,8394,-732,8038,600
-30,50,1061,406,8038,600
-30,50,4502,967,8038,600
-30,50,4996,-225,8038,600
-30,50,3694,847,8038,600
-30,50,3632,428,8038,600
-30,50,412,166,8038,600
-30,50,3686,-846,8038,600
-30,50,5371,-444,8038,600
-30,50,1167,825,8038,600
-30,50,4951,-248,8038,600
-30,50,7028,293,8038,600
-30,50,7168,-659,8038,600
-30,50,4730,779,8038,600
-30,50,1759,513,8038,600
-30,50,208,-58,8038,600
-20,-100,1148,262,1148,200
-20,-100,4798,-216,4798,-200
-20,-100,1453,-196,1453,-200
-20,-100,5154,617,5154,600
-20,-100,9583,288,9583,400
-20,-100,3767,-529,3767,-500
-20,-100,636,773,636,700
-20,-100,5259,-315,5259,-400
-20,-100,4765,-151,4765,-200
-20,-100,6567,-812,6567,-800
-20,-100,5869,182,5869,200
-20,-100,8265,-749,8265,-800
-20,-100,4663,-605,4663,-600
-20,-100,7396,928,7396,900
-20,-100,5221,-280,5221,-300
-20,-100,2691,987,2691,900
-20,-100,915,-524,915,-500
-20,-100,1879,546,1879,500
-20,-100,5635,46,5636,100
-20,-100,2245,871,2245,800
-20,-100,4999,-652,4999,-700
-20,-100,4207,-136,4207,-100
-20,-100,7517,-39,7517,-200
-20,-100,1100,875,1100,900
-20,-100,1825,307,1825,300
-20,-100,3434,816,3434,700
-20,-100,4404,920,4404,900
-20,-100,6545,131,6545,0
-20,-100,934,-62,934,-100
-20,-100,8283,935,8283,900
-20,-100,652,351,652,400
-20,-100,1181,287,1181,300
-20,-100,6636,145,6636,100
-20,-100,5191,750,5191,800
-20,-100,740,167,740,100
-20,-100,3462,269,3462,300
-20,-100,2307,-279,2307,-300
-20,-100,5138,823,5138,800
-20,-100,7007,577,7007,600
-20,-100,6360,955,6360,900
-20,-100,3110,514,3110,500
-20,-100,3839,-487,3839,-500
-20,-100,7239,-166,7239,-200
-20,-100,9548,267,9548,300
-20,-100,7090,688,7090,700
-20,-100,5380,-21,5380,0
-20,-100,8477,-183,8477,-200
-20,-100,5611,944,5611,900
-20,-100,1969,598,1969,600
-20,-100,2213,-936,2213,-900
-20,-100,8040,451,8040,500
-20,-100,5350,-122,5350,-100
-20,-100,3358,660,3358,700
-20,-100,39,742,39,800
-20,-100,4245,-89,4244,-100
-20,-100,761,-386,760,-300
-20,-100,5305,-885,5305,-900
-20,-100,2130,-922,2130,-1000
-20,-100,8069,381,8069,300
-20,-100,1010,715,1010,600
-20,-100,5801,-269,5801,-300
-20,-100,8932,111,8932,100
-20,-100,4119,-323,4119,-300
-20,-100,5669,-303,5669,-300
-20,-100,3108,706,3108,800
-20,-100,6660,-735,6660,-800
-20,-100,6688,-382,6688,-400
-20,-100,4224,-190,4224,-200
-20,-100,3658,-855,3658,-900
-20,-100,2691,-68,2690,-100
-20,-100,5411,868,5411,900
-20,-100,7040,232,7040,200
-20,-100,4826,224,4826,200
-20,-100,2996,-316,2996,-300
-20,-100,9933,-419,9933,-400
-20,-100,9364,-905,9364,-1000
-20,-100,6245,-663,6245,-700
-20,-100,7549,-629,7549,-600
-20,-100,7952,-463,7952,-400
-20,-100,5628,-632,5628,-600
-20,-100,4442,105,4442,100
-20,-100,6505,-554,6505,-500
-20,-100,8247,606,8247,600
-20,-100,2170,210,2170,100
-20,-100,540,-470,540,-400
-20,-100,9552,64,9552,100
-20,-100,1864,-321,1864,-300
-20,-100,1593,-303,1593,-300
-20,-100,7741,156,7741,100
-20,-100,5389,-948,5389,-1000
-20,-100,8307,539,8307,500
-20,-100,7409,-718,7409,-700
-20,-100,3403,-185,3403,-200
-20,-100,4977,-580,4977,-600
-20,-100,4122,783,4122,800
-20,-100,4529,604,4529,600
-20,-100,3373,311,3373,300
-20,-100,8784,591,8784,700
-20,-100,3477,856,3477,900
-20,-100,8676,-774,8676,-700
-20,-90,2627,526,2627,600
-20,-90,4943,-605,4943,-500
-20,-90,2707,78,2707,100
-20,-90,5514,-224,5514,-300
-20,-90,3088,-139,3088,-100
-20,-90,2290,-358,2290,-400
-20,-90,1282,914,1282,900
-20,-90,8955,88,8955,100
-20,-90,8041,-925,8041,-1000
-20,-90,3427,-790,3427,-800
-20,-90,6668,184,6668,200
-20,-90,7434,122,7434,100
-20,-90,3012,839,3012,900
-20,-90,5648,-331,5648,-400
-20,-90,5558,-949,5558,-800
-20,-90,9627,-837,9627,-900
-20,-90,6281,-376,6281,-400
-20,-90,6353,-871,6353,-800
-20,-90,9144,486,9144,400
-20,-90,9913,244,9913,300
-20,-90,6853,-629,6853,-800
-20,-90,125,933,125,900
-20,-90,6997,597,6997,600
-20,-90,9371,666,9371,600
-20,-90,5568,-742,5568,-700
-20,-90,5334,311,5334,400
-20,-90,1753,-909,1753,-800
-20,-90,5496,-544,5496,-600
-20,-90,166,139,166,100
-20,-90,686,-178,686,-100
-20,-90,1299,663,1299,800
-20,-90,2247,404,2247,600
-20,-90,6211,212,6211,200
-20,-90,4438,424,4438,400
-20,-90,560,352,560,300
-20,-90,171,-66,171,-100
-20,-90,7353,555,7353,600
-20,-90,4773,-358,4773,-400
-20,-90,6975,432,6975,500
-20,-90,1459,994,1459,900
-20,-90,1027,523,1027,500
-20,-90,2604,-952,2604,-900
-20,-90,207,436,207,400
-20,-90,3402,-207,3402,-200
-20,-90,3543,-366,3543,-300
-20,-90,2936,453,2936,400
-20,-90,1418,-163,1418,-200
-20,-90,763,-982,763,-1000
-20,-90,4346,-763,4346,-700
-20,-90,3364,907,3364,800
-20,-90,6485,645,6485,600
-20,-90,1244,759,1244,600
-20,-90,2274,992,2274,900
-20,-90,2660,-994,2660,-900
-20,-90,4138,-86,4138,-200
-20,-90,6153,-35,6153,0
-20,-90,5720,-207,5720,-200
-20,-90,6339,-988,6339,-1000
-20,-90,498,-108,497,-100
-20,-90,2275,487,2275,500
-20,-90,8997,804,8997,800
-20,-90,3476,681,3476,800
-20,-90,9053,559,9053,600
-20,-90,814,65,814,0
-20,-90,845,666,845,700
-20,-90,4962,-606,4962,-600
-20,-90,5921,715,5921,700
-20,-90,6608,21,6608,100
-20,-90,7549,-325,7549,-400
-20,-90,8273,-547,8273,-500
-20,-90,128,291,128,300
-20,-90,663,-640,663,-600
-20,-90,2700,-927,2700,-1000
-20,-90,3925,467,3925,600
-20,-90,3695,-174,3695,-200
-20,-90,8428,-185,8428,-200
-20,-90,5661,422,5661,400
-20,-90,3359,516,3359,600
-20,-90,2521,856,2521,800
-20,-90,150,855,150,900
-20,-90,980,-852,980,-900
-20,-90,7731,488,7731,500
-20,-90,570,395,570,300
-20,-90,9676,946,9676,900
-20,-90,8712,-383,8712,-400
-20,-90,4826,-892,4826,-900
-20,-90,2342,74,2342,100
-20,-90,3266,-988,3266,-1000
-20,-90,6254,-424,6254,-400
-20,-90,2233,332,2233,300
-20,-90,6712,-329,6712,-200
-20,-90,399,-4,399,0
-20,-90,8742,-607,8742,-600
-20,-90,7636,684,7636,700
-20,-90,8741,845,8741,800
-20,-90,317,-886,317,-900
-20,-90,9287,941,9287,900
-20,-90,175,-980,175,-1000
-20,-90,6028,-841,6028,-900
-20,-90,3868,-302,3868,-200
-20,-80,6250,-50,6249,-100
-20,-80,1311,471,1311,500
-20,-80,5102,-971,5102,-900
-20,-80,5249,36,5249,0
-20,-80,1510,-387,1510,-500
-20,-80,4175,322,4175,300
-20,-80,3231,-429,3231,-400
-20,-80,7538,-544,7538,-600
-20,-80,1245,-421,1245,-400
-20,-80,5027,-10,5027,0
-20,-80,4672,-699,4672,-700
-20,-80,9337,-429,9337,-400
-20,-80,1562,55,1562,100
-20,-80,4509,276,4509,300
-20,-80,383,813,383,800
-20,-80,1991,996,1991,900
-20,-80,6742,-871,6742,-900
-20,-80,661,556,661,600
-20,-80,291,887,291,900
-20,-80,1480,-316,1480,-300
-20,-80,4685,139,4685,200
-20,-80,8180,1000,8180,900
-20,-80,2396,-139,2396,-300
-20,-80,3475,-717,3475,-800
-20,-80,8431,385,8431,400
-20,-80,7205,688,7205,700
-20,-80,9093,-584,9093,-500
-20,-80,9300,-441,9300,-400
-20,-80,729,-110,729,100
-20,-80,6060,261,6060,200
-20,-80,5774,-24,5774,100
-20,-80,1499,-964,1499,-1000
-20,-80,8983,625,8983,600
-20,-80,5958,-335,5958,-500
-20,-80,229,-833,229,-800
-20,-80,1901,81,1901,100
-20,-80,3111,-654,3111,-700
-20,-80,7166,-652,7166,-600
-20,-80,709,-784,709,-700
-20,-80,3441,134,3441,200
-20,-80,6192,162,6192,200
-20,-80,9559,-979,9559,-900
-20,-80,2181,369,2181,500
-20,-80,5746,794,5746,700
-20,-80,5375,-525,5375,-500
-20,-80,5420,-210,5420,-200
-20,-80,6663,-301,6663,-400
-20,-80,2819,-942,2819,-900
-20,-80,9039,-916,9039,-800
-20,-80,8926,180,8926,200
-20,-80,2135,-756,2135,-700
-20,-80,5586,-711,5586,-700
-20,-80,3523,3,3523,-100
-20,-80,9483,92,9484,100
-20,-80,3428,-37,3427,-100
-20,-80,8168,-159,8168,-200
-20,-80,8141,484,8141,500
-20,-80,3036,-888,3036,-900
-20,-80,6126,39,6126,0
-20,-80,9411,-306,9411,-300
-20,-80,7336,-551,7336,-600
-20,-80,516,-471,516,-500
-20,-80,8625,-132,8625,-100
-20,-80,6928,405,6928,500
-20,-80,9348,639,9348,700
-20,-80,767,864,767,900
-20,-80,7126,174,7126,100
-20,-80,1098,221,1098,200
-20,-80,1501,18,1501,0
-20,-80,6251,-766,6251,-700
-20,-80,9176,-620,9176,-600
-20,-80,9666,763,9666,800
-20,-80,1626,235,1626,200
-20,-80,3968,6,3968,-100
-20,-80,1312,-199,1312,-200
-20,-80,6178,198,6178,200
-20,-80,559,-519,559,-500
-20,-80,6845,963,6845,900
-20,-80,9713,-247,9713,-100
-20,-80,5006,-744,5006,-800
-20,-80,4146,873,4146,900
-20,-80,3576,233,3576,200
-20,-80,9237,-496,9237,-500
-20,-80,326,-403,326,-400
-20,-80,6742,-560,6742,-600
-20,-80,6823,347,6823,500
-20,-80,3316,-766,3316,-900
-20,-80,110,-948,110,-900
-20,-80,6525,-594,6525,-600
-20,-80,6756,-769,6756,-700
-20,-80,8492,40,8492,0
-20,-80,6338,455,6338,500
-20,-80,9195,29,9196,0
-20,-80,7583,714,7583,700
-20,-80,9996,589,9996,500
-20,-80,3504,653,3504,600
-20,-80,7535,-134,7535,-200
-20,-80,3985,-81,3985,-100
-20,-80,735,-195,735,-100
-20,-80,6317,382,6317,300
-20,-70,9946,-335,9946,-400
-20,-70,6562,-114,6562,-100
-20,-70,2807,692,2807,700
-20,-70,6297,-694,6297,-700
-20,-70,2325,-330,2325,-200
-20,-70,5642,411,5642,300
-20,-70,2639,836,2639,800
-20,-70,7238,-277,7238,-300
-20,-70,929,-599,929,-500
-20,-70,8515,708,8515,700
-20,-70,7506,691,7506,600
-20,-70,6826,473,6826,400
-20,-70,2443,-537,2443,-600
-20,-70,6386,-631,6386,-700
-20,-70,8920,-75,8920,-100
-20,-70,3697,964,3697,900
-20,-70,5833,-197,5833,-300
-20,-70,1650,659,1650,700
-20,-70,2807,369,2807,300
-20,-70,9945,109,9945,100
-20,-70,4777,-559,4777,-500
-20,-70,6878,-217,6878,-200
-20,-70,5608,962,5608,900
-20,-70,4244,144,4244,100
-20,-70,9103,803,9103,900
-20,-70,8294,-769,8294,-800
-20,-70,4132,-276,4132,-200
-20,-70,7018,-495,7018,-500
-20,-70,2512,-623,2512,-600
-20,-70,3660,131,3660,200
-20,-70,9505,-636,9505,-800
-20,-70,2933,941,2933,900
-20,-70,7867,480,7867,500
-20,-70,355,-89,355,-100
-20,-70,7368,-902,7368,-1000
-20,-70,9829,-842,9829,-800
-20,-70,3121,535,3121,600
-20,-70,654,724,654,700
-20,-70,1048,-13,1048,0
-20,-70,9253,-663,9253,-700
-20,-70,5809,-515,5809,-500
-20,-70,7103,-923,7103,-900
-20,-70,356,-327,356,-400
-20,-70,5255,-739,5255,-700
-20,-70,2682,690,2682,700
-20,-70,3515,-252,3515,-100
-20,-70,9138,-151,9138,-200
-20,-70,8,-623,8,-600
-20,-70,8279,379,8279,500
-20,-70,4229,29,4229,0
-20,-70,3723,380,3723,400
-20,-70,3053,946,3053,900
-20,-70,8630,-843,8630,-900
-20,-70,7259,-113,7259,-100
-20,-70,5786,621,5786,500
-20,-70,395,-113,395,-200
-20,-70,4536,-427,4536,-400
-20,-70,5735,478,5735,400
-20,-70,351,-893,352,-800
-20,-70,7994,796,7994,800
-20,-70,6451,-855,6451,-800
-20,-70,4614,-976,4614,-900
-20,-70,3795,-368,3796,-400
-20,-70,7528,-530,7528,-700
-20,-70,7706,-112,7706,-200
-20,-70,1108,-522,1108,-400
-20,-70,5156,-670,5156,-600
-20,-70,9329,-521,9329,-600
-20,-70,4013,-370,4013,-400
-20,-70,2383,-53,2383,-100
-20,-70,8302,-208,8302,-100
-20,-70,393,-652,393,-700
-20,-70,926,-543,926,-600
-20,-70,8752,48,8752,100
-20,-70,6061,-271,6061,-200
-20,-70,9741,-938,9741,-900
-20,-70,3428,-851,3428,-800
-20,-70,4452,-315,4452,-400
-20,-70,6004,-653,6004,-700
-20,-70,5663,436,5663,400
-20,-70,4470,-766,4470,-800
-20,-70,8357,803,8357,700
-20,-70,1810,-117,1810,-100
-20,-70,4447,896,4447,900
-20,-70,2611,-193,2611,-100
-20,-70,8404,-642,8404,-700
-20,-70,9839,844,9838,800
-20,-70,3943,-708,3943,-700
-20,-70,6892,-737,6892,-800
-20,-70,8685,-392,8685,-400
-20,-70,698,382,699,300
-20,-70,6527,-878,6527,-800
-20,-70,5873,286,5873,200
-20,-70,3556,521,3556,600
-20,-70,6258,-468,6258,-500
-20,-70,8466,501,8466,400
-20,-70,515,294,514,400
-20,-70,7905,140,7907,100
-20,-70,122,-381,122,-400
-20,-70,4767,-553,4767,-500
-20,-60,91,518,91,400
-20,-60,7281,-881,7281,-900
-20,-60,8814,-397,8814,-300
-20,-60,5620,-204,5620,-200
-20,-60,8405,-124,8405,-200
-20,-60,1863,205,1863,100
-20,-60,3084,-443,3084,-400
-20,-60,6906,874,6906,800
-20,-60,2099,860,2099,800
-20,-60,7196,-291,7196,-300
-20,-60,9469,-562,9469,-600
-20,-60,1457,302,1457,300
-20,-60,600,-665,600,-600
-20,-60,424,216,424,200
-20,-60,9288,175,9288,100
-20,-60,6967,918,6967,900
-20,-60,9823,639,9823,600
-20,-60,1012,259,1012,300
-20,-60,1499,312,1499,200
-20,-60,1808,-733,1808,-700
-20,-60,4127,664,4127,600
-20,-60,1770,631,1770,600
-20,-60,4562,688,4562,600
-20,-60,9707,-86,9707,-100
-20,-60,1475,291,1475,300
-20,-60,8041,92,8041,0
-20,-60,8012,789,8012,800
-20,-60,1781,988,1781,900
-20,-60,1890,868,1890,900
-20,-60,2602,958,2602,900
-20,-60,4916,-290,4916,-200
-20,-60,8922,-307,8922,-300
-20,-60,6639,16,6639,100
-20,-60,5517,988,5517,900
-20,-60,9662,627,9662,600
-20,-60,5144,-493,5144,-400
-20,-60,9314,180,9314,200
-20,-60,2044,436,2044,500
-20,-60,1889,875,1889,900
-20,-60,6570,269,6570,200
-20,-60,7939,-722,7939,-700
-20,-60,8342,684,8342,700
-20,-60,127,831,127,800
-20,-60,88,-739,88,-800
-20,-60,9729,-150,9729,-100
-20,-60,6035,385,6035,400
-20,-60,4441,-151,4441,-100
-20,-60,9373,326,9373,400
-20,-60,1823,971,1823,900
-20,-60,6889,857,6889,800
-20,-60,5180,-231,5181,-200
-20,-60,7947,-255,7947,-200
-20,-60,9330,800,9330,800
-20,-60,6126,-478,6126,-400
-20,-60,1952,-817,1952,-900
-20,-60,3599,841,3599,800
-20,-60,6737,-554,6737,-600
-20,-60,9365,965,9365,900
-20,-60,3711,955,3711,900
-20,-60,5985,262,5985,300
-20,-60,1722,848,1722,800
-20,-60,4928,-278,4928,-300
-20,-60,4905,-129,4905,-100
-20,-60,4308,438,4308,500
-20,-60,7084,-710,7084,-700
-20,-60,1809,-718,1809,-800
-20,-60,3246,60,3246,100
-20,-60,8243,-156,8243,-200
-20,-60,6125,-242,6125,-300
-20,-60,6040,-809,6040,-800
-20,-60,8309,24,8309,0
-20,-60,2180,401,2180,300
-20,-60,2989,-694,2989,-700
-20,-60,4766,-548,4766,-500
-20,-60,4192,192,4192,300
-20,-60,5050,260,5050,300
-20,-60,8462,-337,8462,-400
-20,-60,6915,7,6915,100
-20,-60,4985,620,4985,700
-20,-60,529,169,529,300
-20,-60,7961,-676,7961,-600
-20,-60,4574,-500,4574,-500
-20,-60,8728,-168,8728,-100
-20,-60,7418,-780,7418,-800
-20,-60,5955,-621,5955,-700
-20,-60,5725,-797,5725,-800
-20,-60,209,-332,209,-400
-20,-60,8865,500,8865,500
-20,-60,3311,-403,3311,-400
-20,-60,6944,-550,6944,-600
-20,-60,8144,-181,8144,-100
-20,-60,1250,617,1250,600
-20,-60,5212,-877,5212,-900
-20,-60,7775,538,7775,600
-20,-60,6519,-516,6519,-400
-20,-60,919,-307,919,-300
-20,-60,9186,485,9186,500
-20,-60,1700,346,1699,400
-20,-60,7686,957,7686,900
-20,-60,2656,-159,2656,-200
-20,-50,4815,544,4815,600
-20,-50,3175,883,3175,800
-20,-50,4240,120,4241,100
-20,-50,9759,-295,9759,-300
-20,-50,8705,-268,8705,-200
-20,-50,1669,-173,1669,-200
-20,-50,4382,116,4382,100
-20,-50,1227,-116,1227,-200
-20,-50,7212,706,7211,600
-20,-50,1463,-541,1463,-600
-20,-50,1438,-663,1437,-700
-20,-50,2440,-996,2440,-1000
-20,-50,3001,-164,3001,-200
-20,-50,356,-511,356,-500
-20,-50,7822,621,7822,700
-20,-50,3595,997,3595,900
-20,-50,4026,484,4028,400
-20,-50,597,-316,597,-300
-20,-50,2399,762,2399,800
-20,-50,5436,-10,5436,0
-20,-50,1694,-898,1694,-900
-20,-50,9458,499,9458,500
-20,-50,678,885,678,900
-20,-50,8651,889,8651,900
-20,-50,6248,-810,6248,-800
-20,-50,2867,390,2867,400
-20,-50,4103,-479,4103,-500
-20,-50,252,-765,252,-800
-20,-50,4924,726,4924,700
-20,-50,9817,5,9817,100
-20,-50,2443,567,2443,500
-20,-50,8334,56,8334,0
-20,-50,140,559,140,500
-20,-50,7587,-862,7587,-800
-20,-50,6829,660,6829,700
-20,-50,3238,-295,3238,-400
-20,-50,7288,758,7288,700
-20,-50,6041,-127,6041,-100
-20,-50,5284,-928,5284,-1000
-20,-50,3175,705,3175,800
-20,-50,6791,-759,6791,-800
-20,-50,389,294,389,300
-20,-50,230,14,230,0
-20,-50,1727,-327,1727,-200
-20,-50,4400,-322,4400,-400
-20,-50,5836,-524,5836,-600
-20,-50,4937,-432,4937,-500
-20,-50,775,179,775,200
-20,-50,7504,-389,7504,-400
-20,-50,9500,449,9500,500
-20,-50,975,620,975,600
-20,-50,5363,9,5363,0
-20,-50,8381,-189,8381,-200
-20,-50,8988,-593,8988,-500
-20,-50,4353,-504,4353,-700
-20,-50,6370,399,6370,400
-20,-50,4614,-294,4614,-300
-20,-50,1653,-513,1653,-600
-20,-50,9501,683,9501,600
-20,-50,8447,671,8447,600
-20,-50,2821,-29,2821,-100
-20,-50,685,269,685,300
-20,-50,4837,91,4837,100
-20,-50,3289,253,3289,300
-20,-50,8032,-620,8032,-600
-20,-50,8477,-732,8477,-800
-20,-50,8475,122,8475,200
-20,-50,9289,-251,9289,-100
-20,-50,4210,-78,4210,-100
-20,-50,4027,-277,4027,-200
-20,-50,5725,-292,5725,-300
-20,-50,105,-837,106,-800
-20,-50,6012,474,6012,500
-20,-50,9256,549,9256,500
-20,-50,6453,-246,6453,-200
-20,-50,8497,-323,8497,-300
-20,-50,1735,143,1735,100
-20,-50,3882,643,3882,700
-20,-50,2715,524,2715,500
-20,-50,4869,-166,4869,-100
-20,-50,8083,-632,8083,-700
-20,-50,2300,970,2300,900
-20,-50,2492,-478,2492,-500
-20,-50,5064,536,5064,500
-20,-50,7270,-186,7270,-100
-20,-50,4061,-392,4061,-400
-20,-50,3410,-106,3410,-100
-20,-50,6137,693,6137,800
-20,-50,9447,539,9447,500
-20,-50,8175,-611,8175,-600
-20,-50,4247,-477,4247,-400
-20,-50,7996,364,7996,400
-20,-50,7114,536,7114,500
-20,-50,5523,731,5523,800
-20,-50,676,-759,677,-700
-20,-50,3562,97,3562,100
-20,-50,3985,678,3985,800
-20,-50,7009,986,7009,900
-20,-50,679,-979,679,-1000
-20,-50,9699,-426,9700,-500
-20,-40,3459,72,3459,100
-20,-40,530,-146,530,-100
-20,-40,6527,-512,6527,-500
-20,-40,6915,-26,6915,0
-20,-40,5961,-502,5961,-500
-20,-40,8196,-192,8196,-300
-20,-40,7212,-914,7212,-900
-20,-40,380,-851,380,-900
-20,-40,1651,-894,1651,-800
-20,-40,8878,477,8878,400
-20,-40,582,25,582,0
-20,-40,8275,417,8275,300
-20,-40,8044,766,8044,800
-20,-40,3216,92,3216,100
-20,-40,1719,69,1719,100
-20,-40,3344,345,3344,400
-20,-40,76,298,76,300
-20,-40,7090,-442,7090,-500
-20,-40,7157,241,7157,300
-20,-40,9429,-325,9429,-200
-20,-40,9735,-513,9735,-600
-20,-40,5832,-69,5832,0
-20,-40,5776,616,5776,600
-20,-40,5652,-320,5652,-300
-20,-40,5404,467,5404,500
-20,-40,8741,-481,8741,-500
-20,-40,3121,65,3121,0
-20,-40,51,917,51,900
-20,-40,9119,-90,9119,-100
-20,-40,780,824,780,800
-20,-40,9291,544,9291,500
-20,-40,1401,974,1401,900
-20,-40,3278,-94,3278,-200
-20,-40,367,-641,367,-600
-20,-40,8326,-674,8326,-700
-20,-40,3497,813,3497,900
-20,-40,2464,910,2464,900
-20,-40,2600,-12,2600,0
-20,-40,5239,878,5239,800
-20,-40,7658,552,7658,500
-20,-40,5927,527,5927,600
-20,-40,2512,-607,2512,-700
-20,-40,3428,-414,3428,-400
-20,-40,2246,64,2247,0
-20,-40,9429,-637,9429,-600
-20,-40,8039,602,8039,700
-20,-40,3316,80,3316,0
-20,-40,3381,566,3381,600
-20,-40,110,-823,110,-800
-20,-40,3256,907,3257,900
-20,-40,8272,152,8272,100
-20,-40,495,422,495,400
-20,-40,7068,-485,7068,-500
-20,-40,9225,-425,9225,-400
-20,-40,2515,-764,2515,-800
-20,-40,2512,22,2512,0
-20,-40,270,606,270,600
-20,-40,5326,662,5326,600
-20,-40,6978,761,6978,700
-20,-40,8721,210,8721,300
-20,-40,9284,-205,9284,-200
-20,-40,5689,-409,5690,-500
-20,-40,4139,711,4139,800
-20,-40,4949,-499,4949,-400
-20,-40,338,-247,338,-300
-20,-40,735,788,735,800
-20,-40,3073,-545,3073,-600
-20,-40,7481,-814,7481,-800
-20,-40,8016,-687,8016,-700
-20,-40,1819,-600,1819,-500
-20,-40,2801,255,2800,200
-20,-40,2936,415,2936,500
-20,-40,9206,880,9206,900
-20,-40,3065,336,3065,400
-20,-40,8797,979,8797,900
-20,-40,3250,-301,3250,-400
-20,-40,6268,500,6268,500
-20,-40,9538,-509,9538,-400
-20,-40,3819,-506,3819,-500
-20,-40,2713,336,2713,300
-20,-40,7072,-405,7072,-400
-20,-40,533,-126,533,-200
-20,-40,4311,-232,4311,-200
-20,-40,1228,902,1228,800
-20,-40,7192,645,7192,600
-20,-40,6850,315,6850,400
-20,-40,2170,-419,2170,-400
-20,-40,7072,510,7072,600
-20,-40,2199,286,2198,300
-20,-40,7296,908,7296,800
-20,-40,906,712,906,700
-20,-40,9599,121,9599,200
-20,-40,1112,-672,1112,-600
-20,-40,8163,456,8163,500
-20,-40,4931,-355,4931,-300
-20,-40,529,-228,530,-100
-20,-40,4123,402,4123,400
-20,-40,9857,844,9857,800
-20,-40,5666,685,5666,700
-20,-40,674,-922,674,-900
-20,-30,5127,104,5127,100
-20,-30,9323,730,9323,700
-20,-30,3217,474,3217,400
-20,-30,9224,279,9224,300
-20,-30,6493,-587,6493,-500
-20,-30,8831,519,8831,600
-20,-30,8606,556,8606,500
-20,-30,5703,322,5703,300
-20,-30,4763,335,4763,300
-20,-30,5757,-198,5757,-200
-20,-30,6438,947,6438,900
-20,-30,7717,781,7717,800
-20,-30,1043,598,1043,600
-20,-30,7362,88,7362,100
-20,-30,7212,-365,7212,-300
-20,-30,9384,-143,9384,-200
-20,-30,5463,-875,5462,-900
-20,-30,2764,17,2764,200
-20,-30,6241,850,6241,900
-20,-30,7255,-969,7255,-900
-20,-30,8621,-788,8621,-800
-20,-30,1682,151,1682,100
-20,-30,1138,897,1138,900
-20,-30,5150,-561,5150,-800
-20,-30,965,-533,965,-600
-20,-30,2075,107,2075,200
-20,-30,4118,-898,4118,-900
-20,-30,3899,-178,3899,-100
-20,-30,9629,-259,9629,-300
-20,-30,7703,-297,7703,-400
-20,-30,820,-475,820,-500
-20,-30,84,-147,85,-100
-20,-30,1797,263,1797,300
-20,-30,3031,598,3031,600
-20,-30,6943,-580,6943,-600
-20,-30,5090,-270,5090,-200
-20,-30,7379,846,7379,900
-20,-30,4995,285,4995,300
-20,-30,5413,-532,5413,-500
-20,-30,1236,-415,1236,-500
-20,-30,7491,231,7491,100
-20,-30,4031,-549,4031,-600
-20,-30,3974,-510,3974,-500
-20,-30,9640,-36,9640,0
-20,-30,2339,-676,2339,-700
-20,-30,7667,865,7667,900
-20,-30,1016,-21,1016,0
-20,-30,4454,906,4454,900
-20,-30,8781,-402,8781,-400
-20,-30,3983,-945,3983,-1000
-20,-30,6469,676,6469,700
-20,-30,8176,221,8176,300
-20,-30,8985,-81,8984,-100
-20,-30,7365,724,7365,800
-20,-30,6624,-257,6624,-300
-20,-30,8769,-753,8769,-800
-20,-30,6612,-332,6612,-400
-20,-30,7280,543,7281,600
-20,-30,8017,428,8018,400
-20,-30,2134,-270,2134,-200
-20,-30,9061,-421,9061,-400
-20,-30,7050,592,7050,600
-20,-30,3671,449,3671,500
-20,-30,7361,-220,7361,-200
-20,-30,9372,493,9372,500
-20,-30,8016,-341,8017,-400
-20,-30,9963,-855,9963,-900
-20,-30,408,-790,408,-800
-20,-30,2273,-97,2273,-100
-20,-30,9493,-967,9493,-1000
-20,-30,7378,483,7378,500
-20,-30,8458,-486,8458,-600
-20,-30,9178,356,9178,400
-20,-30,6536,663,6536,700
-20,-30,3761,432,3761,500
-20,-30,5749,616,5749,600
-20,-30,1370,-95,1370,-100
-20,-30,2023,-894,2023,-900
-20,-30,5733,394,5733,400
-20,-30,987,-338,987,-400
-20,-30,1475,346,1475,400
-20,-30,9244,-53,9243,100
-20,-30,3811,-950,3811,-900
-20,-30,8357,-429,8357,-400
-20,-30,8682,21,8682,100
-20,-30,2079,-467,2079,-400
-20,-30,584,-192,584,-100
-20,-30,1924,-301,1924,-300
-20,-30,7106,-402,7106,-400
-20,-30,1008,885,1008,900
-20,-30,6015,-949,6015,-900
-20,-30,2715,-22,2715,0
-20,-30,6946,263,6946,300
-20,-30,5344,-808,5344,-800
-20,-30,9337,888,9337,900
-20,-30,8997,-2,8997,-100
-20,-30,384,-847,384,-800
-20,-30,5825,-889,5825,-800
-20,-30,1469,500,1469,500
-20,-30,5666,901,5666,800
-20,-20,4274,225,4274,200
-20,-20,2726,444,2726,400
-20,-20,1790,-793,1791,-800
-20,-20,6919,1,6919,0
-20,-20,2993,373,2993,300
-20,-20,3907,160,3907,100
-20,-20,6030,-553,6030,-500
-20,-20,678,936,678,900
-20,-20,9019,-836,9019,-800
-20,-20,221,-409,221,-500
-20,-20,4828,-207,4828,-200
-20,-20,6982,179,6982,300
-20,-20,6218,-481,6217,-400
-20,-20,7224,589,7224,600
-20,-20,4516,436,4516,300
-20,-20,795,979,795,900
-20,-20,8239,691,8239,700
-20,-20,5525,-61,5525,0
-20,-20,1560,-145,1560,-300
-20,-20,5322,-887,5322,-1000
-20,-20,6674,802,6674,800
-20,-20,5154,-654,5154,-700
-20,-20,6335,892,6335,900
-20,-20,601,518,601,400
-20,-20,6317,810,6317,700
-20,-20,9211,238,9211,300
-20,-20,2044,-980,2044,-1000
-20,-20,9494,789,9494,800
-20,-20,584,232,584,200
-20,-20,2212,-734,2212,-800
-20,-20,8090,376,8090,400
-20,-20,9740,640,9740,600
-20,-20,6260,-877,6260,-900
-20,-20,9312,-875,9312,-800
-20,-20,2736,-927,2736,-900
-20,-20,1378,-96,1378,-100
-20,-20,8178,-720,8178,-700
-20,-20,5440,553,5440,500
-20,-20,2864,-734,2864,-600
-20,-20,896,-920,896,-900
-20,-20,9270,410,9270,400
-20,-20,707,-509,707,-400
-20,-20,5963,-961,5963,-1000
-20,-20,9053,-682,9053,-600
-20,-20,629,436,629,400
-20,-20,769,-921,769,-900
-20,-20,1845,-76,1845,0
-20,-20,1393,-537,1393,-500
-20,-20,3207,-12,3207,0
-20,-20,6854,-223,6854,-200
-20,-20,204,693,204,800
-20,-20,3042,-285,3042,-300
-20,-20,3735,-270,3735,-300
-20,-20,8449,-192,8449,-200
-20,-20,2129,231,2129,200
-20,-20,6040,237,6040,300
-20,-20,9061,728,9061,800
-20,-20,2761,-822,2761,-800
-20,-20,2659,587,2659,600
-20,-20,3919,177,3919,200
-20,-20,3063,-529,3063,-500
-20,-20,8802,447,8802,400
-20,-20,3757,660,3757,600
-20,-20,9056,-91,9056,-100
-20,-20,7277,-871,7277,-900
-20,-20,8218,93,8218,0
-20,-20,5441,-353,5441,-300
-20,-20,9040,287,9040,300
-20,-20,9154,56,9154,100
-20,-20,6168,149,6168,200
-20,-20,8933,-504,8933,-500
-20,-20,7368,771,7368,900
-20,-20,2621,-791,2621,-700
-20,-20,2497,-377,2497,-400
-20,-20,9241,382,9241,400
-20,-20,7728,920,7728,900
-20,-20,6032,-778,6032,-700
-20,-20,2890,771,2890,700
-20,-20,6943,295,6943,300
-20,-20,1048,855,1048,800
-20,-20,928,848,928,900
-20,-20,9809,-862,9809,-1000
-20,-20,7726,954,7725,900
-20,-20,735,-555,735,-500
-20,-20,3884,117,3884,0
-20,-20,6402,928,6401,900
-20,-20,9752,203,9752,200
-20,-20,2046,758,2046,800
-20,-20,7677,421,7677,400
-20,-20,4250,759,4250,700
-20,-20,2480,749,2480,800
-20,-20,9065,-665,9065,-700
-20,-20,4693,-49,4693,-100
-20,-20,9043,-884,9043,-800
-20,-20,2029,772,2029,800
-20,-20,4959,-467,4959,-400
-20,-20,9210,-226,9210,-200
-20,-20,7189,883,7189,800
-20,-20,3700,359,3701,400
-20,-20,380,-42,380,-100
-20,-10,9836,633,9836,700
-20,-10,3809,-265,3809,-200
-20,-10,157,-772,157,-800
-20,-10,9654,3,9654,100
-20,-10,2613,-611,2613,-700
-20,-10,8483,-67,8483,-200
-20,-10,9746,819,9746,900
-20,-10,4725,-949,4725,-900
-20,-10,2357,-883,2357,-1000
-20,-10,4066,854,4066,900
-20,-10,2912,-707,2912,-700
-20,-10,4736,878,4736,900
-20,-10,697,-850,697,-900
-20,-10,3455,685,3455,700
-20,-10,8191,200,8191,100
-20,-10,1885,-873,1885,-900
-20,-10,7456,-190,7456,-200
-20,-10,3389,-453,3389,-500
-20,-10,3668,-238,3668,-200
-20,-10,5219,-403,5219,-500
-20,-10,3725,-408,3725,-400
-20,-10,7521,-280,7521,-300
-20,-10,6041,108,6041,100
-20,-10,4381,-299,4381,-300
-20,-10,2757,-857,2757,-800
-20,-10,6574,-966,6574,-900
-20,-10,8181,-270,8181,-200
-20,-10,5181,553,5181,500
-20,-10,9071,-943,9071,-1000
-20,-10,5393,147,5393,100
-20,-10,662,-441,662,-400
-20,-10,5274,999,5274,900
-20,-10,811,878,811,800
-20,-10,7783,959,7783,900
-20,-10,2572,71,2572,100
-20,-10,6070,-295,6070,-300
-20,-10,1389,-430,1389,-400
-20,-10,6912,-478,6912,-400
-20,-10,3390,871,3390,900
-20,-10,2430,114,2430,100
-20,-10,5781,-349,5781,-400
-20,-10,7558,-446,7558,-500
-20,-10,1833,-165,1833,-200
-20,-10,7098,660,7098,700
-20,-10,2712,844,2712,800
-20,-10,6189,-976,6189,-1000
-20,-10,2481,247,2481,300
-20,-10,8655,204,8655,300
-20,-10,7707,491,7707,500
-20,-10,1095,708,1095,700
-20,-10,6758,993,6758,900
-20,-10,1965,995,1965,900
-20,-10,4799,556,4799,500
-20,-10,2974,-119,2974,-200
-20,-10,9186,-646,9186,-700
-20,-10,5318,-303,5319,-300
-20,-10,4121,475,4121,400
-20,-10,6193,22,6193,100
-20,-10,3650,-223,3650,-200
-20,-10,8897,-777,8897,-700
-20,-10,9847,-520,9846,-400
-20,-10,3131,-277,3131,-300
-20,-10,1939,-168,1939,-200
-20,-10,4013,523,4013,500
-20,-10,8330,-532,8330,-500
-20,-10,1424,980,1424,900
-20,-10,2711,-277,2711,-300
-20,-10,5217,907,5217,900
-20,-10,5210,-590,5210,-600
-20,-10,7959,-665,7959,-800
-20,-10,9136,-949,9136,-900
-20,-10,5227,892,5227,900
-20,-10,9062,214,9062,200
-20,-10,5624,191,5624,300
-20,-10,5116,-377,5116,-400
-20,-10,1970,-249,1970,-100
-20,-10,9878,229,9878,300
-20,-10,7854,943,7854,900
-20,-10,4395,882,4395,900
-20,-10,6502,-341,6502,-300
-20,-10,237,-410,237,-400
-20,-10,843,265,843,200
-20,-10,5971,-622,5971,-700
-20,-10,4187,113,4187,200
-20,-10,8249,-229,8249,-200
-20,-10,5622,489,5622,500
-20,-10,3138,-847,3138,-900
-20,-10,2144,-855,2144,-800
-20,-10,6293,-437,6293,-300
-20,-10,6051,462,6051,400
-20,-10,4898,-582,4898,-600
-20,-10,187,-915,187,-900
-20,-10,2632,985,2632,900
-20,-10,9393,128,9393,200
-20,-10,3310,394,3310,400
-20,-10,4237,587,4237,600
-20,-10,9629,146,9629,200
-20,-10,8781,205,8781,200
-20,-10,1517,367,1517,400
-20,-10,1385,-150,1385,-200
-20,0,1081,-226,1081,-300
-20,0,825,-77,824,-100
-20,0,9114,817,9114,900
-20,0,6465,884,6465,800
-20,0,685,-631,685,-600
-20,0,7145,-457,7145,-400
-20,0,8531,-695,8531,-800
-20,0,1708,852,1708,900
-20,0,8035,-664,8035,-600
-20,0,4323,-139,4323,-100
-20,0,357,-882,357,-900
-20,0,4367,530,4367,500
-20,0,4973,290,4973,400
-20,0,6366,147,6366,200
-20,0,4995,887,4995,900
-20,0,46,-75,46,-100
-20,0,9434,-471,9435,-400
-20,0,8125,-94,8125,-100
-20,0,2458,-886,2458,-800
-20,0,916,853,916,900
-20,0,5239,53,5239,0
-20,0,9635,675,9635,600
-20,0,4823,-731,4823,-700
-20,0,9173,760,9173,800
-20,0,9971,-446,9971,-400
-20,0,7469,-773,7469,-800
-20,0,3231,-123,3231,-100
-20,0,6200,-588,6200,-600
-20,0,6579,-825,6578,-700
-20,0,5347,-446,5347,-500
-20,0,2355,-566,2355,-500
-20,0,9848,916,9847,800
-20,0,9329,-765,9329,-700
-20,0,134,580,134,600
-20,0,3325,-406,3325,-300
-20,0,198,-419,198,-400
-20,0,4192,357,4192,300
-20,0,4628,226,4628,400
-20,0,9886,163,9886,300
-20,0,2861,194,2861,200
-20,0,3686,779,3686,700
-20,0,585,-344,585,-300
-20,0,4788,-801,4788,-900
-20,0,723,897,723,900
-20,0,1110,949,1110,900
-20,0,5926,-536,5926,-500
-20,0,5941,-826,5941,-900
-20,0,9517,-121,9517,-100
-20,0,8038,-627,8038,-700
-20,0,8759,-266,8759,-300
-20,0,8532,-983,8532,-900
-20,0,2878,778,2878,800
-20,0,5620,15,5620,100
-20,0,9252,267,9252,300
-20,0,9154,753,9154,800
-20,0,6874,-197,6873,-200
-20,0,1677,-823,1677,-900
-20,0,1369,-200,1369,-200
-20,0,3035,-607,3035,-600
-20,0,6284,342,6284,200
-20,0,9161,253,9161,200
-20,0,5379,-455,5379,-500
-20,0,1841,844,1841,900
-20,0,758,-250,758,-200
-20,0,2862,-465,2862,-600
-20,0,1697,-821,1697,-900
-20,0,7194,-306,7194,-300
-20,0,7741,749,7741,700
-20,0,465,298,465,300
-20,0,1663,412,1663,400
-20,0,8330,81,8330,100
-20,0,2596,-321,2596,-400
-20,0,9965,-449,9965,-500
-20,0,4390,706,4390,700
-20,0,3358,-892,3358,-800
-20,0,4393,709,4393,700
-20,0,818,376,818,400
-20,0,4501,433,4501,400
-20,0,54,-964,54,-1000
-20,0,7043,952,7043,900
-20,0,1613,693,1613,700
-20,0,6882,-515,6882,-600
-20,0,3642,522,3642,500
-20,0,7729,774,7729,700
-20,0,9546,158,9546,200
-20,0,6667,342,6667,400
-20,0,7137,-965,7137,-1000
-20,0,6561,-560,6561,-600
-20,0,8878,-36,8878,-100
-20,0,901,-753,901,-800
-20,0,3763,-191,3763,-200
-20,0,2226,460,2226,500
-20,0,3857,12,3857,100
-20,0,313,190,313,200
-20,0,6545,-388,6545,-400
-20,0,2513,372,2513,400
-20,0,5979,-51,5979,-100
-20,0,2193,329,2193,300
-20,0,6779,-320,6779,-300
-20,0,3469,157,3470,100
-20,10,5936,217,5936,200
-20,10,9080,387,9080,300
-20,10,4362,-801,4362,-700
-20,10,8809,513,8809,500
-20,10,6215,-59,6215,-100
-20,10,7290,908,7290,900
-20,10,5226,199,5226,200
-20,10,6822,-438,6822,-400
-20,10,6383,-936,6383,-1000
-20,10,4539,784,4539,700
-20,10,3829,-919,3829,-1000
-20,10,8945,-236,8945,-300
-20,10,4048,92,4049,100
-20,10,5644,-794,5644,-800
-20,10,265,620,265,700
-20,10,7292,445,7292,500
-20,10,2668,-888,2668,-900
-20,10,4839,-656,4839,-600
-20,10,9784,717,9784,700
-20,10,5816,-892,5816,-900
-20,10,2400,376,2400,400
-20,10,4694,-44,4694,0
-20,10,9777,-392,9777,-400
-20,10,2393,587,2393,400
-20,10,2510,437,2510,500
-20,10,9206,-710,9206,-700
-20,10,3753,-613,3753,-700
-20,10,1526,673,1526,600
-20,10,1290,-578,1290,-500
-20,10,9433,-876,9433,-900
-20,10,3566,-674,3566,-600
-20,10,6785,825,6785,900
-20,10,8940,52,8940,0
-20,10,7540,315,7540,300
-20,10,3654,-53,3654,0
-20,10,1976,159,1976,100
-20,10,3566,-564,3566,-500
-20,10,7134,34,7134,100
-20,10,6513,551,6513,600
-20,10,7702,-186,7702,-200
-20,10,7582,-52,7583,-100
-20,10,4175,467,4175,500
-20,10,6670,448,6670,400
-20,10,3054,-746,3054,-800
-20,10,9045,109,9045,100
-20,10,626,387,626,400
-20,10,802,-405,802,-300
-20,10,3155,-979,3155,-1000
-20,10,5457,-754,5457,-800
-20,10,3434,-504,3434,-500
-20,10,2556,-311,2556,-300
-20,10,5705,197,5705,200
-20,10,1454,802,1454,700
-20,10,5850,-863,5850,-900
-20,10,8834,406,8834,400
-20,10,4928,-375,4928,-400
-20,10,3280,-669,3280,-700
-20,10,4935,-54,4935,-100
-20,10,4972,-173,4972,-300
-20,10,4050,927,4050,900
-20,10,6575,388,6575,500
-20,10,5253,-825,5253,-900
-20,10,4772,-847,4772,-1000
-20,10,8501,-837,8501,-900
-20,10,2582,135,2582,0
-20,10,3683,-699,3683,-800
-20,10,1329,-364,1329,-400
-20,10,8052,249,8052,200
-20,10,843,-952,843,-1000
-20,10,210,-835,211,-900
-20,10,1382,882,1382,900
-20,10,9785,-727,9785,-800
-20,10,7253,-604,7253,-400
-20,10,6195,525,6195,400
-20,10,1207,584,1207,400
-20,10,9685,-426,9685,-600
-20,10,3846,427,3846,500
-20,10,7284,-723,7284,-700
-20,10,4918,334,4918,300
-20,10,5067,145,5067,200
-20,10,3528,161,3528,100
-20,10,9885,-987,9886,-1000
-20,10,3492,-231,3492,-300
-20,10,1821,805,1821,900
-20,10,4979,227,4979,200
-20,10,4995,-733,4995,-700
-20,10,1288,763,1288,700
-20,10,6888,-320,6888,-300
-20,10,4563,543,4563,600
-20,10,4625,-150,4625,-200
-20,10,5686,-829,5686,-800
-20,10,2962,999,2962,900
-20,10,7485,-885,7485,-1000
-20,10,5661,657,5661,600
-20,10,2076,-590,2076,-600
-20,10,6411,575,6411,700
-20,10,5171,-690,5171,-700
-20,10,7389,-453,7389,-500
-20,10,4074,126,4074,100
-20,10,9604,797,9604,900
-20,20,5476,425,5476,400
-20,20,7210,480,7210,500
-20,20,4125,-991,4125,-1000
-20,20,1635,808,1635,800
-20,20,1975,522,1975,600
-20,20,7142,-866,7143,-900
-20,20,4441,-520,4441,-500
-20,20,5615,643,5615,700
-20,20,5885,345,5885,300
-20,20,1776,114,1776,100
-20,20,9680,470,9680,500
-20,20,2572,-240,2572,-300
-20,20,3652,926,3652,800
-20,20,8244,-181,8244,-200
-20,20,289,-866,289,-900
-20,20,9770,899,9771,900
-20,20,7636,-783,7636,-800
-20,20,4392,537,4392,500
-20,20,6603,-588,6603,-600
-20,20,8905,-966,8905,-900
-20,20,2484,318,2484,500
-20,20,355,755,355,800
-20,20,2802,678,2802,600
-20,20,2067,-292,2067,-300
-20,20,4950,-212,4951,-200
-20,20,9131,-462,9132,-500
-20,20,2966,-519,2966,-400
-20,20,521,824,521,900
-20,20,2110,910,2110,900
-20,20,9976,-99,9976,0
-20,20,4321,-590,4321,-600
-20,20,1741,-881,1741,-800
-20,20,8474,580,8474,500
-20,20,8311,-831,8311,-700
-20,20,3865,-470,3865,-400
-20,20,6959,133,6959,0
-20,20,4036,-86,4034,0
-20,20,1405,682,1405,700
-20,20,4891,-844,4891,-900
-20,20,3616,296,3616,300
-20,20,6961,-549,6961,-700
-20,20,6386,-39,6385,100
-20,20,5172,532,5172,400
-20,20,8252,833,8252,800
-20,20,2156,-177,2156,-200
-20,20,2108,935,2108,800
-20,20,3382,74,3382,300
-20,20,6903,130,6903,100
-20,20,2963,289,2962,100
-20,20,497,-192,497,0
-20,20,9414,-833,9414,-800
-20,20,7899,-645,7899,-600
-20,20,2759,-408,2759,-400
-20,20,6557,334,6557,400
-20,20,1514,806,1514,700
-20,20,3462,851,3462,900
-20,20,3070,-682,3070,-700
-20,20,8194,-515,8194,-600
-20,20,5357,-626,5357,-700
-20,20,6473,21,6473,0
-20,20,9570,-907,9570,-1000
-20,20,2223,830,2223,700
-20,20,8764,-615,8764,-700
-20,20,2472,455,2472,400
-20,20,7786,41,7787,100
-20,20,6563,-576,6562,-600
-20,20,2692,954,2692,800
-20,20,1425,264,1425,200
-20,20,6754,791,6754,700
-20,20,5482,580,5482,600
-20,20,3208,-492,3208,-500
-20,20,1393,536,1393,400
-20,20,3981,-544,3981,-500
-20,20,4897,431,4897,400
-20,20,4642,814,4642,800
-20,20,8177,940,8177,900
-20,20,8899,-399,8899,-300
-20,20,261,610,261,700
-20,20,6512,934,2657,900
-20,20,6551,983,6550,900
-20,20,7834,-229,7834,-200
-20,20,2309,283,2309,300
-20,20,1490,-128,1490,-100
-20,20,2343,846,2343,900
-20,20,170,381,170,400
-20,20,6760,-519,6759,-500
-20,20,628,819,628,900
-20,20,2378,102,2378,100
-20,20,8753,-319,8753,-300
-20,20,8839,53,8840,100
-20,20,5055,-510,5055,-500
-20,20,3006,-225,3006,-400
-20,20,7062,-400,7062,-400
-20,20,9071,-605,9071,-500
-20,20,5261,168,5261,300
-20,20,1636,-161,1636,-100
-20,20,2470,266,2470,200
-20,20,7450,-31,7450,0
-20,20,7352,117,7352,200
-20,20,5810,-517,5810,-500
-20,30,5655,-205,9113,200
-20,30,3682,-794,8038,600
-20,30,6868,241,8038,600
-20,30,6159,389,8038,600
-20,30,8218,-305,8038,500
-20,30,8064,345,4773,900
-20,30,6870,771,335,-100
-20,30,3944,-260,335,-100
-20,30,2245,-119,335,-100
-20,30,8680,-252,8680,0
-20,30,5504,864,8038,700
-20,30,8494,-324,8038,600
-20,30,9686,-67,8038,500
-20,30,4017,-759,9114,200
-20,30,6302,903,8038,600
-20,30,8638,-255,9114,200
-20,30,6418,-108,8038,600
-20,30,185,816,8038,600
-20,30,5706,-435,8038,500
-20,30,5437,-314,8038,500
-20,30,6631,-842,8038,600
-20,30,1829,535,335,-100
-20,30,3478,-975,8038,600
-20,30,224,305,8038,600
-20,30,5657,-329,8038,500
-20,30,3200,-449,5359,-100
-20,30,6576,-233,8038,600
-20,30,6091,-414,6092,-400
-20,30,9945,-306,8038,600
-20,30,782,311,8038,600
-20,30,1338,-98,335,-100
-20,30,9558,778,9558,700
-20,30,4007,684,8038,500
-20,30,2199,-673,9114,200
-20,30,540,692,8038,500
-20,30,4760,121,8038,500
-20,30,2370,528,335,-200
-20,30,5754,-839,8038,600
-20,30,5106,-774,8038,600
-20,30,8642,-353,8038,600
-20,30,4356,896,8038,600
-20,30,7345,587,8038,600
-20,30,9631,818,8038,600
-20,30,9199,244,8038,600
-20,30,5057,699,8038,500
-20,30,5666,-560,335,-200
-20,30,74,-586,335,-100
-20,30,1470,787,8038,700
-20,30,2630,98,8038,600
-20,30,4059,70,8677,-900
-20,30,9051,599,8038,600
-20,30,180,999,8038,600
-20,30,1184,779,8038,600
-20,30,215,-896,8038,600
-20,30,5952,217,8038,600
-20,30,4464,-362,8038,600
-20,30,9490,-38,8038,600
-20,30,6992,-149,3965,-800
-20,30,1755,562,335,-200
-20,30,1395,-117,335,-100
-20,30,1435,-945,8038,600
-20,30,8906,768,8038,600
-20,30,1817,-627,8038,600
-20,30,3901,565,8038,600
-20,30,3004,650,335,-200
-20,30,5805,762,335,-100
-20,30,3985,286,335,-100
-20,30,5372,382,5372,200
-20,30,3213,557,8038,500
-20,30,6582,538,335,-100
-20,30,7089,755,335,-200
-20,30,5258,721,9237,-700
-20,30,1441,104,1441,100
-20,30,481,-840,5359,-100
-20,30,7406,-869,6515,900
-20,30,402,283,401,-100
-20,30,8771,222,5359,-100
-20,30,668,-792,8038,600
-20,30,5885,-963,335,-100
-20,30,3924,-627,5359,-100
-20,30,257,29,8038,600
-20,30,8584,-438,9113,200
-20,30,9144,312,8038,600
-20,30,8592,-387,9113,200
-20,30,1935,-239,8038,600
-20,30,5372,-753,8038,700
-20,30,6681,-172,5359,-100
-20,30,4242,610,9113,100
-20,30,56,709,8038,600
-20,30,8810,279,5359,-200
-20,30,7507,658,2879,-1000
-20,30,971,276,972,400
-20,30,4600,-309,8038,600
-20,30,3366,841,8038,500
-20,30,1729,939,8038,700
-20,30,8196,-837,8038,700
-20,30,6548,126,8038,600
-20,30,8661,-951,8038,500
-20,30,7475,614,8038,600
-20,30,706,-988,6515,900
-20,40,1261,73,8038,600
-20,40,8022,-228,8038,600
-20,40,1532,-983,8038,600
-20,40,3519,-241,8038,600
-20,40,3648,225,8038,600
-20,40,8602,-582,8038,600
-20,40,6635,832,8038,600
-20,40,5405,-346,8038,600
-20,40,3378,22,8038,600
-20,40,5618,984,8038,600
-20,40,7050,-624,8038,600
-20,40,7004,210,8038,600
-20,40,2247,199,8038,600
-20,40,4081,-706,5359,-100
-20,40,8937,-92,8038,600
-20,40,4526,872,8038,600
-20,40,5049,-422,8038,600
-20,40,7372,-788,8038,600
-20,40,2765,-792,8038,600
-20,40,2244,-540,8038,600
-20,40,5488,74,8038,600
-20,40,3359,-976,8038,600
-20,40,8295,941,8038,600
-20,40,4426,770,335,-100
-20,40,2017,741,8038,600
-20,40,8346,-217,8038,600
-20,40,584,-178,8038,600
-20,40,8032,150,8038,600
-20,40,3859,-421,8038,600
-20,40,6481,-333,8038,600
-20,40,2724,-869,8038,600
-20,40,1765,-566,8038,600
-20,40,8290,-402,8038,600
-20,40,5950,567,8038,600
-20,40,5649,-274,8038,600
-20,40,9015,-142,8038,600
-20,40,7257,678,8038,600
-20,40,4761,972,8038,600
-20,40,5731,546,8038,600
-20,40,6516,-216,8038,600
-20,40,3334,-517,8038,600
-20,40,2758,-493,8038,600
-20,40,6414,74,8038,600
-20,40,1535,494,8038,600
-20,40,6510,-505,8038,600
-20,40,3294,-35,8038,600
-20,40,8083,685,8038,600
-20,40,98,-784,8038,600
-20,40,9959,-343,8038,600
-20,40,4844,37,8038,600
-20,40,8224,-927,8038,600
-20,40,2517,411,8038,600
-20,40,7050,792,8038,600
-20,40,4972,-881,8038,600
-20,40,1542,-894,8038,600
-20,40,5649,-597,8038,600
-20,40,9139,147,8038,600
-20,40,7808,586,8038,600
-20,40,8920,-271,8038,600
-20,40,7242,775,8038,600
-20,40,9021,745,8038,600
-20,40,7798,-541,8038,600
-20,40,609,-819,8038,600
-20,40,6393,126,8038,600
-20,40,6895,216,8038,600
-20,40,1293,-902,8038,600
-20,40,7418,-393,8038,600
-20,40,6754,-519,8038,600
-20,40,9561,-648,8038,600
-20,40,2465,423,8038,600
-20,40,3839,978,8038,600
-20,40,6907,729,8038,600
-20,40,8511,139,8038,600
-20,40,7440,459,8038,600
-20,40,7449,-943,8038,600
-20,40,4566,-52,8038,600
-20,40,6524,-798,8038,600
-20,40,641,-741,8038,600
-20,40,3065,864,8038,600
-20,40,8281,226,8038,600
-20,40,6217,299,8038,600
-20,40,6092,658,8038,600
-20,40,3396,425,8038,600
-20,40,7804,-724,8038,600
-20,40,8923,-730,8038,600
-20,40,745,981,8038,600
-20,40,8323,-693,8038,600
-20,40,8757,-421,8038,600
-20,40,9312,-453,8038,600
-20,40,8260,-368,8038,600
-20,40,7750,-340,8038,600
-20,40,1162,143,8038,600
-20,40,6591,116,8038,600
-20,40,8979,718,8038,600
-20,40,9652,561,8038,600
-20,40,4629,40,8038,600
-20,40,1803,231,8038,600
-20,40,2445,-266,8038,600
-20,40,8238,-916,8038,600
-20,40,1501,-490,8038,600
-20,50,5090,-860,8038,600
-20,50,8617,194,8038,600
-20,50,8204,940,8038,600
-20,50,5523,148,8038,600
-20,50,122,558,8038,600
-20,50,5302,296,8038,600
-20,50,8127,890,8038,600
-20,50,6752,31,8038,600
-20,50,2491,873,8038,600
-20,50,2167,-641,8038,600
-20,50,9746,797,8038,600
-20,50,7169,768,8038,600
-20,50,1516,-514,8038,600
-20,50,8222,-494,8038,600
-20,50,5393,-753,8038,600
-20,50,3857,884,8038,600
-20,50,7475,-215,8038,600
-20,50,5653,220,8038,600
-20,50,1412,26,8038,600
-20,50,2908,125,8038,600
-20,50,3665,98,8038,600
-20,50,5142,-56,8038,600
-20,50,6307,-203,8038,600
-20,50,3342,811,8038,600
-20,50,9755,395,8038,600
-20,50,8199,-188,8038,600
-20,50,116,-266,8038,600
-20,50,7471,357,8038,600
-20,50,1838,317,8038,600
-20,50,6438,211,8038,600
-20,50,1391,-227,8038,600
-20,50,3759,660,8038,600
-20,50,1489,-940,8038,600
-20,50,3622,-379,8038,600
-20,50,3999,915,8038,600
-20,50,6815,689,8038,600
-20,50,8349,602,8038,600
-20,50,3365,858,8038,600
-20,50,5017,-982,8038,600
-20,50,4871,146,8038,600
-20,50,6153,-349,8038,600
-20,50,939,-942,8038,600
-20,50,8687,-386,8038,600
-20,50,6952,-639,8038,600
-20,50,2567,-952,8038,600
-20,50,94,-466,8038,600
-20,50,5625,710,8038,600
-20,50,2518,-55,8038,600
-20,50,3698,455,8038,600
-20,50,6449,-849,8038,600
-20,50,8246,-937,8038,600
-20,50,1841,411,8038,600
-20,50,8756,110,8038,600
-20,50,526,200,8038,600
-20,50,4390,545,8038,600
-20,50,5567,194,8038,600
-20,50,680,297,8038,600
-20,50,7651,199,8038,600
-20,50,3569,-232,8038,600
-20,50,1598,327,8038,600
-20,50,1673,525,8038,600
-20,50,2922,817,8038,600
-20,50,3405,-870,8038,600
-20,50,7876,866,8038,600
-20,50,4263,281,8038,600
-20,50,4843,-160,8038,600
-20,50,2281,-976,8038,600
-20,50,6245,875,8038,600
-20,50,7999,651,8038,600
-20,50,8837,-417,8038,600
-20,50,1921,-205,8038,600
-20,50,9946,583,8038,600
-20,50,9575,315,8038,600
-20,50,3361,-786,8038,600
-20,50,6474,619,8038,600
-20,50,3850,-583,8038,600
-20,50,540,-883,8038,600
-20,50,330,285,8038,600
-20,50,6208,-216,8038,600
-20,50,5856,-917,8038,600
-20,50,4379,951,8038,600
-20,50,3452,-406,8038,600
-20,50,104,863,8038,600
-20,50,4884,620,8038,600
-20,50,7860,-933,8038,600
-20,50,2926,846,8038,600
-20,50,8693,722,8038,600
-20,50,672,277,8038,600
-20,50,648,623,8038,600
-20,50,5019,509,8038,600
-20,50,5399,896,8038,600
-20,50,7949,-303,8038,600
-20,50,6800,-799,8038,600
-20,50,6690,-454,8038,600
-20,50,427,191,8038,600
-20,50,4247,-629,8038,600
-20,50,1595,537,8038,600
-20,50,5556,248,8038,600
-20,50,5174,220,8038,600
-20,50,4952,337,8038,600
-10,-100,8406,-80,8406,-100
-10,-100,1299,353,1299,300
-10,-100,3131,614,3131,600
-10,-100,4055,820,4055,800
-10,-100,965,49,965,100
-10,-100,9160,35,9160,0
-10,-100,6363,-258,6363,-200
-10,-100,7917,-851,7917,-900
-10,-100,6640,-364,6640,-400
-10,-100,2786,452,2786,400
-10,-100,7475,-559,7475,-500
-10,-100,2975,96,2975,100
-10,-100,5336,266,5336,300
-10,-100,1332,410,1332,400
-10,-100,7542,176,7542,200
-10,-100,6618,-229,6618,-200
-10,-100,3234,111,3234,100
-10,-100,8107,-337,8107,-300
-10,-100,8324,55,8324,100
-10,-100,4082,-672,4082,-700
-10,-100,9882,-849,9882,-800
-10,-100,7931,-951,7931,-900
-10,-100,7521,-825,7521,-800
-10,-100,2778,478,2778,500
-10,-100,4024,-464,4024,-500
-10,-100,2640,-918,2640,-900
-10,-100,7260,975,7260,900
-10,-100,1108,-876,1108,-900
-10,-100,8208,-518,8208,-500
-10,-100,5629,577,5629,600
-10,-100,8250,803,8250,800
-10,-100,2695,829,2695,800
-10,-100,1984,-239,1984,-200
-10,-100,3605,969,3605,900
-10,-100,3449,697,3449,700
-10,-100,7332,610,7332,600
-10,-100,3446,-988,3446,-1000
-10,-100,7733,502,7733,500
-10,-100,293,-356,293,-400
-10,-100,9835,-668,9835,-700
-10,-100,9580,1,9580,0
-10,-100,236,-865,236,-900
-10,-100,8144,139,8144,100
-10,-100,4423,-213,4423,-200
-10,-100,6901,-237,6901,-200
-10,-100,6008,-844,6008,-900
-10,-100,459,84,459,100
-10,-100,1367,834,1367,800
-10,-100,5589,736,5589,700
-10,-100,3103,168,3103,200
-10,-100,4769,516,4769,500
-10,-100,3181,629,3181,600
-10,-100,4800,966,4800,900
-10,-100,1494,-250,1494,-300
-10,-100,7293,-509,7293,-500
-10,-100,4682,735,4682,700
-10,-100,4650,-100,4650,-100
-10,-100,8752,-247,8752,-300
-10,-100,1458,940,1458,900
-10,-100,2051,-216,2051,-200
-10,-100,5867,450,5867,400
-10,-100,1912,-108,1912,-100
-10,-100,4159,185,4159,200
-10,-100,5407,766,5407,800
-10,-100,969,495,969,500
-10,-100,3697,404,3697,400
-10,-100,3269,-568,3269,-500
-10,-100,8397,-316,8397,-300
-10,-100,8759,59,8759,100
-10,-100,887,241,887,300
-10,-100,2955,732,2955,700
-10,-100,4262,-351,4262,-400
-10,-100,8045,-88,8045,-100
-10,-100,3715,-606,3715,-600
-10,-100,3410,520,3410,500
-10,-100,577,597,577,600
-10,-100,3921,738,3921,700
-10,-100,1386,39,1386,0
-10,-100,8256,-776,8256,-800
-10,-100,4144,756,4144,700
-10,-100,9628,955,9628,900
-10,-100,9334,-184,9334,-200
-10,-100,31,944,31,900
-10,-100,8389,-8,8389,0
-10,-100,4065,563,4065,500
-10,-100,8596,-778,8596,-700
-10,-100,7356,57,7356,0
-10,-100,2684,-481,2684,-500
-10,-100,1941,-67,1941,-100
-10,-100,9152,-168,9152,-200
-10,-100,2833,-385,2833,-400
-10,-100,1574,-724,1574,-700
-10,-100,4374,631,4374,600
-10,-100,3789,-11,3789,0
-10,-100,1233,-396,1233,-400
-10,-100,8258,148,8258,100
-10,-100,5878,905,5878,900
-10,-100,8066,433,8066,400
-10,-100,1671,292,1671,300
-10,-100,6927,771,6927,800
-10,-90,8423,667,8423,700
-10,-90,9071,-148,9071,-100
-10,-90,6514,-743,6514,-700
-10,-90,7478,799,7478,800
-10,-90,7411,558,7411,500
-10,-90,3166,666,3166,700
-10,-90,1710,-749,1710,-800
-10,-90,2120,62,2120,100
-10,-90,8951,581,8951,600
-10,-90,2979,-30,2979,0
-10,-90,6338,-424,6338,-400
-10,-90,8451,-903,8451,-900
-10,-90,4459,565,4459,600
-10,-90,7902,-136,7902,-200
-10,-90,83,-645,83,-600
-10,-90,3075,-470,3075,-500
-10,-90,9466,160,9466,100
-10,-90,6992,497,6992,500
-10,-90,9134,653,9134,600
-10,-90,5601,821,5601,800
-10,-90,5042,-294,5042,-300
-10,-90,4911,734,4911,700
-10,-90,7840,-276,7840,-300
-10,-90,5632,-271,5632,-300
-10,-90,2783,-936,2783,-1000
-10,-90,8127,644,8127,600
-10,-90,3664,-713,3664,-700
-10,-90,3956,763,3956,700
-10,-90,720,524,720,500
-10,-90,7669,715,7669,700
-10,-90,3654,182,3654,200
-10,-90,4594,-441,4594,-400
-10,-90,8684,373,8684,400
-10,-90,7833,752,7833,700
-10,-90,4397,427,4397,400
-10,-90,3129,858,3129,900
-10,-90,8892,-102,8892,-100
-10,-90,3718,839,3718,800
-10,-90,3383,538,3383,600
-10,-90,7741,130,7741,100
-10,-90,3901,106,3901,100
-10,-90,1310,-618,1310,-600
-10,-90,8456,883,8456,900
-10,-90,4934,-985,4934,-1000
-10,-90,1061,-585,1061,-600
-10,-90,6811,-530,6811,-500
-10,-90,8479,95,8479,100
-10,-90,3044,-961,3044,-1000
-10,-90,6407,-610,6407,-600
-10,-90,1230,-712,1230,-700
-10,-90,9098,-487,9098,-500
-10,-90,3196,218,3196,200
-10,-90,5766,699,5766,700
-10,-90,3268,528,3268,500
-10,-90,9568,-692,9568,-700
-10,-90,2723,392,2723,400
-10,-90,7505,25,7505,0
-10,-90,2526,-746,2526,-700
-10,-90,5401,527,5401,500
-10,-90,4547,823,4547,800
-10,-90,8963,628,8963,700
-10,-90,3366,125,3366,100
-10,-90,3771,-164,3771,-200
-10,-90,4474,-643,4474,-600
-10,-90,4281,274,4281,200
-10,-90,5612,-207,5612,-200
-10,-90,4810,781,4810,800
-10,-90,3221,-941,3221,-900
-10,-90,508,-965,508,-1000
-10,-90,5674,-820,5674,-800
-10,-90,9731,-819,9731,-800
-10,-90,4565,-329,4565,-300
-10,-90,5029,-723,5029,-700
-10,-90,9232,-922,9232,-900
-10,-90,9198,828,9198,900
-10,-90,740,-588,740,-600
-10,-90,1982,35,1982,0
-10,-90,5447,590,5447,600
-10,-90,5428,-969,5428,-1000
-10,-90,4140,433,4140,400
-10,-90,1007,-803,1007,-800
-10,-90,7876,-956,7876,-1000
-10,-90,6773,523,6773,500
-10,-90,9136,658,9136,700
-10,-90,8740,611,8740,700
-10,-90,4168,-574,4168,-600
-10,-90,3118,-731,3118,-700
-10,-90,2169,-580,2169,-600
-10,-90,9548,-119,9548,-100
-10,-90,1215,-774,1215,-800
-10,-90,6705,531,6705,500
-10,-90,6784,-380,6784,-400
-10,-90,8134,592,8134,600
-10,-90,7416,635,7416,600
-10,-90,6369,-43,6369,0
-10,-90,8076,-636,8076,-600
-10,-90,3216,909,3216,900
-10,-90,6953,562,6953,500
-10,-90,1887,550,1887,500
-10,-90,3117,-100,3117,-100
-10,-80,5202,-935,5202,-900
-10,-80,543,25,543,0
-10,-80,8331,418,8331,400
-10,-80,6668,-131,6668,-100
-10,-80,4116,-819,4116,-800
-10,-80,2039,834,2039,800
-10,-80,7413,-443,7413,-400
-10,-80,8330,-280,8330,-300
-10,-80,7312,-75,7312,-100
-10,-80,4848,216,4848,200
-10,-80,5065,-1,5065,0
-10,-80,7569,329,7569,300
-10,-80,9850,-507,9850,-500
-10,-80,7292,-405,7292,-400
-10,-80,9009,-93,9009,-100
-10,-80,1443,625,1443,600
-10,-80,7768,659,7768,700
-10,-80,8755,599,8755,600
-10,-80,8575,-372,8575,-400
-10,-80,917,-353,917,-400
-10,-80,3662,53,3662,100
-10,-80,2858,723,2858,700
-10,-80,6072,-21,6072,0
-10,-80,5325,455,5325,400
-10,-80,1325,-769,1325,-800
-10,-80,3222,-139,3222,-200
-10,-80,3727,-406,3727,-500
-10,-80,2481,-911,2481,-900
-10,-80,3456,896,3456,900
-10,-80,1880,-202,1880,-200
-10,-80,5942,180,5942,200
-10,-80,3518,822,3518,800
-10,-80,4167,-473,4167,-500
-10,-80,1125,-625,1125,-600
-10,-80,5188,78,5188,100
-10,-80,262,-18,262,0
-10,-80,4693,641,4693,700
-10,-80,3212,819,3212,800
-10,-80,8008,302,8008,300
-10,-80,5033,7,5033,0
-10,-80,4075,579,4075,600
-10,-80,1812,-833,1812,-800
-10,-80,8342,-628,8342,-600
-10,-80,944,-538,944,-600
-10,-80,8055,-299,8055,-300
-10,-80,2348,959,2348,900
-10,-80,2196,973,2196,900
-10,-80,7748,-223,7748,-200
-10,-80,8945,-565,8945,-600
-10,-80,8235,312,8235,300
-10,-80,3344,-65,3344,-100
-10,-80,4184,-148,4184,-200
-10,-80,5930,-21,5930,0
-10,-80,603,-992,603,-1000
-10,-80,1904,-500,1904,-500
-10,-80,7632,697,7632,700
-10,-80,1672,-300,1672,-300
-10,-80,7657,760,7657,800
-10,-80,7927,-843,7927,-800
-10,-80,2094,833,2094,800
-10,-80,2637,-118,2637,-100
-10,-80,2088,978,2088,900
-10,-80,7206,-746,7206,-700
-10,-80,3457,637,3457,600
-10,-80,7715,-6,7715,0
-10,-80,1365,-455,1365,-500
-10,-80,4551,-841,4551,-800
-10,-80,3805,-555,3805,-500
-10,-80,4835,-822,4835,-800
-10,-80,9887,-514,9887,-500
-10,-80,7224,340,7224,300
-10,-80,4493,409,4493,400
-10,-80,6322,725,6322,700
-10,-80,496,739,496,700
-10,-80,9914,-693,9914,-700
-10,-80,8439,909,8439,900
-10,-80,4582,191,4582,200
-10,-80,217,331,217,300
-10,-80,132,763,132,800
-10,-80,3099,737,3099,800
-10,-80,909,982,909,900
-10,-80,1689,611,1689,600
-10,-80,8697,921,8697,900
-10,-80,7296,-50,7296,-100
-10,-80,3655,588,3655,600
-10,-80,1532,32,1532,100
-10,-80,2904,-985,2904,-1000
-10,-80,515,-75,515,-100
-10,-80,5950,622,5950,600
-10,-80,9425,374,9425,400
-10,-80,4925,-903,4925,-900
-10,-80,9965,735,9965,800
-10,-80,6984,-93,6984,-100
-10,-80,5353,13,5353,0
-10,-80,4613,989,4613,900
-10,-80,8965,-819,8965,-800
-10,-80,5518,396,5518,300
-10,-80,8503,-541,8503,-500
-10,-80,8177,-799,8177,-800
-10,-80,9089,814,9089,800
-10,-70,4221,828,4221,800
-10,-70,8852,266,8852,300
-10,-70,7005,-697,7005,-700
-10,-70,5123,-488,5123,-500
-10,-70,7766,128,7766,100
-10,-70,406,137,406,100
-10,-70,3371,-873,3371,-900
-10,-70,272,27,272,0
-10,-70,6386,-590,6386,-600
-10,-70,7714,-414,7714,-400
-10,-70,5839,-169,5839,-200
-10,-70,5716,753,5716,800
-10,-70,9250,195,9250,200
-10,-70,5148,296,5148,300
-10,-70,5287,559,5287,600
-10,-70,923,-360,923,-400
-10,-70,3494,592,3494,600
-10,-70,3984,-766,3984,-700
-10,-70,1442,203,1442,200
-10,-70,2678,978,2678,900
-10,-70,2744,-992,2744,-1000
-10,-70,9689,274,9689,300
-10,-70,4,561,4,500
-10,-70,5012,-152,5012,-100
-10,-70,6680,-471,6680,-500
-10,-70,1611,469,1611,500
-10,-70,2261,306,2261,300
-10,-70,6455,683,6455,700
-10,-70,2774,-558,2774,-600
-10,-70,1656,-911,1656,-900
-10,-70,1818,222,1818,200
-10,-70,6307,310,6307,300
-10,-70,3296,-399,3296,-400
-10,-70,3240,-4,3240,0
-10,-70,8155,-421,8155,-400
-10,-70,9544,815,9544,800
-10,-70,8626,-740,8626,-800
-10,-70,173,-604,173,-600
-10,-70,9283,-429,9283,-500
-10,-70,8281,-924,8281,-900
-10,-70,3269,35,3269,0
-10,-70,8948,504,8948,500
-10,-70,4183,-325,4183,-300
-10,-70,3826,52,3826,100
-10,-70,6810,-928,6810,-900
-10,-70,7087,539,7087,500
-10,-70,968,844,968,800
-10,-70,9888,-831,9888,-800
-10,-70,8653,-56,8653,-100
-10,-70,6824,-375,6824,-400
-10,-70,4081,-967,4081,-1000
-10,-70,2736,-668,2736,-700
-10,-70,6368,324,6368,300
-10,-70,9986,246,9986,300
-10,-70,7219,-193,7219,-200
-10,-70,4757,962,4757,900
-10,-70,5142,-64,5142,-100
-10,-70,8627,289,8627,300
-10,-70,139,871,139,900
-10,-70,933,-825,933,-800
-10,-70,7414,699,7414,700
-10,-70,5376,453,5376,500
-10,-70,6836,842,6836,800
-10,-70,5472,-424,5472,-400
-10,-70,2470,177,2470,200
-10,-70,7089,-698,7089,-700
-10,-70,3087,-750,3087,-800
-10,-70,3246,-404,3246,-400
-10,-70,7188,-23,7188,0
-10,-70,7378,-509,7378,-500
-10,-70,1861,537,1861,500
-10,-70,1550,-191,1550,-200
-10,-70,5334,279,5334,300
-10,-70,9176,538,9176,500
-10,-70,8258,463,8258,500
-10,-70,2125,-88,2125,-100
-10,-70,4434,-333,4434,-300
-10,-70,7945,770,7945,800
-10,-70,2178,-632,2178,-600
-10,-70,3059,-376,3059,-400
-10,-70,597,-9,597,0
-10,-70,6474,73,6474,100
-10,-70,1029,-51,1029,-100
-10,-70,1313,-762,1313,-800
-10,-70,9926,-443,9926,-400
-10,-70,5389,229,5389,200
-10,-70,525,-819,525,-800
-10,-70,1398,-486,1398,-500
-10,-70,8829,-594,8829,-600
-10,-70,8786,988,8786,900
-10,-70,1556,-109,1556,-100
-10,-70,1345,-877,1345,-900
-10,-70,419,-556,419,-500
-10,-70,8704,-910,8704,-900
-10,-70,6847,-530,6847,-500
-10,-70,7491,-142,7491,-100
-10,-70,283,468,283,500
-10,-70,2953,142,2953,100
-10,-70,3285,59,3285,100
-10,-70,9551,750,9551,800
-10,-60,2309,-566,2309,-600
-10,-60,2507,493,2507,500
-10,-60,3053,646,3053,600
-10,-60,3704,432,3704,400
-10,-60,3712,534,3712,500
-10,-60,8117,-885,8117,-900
-10,-60,5713,-545,5713,-600
-10,-60,2167,593,2167,600
-10,-60,5713,-691,5713,-700
-10,-60,6765,40,6765,0
-10,-60,4619,-766,4619,-800
-10,-60,1729,-525,1729,-500
-10,-60,3951,83,3951,100
-10,-60,8164,1,8164,0
-10,-60,7134,-397,7134,-400
-10,-60,2839,-613,2839,-600
-10,-60,406,78,406,100
-10,-60,5928,-475,5928,-500
-10,-60,1778,-694,1778,-700
-10,-60,7189,482,7189,500
-10,-60,7791,-666,7791,-700
-10,-60,9379,220,9379,200
-10,-60,3299,127,3299,200
-10,-60,2182,-83,2182,-100
-10,-60,9438,-819,9438,-800
-10,-60,247,-460,247,-500
-10,-60,4012,46,4012,100
-10,-60,7315,316,7315,300
-10,-60,785,-904,785,-900
-10,-60,4835,275,4835,300
-10,-60,1350,389,1350,400
-10,-60,4962,-568,4962,-500
-10,-60,1360,-148,1360,-100
-10,-60,9385,805,9385,800
-10,-60,5767,139,5767,100
-10,-60,2635,-586,2635,-600
-10,-60,4182,-34,4182,-100
-10,-60,7884,67,7884,100
-10,-60,755,645,755,600
-10,-60,9569,-141,9569,-100
-10,-60,9575,551,9575,500
-10,-60,2723,-243,2723,-300
-10,-60,1756,525,1756,500
-10,-60,9645,48,9645,100
-10,-60,4264,-682,4264,-700
-10,-60,6796,251,6796,200
-10,-60,2893,144,2893,100
-10,-60,4574,708,4574,700
-10,-60,8590,913,8590,900
-10,-60,1922,-531,1922,-600
-10,-60,6501,-843,6501,-800
-10,-60,3763,-679,3763,-700
-10,-60,587,-6,587,0
-10,-60,3384,-470,3384,-500
-10,-60,6340,312,6340,300
-10,-60,7192,-150,7192,-200
-10,-60,9543,-660,9543,-700
-10,-60,3369,-956,3369,-1000
-10,-60,9335,177,9335,200
-10,-60,801,711,801,700
-10,-60,8217,507,8217,500
-10,-60,4296,-413,4296,-400
-10,-60,8369,680,8369,700
-10,-60,6140,-983,6140,-1000
-10,-60,4902,-140,4902,-200
-10,-60,2178,443,2178,400
-10,-60,3890,-465,3890,-500
-10,-60,4071,530,4071,600
-10,-60,7639,874,7639,900
-10,-60,4992,981,4992,900
-10,-60,8707,314,8707,300
-10,-60,5823,-620,5823,-600
-10,-60,5379,678,5379,700
-10,-60,7556,-3,7556,0
-10,-60,6535,163,6535,200
-10,-60,6419,-314,6419,-300
-10,-60,4576,-39,4576,0
-10,-60,2724,-341,2724,-300
-10,-60,1541,910,1541,900
-10,-60,1917,-716,1917,-700
-10,-60,8834,-898,8834,-900
-10,-60,5012,418,5012,400
-10,-60,251,263,251,300
-10,-60,7428,287,7428,300
-10,-60,5588,-986,5588,-1000
-10,-60,3641,-73,3641,-100
-10,-60,2376,804,2376,800
-10,-60,9467,477,9467,500
-10,-60,1654,572,1654,600
-10,-60,4084,-506,4084,-500
-10,-60,7424,512,7424,500
-10,-60,1576,86,1576,100
-10,-60,8916,258,8916,200
-10,-60,807,-855,807,-800
-10,-60,5170,-69,5170,-100
-10,-60,1060,743,1060,700
-10,-60,558,-603,558,-600
-10,-60,430,865,430,900
-10,-60,1281,-618,1281,-600
-10,-60,7059,-980,7059,-1000
-10,-50,1157,-272,1157,-300
-10,-50,5768,-17,5768,0
-10,-50,4274,-87,4274,-100
-10,-50,188,-869,188,-900
-10,-50,7891,486,7891,500
-10,-50,2062,-614,2062,-600
-10,-50,8154,627,8154,600
-10,-50,4133,-312,4133,-300
-10,-50,1900,482,1900,500
-10,-50,7864,742,7864,700
-10,-50,6176,95,6176,100
-10,-50,7363,-874,7363,-900
-10,-50,5577,-115,5577,-100
-10,-50,2176,-979,2176,-1000
-10,-50,8331,949,8331,900
-10,-50,8805,875,8805,900
-10,-50,6730,736,6730,800
-10,-50,8902,-677,8902,-700
-10,-50,4280,610,4280,600
-10,-50,9522,-919,9522,-900
-10,-50,9971,-83,9971,-100
-10,-50,9727,-870,9727,-900
-10,-50,8166,-595,8166,-600
-10,-50,7915,-843,7915,-900
-10,-50,9336,-210,9336,-200
-10,-50,2126,-412,2126,-400
-10,-50,4527,-296,4527,-300
-10,-50,4967,-73,4967,-100
-10,-50,9011,-429,9011,-400
-10,-50,126,-677,126,-700
-10,-50,178,273,178,300
-10,-50,489,-336,489,-300
-10,-50,2478,-739,2478,-800
-10,-50,9786,-648,9786,-700
-10,-50,7259,-472,7259,-500
-10,-50,8874,949,8874,900
-10,-50,693,-678,693,-700
-10,-50,9831,387,9831,400
-10,-50,7436,-447,7436,-500
-10,-50,7111,-785,7111,-800
-10,-50,3916,873,3916,900
-10,-50,3236,-337,3236,-300
-10,-50,9521,782,9521,800
-10,-50,133,-756,133,-800
-10,-50,3561,-821,3561,-800
-10,-50,2998,248,2998,200
-10,-50,1153,987,1153,900
-10,-50,7728,799,7728,800
-10,-50,2051,771,2051,800
-10,-50,2638,-438,2638,-500
-10,-50,261,203,261,200
-10,-50,3013,455,3013,500
-10,-50,8138,-800,8138,-800
-10,-50,4176,-260,4176,-300
-10,-50,9890,997,9890,900
-10,-50,3745,899,3745,900
-10,-50,9129,-926,9129,-900
-10,-50,5893,198,5893,200
-10,-50,8483,-571,8483,-600
-10,-50,3098,853,3098,800
-10,-50,4836,790,4836,800
-10,-50,9928,-840,9928,-800
-10,-50,2351,211,2351,200
-10,-50,8913,464,8913,500
-10,-50,2007,25,2007,0
-10,-50,8624,-524,8624,-500
-10,-50,6348,734,6348,700
-10,-50,2497,-343,2497,-300
-10,-50,1351,28,1351,0
-10,-50,880,936,880,900
-10,-50,73,-821,73,-800
-10,-50,15,-574,15,-500
-10,-50,979,449,979,400
-10,-50,6382,212,6382,200
-10,-50,2771,-216,2771,-200
-10,-50,2717,477,2717,500
-10,-50,331,916,331,900
-10,-50,6280,804,6280,800
-10,-50,6029,-251,6029,-200
-10,-50,3374,292,3374,300
-10,-50,2899,929,2899,900
-10,-50,8745,-684,8745,-700
-10,-50,5455,344,5455,400
-10,-50,5521,675,5521,700
-10,-50,8772,493,8772,500
-10,-50,4971,912,4971,900
-10,-50,2478,931,2478,900
-10,-50,4706,898,4706,900
-10,-50,3257,802,3257,800
-10,-50,4316,448,4316,500
-10,-50,609,-35,609,0
-10,-50,6697,-159,6697,-200
-10,-50,818,-412,818,-400
-10,-50,8799,949,8799,900
-10,-50,2972,-679,2972,-700
-10,-50,2892,764,2892,800
-10,-50,7226,-664,7226,-700
-10,-50,4291,-887,4291,-800
-10,-50,1991,-154,1991,-100
-10,-50,2104,783,2104,700
-10,-40,4824,-138,4824,-100
-10,-40,4518,392,4518,400
-10,-40,9778,-686,9778,-700
-10,-40,3556,-977,3556,-1000
-10,-40,5395,-929,5395,-900
-10,-40,7564,283,7564,300
-10,-40,7678,-588,7678,-600
-10,-40,9788,132,9788,100
-10,-40,3753,468,3753,500
-10,-40,4492,342,4492,300
-10,-40,5610,933,5610,900
-10,-40,9657,51,9657,100
-10,-40,356,-70,356,-100
-10,-40,4059,-849,4059,-900
-10,-40,3712,-263,3712,-300
-10,-40,7094,-729,7094,-800
-10,-40,3410,958,3410,900
-10,-40,1643,287,1643,300
-10,-40,8535,-812,8535,-800
-10,-40,8145,-447,8145,-500
-10,-40,3939,836,3939,800
-10,-40,1293,-24,1293,0
-10,-40,182,-25,182,0
-10,-40,9393,639,9393,600
-10,-40,1503,806,1503,800
-10,-40,446,726,446,700
-10,-40,5942,712,5942,700
-10,-40,5963,710,5963,700
-10,-40,2860,-288,2860,-300
-10,-40,6014,-646,6014,-600
-10,-40,9372,530,9372,500
-10,-40,3420,-983,3420,-1000
-10,-40,4534,-696,4534,-700
-10,-40,8284,-817,8284,-800
-10,-40,7350,-981,7350,-1000
-10,-40,5934,79,5934,0
-10,-40,6364,-796,6364,-800
-10,-40,9929,-597,9929,-600
-10,-40,8984,-424,8984,-400
-10,-40,286,-512,286,-500
-10,-40,9438,785,9438,800
-10,-40,3280,87,3280,100
-10,-40,3449,-345,3449,-400
-10,-40,8539,918,8539,900
-10,-40,7888,-662,7888,-600
-10,-40,7792,575,7792,600
-10,-40,9780,-1000,9780,-1000
-10,-40,5748,-27,5748,0
-10,-40,8341,-513,8341,-500
-10,-40,4339,954,4339,900
-10,-40,6271,184,6271,200
-10,-40,4252,-711,4252,-700
-10,-40,63,-232,63,-300
-10,-40,1516,-400,1516,-400
-10,-40,5352,-188,5352,-200
-10,-40,7206,956,7206,900
-10,-40,8087,-475,8087,-400
-10,-40,8048,-492,8048,-500
-10,-40,3890,144,3890,100
-10,-40,9164,-770,9164,-800
-10,-40,500,-950,500,-1000
-10,-40,5353,-249,5353,-200
-10,-40,192,-7,192,0
-10,-40,344,-383,344,-400
-10,-40,2417,549,2417,500
-10,-40,1335,-526,1335,-500
-10,-40,3255,-958,3255,-1000
-10,-40,915,576,915,600
-10,-40,5651,-238,5651,-200
-10,-40,9226,702,9226,700
-10,-40,6034,108,6034,100
-10,-40,9310,450,9310,400
-10,-40,3838,449,3838,500
-10,-40,3814,-182,3814,-200
-10,-40,9982,682,9982,700
-10,-40,7193,976,7193,900
-10,-40,3231,680,3231,700
-10,-40,2041,263,2041,300
-10,-40,9192,271,9192,200
-10,-40,6475,-29,6475,0
-10,-40,8047,-850,8047,-800
-10,-40,2142,-466,2142,-500
-10,-40,8284,-50,8284,0
-10,-40,6767,-524,6767,-500
-10,-40,5475,828,5475,800
-10,-40,40,291,40,300
-10,-40,5400,600,5400,600
-10,-40,9966,459,9966,400
-10,-40,9916,-658,9916,-700
-10,-40,2107,-112,2107,-100
-10,-40,9531,795,9531,800
-10,-40,8495,973,8495,900
-10,-40,6840,317,6840,300
-10,-40,8302,459,8302,500
-10,-40,9445,-224,9445,-200
-10,-40,8538,-35,8538,0
-10,-40,4044,-997,4044,-1000
-10,-40,1779,808,1779,800
-10,-40,7212,69,7212,100
-10,-40,4751,-451,4751,-500
-10,-30,9521,-507,9521,-500
-10,-30,2635,297,2635,300
-10,-30,6054,-582,6054,-600
-10,-30,3174,133,3174,100
-10,-30,2480,765,2480,800
-10,-30,2276,-702,2276,-700
-10,-30,6383,566,6383,600
-10,-30,2085,256,2085,300
-10,-30,3174,-893,3174,-900
-10,-30,7646,338,7646,400
-10,-30,2250,118,2250,200
-10,-30,5670,296,5670,300
-10,-30,7387,627,7387,600
-10,-30,8221,37,8221,100
-10,-30,4944,-188,4944,-200
-10,-30,4411,23,4411,0
-10,-30,6736,-240,6736,-300
-10,-30,3569,-397,3569,-400
-10,-30,2362,343,2362,300
-10,-30,9669,-577,9669,-600
-10,-30,4218,441,4218,500
-10,-30,2501,907,2501,900
-10,-30,2974,393,2974,400
-10,-30,1306,-134,1306,-200
-10,-30,7028,-90,7028,-100
-10,-30,5015,871,5015,800
-10,-30,7121,-938,7121,-900
-10,-30,9827,641,9827,700
-10,-30,6770,-256,6770,-200
-10,-30,3134,-246,3134,-200
-10,-30,4308,-799,4308,-800
-10,-30,5041,384,5041,400
-10,-30,5021,-400,5021,-400
-10,-30,7397,542,7397,600
-10,-30,5352,-204,5352,-200
-10,-30,3899,72,3899,100
-10,-30,2356,955,2356,900
-10,-30,5558,438,5558,400
-10,-30,5141,839,5141,800
-10,-30,7664,-197,7664,-200
-10,-30,6530,777,6530,800
-10,-30,1068,-24,1068,0
-10,-30,1217,-29,1217,0
-10,-30,9624,787,9624,800
-10,-30,6597,-5,6597,0
-10,-30,8938,599,8938,600
-10,-30,3250,264,3250,200
-10,-30,3456,180,3456,200
-10,-30,3068,-764,3068,-800
-10,-30,2178,103,2178,100
-10,-30,5679,315,5679,300
-10,-30,4079,-449,4079,-500
-10,-30,210,-589,210,-600
-10,-30,644,26,644,0
-10,-30,3584,-950,3584,-900
-10,-30,4904,-295,4904,-300
-10,-30,8616,295,8616,300
-10,-30,5600,-774,5600,-700
-10,-30,9640,-606,9640,-600
-10,-30,2556,649,2556,600
-10,-30,8071,728,8071,800
-10,-30,158,544,158,500
-10,-30,4066,233,4066,200
-10,-30,3860,225,3860,200
-10,-30,9644,543,9644,600
-10,-30,4600,-808,4600,-800
-10,-30,1356,643,1356,600
-10,-30,7696,755,7696,800
-10,-30,7005,150,7005,200
-10,-30,1176,-104,1176,-100
-10,-30,8227,761,8227,700
-10,-30,5226,-260,5226,-300
-10,-30,3892,-337,3892,-300
-10,-30,8245,-875,8245,-900
-10,-30,9567,547,9567,500
-10,-30,255,-939,255,-900
-10,-30,2067,220,2067,200
-10,-30,48,337,48,400
-10,-30,4284,-934,4284,-900
-10,-30,1970,-201,1970,-200
-10,-30,6622,-85,6622,-100
-10,-30,4372,-650,4372,-700
-10,-30,2846,361,2846,300
-10,-30,5905,387,5905,400
-10,-30,9229,5,9229,0
-10,-30,8609,-639,8609,-700
-10,-30,1262,-228,1262,-200
-10,-30,1332,-474,1332,-500
-10,-30,1186,-853,1186,-800
-10,-30,9119,645,9119,600
-10,-30,8580,940,8580,900
-10,-30,4677,-213,4677,-200
-10,-30,7421,-698,7421,-700
-10,-30,9846,489,9846,500
-10,-30,701,-55,701,0
-10,-30,8879,-143,8879,-200
-10,-30,1118,-879,1118,-900
-10,-30,850,600,850,600
-10,-30,7875,984,7875,900
-10,-30,8648,-332,8648,-300
-10,-20,2677,282,2677,300
-10,-20,6945,-225,6945,-200
-10,-20,7656,-703,7656,-700
-10,-20,1669,-571,1669,-600
-10,-20,4639,-217,4639,-300
-10,-20,5563,-343,5563,-300
-10,-20,9173,-535,9173,-600
-10,-20,324,-328,324,-300
-10,-20,4003,270,4003,300
-10,-20,6913,705,6913,700
-10,-20,3556,-701,3556,-700
-10,-20,9618,614,9618,600
-10,-20,4147,877,4147,800
-10,-20,3828,-137,3828,-200
-10,-20,2642,-34,2642,0
-10,-20,8246,-204,8246,-200
-10,-20,1485,217,1485,200
-10,-20,7446,-885,7446,-900
-10,-20,4854,690,4854,700
-10,-20,4916,180,4916,200
-10,-20,2457,857,2457,900
-10,-20,5703,724,5703,700
-10,-20,1954,-890,1954,-900
-10,-20,2379,314,2379,300
-10,-20,1191,124,1191,100
-10,-20,3222,391,3222,400
-10,-20,6153,-59,6153,-100
-10,-20,8617,498,8617,500
-10,-20,2146,-982,2146,-1000
-10,-20,8316,490,8316,500
-10,-20,5645,-478,5645,-500
-10,-20,4571,264,4571,300
-10,-20,5775,-48,5775,0
-10,-20,8476,-577,8476,-500
-10,-20,7027,464,7027,500
-10,-20,5553,-263,5553,-300
-10,-20,1120,782,1120,800
-10,-20,9858,-685,9858,-700
-10,-20,1036,238,1036,300
-10,-20,3540,973,3540,900
-10,-20,8171,125,8171,100
-10,-20,3298,-987,3298,-1000
-10,-20,3469,-476,3469,-500
-10,-20,5244,23,5244,0
-10,-20,1311,956,1311,900
-10,-20,7763,362,7763,400
-10,-20,5994,900,5994,900
-10,-20,8757,-701,8757,-700
-10,-20,7330,-961,7330,-900
-10,-20,8159,317,8159,300
-10,-20,9630,266,9630,300
-10,-20,4189,421,4189,400
-10,-20,9565,-813,9565,-800
-10,-20,6034,-291,6034,-300
-10,-20,115,368,115,400
-10,-20,2515,209,2515,200
-10,-20,7128,435,7128,400
-10,-20,3617,-988,3617,-1000
-10,-20,2849,-568,2849,-600
-10,-20,7680,962,7680,900
-10,-20,9621,150,9621,200
-10,-20,2379,974,2379,900
-10,-20,6433,-905,6433,-900
-10,-20,254,461,254,500
-10,-20,8885,-621,8885,-700
-10,-20,1586,219,1586,200
-10,-20,3272,-891,3272,-900
-10,-20,6108,-518,6108,-500
-10,-20,835,-553,835,-600
-10,-20,2221,-883,2221,-800
-10,-20,5423,-350,5423,-400
-10,-20,8113,-702,8113,-700
-10,-20,2642,176,2642,200
-10,-20,7808,-448,7808,-400
-10,-20,625,10,625,0
-10,-20,7726,-184,7726,-200
-10,-20,818,-836,818,-800
-10,-20,660,-328,660,-300
-10,-20,8864,-976,8864,-1000
-10,-20,9958,-92,9958,-100
-10,-20,2082,-917,2082,-900
-10,-20,896,704,896,700
-10,-20,2274,519,2274,500
-10,-20,860,-465,860,-500
-10,-20,3838,-343,3838,-300
-10,-20,4778,693,4778,700
-10,-20,4794,-418,4794,-400
-10,-20,3447,-148,3447,-100
-10,-20,4727,843,4727,800
-10,-20,9356,-942,9356,-900
-10,-20,7955,49,7955,0
-10,-20,625,123,625,100
-10,-20,4112,-806,4112,-800
-10,-20,8317,904,8317,900
-10,-20,6170,64,6170,100
-10,-20,6047,-263,6047,-300
-10,-20,2002,-516,2002,-500
-10,-20,9878,-523,9878,-500
-10,-20,6658,-840,6658,-900
-10,-20,6341,810,6341,800
-10,-10,2658,-162,2658,-200
-10,-10,6740,468,6740,500
-10,-10,7964,385,7964,400
-10,-10,4798,498,4798,500
-10,-10,2701,-68,2701,-100
-10,-10,7699,904,7699,900
-10,-10,5180,718,5180,700
-10,-10,1135,-68,1135,-100
-10,-10,8494,-550,8494,-500
-10,-10,78,49,78,0
-10,-10,499,-425,499,-400
-10,-10,6609,-162,6609,-200
-10,-10,3818,-6,3818,0
-10,-10,6821,508,6821,500
-10,-10,6462,564,6462,600
-10,-10,5605,33,5605,0
-10,-10,557,-528,557,-500
-10,-10,3604,-252,3604,-300
-10,-10,1333,-689,1333,-700
-10,-10,8838,-671,8838,-700
-10,-10,6642,-64,6642,0
-10,-10,9022,-915,9022,-900
-10,-10,8912,174,8912,100
-10,-10,3372,56,3372,0
-10,-10,2221,836,2221,800
-10,-10,8939,-856,8939,-900
-10,-10,7980,293,7980,300
-10,-10,5292,547,5292,600
-10,-10,8310,-938,8310,-900
-10,-10,243,196,243,200
-10,-10,8475,-592,8475,-600
-10,-10,5778,381,5778,400
-10,-10,3985,-805,3985,-800
-10,-10,7893,755,7893,800
-10,-10,2247,-669,2247,-700
-10,-10,4225,-488,4225,-500
-10,-10,5427,-725,5427,-700
-10,-10,7346,-712,7346,-700
-10,-10,6994,574,6994,500
-10,-10,1691,140,1691,100
-10,-10,1209,644,1209,600
-10,-10,4399,43,4399,100
-10,-10,2806,-371,2806,-300
-10,-10,8457,-991,8457,-1000
-10,-10,4524,845,4524,800
-10,-10,9930,-526,9930,-500
-10,-10,4723,822,4723,900
-10,-10,5757,90,5757,100
-10,-10,4107,194,4107,200
-10,-10,1245,334,1245,300
-10,-10,21,981,21,900
-10,-10,2108,-270,2108,-200
-10,-10,5659,39,5659,0
-10,-10,3404,-588,3404,-600
-10,-10,3064,579,3064,600
-10,-10,3829,130,3829,200
-10,-10,3896,-359,3896,-400
-10,-10,511,-523,511,-500
-10,-10,8605,-162,8605,-100
-10,-10,2727,-850,2727,-800
-10,-10,2626,-953,2626,-900
-10,-10,708,-714,708,-700
-10,-10,2653,930,2653,900
-10,-10,5440,496,5440,500
-10,-10,1629,906,1629,900
-10,-10,122,-765,122,-800
-10,-10,669,-579,669,-600
-10,-10,9354,-36,9354,0
-10,-10,1121,-607,1121,-600
-10,-10,9662,-546,9662,-600
-10,-10,9730,-899,9730,-900
-10,-10,4346,62,4346,100
-10,-10,6720,426,6720,400
-10,-10,1642,703,1642,700
-10,-10,2944,94,2944,100
-10,-10,4977,-681,4977,-700
-10,-10,8849,-874,8849,-900
-10,-10,5443,411,5443,400
-10,-10,365,-804,365,-800
-10,-10,8669,643,8669,600
-10,-10,7913,776,7913,800
-10,-10,1748,337,1748,400
-10,-10,3229,-596,3229,-600
-10,-10,468,-552,468,-500
-10,-10,1664,-388,1664,-400
-10,-10,7665,430,7665,400
-10,-10,1625,330,1625,300
-10,-10,2034,-505,2034,-500
-10,-10,9573,-546,9573,-500
-10,-10,426,-160,426,-200
-10,-10,9665,-997,9665,-1000
-10,-10,9576,-64,9576,-100
-10,-10,5689,-848,5689,-900
-10,-10,1782,815,1782,800
-10,-10,2456,-119,2456,-100
-10,-10,3110,316,3110,300
-10,-10,7552,863,7552,800
-10,-10,2112,-263,2112,-300
-10,-10,849,344,849,400
-10,-10,2593,-526,2593,-500
-10,0,2360,671,2360,600
-10,0,104,-295,104,-300
-10,0,3662,-504,3662,-500
-10,0,9147,-574,9147,-600
-10,0,134,-893,134,-900
-10,0,1201,-51,1201,-100
-10,0,4276,-84,4276,-100
-10,0,2408,745,2408,700
-10,0,6576,163,6576,200
-10,0,7781,85,7781,100
-10,0,7791,208,7791,200
-10,0,4858,-530,4858,-600
-10,0,8401,-735,8401,-700
-10,0,8164,742,8164,700
-10,0,2423,461,2423,500
-10,0,42,245,42,200
-10,0,2055,-781,2055,-800
-10,0,3644,-991,3644,-1000
-10,0,1334,-81,1334,-100
-10,0,6860,50,6860,100
-10,0,4956,-293,4956,-300
-10,0,4195,898,4195,900
-10,0,67,-962,67,-900
-10,0,2461,604,2461,600
-10,0,5177,938,5177,900
-10,0,7521,324,7521,300
-10,0,7219,-848,7219,-800
-10,0,5699,430,5699,500
-10,0,2814,162,2814,200
-10,0,6403,-93,6403,-100
-10,0,9434,-133,9434,-200
-10,0,1373,14,1373,0
-10,0,5269,760,5269,800
-10,0,2675,56,2675,100
-10,0,9137,-775,9137,-800
-10,0,3456,77,3456,100
-10,0,6374,-133,6374,-100
-10,0,1259,-174,1259,-200
-10,0,7269,-257,7269,-300
-10,0,4978,-741,4978,-800
-10,0,7947,913,7947,900
-10,0,3162,213,3162,200
-10,0,2961,140,2961,200
-10,0,7249,140,7249,100
-10,0,122,-228,122,-200
-10,0,4884,312,4884,300
-10,0,9067,791,9067,800
-10,0,4217,-418,4217,-400
-10,0,8215,-206,8215,-200
-10,0,7877,-217,7877,-200
-10,0,8134,-303,8134,-300
-10,0,446,156,446,200
-10,0,937,-359,937,-400
-10,0,749,976,749,900
-10,0,6775,288,6775,300
-10,0,6385,411,6385,400
-10,0,5395,-313,5395,-300
-10,0,6832,-569,6832,-600
-10,0,8368,786,8368,800
-10,0,4932,-507,4932,-500
-10,0,363,84,363,100
-10,0,3646,239,3646,200
-10,0,7496,477,7496,500
-10,0,3659,-125,3659,-100
-10,0,1054,66,1054,100
-10,0,8312,644,8312,600
-10,0,8688,-142,8688,-200
-10,0,7461,-147,7461,-100
-10,0,8446,-260,8446,-300
-10,0,2053,552,2053,500
-10,0,6646,374,6646,400
-10,0,6510,-561,6510,-600
-10,0,6950,-662,6950,-700
-10,0,409,612,409,600
-10,0,4683,722,4683,700
-10,0,3620,-922,3620,-900
-10,0,9409,685,9409,700
-10,0,381,700,381,700
-10,0,6408,-366,6408,-400
-10,0,9398,128,9398,100
-10,0,6995,265,6995,300
-10,0,6098,-729,6098,-700
-10,0,5159,938,5159,900
-10,0,8618,142,8618,100
-10,0,34,-963,34,-1000
-10,0,7191,548,7191,500
-10,0,2057,-878,2057,-900
-10,0,4574,280,4574,300
-10,0,3702,520,3702,500
-10,0,9112,747,9112,800
-10,0,4567,-639,4567,-700
-10,0,8416,-689,8416,-700
-10,0,8939,651,8939,700
-10,0,1732,367,1732,300
-10,0,541,-143,541,-100
-10,0,1034,132,1034,100
-10,0,3739,185,3739,200
-10,0,106,-264,106,-200
-10,0,3624,-794,3624,-800
-10,0,8286,794,8286,800
-10,10,3845,-993,3845,-1000
-10,10,4179,-774,4179,-800
-10,10,9011,407,9011,400
-10,10,5272,946,5272,900
-10,10,4352,221,4352,300
-10,10,1039,154,1039,100
-10,10,7724,808,7724,800
-10,10,4367,-308,4367,-300
-10,10,5417,300,5417,300
-10,10,4301,486,4301,500
-10,10,5439,-580,5439,-600
-10,10,378,-325,378,-300
-10,10,1959,-356,1959,-400
-10,10,2234,-559,2234,-500
-10,10,1545,965,1545,900
-10,10,1754,-893,1754,-900
-10,10,5767,664,5767,600
-10,10,2461,-309,2461,-300
-10,10,6600,-128,6600,-100
-10,10,5526,662,5526,700
-10,10,3430,-396,3430,-400
-10,10,800,217,800,200
-10,10,6269,108,6269,100
-10,10,2007,7,2007,0
-10,10,1794,513,1794,500
-10,10,2796,-126,2796,-100
-10,10,4442,-33,4442,0
-10,10,2985,800,2985,800
-10,10,1677,138,1677,100
-10,10,7635,130,7635,100
-10,10,4417,992,4417,900
-10,10,7204,265,7204,300
-10,10,6795,-333,6795,-300
-10,10,6380,497,6380,500
-10,10,5350,-830,5350,-800
-10,10,5952,722,5952,700
-10,10,8232,-625,8232,-600
-10,10,1114,-863,1114,-900
-10,10,5330,729,5330,700
-10,10,3338,749,3338,800
-10,10,9165,626,9165,700
-10,10,2455,534,2455,500
-10,10,9242,-794,9242,-800
-10,10,2124,458,2124,400
-10,10,1570,-66,1570,-100
-10,10,6548,364,6548,400
-10,10,309,-839,309,-800
-10,10,3589,-105,3589,-100
-10,10,7794,456,7794,400
-10,10,8766,541,8766,500
-10,10,3437,796,3437,800
-10,10,1968,-981,1968,-900
-10,10,2020,667,2020,700
-10,10,6869,-840,6869,-800
-10,10,2087,-316,2087,-300
-10,10,8446,-293,8446,-300
-10,10,9739,578,9739,600
-10,10,3732,-212,3732,-200
-10,10,6502,-511,6502,-500
-10,10,9798,350,9798,400
-10,10,2257,242,2257,200
-10,10,323,-889,323,-900
-10,10,5432,-251,5432,-200
-10,10,1319,-804,1319,-800
-10,10,5879,817,5879,800
-10,10,5123,671,5123,700
-10,10,177,697,177,700
-10,10,3894,392,3894,400
-10,10,9848,756,9848,800
-10,10,4297,-305,4297,-400
-10,10,5043,-896,5043,-900
-10,10,1707,-498,1707,-500
-10,10,5211,-720,5211,-700
-10,10,5929,366,5929,400
-10,10,890,924,890,900
-10,10,3449,-335,3449,-300
-10,10,1309,-836,1309,-800
-10,10,2114,522,2114,500
-10,10,720,-424,720,-400
-10,10,9658,179,9658,200
-10,10,5640,-1000,5640,-1000
-10,10,8002,-376,8002,-300
-10,10,2797,952,2797,900
-10,10,9521,879,9521,800
-10,10,6965,776,6965,800
-10,10,8692,-720,8692,-700
-10,10,8088,-214,8088,-200
-10,10,1175,614,1175,600
-10,10,3428,-572,3428,-600
-10,10,4379,-684,4379,-700
-10,10,7883,-681,7883,-700
-10,10,7476,798,7476,800
-10,10,4600,444,4600,500
-10,10,2735,-473,2735,-500
-10,10,1012,684,1012,700
-10,10,4449,-73,4449,0
-10,10,942,-108,942,-100
-10,10,7504,892,7504,900
-10,10,8189,-712,8189,-700
-10,10,4512,-409,4512,-400
-10,20,718,414,718,300
-10,20,9338,376,9338,400
-10,20,2129,-186,2129,-200
-10,20,8994,202,8994,200
-10,20,3744,140,3744,100
-10,20,9002,-892,9002,-900
-10,20,2951,856,2951,800
-10,20,276,759,276,800
-10,20,5194,-397,5194,-400
-10,20,939,684,939,700
-10,20,4121,781,4121,800
-10,20,4248,-794,4248,-800
-10,20,5771,818,5771,800
-10,20,5183,-422,5183,-500
-10,20,6347,689,6348,700
-10,20,2120,138,2120,100
-10,20,5483,972,5483,800
-10,20,6660,559,6660,400
-10,20,789,-402,789,-300
-10,20,9647,703,9647,700
-10,20,1043,-77,1043,-100
-10,20,1500,395,1500,400
-10,20,7589,752,7589,700
-10,20,4250,668,4250,700
-10,20,709,386,709,400
-10,20,5117,-518,5117,-500
-10,20,4687,-252,4687,-300
-10,20,6476,484,6476,500
-10,20,5082,-936,5082,-900
-10,20,2898,632,2898,600
-10,20,4835,163,4835,300
-10,20,6730,618,6730,700
-10,20,7328,975,7328,900
-10,20,6649,74,6649,0
-10,20,4017,-165,4017,-200
-10,20,5627,-746,5627,-700
-10,20,5906,505,5906,400
-10,20,6409,-898,6409,-900
-10,20,3890,85,3890,100
-10,20,7660,-773,7660,-700
-10,20,4703,-994,4703,-1000
-10,20,7011,-608,7011,-500
-10,20,7298,-892,7298,-800
-10,20,5502,291,5502,200
-10,20,8017,-648,8017,-600
-10,20,552,377,552,400
-10,20,4646,432,4646,400
-10,20,9900,815,9900,900
-10,20,3588,43,3588,100
-10,20,8900,-19,8900,0
-10,20,8540,537,8540,500
-10,20,97,904,97,900
-10,20,8767,-11,8767,0
-10,20,132,758,132,700
-10,20,9800,305,9800,300
-10,20,1721,-288,1721,-300
-10,20,6925,495,6925,400
-10,20,377,841,377,800
-10,20,5124,501,5124,500
-10,20,2064,151,2064,200
-10,20,1878,-650,1877,-700
-10,20,2542,-801,2542,-800
-10,20,1421,-747,1421,-700
-10,20,9356,-464,9356,-400
-10,20,527,875,527,800
-10,20,5103,805,5103,800
-10,20,6270,235,6270,300
-10,20,8998,863,8998,900
-10,20,1290,-580,1290,-500
-10,20,8573,-66,8573,0
-10,20,4919,-172,4919,-100
-10,20,149,-500,150,-600
-10,20,8628,-172,8628,-200
-10,20,1831,980,1831,900
-10,20,384,829,384,900
-10,20,353,-336,353,-300
-10,20,5817,-41,5817,0
-10,20,8772,-758,8772,-800
-10,20,7694,948,7694,900
-10,20,8259,-643,8259,-600
-10,20,3416,777,3416,800
-10,20,6601,469,6601,500
-10,20,3732,577,3732,700
-10,20,2158,848,2158,800
-10,20,7224,210,7224,100
-10,20,5158,914,5158,900
-10,20,557,42,557,0
-10,20,6484,-327,6484,-200
-10,20,7561,-461,7561,-500
-10,20,5935,116,5935,200
-10,20,5764,-41,5764,-100
-10,20,2066,-787,2066,-800
-10,20,6194,-373,6194,-500
-10,20,354,548,354,600
-10,20,204,869,204,900
-10,20,9074,-200,9074,-300
-10,20,833,7,833,0
-10,20,6094,-151,6094,-100
-10,20,3563,-914,3563,-900
-10,20,8608,-340,8608,-300
-10,30,8623,-59,8038,600
-10,30,6548,-918,8038,600
-10,30,6518,971,8038,600
-10,30,1075,75,1075,200
-10,30,1276,61,8038,600
-10,30,6756,-854,8038,600
-10,30,950,193,8038,600
-10,30,2347,-687,8038,600
-10,30,1424,777,8038,600
-10,30,5878,475,8038,600
-10,30,8642,-426,8038,600
-10,30,6148,713,8038,600
-10,30,6373,980,8038,600
-10,30,300,777,8038,600
-10,30,5917,-355,8038,600
-10,30,4882,-774,8038,600
-10,30,5915,845,8038,600
-10,30,5097,-678,8038,600
-10,30,8629,-284,8038,600
-10,30,7771,352,8038,600
-10,30,2458,813,8038,600
-10,30,5326,395,8038,600
-10,30,6644,-846,8038,600
-10,30,7436,-790,7434,-900
-10,30,7890,-895,8038,600
-10,30,3824,-799,8038,600
-10,30,8964,651,8038,600
-10,30,234,-443,8038,600
-10,30,4278,201,8038,600
-10,30,6460,561,8038,600
-10,30,9668,176,8038,600
-10,30,1076,576,1077,400
-10,30,7568,-34,8038,600
-10,30,6086,-965,8038,600
-10,30,5448,202,8038,600
-10,30,9057,-199,8038,600
-10,30,3848,-276,8038,600
-10,30,5059,9,8038,600
-10,30,2016,-7,8038,600
-10,30,3473,81,8038,600
-10,30,3310,-439,3310,-500
-10,30,3435,358,8038,600
-10,30,9461,-566,8038,600
-10,30,1559,-660,8038,600
-10,30,546,-802,8038,600
-10,30,4909,-511,9113,200
-10,30,6491,-752,8038,600
-10,30,6806,-720,8038,600
-10,30,1920,-658,8038,600
-10,30,5055,561,8038,600
-10,30,300,-192,300,-100
-10,30,5557,-907,8038,600
-10,30,7157,528,7162,600
-10,30,4957,908,8038,600
-10,30,3144,606,8038,600
-10,30,5374,-369,8038,600
-10,30,9604,-673,8038,600
-10,30,1885,-212,335,-100
-10,30,7589,-573,8038,600
-10,30,8914,797,8038,600
-10,30,1737,-963,8038,600
-10,30,4669,-454,8038,600
-10,30,399,335,8038,600
-10,30,2361,120,8038,600
-10,30,1186,-771,1186,-800
-10,30,1296,584,8038,600
-10,30,1372,-812,8038,600
-10,30,7451,926,8038,600
-10,30,9328,62,8038,600
-10,30,3863,821,8038,600
-10,30,897,63,897,-100
-10,30,8802,128,8038,600
-10,30,2851,-358,2851,-200
-10,30,9315,421,8038,600
-10,30,1838,-291,8038,600
-10,30,8455,-251,8038,600
-10,30,4110,959,8038,600
-10,30,6586,-460,8038,600
-10,30,2509,395,8038,600
-10,30,3214,-886,8038,600
-10,30,2510,-772,335,-100
-10,30,5341,-325,8038,600
-10,30,5711,-115,8038,600
-10,30,4756,688,8038,600
-10,30,919,-627,920,-300
-10,30,213,-192,213,-200
-10,30,3706,90,8038,600
-10,30,1182,-370,1183,-500
-10,30,1998,-174,8038,600
-10,30,6334,627,8038,600
-10,30,658,980,8038,600
-10,30,4660,482,8038,600
-10,30,2133,854,8038,600
-10,30,6680,-324,8038,600
-10,30,200,587,8038,600
-10,30,2975,-974,8038,600
-10,30,7248,360,8038,600
-10,30,6019,-66,8038,600
-10,30,1252,-498,8038,600
-10,30,3526,-624,8038,600
-10,40,1353,537,8038,600
-10,40,7088,-383,8038,600
-10,40,4749,313,8038,600
-10,40,3049,-6,8038,600
-10,40,7054,863,8038,600
-10,40,4965,349,8038,600
-10,40,7614,482,8038,600
-10,40,2679,-36,8038,600
-10,40,2659,-17,8038,600
-10,40,3521,-17,8038,600
-10,40,4766,207,8038,600
-10,40,3907,374,8038,600
-10,40,9586,-647,8038,600
-10,40,611,-363,8038,600
-10,40,497,-630,8038,600
-10,40,1057,-909,8038,600
-10,40,1181,-811,8038,600
-10,40,1185,94,8038,600
-10,40,6061,459,8038,600
-10,40,7284,-458,8038,600
-10,40,1134,-914,8038,600
-10,40,750,-843,8038,600
-10,40,1861,238,8038,600
-10,40,3585,-319,8038,600
-10,40,2583,960,8038,600
-10,40,3320,-59,8038,600
-10,40,1013,174,8038,600
-10,40,8536,-202,8038,600
-10,40,2787,571,8038,600
-10,40,7663,-756,8038,600
-10,40,5753,-181,8038,600
-10,40,3807,-519,8038,600
-10,40,4999,-148,8038,600
-10,40,3270,-476,8038,600
-10,40,8484,-489,8038,600
-10,40,2546,-568,8038,600
-10,40,9840,194,8038,600
-10,40,4188,631,8038,600
-10,40,5392,811,8038,600
-10,40,6343,776,8038,600
-10,40,1675,-872,8038,600
-10,40,3520,-197,8038,600
-10,40,6570,-483,8038,600
-10,40,5424,425,8038,600
-10,40,3645,850,8038,600
-10,40,804,-254,8038,600
-10,40,9676,737,8038,600
-10,40,3484,-814,8038,600
-10,40,2748,-6,8038,600
-10,40,2846,-467,8038,600
-10,40,2529,-358,8038,600
-10,40,1708,-992,8038,600
-10,40,5974,911,8038,600
-10,40,9487,-74,8038,600
-10,40,6804,-157,8038,600
-10,40,6726,-80,8038,600
-10,40,4232,331,8038,600
-10,40,7310,121,8038,600
-10,40,6109,-934,8038,600
-10,40,9887,822,8038,600
-10,40,1089,-759,8038,600
-10,40,7725,-62,8038,600
-10,40,9831,253,8038,600
-10,40,2334,586,8038,600
-10,40,2153,618,8038,600
-10,40,1877,-371,8038,600
-10,40,6769,-956,8038,600
-10,40,3006,-518,8038,600
-10,40,1633,-696,8038,600
-10,40,1494,-521,8038,600
-10,40,6055,-195,8038,600
-10,40,6949,673,8038,600
-10,40,5234,-703,8038,600
-10,40,8687,-319,8038,600
-10,40,2627,-657,8038,600
-10,40,1864,475,8038,600
-10,40,96,509,8038,600
-10,40,7155,481,8038,600
-10,40,9874,-883,8038,600
-10,40,5737,-231,8038,600
-10,40,4645,958,8038,600
-10,40,5803,657,8038,600
-10,40,533,914,8038,600
-10,40,7680,627,8038,600
-10,40,3717,-678,8038,600
-10,40,5825,-327,8038,600
-10,40,8347,918,8038,600
-10,40,3625,-310,8038,600
-10,40,2966,883,8038,600
-10,40,5418,125,8038,600
-10,40,3708,730,8038,600
-10,40,5543,851,8038,600
-10,40,5734,-479,8038,600
-10,40,4716,-868,8038,600
-10,40,6397,191,8038,600
-10,40,4626,547,8038,600
-10,40,7227,874,8038,600
-10,40,3263,718,8038,600
-10,40,5491,-319,8038,600
-10,40,1289,751,8038,600
-10,50,1741,56,8038,600
-10,50,2151,58,8038,600
-10,50,6169,331,8038,600
-10,50,1492,198,8038,600
-10,50,8083,556,8038,600
-10,50,4317,-872,8038,600
-10,50,9098,591,8038,600
-10,50,9150,675,8038,600
-10,50,3343,279,8038,600
-10,50,2049,669,8038,600
-10,50,5821,317,8038,600
-10,50,8759,-112,8038,600
-10,50,8096,672,8038,600
-10,50,3092,-100,8038,600
-10,50,1955,659,8038,600
-10,50,8573,-11,8038,600
-10,50,5725,-252,8038,600
-10,50,1315,777,8038,600
-10,50,7179,195,8038,600
-10,50,2728,485,8038,600
-10,50,5448,669,8038,600
-10,50,8024,911,8038,600
-10,50,4470,146,8038,600
-10,50,8430,487,8038,600
-10,50,4214,891,8038,600
-10,50,1244,24,8038,600
-10,50,2648,-4,8038,600
-10,50,372,-613,8038,600
-10,50,7873,915,8038,600
-10,50,3613,294,8038,600
-10,50,8159,662,8038,600
-10,50,9055,857,8038,600
-10,50,6170,127,8038,600
-10,50,3826,-46,8038,600
-10,50,5726,72,8038,600
-10,50,5352,-775,8038,600
-10,50,2513,-569,8038,600
-10,50,2726,-598,8038,600
-10,50,7278,-443,8038,600
-10,50,7274,-537,8038,600
-10,50,9032,833,8038,600
-10,50,5080,617,8038,600
-10,50,7269,810,8038,600
-10,50,8559,-569,8038,600
-10,50,2757,-192,8038,600
-10,50,963,623,8038,600
-10,50,2485,-318,8038,600
-10,50,9272,286,8038,600
-10,50,9842,-327,8038,600
-10,50,1565,-23,8038,600
-10,50,234,966,8038,600
-10,50,5315,-402,8038,600
-10,50,1845,112,8038,600
-10,50,4117,166,8038,600
-10,50,8273,244,8038,600
-10,50,8247,-222,8038,600
-10,50,2782,-980,8038,600
-10,50,9667,617,8038,600
-10,50,4121,897,8038,600
-10,50,3227,221,8038,600
-10,50,5119,-286,8038,600
-10,50,4460,-534,8038,600
-10,50,8477,-276,8038,600
-10,50,338,591,8038,600
-10,50,8016,413,8038,600
-10,50,9325,662,8038,600
-10,50,2075,-331,8038,600
-10,50,4542,-667,8038,600
-10,50,8671,209,8038,600
-10,50,2628,621,8038,600
-10,50,1370,845,8038,600
-10,50,9891,517,8038,600
-10,50,6623,790,8038,600
-10,50,6226,919,8038,600
-10,50,779,-135,8038,600
-10,50,8134,617,8038,600
-10,50,9714,-171,8038,600
-10,50,2806,210,8038,600
-10,50,8188,411,8038,600
-10,50,2881,-58,8038,600
-10,50,8097,241,8038,600
-10,50,9828,854,8038,600
-10,50,5812,-741,8038,600
-10,50,3571,-581,8038,600
-10,50,3019,490,8038,600
-10,50,9989,140,8038,600
-10,50,236,-608,8038,600
-10,50,3759,-470,8038,600
-10,50,1704,282,8038,600
-10,50,6083,538,8038,600
-10,50,1426,780,8038,600
-10,50,7342,-249,8038,600
-10,50,9342,799,8038,600
-10,50,542,423,8038,600
-10,50,1487,-118,8038,600
-10,50,7316,576,8038,600
-10,50,8362,111,8038,600
-10,50,8081,800,8038,600
-10,50,3197,-595,8038,600
-10,50,4496,839,8038,600
0,-100,3556,-595,3556,-600
0,-100,4819,429,4819,400
0,-100,3498,-156,3498,-200
0,-100,8981,731,8981,700
0,-100,1638,-916,1638,-900
0,-100,4567,-632,4567,-600
0,-100,7641,871,7641,900
0,-100,335,235,335,200
0,-100,7888,-434,7888,-400
0,-100,8530,335,8530,300
0,-100,1776,549,1776,600
0,-100,442,-393,442,-400
0,-100,4013,206,4013,200
0,-100,3934,-229,3934,-200
0,-100,5455,-328,5455,-300
0,-100,482,759,482,800
0,-100,5404,160,5404,200
0,-100,4376,-401,4376,-400
0,-100,4908,813,4908,800
0,-100,364,-545,364,-500
0,-100,8818,133,8818,100
0,-100,6699,-279,6699,-300
0,-100,8825,752,8825,700
0,-100,7053,998,7053,900
0,-100,6441,140,6441,100
0,-100,8921,866,8921,900
0,-100,9222,227,9222,200
0,-100,5390,526,5390,500
0,-100,8689,269,8689,300
0,-100,2952,976,2952,900
0,-100,8741,-398,8741,-400
0,-100,7096,128,7096,100
0,-100,1717,840,1717,800
0,-100,4865,207,4865,200
0,-100,6517,307,6517,300
0,-100,3172,-164,3172,-200
0,-100,6616,883,6616,900
0,-100,2275,162,2275,200
0,-100,5182,-611,5182,-600
0,-100,8034,206,8034,200
0,-100,5241,-379,5241,-400
0,-100,6649,-107,6649,-100
0,-100,56,750,56,700
0,-100,7283,840,7283,800
0,-100,7008,421,7008,400
0,-100,3191,-10,3191,0
0,-100,1218,-937,1218,-900
0,-100,8536,-707,8536,-700
0,-100,1503,-476,1503,-500
0,-100,8673,96,8673,100
0,-100,2627,-688,2627,-700
0,-100,5089,-617,5089,-600
0,-100,9909,456,9909,500
0,-100,1217,129,1217,100
0,-100,369,-10,369,0
0,-100,1260,-151,1260,-200
0,-100,9240,966,9240,900
0,-100,6651,-716,6651,-700
0,-100,9774,-421,9774,-400
0,-100,7345,-439,7345,-400
0,-100,32,188,32,200
0,-100,6955,-53,6955,-100
0,-100,1958,551,1958,500
0,-100,8967,182,8967,200
0,-100,8226,-930,8226,-900
0,-100,3382,491,3382,500
0,-100,7868,-118,7868,-100
0,-100,4722,-746,4722,-700
0,-100,3885,-791,3885,-800
0,-100,386,-570,386,-600
0,-100,8348,593,8348,600
0,-100,6848,-20,6848,0
0,-100,5412,-131,5412,-100
0,-100,1872,-753,1872,-800
0,-100,6582,-800,6582,-800
0,-100,3871,-549,3871,-500
0,-100,4669,-610,4669,-600
0,-100,9318,458,9318,500
0,-100,6500,-860,6500,-900
0,-100,1795,-734,1795,-700
0,-100,1361,806,1361,800
0,-100,4486,388,4486,400
0,-100,9621,992,9621,900
0,-100,5591,646,5591,600
0,-100,2741,689,2741,700
0,-100,1099,640,1099,600
0,-100,3230,-327,3230,-300
0,-100,1074,-643,1074,-600
0,-100,8685,612,8685,600
0,-100,5376,-894,5376,-900
0,-100,2565,92,2565,100
0,-100,7767,480,7767,500
0,-100,253,-835,253,-800
0,-100,3881,63,3881,100
0,-100,8290,-109,8290,-100
0,-100,5647,396,5647,400
0,-100,7315,-917,7315,-900
0,-100,93,325,93,300
0,-100,1920,-682,1920,-700
0,-100,6857,523,6857,500
0,-90,91,-138,91,-100
0,-90,2203,-619,2203,-600
0,-90,9433,957,9433,900
0,-90,2422,466,2422,500
0,-90,7904,1000,7904,900
0,-90,2996,-962,2996,-1000
0,-90,7130,-804,7130,-800
0,-90,0,959,10000,900
0,-90,8333,184,8333,200
0,-90,9941,846,9941,800
0,-90,2939,536,2939,500
0,-90,9619,452,9619,500
0,-90,3027,-116,3027,-100
0,-90,6857,825,6857,800
0,-90,881,-506,881,-500
0,-90,7867,-974,7867,-1000
0,-90,6416,-210,6416,-200
0,-90,7785,180,7785,200
0,-90,2477,-305,2477,-300
0,-90,9250,169,9250,200
0,-90,2413,4,2413,0
0,-90,5668,775,5668,800
0,-90,323,-1000,323,-1000
0,-90,9651,324,9651,300
0,-90,3144,-590,3144,-600
0,-90,7811,-672,7811,-700
0,-90,8756,-539,8756,-500
0,-90,2873,-339,2873,-300
0,-90,2775,800,2775,800
0,-90,6769,76,6769,100
0,-90,5654,786,5654,800
0,-90,8732,-66,8732,-100
0,-90,142,833,142,800
0,-90,9380,-51,9380,-100
0,-90,7942,738,7942,700
0,-90,908,-832,908,-800
0,-90,17,-431,17,-400
0,-90,9931,-101,9931,-100
0,-90,6408,960,6408,900
0,-90,8513,-825,8513,-800
0,-90,1341,403,1341,400
0,-90,337,35,337,0
0,-90,4384,814,4384,800
0,-90,7293,619,7293,600
0,-90,5855,-612,5855,-600
0,-90,4331,-21,4331,0
0,-90,8909,-263,8909,-300
0,-90,9052,791,9052,800
0,-90,3012,-282,3012,-300
0,-90,5623,634,5623,600
0,-90,6276,-782,6276,-800
0,-90,7204,-745,7204,-800
0,-90,2655,-774,2655,-800
0,-90,8048,-371,8048,-400
0,-90,143,342,143,300
0,-90,5943,-304,5943,-300
0,-90,6089,-401,6089,-400
0,-90,2293,113,2293,100
0,-90,7872,-247,7872,-200
0,-90,140,993,140,900
0,-90,9453,-129,9453,-100
0,-90,9704,-100,9704,-100
0,-90,5899,556,5899,600
0,-90,9175,-21,9175,0
0,-90,9032,-966,9032,-1000
0,-90,4407,735,4407,700
0,-90,5724,656,5724,700
0,-90,755,430,755,400
0,-90,8081,432,8081,400
0,-90,6813,767,6813,800
0,-90,5024,941,5024,900
0,-90,9608,-328,9608,-300
0,-90,6416,-777,6416,-800
0,-90,246,-713,246,-700
0,-90,9525,-715,9525,-700
0,-90,1359,59,1359,100
0,-90,3466,-835,3466,-800
0,-90,6693,-697,6693,-700
0,-90,47,187,47,200
0,-90,8384,618,8384,600
0,-90,7109,-612,7109,-600
0,-90,6880,-836,6880,-800
0,-90,2710,-727,2710,-700
0,-90,9789,-152,9789,-100
0,-90,3232,-145,3232,-100
0,-90,100,-476,100,-500
0,-90,8305,546,8305,500
0,-90,4398,-670,4398,-700
0,-90,8754,-407,8754,-400
0,-90,8514,755,8514,700
0,-90,7694,-889,7694,-900
0,-90,4903,34,4903,0
0,-90,9025,255,9025,300
0,-90,3546,50,3546,100
0,-90,9137,660,9137,700
0,-90,5338,-212,5338,-200
0,-90,5837,-445,5837,-400
0,-90,7102,-894,7102,-900
0,-90,8434,-178,8434,-200
0,-90,2744,-757,2744,-800
0,-80,5082,-23,5082,0
0,-80,881,-274,881,-300
0,-80,678,132,678,100
0,-80,4890,-884,4890,-900
0,-80,9021,-41,9021,0
0,-80,7371,350,7371,400
0,-80,8544,392,8544,400
0,-80,8576,-370,8576,-400
0,-80,6696,-397,6696,-400
0,-80,2216,-647,2216,-700
0,-80,8936,-412,8936,-400
0,-80,5830,669,5830,700
0,-80,348,114,348,100
0,-80,2092,-784,2092,-800
0,-80,5118,-378,5118,-400
0,-80,8356,-734,8356,-700
0,-80,4107,-148,4107,-100
0,-80,5534,-48,5534,0
0,-80,6721,-999,6721,-1000
0,-80,3336,-426,3336,-400
0,-80,5908,-556,5908,-600
0,-80,4144,568,4144,600
0,-80,5254,859,5254,900
0,-80,8047,367,8047,400
0,-80,1032,415,1032,400
0,-80,1860,-440,1860,-400
0,-80,3549,-214,3549,-200
0,-80,9161,-700,9161,-700
0,-80,2428,70,2428,100
0,-80,9638,372,9638,400
0,-80,1478,764,1478,800
0,-80,2643,861,2643,900
0,-80,6964,-466,6964,-500
0,-80,7358,843,7358,800
0,-80,9124,908,9124,900
0,-80,6273,109,6273,100
0,-80,2415,-84,2415,-100
0,-80,3023,-889,3023,-900
0,-80,1304,-597,1304,-600
0,-80,5171,39,5171,0
0,-80,3372,824,3372,800
0,-80,7294,587,7294,600
0,-80,9659,294,9659,300
0,-80,271,896,271,900
0,-80,1205,700,1205,700
0,-80,472,172,472,200
0,-80,4115,-943,4115,-900
0,-80,6935,-383,6935,-400
0,-80,6391,500,6391,500
0,-80,8092,910,8092,900
0,-80,4471,60,4471,100
0,-80,5944,-831,5944,-800
0,-80,4959,978,4959,900
0,-80,5719,-295,5719,-300
0,-80,7193,523,7193,500
0,-80,8875,-557,8875,-600
0,-80,684,-996,684,-1000
0,-80,2559,-795,2559,-800
0,-80,8869,-362,8869,-400
0,-80,1054,-161,1054,-200
0,-80,2804,904,2804,900
0,-80,7016,350,7016,400
0,-80,8909,-711,8909,-700
0,-80,1579,805,1579,800
0,-80,440,-828,440,-800
0,-80,5115,-888,5115,-900
0,-80,5988,-557,5988,-600
0,-80,1046,-312,1046,-300
0,-80,3368,-689,3368,-700
0,-80,1050,812,1050,800
0,-80,4054,974,4054,900
0,-80,1525,152,1525,200
0,-80,8064,246,8064,200
0,-80,47,-445,47,-400
0,-80,3308,-205,3308,-200
0,-80,8160,-298,8160,-300
0,-80,9114,737,9114,700
0,-80,5969,-711,5969,-700
0,-80,2683,-817,2683,-800
0,-80,2321,675,2321,700
0,-80,9361,317,9361,300
0,-80,3241,-712,3241,-700
0,-80,9774,-689,9774,-700
0,-80,2374,-110,2374,-100
0,-80,7915,675,7915,700
0,-80,442,-437,442,-400
0,-80,3367,269,3367,300
0,-80,9131,991,9131,900
0,-80,3452,171,3452,200
0,-80,64,804,64,800
0,-80,6336,538,6336,500
0,-80,8486,-515,8486,-500
0,-80,3649,897,3649,900
0,-80,4500,206,4500,200
0,-80,8467,-832,8467,-800
0,-80,7944,221,7944,200
0,-80,7387,514,7387,500
0,-80,1457,-591,1457,-600
0,-80,5239,-780,5239,-800
0,-80,9126,-591,9126,-600
0,-70,1909,-878,1909,-900
0,-70,4816,86,4816,100
0,-70,9446,-56,9446,-100
0,-70,4369,109,4369,100
0,-70,2881,319,2881,300
0,-70,586,-442,586,-400
0,-70,4565,846,4565,800
0,-70,3445,-292,3445,-300
0,-70,8447,151,8447,200
0,-70,3829,-190,3829,-200
0,-70,2537,-193,2537,-200
0,-70,4316,-61,4316,-100
0,-70,2913,-528,2913,-500
0,-70,9338,139,9338,100
0,-70,5877,-665,5877,-700
0,-70,9148,-662,9148,-700
0,-70,1356,-391,1356,-400
0,-70,7731,-501,7731,-500
0,-70,3948,-443,3948,-400
0,-70,4969,-431,4969,-400
0,-70,7071,640,7071,600
0,-70,3273,672,3273,700
0,-70,831,-931,831,-900
0,-70,2246,423,2246,400
0,-70,504,-847,504,-800
0,-70,7972,283,7972,300
0,-70,7767,-496,7767,-500
0,-70,8360,-368,8360,-400
0,-70,698,-338,698,-300
0,-70,9429,-363,9429,-400
0,-70,7983,72,7983,100
0,-70,394,806,394,800
0,-70,608,193,608,200
0,-70,7622,322,7622,300
0,-70,7079,945,7079,900
0,-70,9059,255,9059,300
0,-70,7475,855,7475,900
0,-70,6947,18,6947,0
0,-70,2334,-558,2334,-600
0,-70,8929,-421,8929,-400
0,-70,7961,-956,7961,-1000
0,-70,4639,-907,4639,-900
0,-70,4157,-982,4157,-1000
0,-70,750,345,750,400
0,-70,437,659,437,700
0,-70,1573,-416,1573,-400
0,-70,7783,234,7783,200
0,-70,8703,-116,8703,-100
0,-70,8227,-667,8227,-700
0,-70,6307,-736,6307,-700
0,-70,9587,220,9587,200
0,-70,6480,-545,6480,-500
0,-70,6437,-84,6437,-100
0,-70,4679,-708,4679,-700
0,-70,9543,706,9543,700
0,-70,8689,-936,8689,-900
0,-70,8752,518,8752,500
0,-70,9717,789,9717,800
0,-70,4450,-539,4450,-500
0,-70,7949,-898,7949,-900
0,-70,8503,835,8503,800
0,-70,9666,28,9666,0
0,-70,7192,494,7192,500
0,-70,9447,570,9447,600
0,-70,8813,-225,8813,-200
0,-70,576,-467,576,-500
0,-70,4574,-981,4574,-1000
0,-70,1613,409,1613,400
0,-70,5609,205,5609,200
0,-70,9247,-782,9247,-800
0,-70,5144,963,5144,900
0,-70,490,774,490,800
0,-70,9992,302,9992,300
0,-70,1948,346,1948,300
0,-70,2072,-594,2072,-600
0,-70,5321,-102,5321,-100
0,-70,3451,-454,3451,-500
0,-70,6489,458,6489,500
0,-70,8409,722,8409,700
0,-70,3614,780,3614,800
0,-70,5566,-759,5566,-800
0,-70,2786,185,2786,200
0,-70,9106,607,9106,600
0,-70,8342,-707,8342,-700
0,-70,6894,254,6894,300
0,-70,2266,-696,2266,-700
0,-70,508,-197,508,-200
0,-70,7286,-128,7286,-100
0,-70,3555,-812,3555,-800
0,-70,4207,-667,4207,-700
0,-70,2700,-720,2700,-700
0,-70,5277,-348,5277,-300
0,-70,6328,220,6328,200
0,-70,7347,-64,7347,-100
0,-70,8648,80,8648,100
0,-70,6842,427,6842,400
0,-70,4851,-924,4851,-900
0,-70,4028,384,4028,400
0,-70,3173,-323,3173,-300
0,-70,2918,99,2918,100
0,-60,7761,213,7761,200
0,-60,4414,824,4414,800
0,-60,9380,291,9380,300
0,-60,7006,-654,7006,-600
0,-60,2314,-271,2314,-300
0,-60,7055,-519,7055,-500
0,-60,1267,-324,1267,-300
0,-60,9691,965,9691,900
0,-60,9643,233,9643,200
0,-60,8887,-72,8887,-100
0,-60,910,-678,910,-700
0,-60,7223,724,7223,700
0,-60,8821,-855,8821,-800
0,-60,6229,-275,6229,-300
0,-60,7850,-60,7850,-100
0,-60,5382,292,5382,300
0,-60,8062,149,8062,100
0,-60,287,146,287,100
0,-60,4124,-152,4124,-200
0,-60,5580,-942,5580,-900
0,-60,3148,585,3148,600
0,-60,3731,990,3731,900
0,-60,5463,160,5463,200
0,-60,3875,-510,3875,-500
0,-60,978,456,978,500
0,-60,6776,75,6776,100
0,-60,8604,-944,8604,-900
0,-60,244,-534,244,-500
0,-60,9841,-967,9841,-1000
0,-60,2180,-891,2180,-900
0,-60,8919,-30,8919,0
0,-60,4988,779,4988,800
0,-60,5531,592,5531,600
0,-60,4029,-39,4029,0
0,-60,2839,588,2839,600
0,-60,7578,-896,7578,-900
0,-60,1150,483,1150,500
0,-60,9872,-551,9872,-600
0,-60,7603,146,7603,200
0,-60,8085,17,8085,0
0,-60,286,-224,286,-200
0,-60,2543,316,2543,300
0,-60,1336,922,1336,900
0,-60,4958,115,4958,100
0,-60,7967,464,7967,500
0,-60,8633,-206,8633,-200
0,-60,230,459,230,400
0,-60,3624,-760,3624,-800
0,-60,636,174,636,200
0,-60,5804,-514,5804,-500
0,-60,7677,432,7677,400
0,-60,8025,925,8025,900
0,-60,6013,-463,6013,-500
0,-60,2017,920,2017,900
0,-60,7368,-495,7368,-500
0,-60,7669,-687,7669,-700
0,-60,2270,-331,2270,-300
0,-60,2740,-339,2740,-300
0,-60,9737,460,9737,500
0,-60,1888,777,1888,800
0,-60,9524,457,9524,500
0,-60,7394,237,7394,200
0,-60,1194,-37,1194,0
0,-60,5945,-544,5945,-500
0,-60,1973,700,1973,700
0,-60,2101,284,2101,300
0,-60,927,431,927,400
0,-60,7346,507,7346,500
0,-60,1122,-158,1122,-200
0,-60,1613,468,1613,500
0,-60,2694,573,2694,600
0,-60,5738,117,5738,100
0,-60,4168,350,4168,300
0,-60,4041,-209,4041,-200
0,-60,7927,-766,7927,-800
0,-60,6492,24,6492,0
0,-60,8267,-339,8267,-300
0,-60,3598,521,3598,500
0,-60,1920,-210,1920,-200
0,-60,8903,-349,8903,-300
0,-60,2452,-262,2452,-300
0,-60,2184,-892,2184,-900
0,-60,6668,332,6668,300
0,-60,7294,134,7294,100
0,-60,5826,-978,5826,-1000
0,-60,9138,964,9138,900
0,-60,4062,-959,4062,-1000
0,-60,6980,-588,6980,-600
0,-60,8029,-516,8029,-500
0,-60,6009,-633,6009,-600
0,-60,7134,170,7134,200
0,-60,4182,-323,4182,-300
0,-60,3380,130,3380,100
0,-60,7234,-814,7234,-800
0,-60,8024,-509,8024,-500
0,-60,715,406,715,400
0,-60,1332,-940,1332,-900
0,-60,9614,-922,9614,-900
0,-60,2125,-144,2125,-100
0,-60,5384,37,5384,0
0,-50,2295,-763,2295,-800
0,-50,6680,383,6680,400
0,-50,6438,-883,6438,-900
0,-50,1024,606,1024,600
0,-50,2968,158,2968,200
0,-50,6830,-765,6830,-800
0,-50,8186,-512,8186,-500
0,-50,3590,437,3590,400
0,-50,8548,765,8548,800
0,-50,8788,835,8788,800
0,-50,7868,860,7868,900
0,-50,9103,-12,9103,0
0,-50,3247,-457,3247,-400
0,-50,5113,793,5113,800
0,-50,6575,203,6575,200
0,-50,3978,426,3978,400
0,-50,7172,-944,7172,-900
0,-50,6662,67,6662,100
0,-50,5152,-113,5152,-100
0,-50,3458,204,3458,200
0,-50,4155,-948,4155,-900
0,-50,8559,904,8559,900
0,-50,649,-268,649,-300
0,-50,4037,-533,4037,-500
0,-50,766,-47,766,-100
0,-50,8131,-196,8131,-200
0,-50,286,-706,286,-700
0,-50,6830,-574,6830,-600
0,-50,6623,547,6623,500
0,-50,5011,-504,5011,-500
0,-50,4198,-229,4198,-200
0,-50,5421,322,5421,300
0,-50,2836,-610,2836,-600
0,-50,9612,104,9612,100
0,-50,4027,-329,4027,-300
0,-50,3365,691,3365,700
0,-50,2625,-595,2625,-600
0,-50,7164,-343,7164,-300
0,-50,1117,-200,1117,-200
0,-50,1433,461,1433,500
0,-50,1361,499,1361,500
0,-50,1071,709,1071,700
0,-50,3007,-248,3007,-300
0,-50,8990,-92,8990,-100
0,-50,6774,344,6774,300
0,-50,293,374,293,400
0,-50,8868,929,8868,900
0,-50,3494,-710,3494,-700
0,-50,9108,483,9108,500
0,-50,8909,-216,8909,-200
0,-50,3182,743,3182,700
0,-50,7607,-254,7607,-200
0,-50,1399,-467,1399,-500
0,-50,1870,773,1870,800
0,-50,4548,1,4548,0
0,-50,4085,-766,4085,-800
0,-50,9983,426,9983,400
0,-50,3831,-806,3831,-800
0,-50,2861,26,2861,0
0,-50,6980,-673,6980,-700
0,-50,2228,388,2228,400
0,-50,8621,113,8621,100
0,-50,7015,-261,7015,-300
0,-50,3338,969,3338,900
0,-50,8265,884,8265,900
0,-50,8503,102,8503,100
0,-50,2985,260,2985,300
0,-50,4181,6,4181,0
0,-50,272,-117,272,-100
0,-50,7881,449,7881,500
0,-50,4167,78,4167,100
0,-50,7659,-386,7659,-400
0,-50,6875,-13,6875,0
0,-50,1854,-805,1854,-800
0,-50,3094,-912,3094,-900
0,-50,1279,339,1279,300
0,-50,6879,970,6879,900
0,-50,9000,447,9000,400
0,-50,6551,-267,6551,-300
0,-50,7921,-183,7921,-200
0,-50,5118,498,5118,500
0,-50,1013,825,1013,800
0,-50,2785,-782,2785,-800
0,-50,1455,-218,1455,-200
0,-50,829,-544,829,-500
0,-50,8823,93,8823,100
0,-50,525,127,525,100
0,-50,7281,-528,7281,-500
0,-50,5451,268,5451,300
0,-50,7911,-616,7911,-600
0,-50,6899,854,6899,900
0,-50,1400,788,1400,800
0,-50,6706,993,6706,900
0,-50,6966,-991,6966,-1000
0,-50,7162,-31,7162,0
0,-50,2321,503,2321,500
0,-50,439,964,439,900
0,-50,6772,185,6772,200
0,-50,9418,941,9418,900
0,-50,8393,115,8393,100
0,-40,8971,-787,8971,-800
0,-40,2639,-231,2639,-200
0,-40,2335,-65,2335,-100
0,-40,2851,371,2851,400
0,-40,3862,-939,3862,-900
0,-40,3381,-809,3381,-800
0,-40,4496,948,4496,900
0,-40,1620,219,1620,200
0,-40,405,942,405,900
0,-40,4917,504,4917,500
0,-40,6735,-15,6735,0
0,-40,533,186,533,200
0,-40,1459,734,1459,700
0,-40,6611,-314,6611,-300
0,-40,9056,-819,9056,-800
0,-40,2900,155,2900,100
0,-40,109,540,109,500
0,-40,6590,165,6590,200
0,-40,9372,-704,9372,-700
0,-40,6819,728,6819,700
0,-40,6171,98,6171,100
0,-40,1555,174,1555,200
0,-40,4998,616,4998,600
0,-40,9292,-348,9292,-300
0,-40,6223,-724,6223,-700
0,-40,8773,-664,8773,-700
0,-40,9543,389,9543,400
0,-40,6009,230,6009,200
0,-40,2499,-643,2499,-600
0,-40,8484,-478,8484,-500
0,-40,2274,-677,2274,-700
0,-40,5265,-997,5265,-1000
0,-40,4610,689,4610,700
0,-40,2570,-726,2570,-700
0,-40,3542,-50,3542,-100
0,-40,2786,-960,2786,-1000
0,-40,8675,-923,8675,-900
0,-40,9031,-872,9031,-900
0,-40,9441,338,9441,300
0,-40,7731,-8,7731,0
0,-40,7674,140,7674,100
0,-40,4718,431,4718,400
0,-40,1693,-771,1693,-800
0,-40,4052,850,4052,900
0,-40,7350,-115,7350,-100
0,-40,1315,589,1315,600
0,-40,3564,8,3564,0
0,-40,1397,268,1397,300
0,-40,4844,-950,4844,-1000
0,-40,8400,-985,8400,-1000
0,-40,465,-834,465,-800
0,-40,4711,896,4711,900
0,-40,7864,970,7864,900
0,-40,671,-565,671,-600
0,-40,3224,-458,3224,-500
0,-40,3805,66,3805,100
0,-40,2884,838,2884,800
0,-40,4127,635,4127,600
0,-40,5676,-544,5676,-500
0,-40,7652,-375,7652,-400
0,-40,3811,-489,3811,-500
0,-40,9198,-273,9198,-300
0,-40,4238,872,4238,900
0,-40,4642,-859,4642,-900
0,-40,6710,-370,6710,-400
0,-40,2828,891,2828,900
0,-40,979,-164,979,-200
0,-40,5281,969,5281,900
0,-40,9630,546,9630,500
0,-40,8858,-257,8858,-200
0,-40,2451,-250,2451,-300
0,-40,3351,-756,3351,-800
0,-40,2614,333,2614,300
0,-40,6491,-343,6491,-300
0,-40,3693,205,3693,200
0,-40,5976,515,5976,500
0,-40,7246,669,7246,700
0,-40,9423,935,9423,900
0,-40,1961,-18,1961,0
0,-40,9024,884,9024,900
0,-40,3614,-55,3614,-100
0,-40,8685,124,8685,100
0,-40,2542,320,2542,300
0,-40,66,838,66,800
0,-40,8830,584,8830,600
0,-40,9630,-189,9630,-200
0,-40,4969,352,4969,300
0,-40,4545,621,4545,600
0,-40,1224,985,1224,900
0,-40,5803,-461,5803,-400
0,-40,3427,69,3427,100
0,-40,5639,586,5639,600
0,-40,1052,940,1052,900
0,-40,6895,-356,6895,-300
0,-40,5428,-515,5428,-500
0,-40,8004,375,8004,400
0,-40,8872,-325,8872,-300
0,-40,4908,-231,4908,-200
0,-40,5719,-380,5719,-400
0,-40,5008,-590,5008,-600
0,-30,1539,742,1539,700
0,-30,5064,278,5064,300
0,-30,925,116,925,100
0,-30,3285,853,3285,900
0,-30,4408,-839,4408,-800
0,-30,4695,326,4695,300
0,-30,2132,-605,2132,-600
0,-30,8606,-181,8606,-200
0,-30,8799,185,8799,200
0,-30,3056,974,3056,900
0,-30,8798,634,8798,600
0,-30,1583,687,1583,700
0,-30,4773,-657,4773,-700
0,-30,7318,-690,7318,-700
0,-30,384,912,384,900
0,-30,3986,-888,3986,-900
0,-30,6786,-176,6786,-200
0,-30,1585,-233,1585,-200
0,-30,5674,-273,5674,-300
0,-30,594,365,594,400
0,-30,9995,-299,9995,-300
0,-30,2309,-584,2309,-600
0,-30,2621,-181,2621,-200
0,-30,8522,-909,8522,-900
0,-30,7747,-572,7747,-600
0,-30,3239,910,3239,900
0,-30,6456,-363,6456,-400
0,-30,9951,-604,9951,-600
0,-30,4891,158,4891,200
0,-30,961,509,961,500
0,-30,3734,-311,3734,-300
0,-30,4505,-888,4505,-900
0,-30,4946,757,4946,800
0,-30,2489,-696,2489,-700
0,-30,5665,-790,5665,-800
0,-30,4575,303,4575,300
0,-30,2486,799,2486,800
0,-30,3791,711,3791,700
0,-30,8883,-3,8883,0
0,-30,8689,6,8689,0
0,-30,9644,-941,9644,-900
0,-30,9031,-880,9031,-900
0,-30,2212,856,2212,900
0,-30,2632,-215,2632,-200
0,-30,5024,671,5024,700
0,-30,6011,709,6011,700
0,-30,9196,-491,9196,-500
0,-30,5403,509,5403,500
0,-30,9642,-451,9642,-500
0,-30,4650,-216,4650,-200
0,-30,7926,-949,7926,-900
0,-30,9434,926,9434,900
0,-30,8180,-893,8180,-900
0,-30,4096,236,4096,200
0,-30,7429,516,7429,500
0,-30,4107,-232,4107,-200
0,-30,6433,-503,6433,-500
0,-30,2796,-198,2796,-200
0,-30,1030,364,1030,400
0,-30,3062,361,3062,400
0,-30,5813,448,5813,400
0,-30,6532,172,6532,200
0,-30,7028,846,7028,800
0,-30,6378,-854,6378,-900
0,-30,8524,313,8524,300
0,-30,8947,439,8947,400
0,-30,1768,-938,1768,-900
0,-30,1677,-141,1677,-200
0,-30,7911,92,7911,100
0,-30,7484,463,7484,500
0,-30,1126,-748,1126,-800
0,-30,4887,-328,4887,-300
0,-30,5969,-662,5969,-700
0,-30,4405,862,4405,900
0,-30,66,-558,66,-600
0,-30,1728,-886,1728,-900
0,-30,4101,863,4101,900
0,-30,3552,69,3552,100
0,-30,6340,-94,6340,-100
0,-30,1463,39,1463,0
0,-30,4206,447,4206,500
0,-30,3091,236,3091,200
0,-30,2823,679,2823,700
0,-30,4836,453,4836,500
0,-30,4601,-591,4601,-600
0,-30,7959,-294,7959,-300
0,-30,1595,-317,1595,-300
0,-30,6393,-586,6393,-600
0,-30,3857,-817,3857,-800
0,-30,6586,488,6586,500
0,-30,1543,826,1543,800
0,-30,4355,935,4355,900
0,-30,9597,865,9597,900
0,-30,599,-349,599,-300
0,-30,2331,69,2331,100
0,-30,273,-485,273,-500
0,-30,8257,525,8257,500
0,-30,7237,172,7237,200
0,-30,755,-634,755,-600
0,-30,8936,901,8936,900
0,-20,755,91,755,100
0,-20,9046,-507,9046,-500
0,-20,574,-925,574,-900
0,-20,216,-181,216,-200
0,-20,3200,-98,3200,-100
0,-20,3644,270,3644,300
0,-20,5719,284,5719,300
0,-20,985,380,985,400
0,-20,9625,561,9625,600
0,-20,8607,980,8607,900
0,-20,4004,-18,4004,0
0,-20,9327,943,9327,900
0,-20,3760,-714,3760,-700
0,-20,8448,168,8448,200
0,-20,8145,-151,8145,-100
0,-20,720,-5,720,0
0,-20,7242,-614,7242,-600
0,-20,3140,24,3140,0
0,-20,8316,2,8316,0
0,-20,5657,-396,5657,-400
0,-20,2726,-22,2726,0
0,-20,2385,50,2385,100
0,-20,6346,176,6346,200
0,-20,4093,-331,4093,-300
0,-20,862,219,862,200
0,-20,7013,-108,7013,-100
0,-20,7566,662,7566,700
0,-20,4691,-656,4691,-700
0,-20,2590,963,2590,900
0,-20,586,842,586,800
0,-20,8689,-336,8689,-300
0,-20,6280,499,6280,500
0,-20,458,-122,458,-100
0,-20,2670,-915,2670,-900
0,-20,8317,329,8317,300
0,-20,8908,684,8908,700
0,-20,8651,-332,8651,-300
0,-20,7849,45,7849,0
0,-20,7281,-988,7281,-1000
0,-20,7829,-359,7829,-400
0,-20,2807,592,2807,600
0,-20,7971,795,7971,800
0,-20,4950,718,4950,700
0,-20,5823,136,5823,100
0,-20,5810,231,5810,200
0,-20,1463,191,1463,200
0,-20,7592,-753,7592,-800
0,-20,1258,741,1258,700
0,-20,9284,598,9284,600
0,-20,8858,-41,8858,0
0,-20,2087,-497,2087,-500
0,-20,776,-860,776,-900
0,-20,4879,-921,4879,-900
0,-20,7131,127,7131,100
0,-20,1495,809,1495,800
0,-20,6004,830,6004,800
0,-20,185,664,185,700
0,-20,4653,-560,4653,-600
0,-20,4147,584,4147,600
0,-20,3803,-264,3803,-300
0,-20,6423,-798,6423,-800
0,-20,1878,-891,1878,-900
0,-20,345,871,345,900
0,-20,8136,401,8136,400
0,-20,4973,98,4973,100
0,-20,3238,-46,3238,0
0,-20,8006,-283,8006,-300
0,-20,557,-946,557,-1000
0,-20,6716,-276,6716,-300
0,-20,23,-942,23,-900
0,-20,2380,-353,2380,-400
0,-20,7470,-609,7470,-600
0,-20,2955,309,2955,300
0,-20,9090,236,9090,200
0,-20,3294,651,3294,600
0,-20,1573,-280,1573,-300
0,-20,8453,883,8453,900
0,-20,1857,373,1857,400
0,-20,9537,489,9537,500
0,-20,2534,377,2534,400
0,-20,9125,853,9125,900
0,-20,3001,698,3001,700
0,-20,1916,513,1916,500
0,-20,1949,599,1949,600
0,-20,3656,263,3656,300
0,-20,7299,267,7299,300
0,-20,1511,68,1511,100
0,-20,1361,-426,1361,-400
0,-20,7590,126,7590,100
0,-20,1815,574,1815,600
0,-20,2476,-343,2476,-300
0,-20,2678,-792,2678,-800
0,-20,4250,-301,4250,-300
0,-20,3979,549,3979,500
0,-20,1017,-796,1017,-800
0,-20,5983,-474,5983,-500
0,-20,8436,-282,8436,-300
0,-20,6288,819,6288,800
0,-20,8996,591,8996,600
0,-20,2389,20,2389,0
0,-10,9757,570,9757,600
0,-10,1231,779,1231,800
0,-10,1701,-980,1701,-1000
0,-10,8731,903,8731,900
0,-10,7840,967,7840,900
0,-10,1592,-519,1592,-500
0,-10,2104,228,2104,200
0,-10,7905,-639,7905,-600
0,-10,9012,352,9012,300
0,-10,3681,-245,3681,-200
0,-10,3194,132,3194,100
0,-10,9871,821,9871,800
0,-10,9684,220,9684,200
0,-10,7555,-792,7555,-800
0,-10,9060,90,9060,100
0,-10,1949,296,1949,300
0,-10,9137,449,9137,500
0,-10,7678,-914,7678,-900
0,-10,3195,-128,3195,-100
0,-10,5930,226,5930,200
0,-10,4507,793,4507,800
0,-10,2548,-963,2548,-1000
0,-10,2922,-718,2922,-700
0,-10,9502,-907,9502,-900
0,-10,9115,-488,9115,-500
0,-10,1042,-256,1042,-300
0,-10,2912,593,2912,600
0,-10,8881,285,8881,300
0,-10,3190,-512,3190,-500
0,-10,4541,856,4541,900
0,-10,8474,-177,8474,-200
0,-10,6536,794,6536,800
0,-10,4257,-440,4257,-400
0,-10,3828,760,3828,700
0,-10,806,575,806,600
0,-10,8824,909,8824,900
0,-10,7529,-871,7529,-900
0,-10,6421,-678,6421,-700
0,-10,5120,-769,5120,-800
0,-10,4388,149,4388,200
0,-10,9357,740,9357,700
0,-10,3856,-40,3856,0
0,-10,5037,-44,5037,0
0,-10,2117,-619,2117,-600
0,-10,7910,-359,7910,-400
0,-10,6091,-866,6091,-900
0,-10,1096,-516,1096,-500
0,-10,1281,-901,1281,-900
0,-10,5620,232,5620,200
0,-10,6408,816,6408,800
0,-10,9210,-50,9210,0
0,-10,1171,593,1171,600
0,-10,6415,166,6415,200
0,-10,6254,-528,6254,-500
0,-10,8506,502,8506,500
0,-10,7311,285,7311,300
0,-10,36,857,36,900
0,-10,1363,773,1363,800
0,-10,3070,325,3070,300
0,-10,8510,-409,8510,-400
0,-10,925,855,925,900
0,-10,6949,-558,6949,-600
0,-10,9116,219,9116,200
0,-10,7004,-184,7004,-200
0,-10,6846,-947,6846,-900
0,-10,1655,-723,1655,-700
0,-10,8213,288,8213,300
0,-10,6375,-463,6375,-500
0,-10,4334,48,4334,0
0,-10,6802,887,6802,900
0,-10,940,-787,940,-800
0,-10,438,-735,438,-700
0,-10,8263,681,8263,700
0,-10,1799,-442,1799,-500
0,-10,4807,-467,4807,-500
0,-10,421,-511,421,-500
0,-10,1216,686,1216,700
0,-10,6832,-983,6832,-1000
0,-10,67,-641,67,-600
0,-10,5523,-917,5523,-900
0,-10,5471,910,5471,900
0,-10,4177,-408,4177,-400
0,-10,4665,-633,4665,-600
0,-10,1937,949,1937,900
0,-10,7007,247,7007,200
0,-10,2345,248,2345,200
0,-10,581,429,581,400
0,-10,1604,146,1604,100
0,-10,5189,415,5189,400
0,-10,6548,525,6548,500
0,-10,7904,-570,7904,-600
0,-10,7349,-542,7349,-500
0,-10,8434,-77,8434,-100
0,-10,5698,-35,5698,0
0,-10,9404,448,9404,400
0,-10,1918,302,1918,300
0,-10,4306,684,4306,700
0,-10,5158,623,5158,600
0,-10,7613,587,7613,600
0,-10,5629,-405,5629,-400
0,0,2564,-435,2564,-400
0,0,9089,893,9089,900
0,0,4504,216,4504,200
0,0,174,67,174,100
0,0,7902,-492,7902,-500
0,0,1635,-103,1635,-100
0,0,3171,-966,3171,-1000
0,0,4683,720,4683,700
0,0,6393,-549,6393,-600
0,0,3984,751,3984,800
0,0,2609,-96,2609,-100
0,0,3431,722,3431,700
0,0,1115,722,1115,700
0,0,2217,-212,2217,-200
0,0,1579,-117,1579,-100
0,0,5358,-338,5358,-300
0,0,9661,-675,9661,-700
0,0,3692,-377,3692,-400
0,0,8469,-742,8469,-800
0,0,6514,-212,6514,-200
0,0,8303,523,8303,500
0,0,9651,-108,9651,-100
0,0,6797,-775,6797,-800
0,0,301,-371,301,-400
0,0,1606,655,1606,600
0,0,1644,-245,1644,-300
0,0,4567,-62,4567,-100
0,0,5803,469,5803,500
0,0,118,639,118,600
0,0,5943,-828,5943,-800
0,0,1318,-752,1318,-800
0,0,8702,514,8702,500
0,0,4775,714,4775,700
0,0,7422,967,7422,900
0,0,3862,871,3862,900
0,0,8273,-406,8273,-400
0,0,5706,-718,5706,-700
0,0,3138,133,3138,100
0,0,8385,728,8385,700
0,0,7086,-429,7086,-400
0,0,3705,204,3705,200
0,0,6165,-663,6165,-700
0,0,9330,-115,9330,-100
0,0,5851,345,5851,400
0,0,304,-607,304,-600
0,0,4689,162,4689,200
0,0,9224,616,9224,600
0,0,3337,631,3337,600
0,0,2190,138,2190,100
0,0,9548,150,9548,100
0,0,1558,-720,1558,-700
0,0,5669,-824,5669,-800
0,0,7406,-849,7406,-900
0,0,4457,674,4457,700
0,0,3279,-265,3279,-300
0,0,4073,-777,4073,-800
0,0,9816,970,9816,900
0,0,6325,-834,6325,-800
0,0,7107,-275,7107,-300
0,0,5449,-355,5449,-400
0,0,3204,-391,3204,-400
0,0,9349,789,9349,800
0,0,3076,-267,3076,-300
0,0,3588,-65,3588,-100
0,0,1434,900,1434,900
0,0,9903,-920,9903,-900
0,0,1240,166,1240,200
0,0,9344,124,9344,100
0,0,3195,-318,3195,-300
0,0,2234,507,2234,500
0,0,5595,191,5595,200
0,0,6022,347,6022,400
0,0,7967,-172,7967,-200
0,0,5886,623,5886,600
0,0,6039,163,6039,200
0,0,18,-663,18,-700
0,0,6736,-435,6736,-500
0,0,492,162,492,200
0,0,8053,990,8053,900
0,0,4415,-860,4415,-900
0,0,4366,-107,4366,-100
0,0,4040,121,4040,100
0,0,9754,-237,9754,-200
0,0,1860,-152,1860,-200
0,0,101,687,101,700
0,0,7619,-916,7619,-900
0,0,4680,-151,4680,-200
0,0,6396,-77,6396,-100
0,0,5956,226,5956,200
0,0,2082,-285,2082,-300
0,0,8787,406,8787,400
0,0,8395,547,8395,600
0,0,4810,-42,4810,0
0,0,2835,164,2835,200
0,0,7365,135,7365,100
0,0,9418,109,9418,100
0,0,2764,105,2764,100
0,0,1231,-778,1231,-800
0,0,4983,-169,4983,-200
0,0,4783,817,4783,800
0,10,8825,567,8825,600
0,10,9954,715,9954,700
0,10,758,920,758,900
0,10,5,70,5,100
0,10,2537,-734,2537,-700
0,10,2155,990,2155,900
0,10,8475,-466,8475,-500
0,10,5280,398,5280,400
0,10,40,562,40,600
0,10,6250,-442,6250,-400
0,10,9596,-853,9596,-900
0,10,5022,-951,5022,-900
0,10,726,773,726,800
0,10,2865,-749,2865,-800
0,10,377,561,377,600
0,10,2865,553,2865,600
0,10,1653,-823,1653,-900
0,10,9189,913,9189,900
0,10,3342,-75,3342,-100
0,10,9677,-383,9677,-400
0,10,6381,-316,6381,-300
0,10,1700,-527,1700,-600
0,10,575,-791,575,-800
0,10,7758,-753,7758,-700
0,10,4780,-253,4780,-300
0,10,6494,-47,6494,0
0,10,2419,-566,2419,-600
0,10,1113,851,1113,900
0,10,8853,181,8853,200
0,10,6522,-191,6522,-200
0,10,6290,757,6290,700
0,10,7843,61,7843,100
0,10,3940,593,3940,600
0,10,5364,524,5364,600
0,10,5266,548,5266,500
0,10,6188,-379,6188,-300
0,10,8271,-888,8271,-900
0,10,1422,710,1422,700
0,10,5009,868,5009,900
0,10,634,-589,634,-600
0,10,8630,-711,8630,-700
0,10,6558,564,6558,600
0,10,4840,745,4840,800
0,10,6306,692,6306,700
0,10,8750,-596,8750,-600
0,10,3243,692,3243,700
0,10,3194,132,3194,100
0,10,543,-103,543,-100
0,10,5696,1000,5696,900
0,10,4683,394,4683,400
0,10,8440,-695,8440,-700
0,10,6495,-109,6495,-100
0,10,5356,-378,5356,-400
0,10,3708,778,3708,800
0,10,6750,229,6750,300
0,10,1324,-957,1324,-1000
0,10,4992,615,4992,600
0,10,5207,-211,5207,-200
0,10,6675,-423,6675,-400
0,10,1238,687,1238,700
0,10,8994,-558,8994,-600
0,10,8673,-594,8673,-600
0,10,8733,899,8733,900
0,10,5866,-103,5866,-100
0,10,9518,782,9518,800
0,10,5086,-675,5086,-600
0,10,7765,661,7765,700
0,10,8896,-883,8896,-900
0,10,5267,-771,5267,-800
0,10,6277,843,6277,800
0,10,8010,-771,8010,-800
0,10,783,973,783,900
0,10,9105,600,9105,600
0,10,1857,75,1857,100
0,10,3895,857,3895,900
0,10,6731,-1000,6731,-1000
0,10,753,-390,753,-400
0,10,2426,-172,2426,-200
0,10,2240,-516,2240,-500
0,10,2419,760,2419,800
0,10,704,769,704,800
0,10,8083,995,8083,900
0,10,2403,-722,2403,-700
0,10,1381,-73,1381,-100
0,10,4243,-352,4243,-400
0,10,1713,673,1713,700
0,10,7440,928,7440,900
0,10,2994,359,2994,400
0,10,7099,683,7099,700
0,10,7838,173,7838,200
0,10,1395,208,1395,200
0,10,9568,-148,9568,-100
0,10,3095,439,3095,400
0,10,2851,734,2851,800
0,10,318,151,318,200
0,10,5608,-998,5608,-1000
0,10,9216,-797,9216,-800
0,10,812,343,812,300
0,10,504,84,504,100
0,10,8711,-326,8711,-300
0,20,1366,-168,1366,0
0,20,4081,317,4081,200
0,20,1109,164,1109,100
0,20,2743,-469,2743,-400
0,20,2211,-922,2211,-1000
0,20,7873,-674,7873,-600
0,20,8104,544,8104,500
0,20,3933,-421,3933,-500
0,20,2088,-877,2088,-900
0,20,3687,-915,3687,-900
0,20,2316,123,2316,200
0,20,5528,633,5528,600
0,20,7829,-321,7829,-300
0,20,2299,700,2299,800
0,20,8509,-754,8509,-700
0,20,7708,479,7708,500
0,20,2648,-608,2648,-700
0,20,2353,452,2353,400
0,20,9370,927,9370,900
0,20,3994,412,3994,400
0,20,2336,129,2336,100
0,20,7503,-81,7503,-100
0,20,3299,619,3299,700
0,20,9733,491,9733,400
0,20,8261,53,8262,100
0,20,1557,447,1557,500
0,20,7332,-379,7332,-500
0,20,6498,-781,6498,-700
0,20,8372,-345,8372,-300
0,20,4723,208,4723,200
0,20,107,-144,107,-200
0,20,4799,297,4798,300
0,20,7086,-223,7086,-300
0,20,1247,-802,1247,-800
0,20,9559,-342,9559,-400
0,20,6059,506,6059,600
0,20,2494,957,2493,900
0,20,4583,68,4583,100
0,20,3046,334,3046,300
0,20,8421,174,8421,100
0,20,7728,-891,7728,-800
0,20,6520,127,6520,100
0,20,9095,389,9095,400
0,20,2005,850,2005,800
0,20,175,-817,175,-900
0,20,1724,-175,1724,-100
0,20,194,-684,194,-600
0,20,6391,-68,6391,0
0,20,400,-899,400,-900
0,20,4507,-235,4507,-200
0,20,1387,-256,1387,-300
0,20,640,-835,640,-900
0,20,8572,179,8572,300
0,20,618,693,618,600
0,20,9383,460,9383,400
0,20,3518,-15,3518,-100
0,20,7938,610,7938,600
0,20,5727,-982,5727,-1000
0,20,7259,-356,7259,-400
0,20,5344,-320,5344,-300
0,20,1074,-463,1074,-300
0,20,9554,802,9554,800
0,20,1873,675,1873,800
0,20,5261,63,5261,200
0,20,1076,173,1076,200
0,20,2084,459,2084,300
0,20,3145,-461,3145,-500
0,20,3851,263,3851,300
0,20,2615,454,2615,500
0,20,1835,858,1835,800
0,20,9583,-301,9583,-300
0,20,9782,574,9782,600
0,20,2346,-819,2346,-800
0,20,6058,-963,6058,-900
0,20,4294,-843,4294,-900
0,20,1747,542,1747,600
0,20,1663,-291,1663,-300
0,20,5094,-444,5094,-400
0,20,5902,-505,5902,-600
0,20,8454,718,8454,700
0,20,6966,655,6966,600
0,20,5003,-561,5003,-500
0,20,6311,-504,6311,-400
0,20,4264,594,4264,600
0,20,2676,-5,2676,0
0,20,8598,41,8598,0
0,20,8128,-80,8128,-100
0,20,866,-311,866,-300
0,20,4675,-644,4675,-700
0,20,8082,-496,8082,-500
0,20,2622,-241,2622,-200
0,20,6085,42,6085,100
0,20,2973,-640,2973,-500
0,20,9089,840,9089,800
0,20,1448,989,1448,900
0,20,5178,512,5178,400
0,20,6218,-701,6218,-700
0,20,9395,436,9395,400
0,20,6717,801,6717,800
0,20,6024,-519,6024,-600
0,30,5278,963,8038,600
0,30,4157,-395,8038,600
0,30,3014,-110,8038,600
0,30,365,-177,8038,600
0,30,3266,-910,8038,600
0,30,6042,-424,8038,600
0,30,992,-58,8038,600
0,30,5316,-771,8038,600
0,30,2121,-411,8038,600
0,30,343,119,8038,600
0,30,6909,449,8038,600
0,30,843,-260,844,-300
0,30,9641,946,8038,600
0,30,6912,414,8038,600
0,30,4220,-233,8038,600
0,30,4402,-228,8038,600
0,30,7187,-106,8038,600
0,30,5667,533,8038,600
0,30,8576,-359,8038,600
0,30,8725,470,8038,600
0,30,4130,-124,8038,600
0,30,7257,542,8038,600
0,30,9619,-68,8038,600
0,30,839,-36,8038,600
0,30,5837,757,8038,600
0,30,6130,122,8038,600
0,30,3025,769,8038,600
0,30,3518,-906,8038,600
0,30,6350,-566,8038,600
0,30,8643,69,8038,600
0,30,4348,613,8038,600
0,30,5539,-917,8038,600
0,30,7934,-432,8038,600
0,30,1797,623,8038,600
0,30,8031,429,8038,600
0,30,9105,-9,8038,600
0,30,2114,402,8038,600
0,30,5996,669,8038,600
0,30,4347,545,8038,600
0,30,2230,399,8038,600
0,30,7528,430,7528,400
0,30,8817,881,8038,600
0,30,8394,-48,8392,0
0,30,3778,246,8038,600
0,30,3121,-679,3121,-900
0,30,1594,936,8038,600
0,30,7625,14,8038,600
0,30,6238,176,8038,600
0,30,7755,-504,8038,600
0,30,5816,-380,8038,600
0,30,2487,-567,8038,600
0,30,6347,-47,8038,600
0,30,8305,517,8038,600
0,30,6854,221,8038,600
0,30,7032,-60,7032,200
0,30,2117,657,8038,600
0,30,7373,693,8038,600
0,30,8560,166,8038,600
0,30,5811,-937,8038,600
0,30,2604,352,8038,600
0,30,6372,546,8038,600
0,30,2922,293,8038,600
0,30,4783,-726,8038,600
0,30,926,-465,8038,600
0,30,59,559,8038,600
0,30,8618,-382,8038,600
0,30,1550,630,8038,600
0,30,5743,-20,8038,600
0,30,2466,127,8038,600
0,30,7322,163,8038,600
0,30,6044,-677,8038,600
0,30,8612,-692,8038,600
0,30,4695,613,8038,600
0,30,5997,248,8038,600
0,30,5230,-219,8038,600
0,30,9029,-701,8038,600
0,30,5582,507,8038,600
0,30,7965,-12,8038,600
0,30,2208,786,8038,600
0,30,3045,822,8038,600
0,30,1132,-566,8038,600
0,30,7554,-635,8038,600
0,30,9712,595,8038,600
0,30,3510,-582,8038,600
0,30,2376,-662,8038,600
0,30,5067,-863,8038,600
0,30,8896,-875,8038,600
0,30,142,414,8038,600
0,30,4901,989,8038,600
0,30,719,658,8038,600
0,30,4240,-788,4240,-800
0,30,5187,839,8038,600
0,30,6746,-854,8038,600
0,30,8905,-175,8038,600
0,30,307,-94,8038,600
0,30,2592,15,8038,600
0,30,7151,805,7151,800
0,30,8825,79,8825,-100
0,30,1253,391,8038,600
0,30,1741,-626,8038,600
0,40,3200,-533,8038,600
0,40,2842,-874,8038,600
0,40,9596,-69,8038,600
0,40,3899,224,8038,600
0,40,2261,690,8038,600
0,40,8232,594,8038,600
0,40,9858,-723,8038,600
0,40,5822,264,8038,600
0,40,6571,-18,8038,600
0,40,9192,991,8038,600
0,40,5157,-776,8038,600
0,40,7030,-226,8038,600
0,40,9568,-932,8038,600
0,40,2462,182,8038,600
0,40,9503,447,8038,600
0,40,3589,-122,8038,600
0,40,9347,-900,8038,600
0,40,4469,-257,8038,600
0,40,3307,-13,8038,600
0,40,2544,-571,8038,600
0,40,2531,488,8038,600
0,40,8472,-137,8038,600
0,40,9238,388,8038,600
0,40,5230,600,8038,600
0,40,5461,-996,8038,600
0,40,3695,979,8038,600
0,40,4323,839,8038,600
0,40,3110,-993,8038,600
0,40,5672,101,8038,600
0,40,8545,23,8038,600
0,40,6816,-660,8038,600
0,40,4728,114,8038,600
0,40,7818,-483,8038,600
0,40,7228,963,8038,600
0,40,3183,538,8038,600
0,40,7619,-58,8038,600
0,40,6624,-700,8038,600
0,40,8692,485,8038,600
0,40,8043,-943,8038,600
0,40,3137,-318,8038,600
0,40,9919,728,8038,600
0,40,9070,790,8038,600
0,40,1132,-1000,8038,600
0,40,10,269,8038,600
0,40,5420,-126,8038,600
0,40,7911,-294,8038,600
0,40,6774,375,8038,600
0,40,7256,-912,8038,600
0,40,9366,-875,8038,600
0,40,5397,-886,8038,600
0,40,6140,-318,8038,600
0,40,4113,-794,8038,600
0,40,6218,718,8038,600
0,40,5961,-557,8038,600
0,40,1621,-205,8038,600
0,40,4296,-373,8038,600
0,40,6215,-420,8038,600
0,40,6844,-953,8038,600
0,40,3689,-824,8038,600
0,40,5638,846,8038,600
0,40,5871,-926,8038,600
0,40,2770,767,8038,600
0,40,4731,24,8038,600
0,40,3956,-493,8038,600
0,40,9518,-649,8038,600
0,40,707,326,8038,600
0,40,7253,505,8038,600
0,40,2308,70,8038,600
0,40,4212,790,8038,600
0,40,6866,155,8038,600
0,40,8073,-467,8038,600
0,40,1704,-533,8038,600
0,40,5634,-930,8038,600
0,40,3315,-188,8038,600
0,40,331,389,8038,600
0,40,3703,-481,8038,600
0,40,4505,-751,8038,600
0,40,4381,637,8038,600
0,40,1827,59,8038,600
0,40,2889,777,8038,600
0,40,5796,145,8038,600
0,40,3534,504,8038,600
0,40,7804,-969,8038,600
0,40,7193,-663,8038,600
0,40,7743,-607,8038,600
0,40,1341,-424,8038,600
0,40,2225,376,8038,600
0,40,3012,-450,8038,600
0,40,4071,568,8038,600
0,40,6468,-889,8038,600
0,40,1963,-607,8038,600
0,40,3702,-126,8038,600
0,40,9,823,8038,600
0,40,2524,352,8038,600
0,40,2865,-793,8038,600
0,40,5545,832,8038,600
0,40,6622,10,8038,600
0,40,6115,-373,8038,600
0,40,4175,80,8038,600
0,40,1244,-593,8038,600
0,50,2093,-844,8038,600
0,50,9404,-666,8038,600
0,50,7966,-778,8038,600
0,50,783,652,8038,600
0,50,3097,-363,8038,600
0,50,1323,-839,8038,600
0,50,7753,-230,8038,600
0,50,2534,-678,8038,600
0,50,4427,-366,8038,600
0,50,271,-743,8038,600
0,50,7885,438,8038,600
0,50,8087,-982,8038,600
0,50,2883,803,8038,600
0,50,2147,18,8038,600
0,50,894,-437,8038,600
0,50,6963,-321,8038,600
0,50,5903,-804,8038,600
0,50,6129,-607,8038,600
0,50,6716,-993,8038,600
0,50,2145,-991,8038,600
0,50,6873,761,8038,600
0,50,5149,992,8038,600
0,50,1114,103,8038,600
0,50,949,514,8038,600
0,50,608,480,8038,600
0,50,2888,-978,8038,600
0,50,7885,-209,8038,600
0,50,4354,-326,8038,600
0,50,476,-268,8038,600
0,50,7255,-37,8038,600
0,50,7271,-886,8038,600
0,50,2559,990,8038,600
0,50,562,228,8038,600
0,50,1596,-72,8038,600
0,50,7937,980,8038,600
0,50,9091,-619,8038,600
0,50,8632,144,8038,600
0,50,481,-907,8038,600
0,50,974,848,8038,600
0,50,4200,-249,8038,600
0,50,8604,-16,8038,600
0,50,8260,924,8038,600
0,50,8513,33,8038,600
0,50,9177,698,8038,600
0,50,9876,141,8038,600
0,50,5459,961,8038,600
0,50,1459,716,8038,600
0,50,9657,-607,8038,600
0,50,855,360,8038,600
0,50,7724,418,8038,600
0,50,6558,-502,8038,600
0,50,6709,-488,8038,600
0,50,5535,411,8038,600
0,50,7716,-454,8038,600
0,50,2768,-99,8038,600
0,50,717,-24,8038,600
0,50,1425,98,8038,600
0,50,9017,185,8038,600
0,50,9075,-182,8038,600
0,50,9321,-803,8038,600
0,50,5162,-373,8038,600
0,50,9759,741,8038,600
0,50,7678,-185,8038,600
0,50,7912,-655,8038,600
0,50,130,805,8038,600
0,50,5298,-301,8038,600
0,50,5058,-524,8038,600
0,50,9291,-933,8038,600
0,50,4936,156,8038,600
0,50,8588,-705,8038,600
0,50,7127,-243,8038,600
0,50,6322,48,8038,600
0,50,3395,65,8038,600
0,50,1600,-976,8038,600
0,50,1657,677,8038,600
0,50,4192,957,8038,600
0,50,5589,-836,8038,600
0,50,5619,-132,8038,600
0,50,9141,-23,8038,600
0,50,7096,-109,8038,600
0,50,4203,598,8038,600
0,50,1039,-545,8038,600
0,50,7739,-645,8038,600
0,50,7897,750,8038,600
0,50,2455,-268,8038,600
0,50,2843,-551,8038,600
0,50,8355,-696,8038,600
0,50,6210,112,8038,600
0,50,6901,-543,8038,600
0,50,5458,105,8038,600
0,50,3507,794,8038,600
0,50,4028,355,8038,600
0,50,2138,962,8038,600
0,50,5024,-31,8038,600
0,50,4121,249,8038,600
0,50,3661,-76,8038,600
0,50,6702,318,8038,600
0,50,8830,-476,8038,600
0,50,9508,-362,8038,600
0,50,5185,-238,8038,600
10,-100,8294,525,8294,500
10,-100,2050,112,2050,100
10,-100,3915,36,3915,0
10,-100,8757,65,8757,100
10,-100,2358,-941,2358,-900
10,-100,4314,90,4314,100
10,-100,4296,133,4296,100
10,-100,7206,-239,7206,-200
10,-100,6818,-199,6818,-200
10,-100,4586,537,4586,500
10,-100,5710,-50,5710,0
10,-100,7810,85,7810,100
10,-100,1582,-168,1582,-200
10,-100,1905,-567,1905,-600
10,-100,375,-484,375,-500
10,-100,4962,711,4962,700
10,-100,3405,-472,3405,-500
10,-100,3326,736,3326,700
10,-100,5526,-602,5526,-600
10,-100,6508,986,6508,900
10,-100,1460,618,1460,600
10,-100,7790,595,7790,600
10,-100,9203,602,9203,600
10,-100,3484,-992,3484,-1000
10,-100,8477,-328,8477,-300
10,-100,3296,-190,3296,-200
10,-100,8931,-957,8931,-1000
10,-100,7102,-624,7102,-600
10,-100,6080,-558,6080,-600
10,-100,9093,953,9093,900
10,-100,5812,204,5812,200
10,-100,1689,-394,1689,-400
10,-100,6438,730,6438,700
10,-100,6840,524,6840,500
10,-100,9867,-868,9867,-900
10,-100,7881,-106,7881,-100
10,-100,2684,-756,2684,-800
10,-100,6309,984,6309,900
10,-100,5380,-19,5380,0
10,-100,507,901,507,900
10,-100,6646,-855,6646,-900
10,-100,6574,826,6574,800
10,-100,40,26,40,0
10,-100,1380,-951,1380,-1000
10,-100,9499,79,9499,100
10,-100,4634,-30,4634,0
10,-100,2854,-619,2854,-600
10,-100,7071,-375,7071,-400
10,-100,2705,-536,2705,-500
10,-100,5365,-377,5365,-400
10,-100,5141,-17,5141,0
10,-100,5515,-790,5515,-800
10,-100,8334,-974,8334,-1000
10,-100,3977,274,3977,300
10,-100,6502,-384,6502,-400
10,-100,2865,589,2865,600
10,-100,3540,-974,3540,-1000
10,-100,9082,-190,9082,-200
10,-100,3168,-556,3168,-600
10,-100,3314,223,3314,200
10,-100,4083,602,4083,600
10,-100,5219,-610,5219,-600
10,-100,930,-167,930,-200
10,-100,3224,-581,3224,-600
10,-100,4445,971,4445,900
10,-100,7791,-923,7791,-900
10,-100,666,-898,666,-900
10,-100,5712,561,5712,600
10,-100,8046,-332,8046,-300
10,-100,6855,892,6855,900
10,-100,6220,-857,6220,-900
10,-100,9456,792,9456,800
10,-100,5480,909,5480,900
10,-100,4200,-57,4200,-100
10,-100,6666,-653,6666,-700
10,-100,6773,907,6773,900
10,-100,2075,832,2075,800
10,-100,5235,121,5235,100
10,-100,4243,468,4243,500
10,-100,7917,314,7917,300
10,-100,9923,-631,9923,-600
10,-100,307,305,307,300
10,-100,2144,-448,2144,-400
10,-100,6265,318,6265,300
10,-100,7362,-845,7362,-800
10,-100,7990,826,7990,800
10,-100,979,-981,979,-1000
10,-100,4968,-245,4968,-200
10,-100,50,-567,50,-600
10,-100,4429,594,4429,600
10,-100,2136,83,2136,100
10,-100,9913,112,9913,100
10,-100,5587,410,5587,400
10,-100,7217,999,7217,900
10,-100,4186,-729,4186,-700
10,-100,445,-614,445,-600
10,-100,2721,655,2721,700
10,-100,3738,-24,3738,0
10,-100,8147,-891,8147,-900
10,-100,3676,-224,3676,-200
10,-90,7649,-618,7649,-600
10,-90,7635,-38,7635,0
10,-90,9719,-946,9719,-900
10,-90,510,663,510,700
10,-90,830,-951,830,-900
10,-90,678,91,678,100
10,-90,278,713,278,700
10,-90,9328,-118,9328,-100
10,-90,6557,-958,6557,-1000
10,-90,7741,696,7741,700
10,-90,4149,462,4149,500
10,-90,2385,-758,2385,-800
10,-90,7414,816,7414,800
10,-90,449,-920,449,-900
10,-90,7495,-696,7495,-700
10,-90,5242,-33,5242,0
10,-90,7673,-79,7673,-100
10,-90,3789,642,3789,600
10,-90,3412,357,3412,400
10,-90,6247,959,6247,900
10,-90,6565,890,6565,900
10,-90,8138,-916,8138,-900
10,-90,8162,758,8162,800
10,-90,8036,13,8036,0
10,-90,932,-918,932,-900
10,-90,3398,539,3398,500
10,-90,8591,964,8591,900
10,-90,9936,486,9936,500
10,-90,87,551,87,600
10,-90,8531,-410,8531,-400
10,-90,9721,-901,9721,-900
10,-90,5471,-874,5471,-900
10,-90,5337,59,5337,100
10,-90,541,-202,541,-200
10,-90,2934,-618,2934,-600
10,-90,2963,-43,2963,0
10,-90,9808,-158,9808,-200
10,-90,3476,577,3476,600
10,-90,6971,22,6971,0
10,-90,7962,-773,7962,-800
10,-90,3575,824,3575,800
10,-90,2836,-374,2836,-400
10,-90,4169,634,4169,600
10,-90,4785,-775,4785,-800
10,-90,7075,443,7075,400
10,-90,7249,266,7249,300
10,-90,8644,-708,8644,-700
10,-90,8485,-592,8485,-600
10,-90,4733,-855,4733,-900
10,-90,8363,258,8363,300
10,-90,5488,-789,5488,-800
10,-90,2335,556,2335,600
10,-90,5686,-551,5686,-600
10,-90,9070,48,9070,100
10,-90,4217,726,4217,700
10,-90,9924,86,9924,100
10,-90,6931,535,6931,500
10,-90,3951,123,3951,100
10,-90,385,621,385,600
10,-90,833,781,833,800
10,-90,4951,-82,4951,-100
10,-90,833,893,833,900
10,-90,1685,-632,1685,-600
10,-90,8415,-898,8415,-900
10,-90,4608,-134,4608,-100
10,-90,1508,-258,1508,-300
10,-90,1804,435,1804,400
10,-90,8288,984,8288,900
10,-90,1589,-433,1589,-400
10,-90,1590,-103,1590,-100
10,-90,5210,779,5210,800
10,-90,2782,-845,2782,-800
10,-90,8483,-160,8483,-200
10,-90,5226,-421,5226,-400
10,-90,199,755,199,800
10,-90,5060,-206,5060,-200
10,-90,2979,-399,2979,-400
10,-90,9422,-620,9422,-600
10,-90,395,-625,395,-600
10,-90,4244,694,4244,700
10,-90,6809,-466,6809,-500
10,-90,464,774,464,800
10,-90,8795,970,8795,900
10,-90,3635,-502,3635,-500
10,-90,328,707,328,700
10,-90,7955,248,7955,200
10,-90,844,503,844,500
10,-90,3377,-811,3377,-800
10,-90,7696,-368,7696,-400
10,-90,7471,-55,7471,-100
10,-90,2944,719,2944,700
10,-90,7162,700,7162,700
10,-90,3231,-4,3231,0
10,-90,6378,947,6378,900
10,-90,1274,924,1274,900
10,-90,4133,336,4133,300
10,-90,5715,-238,5715,-200
10,-90,8837,159,8837,200
10,-90,2067,36,2067,0
10,-90,9350,256,9350,300
10,-80,6100,-747,6100,-700
10,-80,8945,531,8945,500
10,-80,2415,-980,2415,-1000
10,-80,7569,-764,7569,-800
10,-80,7822,-117,7822,-100
10,-80,5100,975,5100,900
10,-80,9003,-414,9003,-400
10,-80,4899,-833,4899,-800
10,-80,900,-372,900,-400
10,-80,8123,-522,8123,-500
10,-80,4361,-568,4361,-600
10,-80,4586,11,4586,0
10,-80,7737,-519,7737,-500
10,-80,333,556,333,600
10,-80,9139,674,9139,700
10,-80,1494,-946,1494,-900
10,-80,1822,-56,1822,-100
10,-80,3353,206,3353,200
10,-80,7841,234,7841,200
10,-80,6166,299,6166,300
10,-80,361,182,361,200
10,-80,4472,-288,4472,-300
10,-80,9383,-937,9383,-900
10,-80,523,529,523,500
10,-80,9492,-896,9492,-900
10,-80,7941,791,7941,800
10,-80,49,-113,49,-100
10,-80,329,-159,329,-200
10,-80,6372,686,6372,700
10,-80,8544,738,8544,700
10,-80,9587,-491,9587,-500
10,-80,3966,-84,3966,-100
10,-80,7651,59,7651,100
10,-80,9431,-316,9431,-300
10,-80,5861,-14,5861,0
10,-80,6062,-214,6062,-200
10,-80,7686,138,7686,100
10,-80,2291,-375,2291,-400
10,-80,903,864,903,900
10,-80,190,-662,190,-700
10,-80,1474,-77,1474,-100
10,-80,6305,-65,6305,-100
10,-80,8823,60,8823,100
10,-80,7643,631,7643,600
10,-80,3247,-87,3247,-100
10,-80,8099,731,8099,700
10,-80,2432,-889,2432,-900
10,-80,6590,-6,6590,0
10,-80,692,630,692,600
10,-80,7883,514,7883,500
10,-80,8593,-360,8593,-400
10,-80,4596,-489,4596,-500
10,-80,6361,501,6361,500
10,-80,953,333,953,300
10,-80,479,461,479,500
10,-80,5331,870,5331,900
10,-80,8231,682,8231,700
10,-80,2909,-927,2909,-900
10,-80,4729,383,4729,400
10,-80,872,-704,872,-700
10,-80,2744,-712,2744,-700
10,-80,123,636,123,600
10,-80,6363,902,6363,900
10,-80,4433,459,4433,500
10,-80,9731,-157,9731,-200
10,-80,6851,150,6851,200
10,-80,2680,-468,2680,-500
10,-80,5124,25,5124,0
10,-80,4272,-77,4272,-100
10,-80,847,253,847,300
10,-80,8853,416,8853,400
10,-80,1176,-411,1176,-400
10,-80,9337,-457,9337,-500
10,-80,9914,418,9914,400
10,-80,1309,806,1309,800
10,-80,6370,-215,6370,-200
10,-80,3192,-313,3192,-300
10,-80,2285,20,2285,0
10,-80,6631,-529,6631,-500
10,-80,882,-560,882,-600
10,-80,2719,-894,2719,-900
10,-80,5660,435,5660,400
10,-80,678,458,678,500
10,-80,8621,-836,8621,-800
10,-80,6431,951,6431,900
10,-80,6309,743,6309,700
10,-80,8740,325,8740,300
10,-80,1464,-571,1464,-600
10,-80,3734,764,3734,800
10,-80,3922,724,3922,700
10,-80,7733,599,7733,600
10,-80,1198,-573,1198,-600
10,-80,2935,-494,2935,-500
10,-80,733,-432,733,-400
10,-80,2736,-338,2736,-300
10,-80,1132,-132,1132,-100
10,-80,2510,-440,2510,-400
10,-80,2989,484,2989,500
10,-80,18,687,18,700
10,-80,4526,484,4526,500
10,-70,3820,-497,3820,-500
10,-70,3286,316,3286,300
10,-70,2373,-677,2373,-700
10,-70,9821,450,9821,400
10,-70,4289,-582,4289,-600
10,-70,4672,796,4672,800
10,-70,9653,134,9653,100
10,-70,9022,-459,9022,-500
10,-70,3638,-473,3638,-500
10,-70,944,-366,944,-400
10,-70,2005,956,2005,900
10,-70,3592,933,3592,900
10,-70,9597,-756,9597,-800
10,-70,7340,979,7340,900
10,-70,1092,133,1092,100
10,-70,5395,-157,5395,-200
10,-70,8474,-539,8474,-500
10,-70,7046,521,7046,500
10,-70,232,270,232,300
10,-70,2158,-110,2158,-100
10,-70,783,-972,783,-1000
10,-70,371,368,371,400
10,-70,741,712,741,700
10,-70,3939,-830,3939,-800
10,-70,6005,883,6005,900
10,-70,5770,438,5770,400
10,-70,2399,729,2399,700
10,-70,5464,397,5464,400
10,-70,8831,194,8831,200
10,-70,7757,-229,7757,-200
10,-70,6005,572,6005,600
10,-70,8591,-872,8591,-900
10,-70,7278,-406,7278,-400
10,-70,611,-414,611,-400
10,-70,4216,594,4216,600
10,-70,9622,420,9622,400
10,-70,7692,704,7692,700
10,-70,7230,-525,7230,-500
10,-70,3950,-631,3950,-600
10,-70,2713,-23,2713,0
10,-70,3250,608,3250,600
10,-70,8600,335,8600,300
10,-70,3251,126,3251,100
10,-70,6350,872,6350,900
10,-70,3293,-394,3293,-400
10,-70,8120,129,8120,100
10,-70,2660,308,2660,300
10,-70,9224,467,9224,500
10,-70,2946,357,2946,400
10,-70,3545,-362,3545,-400
10,-70,3694,-789,3694,-800
10,-70,1424,181,1424,200
10,-70,9370,759,9370,800
10,-70,5757,-718,5757,-700
10,-70,189,147,189,100
10,-70,8341,-320,8341,-300
10,-70,2965,819,2965,800
10,-70,6645,-779,6645,-800
10,-70,1497,871,1497,900
10,-70,7251,749,7251,700
10,-70,9139,-320,9139,-300
10,-70,3722,986,3722,900
10,-70,7132,53,7132,100
10,-70,9821,529,9821,500
10,-70,5953,-450,5953,-500
10,-70,9551,858,9551,900
10,-70,2674,-101,2674,-100
10,-70,3664,-239,3664,-200
10,-70,4482,852,4482,900
10,-70,6820,184,6820,200
10,-70,7102,763,7102,800
10,-70,7890,54,7890,100
10,-70,1245,509,1245,500
10,-70,2387,388,2387,400
10,-70,3487,366,3487,400
10,-70,9660,-107,9660,-100
10,-70,2338,765,2338,800
10,-70,1682,-733,1682,-700
10,-70,213,-808,213,-800
10,-70,921,477,921,500
10,-70,9077,198,9077,200
10,-70,1386,-154,1386,-200
10,-70,6857,-147,6857,-100
10,-70,6752,-497,6752,-500
10,-70,4262,998,4262,900
10,-70,7597,-45,7597,0
10,-70,6762,-597,6762,-600
10,-70,5044,429,5044,400
10,-70,6264,-446,6264,-400
10,-70,2668,-654,2668,-700
10,-70,806,-339,806,-300
10,-70,7982,312,7982,300
10,-70,1587,311,1587,300
10,-70,3466,471,3466,500
10,-70,7178,-119,7178,-100
10,-70,4588,866,4588,900
10,-70,4798,-119,4798,-100
10,-70,4887,-257,4887,-300
10,-70,2058,-113,2058,-100
10,-70,9973,511,9973,500
10,-60,3633,-618,3633,-600
10,-60,8975,-507,8975,-500
10,-60,5397,-626,5397,-600
10,-60,2719,67,2719,100
10,-60,40,426,40,400
10,-60,8731,943,8731,900
10,-60,1510,194,1510,200
10,-60,751,-558,751,-600
10,-60,6398,-969,6398,-1000
10,-60,312,205,312,200
10,-60,6085,597,6085,600
10,-60,8611,696,8611,700
10,-60,3016,-42,3016,0
10,-60,2265,223,2265,200
10,-60,68,951,68,900
10,-60,6278,-641,6278,-600
10,-60,6989,-468,6989,-500
10,-60,4244,-857,4244,-900
10,-60,8620,-573,8620,-600
10,-60,6092,834,6092,800
10,-60,1764,53,1764,100
10,-60,3372,568,3372,600
10,-60,9548,-365,9548,-400
10,-60,2087,814,2087,800
10,-60,3096,-143,3096,-100
10,-60,4211,-363,4211,-400
10,-60,2854,766,2854,800
10,-60,8682,-732,8682,-700
10,-60,9751,-848,9751,-800
10,-60,3879,89,3879,100
10,-60,7100,234,7100,200
10,-60,1851,586,1851,600
10,-60,1091,-966,1091,-1000
10,-60,2646,-218,2646,-200
10,-60,2108,226,2108,200
10,-60,3369,128,3369,100
10,-60,8215,-601,8215,-600
10,-60,1765,702,1765,700
10,-60,6466,-87,6466,-100
10,-60,5835,-23,5835,0
10,-60,3687,636,3687,600
10,-60,8586,-760,8586,-800
10,-60,6384,-663,6384,-700
10,-60,7390,912,7390,900
10,-60,2533,951,2533,900
10,-60,2386,-988,2386,-1000
10,-60,7600,568,7600,600
10,-60,4695,-132,4695,-100
10,-60,5037,-45,5037,0
10,-60,4032,351,4032,300
10,-60,4929,380,4929,400
10,-60,7410,977,7410,900
10,-60,2475,447,2475,400
10,-60,9718,803,9718,800
10,-60,5264,660,5264,700
10,-60,3102,-889,3102,-900
10,-60,4136,260,4136,300
10,-60,9885,-409,9885,-400
10,-60,2933,-993,2933,-1000
10,-60,147,833,147,800
10,-60,6977,-547,6977,-500
10,-60,1932,138,1932,100
10,-60,9894,422,9894,400
10,-60,2327,449,2327,400
10,-60,9661,-474,9661,-500
10,-60,7319,-278,7319,-300
10,-60,6653,-931,6653,-900
10,-60,2501,402,2501,400
10,-60,1051,-472,1051,-500
10,-60,2403,-9,2403,0
10,-60,7498,959,7498,900
10,-60,2254,63,2254,100
10,-60,9194,6,9194,0
10,-60,6517,-373,6517,-400
10,-60,2381,272,2381,300
10,-60,4556,-631,4556,-600
10,-60,3163,176,3163,200
10,-60,3801,-60,3801,-100
10,-60,147,-448,147,-400
10,-60,5472,938,5472,900
10,-60,9529,45,9529,0
10,-60,5426,-86,5426,-100
10,-60,7169,-950,7169,-1000
10,-60,7150,-919,7150,-900
10,-60,4567,40,4567,0
10,-60,6796,-962,6796,-1000
10,-60,302,-201,302,-200
10,-60,3889,-108,3889,-100
10,-60,4333,584,4333,600
10,-60,9173,-328,9173,-300
10,-60,638,-376,638,-400
10,-60,880,626,880,600
10,-60,8452,615,8452,600
10,-60,2256,-209,2256,-200
10,-60,770,394,770,400
10,-60,5302,-533,5302,-500
10,-60,8604,299,8604,300
10,-60,1926,-271,1926,-300
10,-60,2447,-546,2447,-500
10,-60,5574,980,5574,900
10,-50,7459,-846,7459,-800
10,-50,8250,-514,8250,-500
10,-50,325,971,325,900
10,-50,7656,-995,7656,-1000
10,-50,2791,866,2791,900
10,-50,8573,-346,8573,-300
10,-50,4784,-125,4784,-100
10,-50,9239,640,9239,600
10,-50,1933,-309,1933,-300
10,-50,9731,-392,9731,-400
10,-50,5603,-792,5603,-800
10,-50,471,282,471,300
10,-50,2351,-487,2351,-500
10,-50,5944,-284,5944,-300
10,-50,3724,607,3724,600
10,-50,3867,-29,3867,0
10,-50,8513,463,8513,500
10,-50,4346,379,4346,400
10,-50,5169,-474,5169,-500
10,-50,5075,0,5075,0
10,-50,1272,37,1272,0
10,-50,3265,-915,3265,-900
10,-50,5114,-2,5114,0
10,-50,1685,-583,1685,-600
10,-50,3227,-666,3227,-700
10,-50,2324,-966,2324,-1000
10,-50,1989,-787,1989,-800
10,-50,6563,70,6563,100
10,-50,8479,486,8479,500
10,-50,1875,307,1875,300
10,-50,4216,-265,4216,-300
10,-50,5605,-401,5605,-400
10,-50,774,-641,774,-600
10,-50,6191,-299,6191,-300
10,-50,3969,72,3969,100
10,-50,9448,629,9448,600
10,-50,6614,-968,6614,-1000
10,-50,3435,603,3435,600
10,-50,9356,521,9356,500
10,-50,6484,437,6484,400
10,-50,1598,729,1598,700
10,-50,8978,826,8978,800
10,-50,330,231,330,200
10,-50,2247,-470,2247,-500
10,-50,2701,828,2701,800
10,-50,6444,-703,6444,-700
10,-50,861,463,861,500
10,-50,5163,682,5163,700
10,-50,4991,-588,4991,-600
10,-50,7313,857,7313,900
10,-50,3367,780,3367,800
10,-50,1421,-385,1421,-400
10,-50,7507,-779,7507,-800
10,-50,4506,744,4506,700
10,-50,2889,701,2889,700
10,-50,1576,-529,1576,-500
10,-50,7392,-455,7392,-500
10,-50,4309,938,4309,900
10,-50,872,-452,872,-500
10,-50,540,-40,540,0
10,-50,1796,-945,1796,-900
10,-50,7271,105,7271,100
10,-50,8531,-212,8531,-200
10,-50,3741,-296,3741,-300
10,-50,3842,735,3842,700
10,-50,8901,350,8901,400
10,-50,1048,950,1048,900
10,-50,5452,200,5452,200
10,-50,2052,657,2052,700
10,-50,1939,906,1939,900
10,-50,3440,-98,3440,-100
10,-50,281,-424,281,-400
10,-50,19,798,19,800
10,-50,9472,694,9472,700
10,-50,9143,-268,9143,-300
10,-50,3589,-407,3589,-400
10,-50,3229,404,3229,400
10,-50,5027,122,5027,100
10,-50,9835,175,9835,200
10,-50,8505,304,8505,300
10,-50,8783,101,8783,100
10,-50,7572,-452,7572,-500
10,-50,1032,308,1032,300
10,-50,6748,-17,6748,0
10,-50,2209,-982,2209,-1000
10,-50,9052,-604,9052,-600
10,-50,935,76,935,100
10,-50,3684,-295,3684,-300
10,-50,8434,475,8434,500
10,-50,3643,275,3643,300
10,-50,4861,-962,4861,-1000
10,-50,1408,198,1408,200
10,-50,1337,-706,1337,-700
10,-50,381,-308,381,-300
10,-50,6388,-648,6388,-600
10,-50,4060,671,4060,700
10,-50,2237,-755,2237,-800
10,-50,3317,-4,3317,0
10,-50,9950,27,9950,0
10,-50,7827,91,7827,100
10,-40,2850,-564,2850,-600
10,-40,8694,420,8694,400
10,-40,3099,-980,3099,-1000
10,-40,51,-808,51,-800
10,-40,6155,-341,6155,-300
10,-40,6529,-208,6529,-200
10,-40,9822,675,9822,700
10,-40,5237,545,5237,500
10,-40,9412,-860,9412,-900
10,-40,8367,976,8367,900
10,-40,4658,173,4658,200
10,-40,9733,447,9733,400
10,-40,9983,-218,9983,-200
10,-40,3515,-86,3515,-100
10,-40,8220,-362,8220,-400
10,-40,518,-70,518,-100
10,-40,9354,482,9354,500
10,-40,2884,-67,2884,-100
10,-40,3231,813,3231,800
10,-40,6552,649,6552,600
10,-40,8508,150,8508,200
10,-40,3249,510,3249,500
10,-40,8527,539,8527,500
10,-40,6252,-990,6252,-1000
10,-40,2469,-472,2469,-500
10,-40,9908,-281,9908,-300
10,-40,5616,353,5616,400
10,-40,8594,973,8594,900
10,-40,1874,189,1874,200
10,-40,4686,9,4686,0
10,-40,6961,461,6961,500
10,-40,5506,716,5506,700
10,-40,1203,-425,1203,-400
10,-40,8277,414,8277,400
10,-40,1689,-54,1689,-100
10,-40,2337,882,2337,900
10,-40,2787,620,2787,600
10,-40,7832,154,7832,200
10,-40,3418,-941,3418,-900
10,-40,770,-252,770,-300
10,-40,5392,300,5392,300
10,-40,1625,-622,1625,-600
10,-40,5515,851,5515,900
10,-40,5800,-350,5800,-400
10,-40,13,49,13,0
10,-40,5315,-343,5315,-300
10,-40,9948,215,9948,200
10,-40,232,-410,232,-400
10,-40,1636,150,1636,200
10,-40,2979,783,2979,800
10,-40,1503,930,1503,900
10,-40,9326,-560,9326,-600
10,-40,5340,864,5340,900
10,-40,9440,608,9440,600
10,-40,6007,-275,6007,-300
10,-40,8726,-711,8726,-700
10,-40,2177,-805,2177,-800
10,-40,3598,-691,3598,-700
10,-40,2255,791,2255,800
10,-40,8116,143,8116,100
10,-40,3030,106,3030,100
10,-40,9375,399,9375,400
10,-40,4085,165,4085,200
10,-40,5826,415,5826,400
10,-40,7156,-241,7156,-200
10,-40,9602,815,9602,800
10,-40,8724,208,8724,200
10,-40,2211,670,2211,700
10,-40,5957,230,5957,200
10,-40,4637,645,4637,600
10,-40,4196,-597,4196,-600
10,-40,5292,534,5292,500
10,-40,1903,-869,1903,-900
10,-40,795,-194,795,-200
10,-40,8741,168,8741,200
10,-40,4172,856,4172,900
10,-40,6447,600,6447,600
10,-40,9828,-843,9828,-800
10,-40,6950,57,6950,100
10,-40,9322,180,9322,200
10,-40,605,0,605,0
10,-40,6766,-242,6766,-200
10,-40,8345,-407,8345,-400
10,-40,7150,-591,7150,-600
10,-40,5379,-553,5379,-600
10,-40,9087,745,9087,700
10,-40,6371,295,6371,300
10,-40,6559,-259,6559,-300
10,-40,5505,-119,5505,-100
10,-40,3135,412,3135,400
10,-40,8330,150,8330,200
10,-40,2111,-480,2111,-500
10,-40,6523,-608,6523,-600
10,-40,3561,-886,3561,-900
10,-40,2491,-473,2491,-500
10,-40,671,170,671,200
10,-40,2309,243,2309,200
10,-40,8777,946,8777,900
10,-40,9317,333,9317,300
10,-40,5919,49,5919,0
10,-30,6037,-854,6037,-900
10,-30,605,12,605,0
10,-30,9820,-510,9820,-500
10,-30,2993,111,2993,100
10,-30,6968,323,6968,300
10,-30,4782,47,4782,0
10,-30,1808,-904,1808,-900
10,-30,1522,903,1522,900
10,-30,520,214,520,200
10,-30,5617,-234,5617,-200
10,-30,9375,580,9375,600
10,-30,2684,137,2684,100
10,-30,6935,762,6935,800
10,-30,7754,432,7754,400
10,-30,6651,15,6651,0
10,-30,4322,-118,4322,-100
10,-30,3306,153,3306,200
10,-30,9638,-129,9638,-100
10,-30,429,791,429,800
10,-30,7651,-741,7651,-700
10,-30,6155,145,6155,100
10,-30,7781,-862,7781,-900
10,-30,535,110,535,100
10,-30,2805,845,2805,800
10,-30,3793,931,3793,900
10,-30,6163,-144,6163,-100
10,-30,6917,995,6917,900
10,-30,3770,-900,3770,-900
10,-30,3504,-117,3504,-100
10,-30,7735,536,7735,500
10,-30,7853,-595,7853,-600
10,-30,4119,-358,4119,-400
10,-30,6559,-469,6559,-500
10,-30,4626,-42,4626,0
10,-30,1562,511,1562,500
10,-30,3546,-942,3546,-900
10,-30,1503,517,1503,500
10,-30,6690,-748,6690,-700
10,-30,3601,376,3601,400
10,-30,5873,-961,5873,-1000
10,-30,629,-774,629,-800
10,-30,8866,965,8866,900
10,-30,8798,449,8798,500
10,-30,335,-303,335,-300
10,-30,1774,288,1774,300
10,-30,4195,-427,4195,-400
10,-30,9252,-179,9252,-200
10,-30,1520,-429,1520,-400
10,-30,1282,-34,1282,0
10,-30,1724,-27,1724,0
10,-30,8420,15,8420,0
10,-30,7993,226,7993,200
10,-30,6579,-875,6579,-900
10,-30,6452,260,6452,300
10,-30,8308,-402,8308,-400
10,-30,9190,-192,9190,-200
10,-30,3578,450,3578,500
10,-30,3549,-52,3549,-100
10,-30,2835,701,2835,700
10,-30,4436,-87,4436,-100
10,-30,4696,467,4696,500
10,-30,7912,106,7912,100
10,-30,3125,160,3125,200
10,-30,3996,414,3996,400
10,-30,9406,335,9406,300
10,-30,6087,-28,6087,0
10,-30,8278,643,8278,600
10,-30,1124,-766,1124,-800
10,-30,210,-98,210,-100
10,-30,9256,-134,9256,-100
10,-30,6040,-655,6040,-700
10,-30,8268,-224,8268,-200
10,-30,2920,-24,2920,0
10,-30,8916,559,8916,600
10,-30,6869,-510,6869,-500
10,-30,4335,556,4335,600
10,-30,1997,479,1997,500
10,-30,3715,-223,3715,-200
10,-30,9971,967,9971,900
10,-30,6315,901,6315,900
10,-30,6781,28,6781,0
10,-30,1828,-439,1828,-400
10,-30,3585,-951,3585,-1000
10,-30,6879,-408,6879,-400
10,-30,1684,979,1684,900
10,-30,799,-463,799,-500
10,-30,9813,-607,9813,-600
10,-30,6286,-810,6286,-800
10,-30,6800,-665,6800,-700
10,-30,6753,649,6753,700
10,-30,9334,581,9334,600
10,-30,3510,-317,3510,-300
10,-30,1709,-328,1709,-300
10,-30,905,260,905,300
10,-30,3550,542,3550,500
10,-30,5778,-859,5778,-900
10,-30,1524,-946,1524,-900
10,-30,983,-279,983,-300
10,-30,5093,74,5093,100
10,-30,4489,829,4489,800
10,-20,7810,440,7810,400
10,-20,5757,-145,5757,-100
10,-20,6730,-930,6730,-900
10,-20,2420,-973,2420,-1000
10,-20,2703,-449,2703,-400
10,-20,1486,-972,1486,-1000
10,-20,6180,-718,6180,-700
10,-20,4668,975,4668,900
10,-20,8897,-798,8897,-800
10,-20,6539,-448,6539,-400
10,-20,7952,246,7952,200
10,-20,938,404,938,400
10,-20,8300,875,8300,900
10,-20,28,644,28,600
10,-20,6452,-378,6452,-400
10,-20,2216,475,2216,500
10,-20,4644,-623,4644,-600
10,-20,1273,314,1273,300
10,-20,7977,-86,7977,-100
10,-20,545,620,545,600
10,-20,6459,533,6459,500
10,-20,9048,-20,9048,0
10,-20,4928,61,4928,100
10,-20,4259,-741,4259,-700
10,-20,9727,-403,9727,-400
10,-20,4290,218,4290,200
10,-20,78,53,78,100
10,-20,5147,-926,5147,-900
10,-20,3511,466,3511,500
10,-20,4559,-485,4559,-500
10,-20,4403,-559,4403,-600
10,-20,7201,593,7201,600
10,-20,6893,-105,6893,-100
10,-20,4433,-290,4433,-300
10,-20,6317,969,6317,900
10,-20,3962,-437,3962,-400
10,-20,2504,812,2504,800
10,-20,820,669,820,700
10,-20,4853,-974,4853,-1000
10,-20,4164,705,4164,700
10,-20,7641,66,7641,100
10,-20,744,582,744,600
10,-20,4291,-397,4291,-400
10,-20,9545,803,9545,800
10,-20,5189,-284,5189,-300
10,-20,7803,968,7803,900
10,-20,8362,-963,8362,-1000
10,-20,6906,-60,6906,-100
10,-20,5450,56,5450,100
10,-20,5400,-745,5400,-700
10,-20,6660,-521,6660,-500
10,-20,7923,829,7923,800
10,-20,7806,-122,7806,-100
10,-20,7180,86,7180,100
10,-20,2311,-108,2311,-100
10,-20,417,-595,417,-600
10,-20,6438,-541,6438,-500
10,-20,586,584,586,600
10,-20,4211,-1000,4211,-1000
10,-20,6026,-67,6026,-100
10,-20,1965,935,1965,900
10,-20,4524,565,4524,600
10,-20,7972,-65,7972,-100
10,-20,7853,-634,7853,-600
10,-20,9886,-116,9886,-100
10,-20,8735,942,8735,900
10,-20,1292,-856,1292,-900
10,-20,1303,876,1303,900
10,-20,8574,608,8574,600
10,-20,9558,-967,9558,-1000
10,-20,7476,148,7476,100
10,-20,2419,-423,2419,-400
10,-20,9009,582,9009,600
10,-20,3553,911,3553,900
10,-20,8086,8,8086,0
10,-20,8326,911,8326,900
10,-20,1986,652,1986,700
10,-20,4769,392,4769,400
10,-20,4703,-620,4703,-600
10,-20,1496,694,1496,700
10,-20,2212,850,2212,800
10,-20,9700,-807,9700,-800
10,-20,5624,-862,5624,-900
10,-20,1367,411,1367,400
10,-20,9415,828,9415,800
10,-20,7988,329,7988,300
10,-20,7770,86,7770,100
10,-20,573,-105,573,-100
10,-20,3505,-217,3505,-200
10,-20,4846,427,4846,400
10,-20,5224,590,5224,600
10,-20,700,966,700,900
10,-20,1755,506,1755,500
10,-20,9780,974,9780,900
10,-20,1113,-686,1113,-700
10,-20,8349,-322,8349,-300
10,-20,2737,-543,2737,-500
10,-20,6274,341,6274,300
10,-20,3587,846,3587,800
10,-20,4638,-269,4638,-300
10,-10,7492,570,7492,600
10,-10,6052,-481,6052,-500
10,-10,2358,-297,2358,-300
10,-10,9531,330,9531,300
10,-10,7014,-86,7014,-100
10,-10,2289,-525,2289,-500
10,-10,5251,-833,5251,-800
10,-10,2539,298,2539,300
10,-10,8935,-286,8935,-300
10,-10,8317,67,8317,100
10,-10,2300,-683,2300,-700
10,-10,5649,151,5649,200
10,-10,5961,-633,5961,-600
10,-10,6547,-517,6547,-500
10,-10,3147,70,3147,100
10,-10,2456,318,2456,300
10,-10,944,-840,944,-800
10,-10,5836,143,5836,100
10,-10,9033,408,9033,400
10,-10,3330,426,3330,400
10,-10,5491,-897,5491,-900
10,-10,9264,424,9264,400
10,-10,9583,-769,9583,-800
10,-10,9749,493,9749,500
10,-10,4665,-335,4665,-300
10,-10,3096,257,3096,300
10,-10,5924,-766,5924,-800
10,-10,1403,-980,1403,-1000
10,-10,5038,-601,5038,-600
10,-10,9994,504,9994,500
10,-10,8870,371,8870,400
10,-10,813,475,813,500
10,-10,513,-776,513,-800
10,-10,5735,513,5735,500
10,-10,4538,844,4538,800
10,-10,1880,344,1880,300
10,-10,8404,720,8404,700
10,-10,5012,797,5012,800
10,-10,157,-528,157,-500
10,-10,1539,-688,1539,-700
10,-10,6923,-435,6923,-400
10,-10,752,561,752,600
10,-10,572,-690,572,-700
10,-10,9401,982,9401,900
10,-10,7270,-788,7270,-800
10,-10,1665,647,1665,600
10,-10,8769,429,8769,400
10,-10,5537,-92,5537,-100
10,-10,4801,-231,4801,-200
10,-10,2391,-820,2391,-800
10,-10,396,624,396,600
10,-10,5883,-274,5883,-300
10,-10,3989,-294,3989,-300
10,-10,6493,397,6493,400
10,-10,9489,-622,9489,-600
10,-10,3580,350,3580,400
10,-10,6761,156,6761,200
10,-10,3331,-477,3331,-500
10,-10,6240,715,6240,700
10,-10,2025,-418,2025,-400
10,-10,7655,267,7655,300
10,-10,4923,283,4923,300
10,-10,7929,978,7929,900
10,-10,7476,799,7476,800
10,-10,5838,373,5838,400
10,-10,7353,408,7353,400
10,-10,7692,-992,7692,-1000
10,-10,2371,649,2371,600
10,-10,7072,743,7072,700
10,-10,3846,-779,3846,-800
10,-10,7312,-392,7312,-400
10,-10,1722,243,1722,200
10,-10,2857,-35,2857,0
10,-10,9508,18,9508,0
10,-10,6844,-75,6844,-100
10,-10,4597,676,4597,700
10,-10,6366,570,6366,600
10,-10,9533,-372,9533,-400
10,-10,9050,977,9050,900
10,-10,1251,175,1251,200
10,-10,6412,-534,6412,-500
10,-10,1917,-150,1917,-100
10,-10,7560,-239,7560,-200
10,-10,1501,760,1501,800
10,-10,9916,417,9916,400
10,-10,3015,-448,3015,-400
10,-10,835,-602,835,-600
10,-10,2389,-140,2389,-100
10,-10,7011,298,7011,300
10,-10,7498,387,7498,400
10,-10,8721,-802,8721,-800
10,-10,6799,793,6799,800
10,-10,351,760,351,800
10,-10,5528,-329,5528,-300
10,-10,124,-807,124,-800
10,-10,9235,102,9235,100
10,-10,342,-320,342,-300
10,-10,9978,-173,9978,-200
10,-10,2960,-256,2960,-300
10,-10,6198,864,6198,900
10,0,7568,-547,7568,-500
10,0,6003,775,6003,800
10,0,9708,446,9708,400
10,0,6440,924,6440,900
10,0,6402,-889,6402,-900
10,0,6567,-392,6567,-400
10,0,8742,-900,8742,-900
10,0,6399,42,6399,0
10,0,6284,-865,6284,-900
10,0,4589,-263,4589,-300
10,0,5699,101,5699,100
10,0,2413,607,2413,600
10,0,4947,-477,4947,-500
10,0,8519,-315,8519,-300
10,0,8767,-150,8767,-100
10,0,1630,625,1630,600
10,0,6920,452,6920,400
10,0,7981,423,7981,400
10,0,3170,192,3170,200
10,0,441,-348,441,-300
10,0,147,356,147,400
10,0,4944,-892,4944,-900
10,0,4526,781,4526,800
10,0,2721,-807,2721,-800
10,0,3116,-252,3116,-300
10,0,1984,526,1984,500
10,0,3433,979,3433,900
10,0,4724,-139,4724,-100
10,0,5805,780,5805,800
10,0,2313,342,2313,300
10,0,8027,-735,8027,-700
10,0,5621,454,5621,500
10,0,4692,344,4692,300
10,0,5722,-597,5722,-600
10,0,1757,364,1757,400
10,0,3257,-853,3257,-900
10,0,7399,-442,7399,-400
10,0,1407,93,1407,100
10,0,9788,-562,9788,-600
10,0,7206,79,7206,100
10,0,1422,520,1422,500
10,0,8451,286,8451,300
10,0,8796,995,8796,900
10,0,6623,265,6623,300
10,0,3585,750,3585,700
10,0,9877,-121,9877,-100
10,0,9596,57,9596,100
10,0,4259,334,4259,300
10,0,485,-177,485,-200
10,0,9845,481,9845,500
10,0,3381,-636,3381,-600
10,0,4116,-988,4116,-1000
10,0,5971,645,5971,600
10,0,8171,-609,8171,-600
10,0,1876,662,1876,700
10,0,6268,-921,6268,-900
10,0,2523,121,2523,100
10,0,4747,310,4747,300
10,0,9873,951,9873,900
10,0,357,727,357,700
10,0,7735,166,7735,200
10,0,9000,-748,9000,-800
10,0,557,341,557,300
10,0,8163,225,8163,200
10,0,8971,128,8971,100
10,0,9335,-782,9335,-800
10,0,566,-609,566,-600
10,0,1276,-952,1276,-1000
10,0,2151,-385,2151,-400
10,0,2567,205,2567,200
10,0,9436,401,9436,400
10,0,5971,774,5971,800
10,0,3449,944,3449,900
10,0,4371,734,4371,700
10,0,6155,458,6155,500
10,0,3293,765,3293,800
10,0,2407,-51,2407,-100
10,0,8375,369,8375,400
10,0,8318,-885,8318,-900
10,0,9959,-174,9959,-200
10,0,3281,-823,3281,-800
10,0,4458,-521,4458,-500
10,0,9487,646,9487,700
10,0,1032,497,1032,500
10,0,8982,642,8982,600
10,0,9954,951,9954,900
10,0,4649,-67,4649,-100
10,0,5916,-575,5916,-600
10,0,4708,-722,4708,-700
10,0,2542,-522,2542,-500
10,0,5325,51,5325,100
10,0,790,-843,790,-800
10,0,5516,-497,5516,-500
10,0,4487,-591,4487,-600
10,0,2253,-405,2253,-400
10,0,3021,-460,3021,-500
10,0,5850,252,5850,300
10,0,1827,69,1827,100
10,0,6047,-427,6047,-400
10,0,5850,-428,5850,-400
10,10,2405,-619,2405,-600
10,10,4212,-551,4212,-500
10,10,3099,-716,3099,-700
10,10,6517,906,6517,900
10,10,4652,-27,4652,0
10,10,2447,373,2447,400
10,10,8057,-823,8057,-800
10,10,9892,-589,9892,-600
10,10,3702,-687,3702,-700
10,10,3466,946,3466,900
10,10,6056,192,6056,200
10,10,2524,-602,2524,-600
10,10,6706,-681,6706,-700
10,10,6374,-460,6374,-500
10,10,6613,817,6613,800
10,10,4194,-924,4194,-900
10,10,7884,-694,7884,-700
10,10,1601,973,1601,900
10,10,5366,-24,5366,0
10,10,6572,740,6572,800
10,10,425,-804,425,-800
10,10,9873,98,9873,100
10,10,3187,-313,3187,-300
10,10,8573,-534,8573,-600
10,10,6383,-614,6383,-600
10,10,9441,812,9441,800
10,10,8630,-738,8630,-700
10,10,6536,-109,6536,-100
10,10,3176,-186,3176,-200
10,10,5973,910,5973,900
10,10,4635,74,4635,100
10,10,9132,-231,9132,-200
10,10,464,771,464,800
10,10,4314,12,4314,0
10,10,2645,-536,2645,-500
10,10,2123,679,2123,600
10,10,6047,-347,6047,-300
10,10,7747,198,7747,200
10,10,9106,-470,9106,-500
10,10,9949,423,9949,400
10,10,8770,580,8770,600
10,10,9116,-872,9116,-800
10,10,9598,333,9598,300
10,10,4133,-475,4133,-500
10,10,4527,228,4527,200
10,10,4282,-311,4282,-300
10,10,8421,-101,8421,-100
10,10,4952,810,4952,800
10,10,5387,-563,5387,-600
10,10,4431,709,4431,700
10,10,8346,264,8346,300
10,10,936,185,936,200
10,10,1212,-389,1212,-400
10,10,9421,-884,9421,-900
10,10,5806,718,5806,700
10,10,1544,-968,1544,-1000
10,10,3025,-305,3025,-300
10,10,142,350,142,300
10,10,5387,570,5387,600
10,10,7447,-178,7447,-200
10,10,9028,-19,9028,0
10,10,5164,963,5164,900
10,10,1937,-996,1937,-1000
10,10,4859,-615,4859,-600
10,10,6196,-113,6196,-100
10,10,6383,-217,6383,-200
10,10,2951,142,2951,200
10,10,8123,167,8123,200
10,10,1857,-383,1857,-400
10,10,4740,40,4740,100
10,10,459,-258,459,-300
10,10,2607,159,2607,200
10,10,3158,933,3158,900
10,10,8387,186,8387,200
10,10,6250,-69,6250,-100
10,10,8388,-635,8388,-600
10,10,8559,92,8559,100
10,10,4383,-894,4383,-900
10,10,1372,-816,1372,-800
10,10,3081,-577,3081,-600
10,10,8193,940,8193,900
10,10,6717,-655,6717,-700
10,10,1883,-60,1883,-100
10,10,3944,-77,3944,-100
10,10,6694,674,6694,700
10,10,9241,-785,9241,-800
10,10,8520,391,8520,400
10,10,6540,857,6540,800
10,10,7804,718,7804,700
10,10,4117,726,4117,700
10,10,549,194,549,200
10,10,4110,224,4110,200
10,10,6327,-881,6327,-900
10,10,5536,-840,5536,-900
10,10,8418,-710,8418,-700
10,10,857,755,857,700
10,10,572,-405,572,-400
10,10,441,462,441,500
10,10,8555,-409,8555,-400
10,10,6495,405,6495,400
10,20,8787,36,8788,100
10,20,2039,862,2039,900
10,20,33,108,33,200
10,20,7234,-263,7234,-300
10,20,6124,-157,6124,-100
10,20,6375,156,6375,300
10,20,5834,-770,5834,-800
10,20,7385,-530,7385,-500
10,20,8540,705,8540,700
10,20,6979,2,6979,0
10,20,1379,27,1379,200
10,20,9750,-189,9750,-200
10,20,4479,669,4479,600
10,20,5084,419,5084,400
10,20,754,980,754,900
10,20,1394,-133,1394,-100
10,20,9393,-15,9393,100
10,20,6501,14,6501,0
10,20,3578,550,3578,600
10,20,3119,-914,3119,-900
10,20,9438,-398,9438,-300
10,20,2412,-734,2412,-800
10,20,1225,-703,1225,-800
10,20,898,956,898,900
10,20,4550,-627,4550,-700
10,20,2716,619,2716,600
10,20,6412,313,6412,300
10,20,252,841,252,900
10,20,3585,69,3585,0
10,20,6693,-17,6693,0
10,20,3671,-380,3671,-500
10,20,2634,-939,2634,-1000
10,20,6678,174,6678,200
10,20,9132,-269,9132,-300
10,20,3719,982,3719,900
10,20,3781,-747,3781,-700
10,20,2027,-758,2027,-800
10,20,2632,51,2633,100
10,20,8304,-127,8304,-200
10,20,7782,-874,7782,-900
10,20,7643,-178,7643,-200
10,20,5737,-118,5737,-200
10,20,5160,2,5160,0
10,20,4188,691,4188,800
10,20,3637,-864,3637,-900
10,20,812,-109,812,-100
10,20,622,964,622,900
10,20,9344,764,9344,800
10,20,8850,919,8850,900
10,20,3728,-437,3728,-400
10,20,1737,352,1737,300
10,20,6589,-981,6589,-900
10,20,5293,169,5293,100
10,20,5012,-226,5012,-300
10,20,4905,57,4905,100
10,20,6407,-105,6407,-100
10,20,8575,564,8575,500
10,20,8755,-396,8755,-400
10,20,3059,483,3059,500
10,20,660,656,660,700
10,20,9810,365,9810,400
10,20,2488,570,2488,600
10,20,6543,562,6543,600
10,20,5841,-494,5841,-500
10,20,7261,-62,7261,-100
10,20,844,317,844,300
10,20,4772,-640,4772,-700
10,20,928,-475,928,-600
10,20,3891,-112,3891,-100
10,20,7379,-202,7379,-200
10,20,6789,519,6789,500
10,20,6150,134,6150,200
10,20,6811,-72,6811,-100
10,20,2224,-853,2224,-900
10,20,8616,-621,8616,-600
10,20,5073,-421,5073,-400
10,20,7674,937,7674,900
10,20,6013,174,6013,200
10,20,9506,585,9506,700
10,20,1221,973,1220,900
10,20,9677,278,9677,300
10,20,8860,750,8860,800
10,20,5834,-646,5834,-700
10,20,8017,653,8017,700
10,20,1845,960,1845,900
10,20,9976,-389,9976,-400
10,20,3633,73,3633,0
10,20,2514,612,2514,600
10,20,399,-544,399,-500
10,20,8116,225,8116,200
10,20,6700,104,6700,100
10,20,4735,-214,4736,-300
10,20,8355,450,8355,400
10,20,1033,243,1033,300
10,20,4756,-967,4756,-1000
10,20,628,866,628,900
10,20,8898,-64,8898,-100
10,20,5632,-711,5632,-700
10,20,295,-645,295,-600
10,20,4873,320,4873,200
10,30,3721,808,8038,600
10,30,8062,-535,8038,600
10,30,8148,-668,8038,600
10,30,6971,-172,8038,600
10,30,7844,416,8038,600
10,30,4480,620,4479,600
10,30,3196,439,8038,600
10,30,6918,-913,8038,600
10,30,2707,940,8038,600
10,30,6954,199,8038,600
10,30,9636,-421,8038,600
10,30,7469,-294,8038,600
10,30,5181,511,8038,600
10,30,3227,588,8038,600
10,30,745,768,335,-100
10,30,9371,-657,8038,600
10,30,7083,-931,8038,600
10,30,8036,592,8036,500
10,30,185,404,8038,600
10,30,42,195,8038,600
10,30,20,319,8038,600
10,30,3424,495,8038,600
10,30,6506,-517,6506,-600
10,30,3984,608,8038,600
10,30,94,-38,8038,600
10,30,9334,-830,8038,600
10,30,3021,307,8038,600
10,30,1909,492,8038,600
10,30,4029,995,8038,600
10,30,7006,518,8038,600
10,30,6363,-253,8038,600
10,30,1294,646,8038,600
10,30,9849,-897,9848,-700
10,30,9302,-534,8038,600
10,30,6555,282,8038,600
10,30,6474,-872,8038,600
10,30,3837,379,8038,600
10,30,5473,859,8038,600
10,30,1997,-797,1997,-700
10,30,6490,661,6490,700
10,30,5668,454,8038,600
10,30,3905,-234,8038,600
10,30,6194,-107,6193,-200
10,30,7522,-636,8038,600
10,30,6714,618,8038,600
10,30,1358,216,8038,600
10,30,1390,740,8038,600
10,30,5094,212,8038,600
10,30,2119,377,8038,600
10,30,708,-649,8038,600
10,30,5036,-795,8038,600
10,30,800,969,8038,600
10,30,7605,-957,8038,600
10,30,6907,-506,8038,600
10,30,7158,734,8038,600
10,30,5118,773,8038,600
10,30,9694,-6,8038,600
10,30,4880,368,4880,200
10,30,4121,856,8038,600
10,30,6775,153,8038,600
10,30,7912,-958,8038,600
10,30,9962,-900,8038,600
10,30,4275,456,8038,600
10,30,9962,-24,8038,600
10,30,6982,949,8038,600
10,30,5565,-196,8038,600
10,30,4349,-733,8038,600
10,30,5342,-101,5342,100
10,30,1985,684,8038,600
10,30,1337,103,8038,600
10,30,4898,-364,8038,600
10,30,140,-393,8038,600
10,30,2011,-905,8038,600
10,30,7175,462,8038,600
10,30,6764,-428,8038,600
10,30,3775,-9,8038,600
10,30,9929,561,8038,600
10,30,3255,905,8038,600
10,30,8025,-703,8038,600
10,30,7607,-16,8038,600
10,30,2458,474,8038,600
10,30,6623,387,8038,600
10,30,6989,-85,8038,600
10,30,3873,47,8038,600
10,30,6015,177,8038,600
10,30,7240,734,8038,600
10,30,7091,-615,8038,600
10,30,3250,352,8038,600
10,30,3209,767,8038,600
10,30,4887,-447,8038,600
10,30,163,-725,8038,600
10,30,4296,913,8038,600
10,30,3256,-749,8038,600
10,30,8281,-386,8038,600
10,30,5460,-338,8038,600
10,30,7385,-32,8038,600
10,30,3486,22,8038,600
10,30,5640,-982,8038,600
10,30,2272,-679,8038,600
10,30,9734,138,8038,600
10,40,6083,111,8038,600
10,40,3813,-43,8038,600
10,40,7350,-773,8038,600
10,40,1438,47,8038,600
10,40,8320,-272,8038,600
10,40,3456,-344,8038,600
10,40,428,113,8038,600
10,40,8819,415,8038,600
10,40,2455,-156,8038,600
10,40,8426,41,8038,600
10,40,1254,-401,8038,600
10,40,8926,4,8038,600
10,40,7030,-866,8038,600
10,40,7529,204,8038,600
10,40,3083,164,8038,600
10,40,1673,306,8038,600
10,40,2632,-929,8038,600
10,40,8809,-990,8038,600
10,40,3571,272,8038,600
10,40,3960,147,8038,600
10,40,3737,-338,8038,600
10,40,1140,919,8038,600
10,40,8244,999,8038,600
10,40,3721,-73,8038,600
10,40,2565,986,8038,600
10,40,8472,-315,8038,600
10,40,2050,852,8038,600
10,40,8291,132,8038,600
10,40,8195,57,8038,600
10,40,9621,-842,8038,600
10,40,7499,873,8038,600
10,40,1644,-945,8038,600
10,40,6952,539,8038,600
10,40,1387,-831,8038,600
10,40,5615,-261,8038,600
10,40,6774,-870,8038,600
10,40,1072,614,8038,600
10,40,2364,892,8038,600
10,40,5534,935,8038,600
10,40,7085,-796,8038,600
10,40,9789,383,8038,600
10,40,3354,499,8038,600
10,40,6709,-310,8038,600
10,40,7077,47,8038,600
10,40,4857,-470,8038,600
10,40,4988,-369,8038,600
10,40,1173,-250,8038,600
10,40,3648,-470,8038,600
10,40,1213,650,8038,600
10,40,4405,983,8038,600
10,40,9343,-871,8038,600
10,40,463,-68,8038,600
10,40,4289,-279,8038,600
10,40,107,-762,8038,600
10,40,3241,308,8038,600
10,40,2236,375,8038,600
10,40,5381,726,8038,600
10,40,4869,-532,8038,600
10,40,4146,336,8038,600
10,40,5485,-125,8038,600
10,40,2545,-503,8038,600
10,40,6167,-96,8038,600
10,40,8418,34,8038,600
10,40,5316,-802,8038,600
10,40,5037,806,8038,600
10,40,6754,-717,8038,600
10,40,925,64,8038,600
10,40,90,-506,8038,600
10,40,3254,335,8038,600
10,40,2129,601,8038,600
10,40,6479,-5,8038,600
10,40,6835,689,8038,600
10,40,1173,-730,8038,600
10,40,9026,82,8038,600
10,40,9990,904,8038,600
10,40,4812,-972,8038,600
10,40,6904,777,8038,600
10,40,5943,-464,8038,600
10,40,5851,654,8038,600
10,40,9197,-382,8038,600
10,40,2144,-67,8038,600
10,40,2027,-149,8038,600
10,40,3301,693,8038,600
10,40,6582,850,8038,600
10,40,1357,396,8038,600
10,40,4307,290,8038,600
10,40,8634,-117,8038,600
10,40,3578,865,8038,600
10,40,1012,929,8038,600
10,40,390,157,8038,600
10,40,1511,-556,8038,600
10,40,4765,830,8038,600
10,40,1721,-202,8038,600
10,40,3395,443,8038,600
10,40,5576,505,8038,600
10,40,2416,118,8038,600
10,40,7768,316,8038,600
10,40,5870,445,8038,600
10,40,5511,-572,8038,600
10,40,5433,-112,8038,600
10,50,4384,-84,8038,600
10,50,1899,608,8038,600
10,50,5225,456,8038,600
10,50,4996,491,8038,600
10,50,7543,899,8038,600
10,50,8263,-484,8038,600
10,50,3501,-801,8038,600
10,50,704,-48,8038,600
10,50,4443,515,8038,600
10,50,3481,702,8038,600
10,50,3876,-94,8038,600
10,50,1433,-669,8038,600
10,50,9615,-980,8038,600
10,50,1757,-320,8038,600
10,50,2576,-682,8038,600
10,50,1234,-674,8038,600
10,50,9651,994,8038,600
10,50,6603,511,8038,600
10,50,5850,511,8038,600
10,50,3722,307,8038,600
10,50,1281,-672,8038,600
10,50,4358,-760,8038,600
10,50,6492,-490,8038,600
10,50,8601,692,8038,600
10,50,5314,-156,8038,600
10,50,9300,-577,8038,600
10,50,6009,548,8038,600
10,50,9808,-855,8038,600
10,50,8555,-178,8038,600
10,50,6777,953,8038,600
10,50,8179,791,8038,600
10,50,6598,1,8038,600
10,50,3276,580,8038,600
10,50,1519,-535,8038,600
10,50,4630,526,8038,600
10,50,9761,-11,8038,600
10,50,9575,-457,8038,600
10,50,7774,743,8038,600
10,50,5099,737,8038,600
10,50,524,207,8038,600
10,50,9601,-846,8038,600
10,50,3322,693,8038,600
10,50,2110,519,8038,600
10,50,9600,-571,8038,600
10,50,8134,-917,8038,600
10,50,1901,-748,8038,600
10,50,7103,-6,8038,600
10,50,3032,-323,8038,600
10,50,9264,-867,8038,600
10,50,3580,-634,8038,600
10,50,1254,688,8038,600
10,50,6032,63,8038,600
10,50,8163,583,8038,600
10,50,2290,50,8038,600
10,50,4186,851,8038,600
10,50,3421,-851,8038,600
10,50,6724,845,8038,600
10,50,6001,-59,8038,600
10,50,1395,497,8038,600
10,50,7466,868,8038,600
10,50,8035,881,8038,600
10,50,1919,-109,8038,600
10,50,1002,605,8038,600
10,50,8162,-502,8038,600
10,50,2875,-12,8038,600
10,50,3168,746,8038,600
10,50,4999,417,8038,600
10,50,9354,363,8038,600
10,50,4432,-746,8038,600
10,50,2532,-296,8038,600
10,50,3483,846,8038,600
10,50,3763,-40,8038,600
10,50,4679,307,8038,600
10,50,3936,179,8038,600
10,50,2406,824,8038,600
10,50,7412,-883,8038,600
10,50,8708,948,8038,600
10,50,8330,786,8038,600
10,50,699,-328,8038,600
10,50,5724,737,8038,600
10,50,8435,-669,8038,600
10,50,223,638,8038,600
10,50,1407,-851,8038,600
10,50,3164,844,8038,600
10,50,4633,761,8038,600
10,50,6327,564,8038,600
10,50,9789,140,8038,600
10,50,9575,-66,8038,600
10,50,2731,-661,8038,600
10,50,9205,-428,8038,600
10,50,4230,434,8038,600
10,50,1247,-398,8038,600
10,50,3627,119,8038,600
10,50,4408,-272,8038,600
10,50,1209,-20,8038,600
10,50,7893,114,8038,600
10,50,8297,-894,8038,600
10,50,7023,422,8038,600
10,50,8254,-402,8038,600
10,50,9646,618,8038,600
20,-100,5255,481,5255,500
20,-100,9594,-845,9594,-800
20,-100,6411,957,6411,900
20,-100,6282,802,6282,800
20,-100,3433,593,3433,600
20,-100,3512,-931,3512,-900
20,-100,4772,-26,4772,0
20,-100,8384,-952,8384,-1000
20,-100,8201,-681,8201,-700
20,-100,8094,128,8094,100
20,-100,5678,305,5678,300
20,-100,4252,-623,4252,-600
20,-100,8506,131,8506,100
20,-100,3670,702,3670,700
20,-100,8497,-364,8497,-400
20,-100,8309,-177,8309,-200
20,-100,1407,-703,1407,-700
20,-100,744,-493,744,-500
20,-100,1732,873,1732,900
20,-100,3332,481,3332,500
20,-100,1193,391,1193,400
20,-100,17,663,17,700
20,-100,5486,-491,5486,-500
20,-100,1799,-929,1799,-900
20,-100,1203,663,1203,700
20,-100,4449,-617,4449,-600
20,-100,7215,-87,7215,-100
20,-100,3195,926,3195,900
20,-100,1101,703,1101,700
20,-100,9257,-527,9257,-500
20,-100,5162,268,5162,300
20,-100,973,-207,973,-200
20,-100,8412,-121,8412,-100
20,-100,5154,576,5154,600
20,-100,2218,-525,2218,-500
20,-100,2113,-8,2113,0
20,-100,5957,-660,5957,-700
20,-100,1793,-322,1793,-300
20,-100,2631,891,2631,900
20,-100,985,-61,985,-100
20,-100,3615,-903,3615,-900
20,-100,7822,624,7822,600
20,-100,2685,-847,2685,-800
20,-100,9874,295,9874,300
20,-100,1747,547,1747,500
20,-100,7989,925,7989,900
20,-100,7317,174,7317,200
20,-100,2405,637,2405,600
20,-100,4698,-19,4698,0
20,-100,1273,819,1273,800
20,-100,3213,375,3213,400
20,-100,6931,547,6931,500
20,-100,705,980,705,900
20,-100,6830,320,6830,300
20,-100,4505,100,4505,100
20,-100,4385,427,4385,400
20,-100,1588,811,1588,800
20,-100,9368,-212,9368,-200
20,-100,8823,-627,8823,-600
20,-100,4032,129,4032,100
20,-100,1228,900,1228,900
20,-100,2044,-952,2044,-1000
20,-100,2687,-699,2687,-700
20,-100,9742,507,9742,500
20,-100,9602,-511,9602,-500
20,-100,8244,-269,8244,-300
20,-100,9907,316,9907,300
20,-100,4252,-28,4252,0
20,-100,102,-652,102,-700
20,-100,4001,-165,4001,-200
20,-100,2130,-628,2130,-600
20,-100,621,636,621,600
20,-100,8362,-927,8362,-900
20,-100,4358,459,4358,500
20,-100,3550,-229,3550,-200
20,-100,264,989,264,900
20,-100,6039,-425,6039,-400
20,-100,643,-746,643,-700
20,-100,9442,-890,9442,-900
20,-100,9939,-81,9939,-100
20,-100,2724,67,2724,100
20,-100,2148,-73,2148,-100
20,-100,530,-721,530,-700
20,-100,5988,-53,5988,-100
20,-100,1688,928,1688,900
20,-100,4481,-744,4481,-700
20,-100,9141,156,9141,200
20,-100,6198,-956,6198,-1000
20,-100,8991,764,8991,800
20,-100,2461,-987,2461,-1000
20,-100,9189,-348,9189,-300
20,-100,7009,-960,7009,-1000
20,-100,8558,-285,8558,-300
20,-100,9277,568,9277,600
20,-100,1961,146,1961,100
20,-100,9540,698,9540,700
20,-100,6835,-328,6835,-300
20,-100,4334,-743,4334,-700
20,-100,7965,244,7965,200
20,-100,50,-515,50,-500
20,-90,7980,298,7980,300
20,-90,7621,-922,7621,-900
20,-90,4036,724,4036,700
20,-90,985,-366,985,-400
20,-90,532,435,532,400
20,-90,7867,898,7867,900
20,-90,5408,206,5408,200
20,-90,2148,-180,2148,-200
20,-90,1980,6,1980,0
20,-90,9241,-808,9241,-800
20,-90,5877,619,5877,600
20,-90,7756,-292,7756,-300
20,-90,734,992,734,900
20,-90,8895,-453,8895,-500
20,-90,3399,-135,3399,-100
20,-90,9862,-495,9862,-500
20,-90,2370,-19,2370,0
20,-90,5562,-17,5562,0
20,-90,3431,-774,3431,-800
20,-90,4004,-972,4004,-1000
20,-90,9577,-811,9577,-800
20,-90,3461,151,3461,200
20,-90,9113,652,9113,700
20,-90,1752,-246,1752,-200
20,-90,1541,776,1541,800
20,-90,1701,-976,1701,-1000
20,-90,729,189,729,200
20,-90,7164,161,7164,200
20,-90,709,483,709,500
20,-90,1659,-296,1659,-300
20,-90,3412,-825,3412,-800
20,-90,4448,-615,4448,-600
20,-90,4996,-466,4996,-500
20,-90,8222,-518,8222,-500
20,-90,1799,-855,1799,-900
20,-90,3910,273,3910,300
20,-90,4501,-204,4501,-200
20,-90,2486,589,2486,600
20,-90,5076,442,5076,400
20,-90,7839,-159,7839,-200
20,-90,6773,-875,6773,-900
20,-90,9048,731,9048,700
20,-90,6401,-115,6401,-100
20,-90,943,32,943,0
20,-90,6164,-780,6164,-800
20,-90,8636,368,8636,400
20,-90,7124,-32,7124,0
20,-90,341,-513,341,-500
20,-90,7447,783,7447,800
20,-90,8691,-689,8691,-700
20,-90,6357,843,6357,800
20,-90,1034,738,1034,700
20,-90,5935,514,5935,500
20,-90,7777,-597,7777,-600
20,-90,3455,-620,3455,-600
20,-90,7398,-59,7398,-100
20,-90,1901,381,1901,400
20,-90,7164,135,7164,100
20,-90,7687,158,7687,200
20,-90,6230,-830,6230,-800
20,-90,714,307,714,300
20,-90,5006,893,5006,900
20,-90,6082,561,6082,600
20,-90,4326,594,4326,600
20,-90,2966,471,2966,500
20,-90,2416,605,2416,600
20,-90,7227,525,7227,500
20,-90,9972,914,9972,900
20,-90,7687,779,7687,800
20,-90,4006,90,4006,100
20,-90,392,402,392,400
20,-90,4400,-595,4400,-600
20,-90,6777,-713,6777,-700
20,-90,5764,-26,5764,0
20,-90,8627,-419,8627,-400
20,-90,7655,-289,7655,-300
20,-90,296,-980,296,-1000
20,-90,6507,-474,6507,-500
20,-90,3185,-25,3185,0
20,-90,1808,-390,1808,-400
20,-90,7803,-266,7803,-300
20,-90,8763,-178,8763,-200
20,-90,6201,262,6201,300
20,-90,8398,-99,8398,-100
20,-90,6229,-14,6229,0
20,-90,1827,-516,1827,-500
20,-90,1658,-981,1658,-1000
20,-90,6873,-531,6873,-500
20,-90,6483,704,6483,700
20,-90,2364,332,2364,300
20,-90,3361,-419,3361,-400
20,-90,7226,535,7226,500
20,-90,5098,-359,5098,-400
20,-90,5523,677,5523,700
20,-90,2335,-267,2335,-300
20,-90,93,-908,93,-900
20,-90,7246,792,7246,800
20,-90,6127,-832,6127,-800
20,-90,6582,-336,6582,-300
20,-90,8190,590,8190,600
20,-80,1646,-476,1646,-500
20,-80,570,779,570,800
20,-80,4262,43,4262,0
20,-80,5569,-282,5569,-300
20,-80,6285,-716,6285,-700
20,-80,6827,825,6827,800
20,-80,9956,627,9956,600
20,-80,1967,751,1967,800
20,-80,3949,-953,3949,-1000
20,-80,928,35,928,0
20,-80,9382,-944,9382,-900
20,-80,7855,-672,7855,-700
20,-80,3919,327,3919,300
20,-80,5310,-168,5310,-200
20,-80,522,629,522,600
20,-80,6788,-407,6788,-400
20,-80,4147,27,4147,0
20,-80,7005,-265,7005,-300
20,-80,7139,-117,7139,-100
20,-80,1379,-678,1379,-700
20,-80,4102,-778,4102,-800
20,-80,8604,420,8604,400
20,-80,9519,-296,9519,-300
20,-80,3465,591,3465,600
20,-80,9684,-488,9684,-500
20,-80,6451,791,6451,800
20,-80,6794,-657,6794,-700
20,-80,1975,-477,1975,-500
20,-80,2789,587,2789,600
20,-80,5787,664,5787,700
20,-80,9437,814,9437,800
20,-80,3126,560,3126,600
20,-80,7214,392,7214,400
20,-80,2552,-158,2552,-200
20,-80,8659,-904,8659,-900
20,-80,7435,303,7435,300
20,-80,5200,-187,5200,-200
20,-80,5124,72,5124,100
20,-80,2838,118,2838,100
20,-80,6837,-419,6837,-400
20,-80,8360,-522,8360,-500
20,-80,6844,-773,6844,-800
20,-80,5644,-943,5644,-900
20,-80,6276,-911,6276,-900
20,-80,1337,-261,1337,-300
20,-80,8128,579,8128,600
20,-80,7385,131,7385,100
20,-80,2526,716,2526,700
20,-80,6981,709,6981,700
20,-80,9263,70,9263,100
20,-80,8003,-854,8003,-900
20,-80,7646,-256,7646,-300
20,-80,4126,621,4126,600
20,-80,9004,-882,9004,-900
20,-80,6216,-694,6216,-700
20,-80,700,-681,700,-700
20,-80,3452,-246,3452,-200
20,-80,2237,292,2237,300
20,-80,2730,-417,2730,-400
20,-80,8543,-901,8543,-900
20,-80,8795,827,8795,800
20,-80,5483,-372,5483,-400
20,-80,4424,651,4424,700
20,-80,2436,851,2436,900
20,-80,5998,365,5998,400
20,-80,9926,639,9926,600
20,-80,4710,488,4710,500
20,-80,3235,-658,3235,-700
20,-80,3517,810,3517,800
20,-80,9491,904,9491,900
20,-80,8661,-678,8661,-700
20,-80,357,-660,357,-700
20,-80,6006,-6,6006,0
20,-80,1175,690,1175,700
20,-80,3198,703,3198,700
20,-80,5958,130,5958,100
20,-80,7076,-316,7076,-300
20,-80,4762,-348,4762,-300
20,-80,9813,263,9813,300
20,-80,6127,767,6127,800
20,-80,1985,639,1985,600
20,-80,3829,185,3829,200
20,-80,9604,-364,9604,-400
20,-80,9499,-946,9499,-900
20,-80,8332,407,8332,400
20,-80,5359,723,5359,700
20,-80,3302,-545,3302,-500
20,-80,5812,-51,5812,-100
20,-80,5244,-567,5244,-600
20,-80,949,-498,949,-500
20,-80,49,-184,49,-200
20,-80,7408,-110,7408,-100
20,-80,2179,122,2179,100
20,-80,8899,935,8899,900
20,-80,7014,777,7014,800
20,-80,8826,-803,8826,-800
20,-80,7378,-502,7378,-500
20,-80,9950,-239,9950,-200
20,-80,7510,-661,7510,-700
20,-80,8942,-951,8942,-1000
20,-70,6148,-675,6148,-700
20,-70,4126,789,4126,800
20,-70,6879,188,6879,200
20,-70,3259,-839,3259,-800
20,-70,7030,-676,7030,-700
20,-70,1417,24,1417,0
20,-70,743,435,743,400
20,-70,1235,817,1235,800
20,-70,8791,-821,8791,-800
20,-70,4898,-459,4898,-500
20,-70,9264,224,9264,200
20,-70,9930,-952,9930,-1000
20,-70,2870,621,2870,600
20,-70,3196,881,3196,900
20,-70,6918,-32,6918,0
20,-70,3949,689,3949,700
20,-70,8730,-534,8730,-500
20,-70,5459,516,5459,500
20,-70,6518,-309,6518,-300
20,-70,9266,755,9266,800
20,-70,4181,-382,4181,-400
20,-70,8734,-896,8734,-900
20,-70,7986,-819,7986,-800
20,-70,9898,-817,9898,-800
20,-70,855,-825,855,-800
20,-70,4613,815,4613,800
20,-70,5681,-256,5681,-300
20,-70,4923,-797,4923,-800
20,-70,792,730,792,700
20,-70,5080,-406,5080,-400
20,-70,6091,90,6091,100
20,-70,5676,295,5676,300
20,-70,9408,342,9408,300
20,-70,6553,640,6553,600
20,-70,5078,738,5078,700
20,-70,8731,-816,8731,-800
20,-70,6075,790,6075,800
20,-70,4185,-661,4185,-700
20,-70,4906,-390,4906,-400
20,-70,8574,-507,8574,-500
20,-70,8904,968,8904,900
20,-70,8150,-428,8150,-400
20,-70,1877,-802,1877,-800
20,-70,9130,328,9130,300
20,-70,9961,813,9961,800
20,-70,3991,752,3991,800
20,-70,2151,412,2151,400
20,-70,3101,329,3101,300
20,-70,6935,-204,6935,-200
20,-70,711,203,711,200
20,-70,1346,496,1346,500
20,-70,6651,-196,6651,-200
20,-70,151,389,151,400
20,-70,7917,685,7917,700
20,-70,4697,-71,4697,-100
20,-70,4059,141,4059,100
20,-70,5441,649,5441,600
20,-70,9277,-642,9277,-600
20,-70,6419,-283,6419,-300
20,-70,8325,-612,8325,-600
20,-70,8723,504,8723,500
20,-70,7103,-849,7103,-800
20,-70,6389,-325,6389,-300
20,-70,5555,-807,5555,-800
20,-70,6425,436,6425,400
20,-70,6466,-871,6466,-900
20,-70,9824,-233,9824,-200
20,-70,2730,-722,2730,-700
20,-70,4064,-96,4064,-100
20,-70,7441,856,7441,900
20,-70,7390,-951,7390,-1000
20,-70,4054,-821,4054,-800
20,-70,850,397,850,400
20,-70,6463,-161,6463,-200
20,-70,574,821,574,800
20,-70,177,-192,177,-200
20,-70,1885,-486,1885,-500
20,-70,7025,-288,7025,-300
20,-70,718,-923,718,-900
20,-70,5425,-344,5425,-300
20,-70,5576,496,5576,500
20,-70,2745,653,2745,700
20,-70,8775,442,8775,400
20,-70,2780,544,2780,500
20,-70,9626,612,9626,600
20,-70,4000,-801,4000,-800
20,-70,5500,139,5500,100
20,-70,4661,454,4661,500
20,-70,206,53,206,100
20,-70,4906,-446,4906,-400
20,-70,9189,-702,9189,-700
20,-70,962,538,962,500
20,-70,6717,-328,6717,-300
20,-70,6345,-477,6345,-500
20,-70,1993,86,1993,100
20,-70,1926,-907,1926,-900
20,-70,7312,584,7312,600
20,-70,1700,213,1700,200
20,-70,6751,-574,6751,-600
20,-70,1582,-986,1582,-1000
20,-60,6109,505,6109,500
20,-60,8225,653,8225,700
20,-60,3693,-415,3693,-400
20,-60,1121,-240,1121,-200
20,-60,5640,-678,5640,-700
20,-60,8820,18,8820,0
20,-60,3372,-908,3372,-900
20,-60,4614,16,4614,0
20,-60,1243,-986,1243,-1000
20,-60,5109,-215,5109,-200
20,-60,7447,-470,7447,-500
20,-60,1826,-634,1826,-600
20,-60,1956,621,1956,600
20,-60,4041,-542,4041,-500
20,-60,8576,579,8576,600
20,-60,169,396,169,400
20,-60,5708,35,5708,0
20,-60,565,795,565,800
20,-60,4955,581,4955,600
20,-60,8011,320,8011,300
20,-60,1864,730,1864,700
20,-60,1046,-475,1046,-500
20,-60,2187,-475,2187,-500
20,-60,4766,-389,4766,-400
20,-60,8412,-258,8412,-300
20,-60,9075,-43,9075,0
20,-60,6941,500,6941,500
20,-60,333,899,333,900
20,-60,5801,236,5801,200
20,-60,9062,599,9062,600
20,-60,9747,-343,9747,-300
20,-60,2796,249,2796,200
20,-60,6340,-518,6340,-500
20,-60,2648,-137,2648,-100
20,-60,5197,-185,5197,-200
20,-60,5898,-787,5898,-800
20,-60,7184,69,7184,100
20,-60,5643,929,5643,900
20,-60,5113,-923,5113,-900
20,-60,8504,-573,8504,-600
20,-60,3156,-933,3156,-900
20,-60,1827,-778,1827,-800
20,-60,3839,-136,3839,-100
20,-60,4179,-947,4179,-900
20,-60,3990,843,3990,800
20,-60,5697,-542,5697,-500
20,-60,7669,267,7669,300
20,-60,5988,971,5988,900
20,-60,9358,-320,9358,-300
20,-60,8486,46,8486,0
20,-60,804,-291,804,-300
20,-60,5767,129,5767,100
20,-60,765,-208,765,-200
20,-60,4995,132,4995,100
20,-60,482,-191,482,-200
20,-60,410,-884,410,-900
20,-60,1238,-66,1238,-100
20,-60,7406,193,7406,200
20,-60,341,-100,341,-100
20,-60,9399,-737,9399,-700
20,-60,8110,-402,8110,-400
20,-60,7873,789,7873,800
20,-60,2320,167,2320,200
20,-60,9056,-79,9056,-100
20,-60,171,304,171,300
20,-60,1106,52,1106,100
20,-60,7028,351,7028,400
20,-60,5539,-796,5539,-800
20,-60,3796,57,3796,100
20,-60,8837,605,8837,600
20,-60,6683,851,6683,900
20,-60,4653,-233,4653,-200
20,-60,9574,-203,9574,-200
20,-60,1262,733,1262,700
20,-60,7143,-122,7143,-100
20,-60,6003,629,6003,600
20,-60,3359,-27,3359,0
20,-60,773,-773,773,-800
20,-60,6690,614,6690,600
20,-60,2314,543,2314,500
20,-60,8752,-25,8752,0
20,-60,6587,-700,6587,-700
20,-60,492,544,492,500
20,-60,5790,-832,5790,-800
20,-60,9948,978,9948,900
20,-60,7693,-195,7693,-200
20,-60,3294,281,3294,300
20,-60,2787,168,2787,200
20,-60,4522,179,4522,200
20,-60,7040,-799,7040,-800
20,-60,8634,94,8634,100
20,-60,6761,839,6761,800
20,-60,5661,-455,5661,-500
20,-60,6,961,6,900
20,-60,2573,291,2573,300
20,-60,2555,-547,2555,-500
20,-60,6200,-611,6200,-600
20,-60,7564,-483,7564,-500
20,-60,1049,-857,1049,-900
20,-60,6679,-823,6679,-800
20,-50,9568,707,9568,700
20,-50,8139,-735,8139,-700
20,-50,9610,579,9610,600
20,-50,3608,718,3608,700
20,-50,8931,-704,8931,-700
20,-50,8334,-589,8334,-600
20,-50,5752,-451,5752,-500
20,-50,2707,270,2707,300
20,-50,8900,-152,8900,-200
20,-50,5205,865,5205,900
20,-50,6503,-635,6503,-600
20,-50,8884,-105,8884,-100
20,-50,5007,421,5007,400
20,-50,9116,-364,9116,-400
20,-50,2756,980,2756,900
20,-50,716,-269,716,-300
20,-50,1471,-984,1471,-1000
20,-50,8400,-520,8400,-500
20,-50,2337,185,2337,200
20,-50,9080,745,9080,700
20,-50,3652,367,3652,400
20,-50,1878,-588,1878,-600
20,-50,6479,-868,6479,-900
20,-50,4287,511,4287,500
20,-50,1626,320,1626,300
20,-50,3122,-852,3122,-900
20,-50,3873,983,3873,900
20,-50,909,901,909,900
20,-50,3318,-175,3318,-200
20,-50,2558,-239,2558,-200
20,-50,9074,-369,9074,-400
20,-50,226,318,226,300
20,-50,7121,486,7121,500
20,-50,1532,800,1532,800
20,-50,1915,-279,1915,-300
20,-50,6791,-377,6791,-400
20,-50,8482,394,8482,400
20,-50,8711,-932,8711,-900
20,-50,5603,760,5603,800
20,-50,4527,836,4527,800
20,-50,5310,22,5310,0
20,-50,1753,-477,1753,-500
20,-50,3017,-303,3017,-300
20,-50,9304,924,9304,900
20,-50,4260,-759,4260,-800
20,-50,237,20,237,0
20,-50,3159,-218,3159,-200
20,-50,7941,-288,7941,-300
20,-50,4555,-961,4555,-1000
20,-50,5921,-678,5921,-700
20,-50,9960,-78,9960,-100
20,-50,5997,-549,5997,-500
20,-50,6247,989,6247,900
20,-50,3288,-194,3288,-200
20,-50,2627,-304,2627,-300
20,-50,5856,428,5856,400
20,-50,9188,-877,9188,-900
20,-50,5073,690,5073,700
20,-50,3333,186,3333,200
20,-50,5665,-42,5665,0
20,-50,5798,764,5798,800
20,-50,3053,-761,3053,-800
20,-50,7482,242,7482,200
20,-50,5937,-726,5937,-700
20,-50,69,-489,69,-500
20,-50,726,842,726,800
20,-50,4561,-793,4561,-800
20,-50,713,800,713,800
20,-50,9767,561,9767,600
20,-50,9525,421,9525,400
20,-50,3650,193,3650,200
20,-50,4333,-470,4333,-500
20,-50,7926,-310,7926,-300
20,-50,5728,-646,5728,-600
20,-50,7894,249,7894,200
20,-50,8869,-154,8869,-200
20,-50,5364,842,5364,800
20,-50,9481,58,9481,100
20,-50,2084,646,2084,600
20,-50,8056,939,8056,900
20,-50,9205,118,9205,100
20,-50,4244,114,4244,100
20,-50,8918,-524,8918,-500
20,-50,3341,-452,3341,-500
20,-50,7587,372,7587,400
20,-50,5773,-602,5773,-600
20,-50,6677,505,6677,500
20,-50,1220,300,1220,300
20,-50,1714,611,1714,600
20,-50,4945,-384,4945,-400
20,-50,6082,-799,6082,-800
20,-50,5376,-117,5376,-100
20,-50,9772,698,9772,700
20,-50,6522,791,6522,800
20,-50,644,670,644,700
20,-50,5927,159,5927,200
20,-50,3587,985,3587,900
20,-50,7854,86,7854,100
20,-50,830,-179,830,-200
20,-50,8374,-947,8374,-900
20,-40,7905,554,7905,600
20,-40,8547,-835,8547,-800
20,-40,8757,548,8757,500
20,-40,9588,-357,9588,-400
20,-40,1599,-276,1599,-300
20,-40,2713,495,2713,500
20,-40,643,55,643,100
20,-40,1241,-345,1241,-300
20,-40,5543,885,5543,900
20,-40,6337,-481,6337,-500
20,-40,5795,-769,5795,-800
20,-40,9576,-496,9576,-500
20,-40,8735,-471,8735,-500
20,-40,5739,-266,5739,-300
20,-40,6320,190,6320,200
20,-40,5457,-846,5457,-800
20,-40,8258,831,8258,800
20,-40,736,975,736,900
20,-40,4451,747,4451,700
20,-40,7800,573,7800,600
20,-40,5050,842,5050,800
20,-40,1563,186,1563,200
20,-40,7210,243,7210,200
20,-40,6642,14,6642,0
20,-40,7797,273,7797,300
20,-40,7683,-665,7683,-700
20,-40,5357,225,5357,200
20,-40,8697,-810,8697,-800
20,-40,5004,752,5004,800
20,-40,1053,176,1053,200
20,-40,8623,855,8623,900
20,-40,7355,-839,7355,-800
20,-40,1760,-518,1760,-500
20,-40,7905,215,7905,200
20,-40,2028,-941,2028,-900
20,-40,7558,-696,7558,-700
20,-40,8240,-925,8240,-900
20,-40,2824,480,2824,500
20,-40,2764,50,2764,0
20,-40,8698,-632,8698,-600
20,-40,1855,-817,1855,-800
20,-40,9707,-778,9707,-800
20,-40,6066,-830,6066,-800
20,-40,1699,-596,1699,-600
20,-40,4478,476,4478,500
20,-40,5537,223,5537,200
20,-40,1921,67,1921,100
20,-40,4615,-43,4615,0
20,-40,4843,402,4843,400
20,-40,4291,382,4291,400
20,-40,5168,874,5168,900
20,-40,5215,-250,5215,-300
20,-40,7820,-449,7820,-400
20,-40,6644,432,6644,400
20,-40,8985,264,8985,300
20,-40,1870,620,1870,600
20,-40,9385,-907,9385,-900
20,-40,7186,-125,7186,-100
20,-40,4905,-108,4905,-100
20,-40,5461,965,5461,900
20,-40,8029,521,8029,500
20,-40,8764,-956,8764,-1000
20,-40,9874,-445,9874,-400
20,-40,6563,-347,6563,-300
20,-40,8222,-658,8222,-700
20,-40,8595,-473,8595,-500
20,-40,3632,-985,3632,-1000
20,-40,8238,922,8238,900
20,-40,2099,856,2099,900
20,-40,3093,836,3093,800
20,-40,7148,771,7148,800
20,-40,1601,135,1601,100
20,-40,1586,-316,1586,-300
20,-40,2370,259,2370,300
20,-40,2851,-518,2851,-500
20,-40,549,-415,549,-400
20,-40,3453,728,3453,700
20,-40,337,-923,337,-900
20,-40,8110,820,8110,800
20,-40,5036,-276,5036,-300
20,-40,7410,354,7410,400
20,-40,5415,-82,5415,-100
20,-40,5052,187,5052,200
20,-40,2402,-243,2402,-200
20,-40,6350,287,6350,300
20,-40,5586,-289,5586,-300
20,-40,8467,-483,8467,-500
20,-40,8556,-376,8556,-400
20,-40,1177,849,1177,800
20,-40,8998,650,8998,700
20,-40,5547,228,5547,200
20,-40,3704,763,3704,800
20,-40,4757,157,4757,200
20,-40,4276,352,4276,400
20,-40,4181,-710,4181,-700
20,-40,2110,94,2110,100
20,-40,7315,-1,7315,0
20,-40,8160,843,8160,800
20,-40,3839,871,3839,900
20,-40,6637,82,6637,100
20,-30,9009,-117,9009,-100
20,-30,2009,-777,2009,-800
20,-30,6841,812,6841,800
20,-30,7420,-969,7420,-1000
20,-30,8852,699,8852,700
20,-30,7446,25,7446,0
20,-30,4110,90,4110,100
20,-30,1651,428,1651,400
20,-30,9904,358,9904,400
20,-30,3186,-973,3186,-1000
20,-30,894,-159,894,-200
20,-30,4303,-915,4303,-900
20,-30,2221,-93,2221,-100
20,-30,5700,-295,5700,-300
20,-30,252,-493,252,-500
20,-30,8886,178,8886,200
20,-30,3373,-287,3373,-300
20,-30,3815,800,3815,800
20,-30,9059,-522,9059,-500
20,-30,5750,-475,5750,-500
20,-30,1463,-220,1463,-200
20,-30,154,-331,154,-300
20,-30,9376,162,9376,200
20,-30,4567,984,4567,900
20,-30,6847,29,6847,0
20,-30,6456,317,6456,300
20,-30,655,992,655,900
20,-30,3307,-618,3307,-600
20,-30,6688,-827,6688,-800
20,-30,957,466,957,500
20,-30,7608,-127,7608,-100
20,-30,373,-522,373,-500
20,-30,9379,909,9379,900
20,-30,7467,-59,7467,-100
20,-30,1762,-552,1762,-600
20,-30,4859,-488,4859,-500
20,-30,4545,456,4545,500
20,-30,4154,-221,4154,-200
20,-30,9965,116,9965,100
20,-30,3121,-949,3121,-900
20,-30,413,572,413,600
20,-30,4139,-202,4139,-200
20,-30,957,-363,957,-400
20,-30,273,565,273,600
20,-30,3994,-880,3994,-900
20,-30,867,-787,867,-800
20,-30,5659,127,5659,100
20,-30,586,805,586,800
20,-30,7179,79,7179,100
20,-30,2049,-678,2049,-700
20,-30,8704,45,8704,0
20,-30,9428,-474,9428,-500
20,-30,3187,-132,3187,-100
20,-30,492,625,492,600
20,-30,8303,-32,8303,0
20,-30,8988,605,8988,600
20,-30,8336,-691,8336,-700
20,-30,2788,683,2788,700
20,-30,5170,-902,5170,-900
20,-30,849,46,849,0
20,-30,2049,-902,2049,-900
20,-30,6593,535,6593,500
20,-30,3339,-447,3339,-400
20,-30,3771,203,3771,200
20,-30,8847,809,8847,800
20,-30,514,-391,514,-400
20,-30,2412,-923,2412,-900
20,-30,3873,800,3873,800
20,-30,7848,-367,7848,-400
20,-30,9703,-927,9703,-900
20,-30,8254,435,8254,400
20,-30,5142,183,5142,200
20,-30,4728,-455,4728,-500
20,-30,4553,-987,4553,-1000
20,-30,4497,-943,4497,-900
20,-30,7718,644,7718,600
20,-30,740,-245,740,-200
20,-30,1478,441,1478,400
20,-30,1486,-443,1486,-400
20,-30,8774,-475,8774,-500
20,-30,6997,-33,6997,0
20,-30,7337,932,7337,900
20,-30,2810,-195,2810,-200
20,-30,1952,423,1952,400
20,-30,3789,-625,3789,-600
20,-30,3660,-129,3660,-100
20,-30,5052,-239,5052,-200
20,-30,6466,-807,6466,-800
20,-30,4106,-614,4106,-600
20,-30,4167,959,4167,900
20,-30,5782,-703,5782,-700
20,-30,1079,784,1079,800
20,-30,1761,279,1761,300
20,-30,5506,-215,5506,-200
20,-30,4267,-99,4267,-100
20,-30,9312,612,9312,600
20,-30,8859,969,8859,900
20,-30,1779,-499,1779,-500
20,-30,475,565,475,600
20,-30,80,-982,80,-1000
20,-20,816,-260,816,-300
20,-20,7935,135,7935,100
20,-20,1218,-7,1218,0
20,-20,9574,36,9574,0
20,-20,8507,-445,8507,-400
20,-20,693,311,693,300
20,-20,7540,66,7540,100
20,-20,966,-883,966,-900
20,-20,4318,528,4318,500
20,-20,9189,372,9189,400
20,-20,8187,56,8187,100
20,-20,5432,-750,5432,-700
20,-20,2273,780,2273,800
20,-20,9763,-880,9763,-900
20,-20,7335,-36,7335,0
20,-20,9504,618,9504,600
20,-20,8463,278,8463,300
20,-20,616,-699,616,-700
20,-20,9054,-577,9054,-600
20,-20,6001,554,6001,600
20,-20,5320,-531,5320,-500
20,-20,9671,-835,9671,-800
20,-20,3374,-415,3374,-400
20,-20,8622,122,8622,100
20,-20,9144,-280,9144,-300
20,-20,4319,562,4319,600
20,-20,2423,-725,2423,-700
20,-20,916,-657,916,-700
20,-20,7639,-113,7639,-100
20,-20,8199,-114,8199,-100
20,-20,8877,-157,8877,-200
20,-20,9497,-205,9497,-200
20,-20,5002,-216,5002,-200
20,-20,6608,-58,6608,-100
20,-20,4799,-217,4799,-200
20,-20,9933,189,9933,200
20,-20,5603,56,5603,100
20,-20,1044,843,1044,800
20,-20,3967,-450,3967,-500
20,-20,823,292,823,300
20,-20,7407,-361,7407,-400
20,-20,9765,-641,9765,-600
20,-20,2265,114,2265,100
20,-20,3356,943,3356,900
20,-20,4421,-977,4421,-1000
20,-20,7183,276,7183,300
20,-20,2895,477,2895,500
20,-20,8806,-991,8806,-1000
20,-20,517,-483,517,-500
20,-20,7913,734,7913,700
20,-20,306,570,306,600
20,-20,6776,-106,6776,-100
20,-20,5850,628,5850,600
20,-20,8394,787,8394,800
20,-20,4850,-180,4850,-200
20,-20,1043,-357,1043,-400
20,-20,797,696,797,700
20,-20,5073,993,5073,900
20,-20,1407,-24,1407,0
20,-20,3552,524,3552,500
20,-20,2383,-544,2383,-500
20,-20,725,76,725,100
20,-20,9553,-758,9553,-800
20,-20,8491,-989,8491,-1000
20,-20,7758,564,7758,600
20,-20,9399,859,9399,900
20,-20,1930,498,1930,500
20,-20,5202,332,5202,300
20,-20,9750,-472,9750,-500
20,-20,8664,-443,8664,-400
20,-20,9626,454,9626,500
20,-20,6455,-422,6455,-400
20,-20,4960,-813,4960,-800
20,-20,3000,3,3000,0
20,-20,7867,-700,7867,-700
20,-20,4844,808,4844,800
20,-20,4983,992,4983,900
20,-20,5535,-274,5535,-300
20,-20,7546,-940,7546,-900
20,-20,4428,-383,4428,-400
20,-20,6101,293,6101,300
20,-20,6310,-795,6310,-800
20,-20,3711,194,3711,200
20,-20,553,-977,553,-1000
20,-20,3459,-647,3459,-600
20,-20,1511,-277,1511,-300
20,-20,3701,-467,3701,-500
20,-20,5386,-156,5386,-200
20,-20,1572,-242,1572,-200
20,-20,4400,-73,4400,-100
20,-20,343,91,343,100
20,-20,3096,-920,3096,-900
20,-20,8,-933,8,-900
20,-20,3793,-610,3793,-600
20,-20,4821,-211,4821,-200
20,-20,222,-609,222,-600
20,-20,7395,343,7395,300
20,-20,9910,-852,9910,-900
20,-20,392,-3,392,0
20,-20,3752,-979,3752,-1000
20,-10,1069,-158,1069,-200
20,-10,2674,88,2674,100
20,-10,2531,821,2531,800
20,-10,5290,473,5290,500
20,-10,9100,-824,9100,-800
20,-10,7434,-678,7434,-700
20,-10,5070,771,5070,800
20,-10,2265,296,2265,300
20,-10,9088,139,9088,100
20,-10,1095,-425,1095,-400
20,-10,8662,688,8662,700
20,-10,5422,66,5422,100
20,-10,4742,567,4742,600
20,-10,7400,849,7400,800
20,-10,562,-797,562,-800
20,-10,6161,-363,6161,-400
20,-10,5961,535,5961,500
20,-10,3262,764,3262,800
20,-10,3193,-418,3193,-400
20,-10,259,96,259,100
20,-10,8539,-859,8539,-900
20,-10,6700,-389,6700,-400
20,-10,8418,-615,8418,-600
20,-10,6730,62,6730,100
20,-10,5944,-777,5944,-800
20,-10,6778,994,6778,900
20,-10,1666,935,1666,900
20,-10,8046,-548,8046,-500
20,-10,1029,274,1029,300
20,-10,7699,-886,7699,-900
20,-10,4523,-283,4523,-300
20,-10,6695,-817,6695,-800
20,-10,5950,639,5950,600
20,-10,4499,-958,4499,-1000
20,-10,5091,-432,5091,-400
20,-10,2424,647,2424,600
20,-10,6627,-296,6627,-300
20,-10,6739,890,6739,900
20,-10,755,-774,755,-800
20,-10,7212,332,7212,300
20,-10,1762,538,1762,500
20,-10,7603,329,7603,300
20,-10,5675,502,5675,500
20,-10,4657,-688,4657,-700
20,-10,3015,-833,3015,-800
20,-10,2880,-814,2880,-800
20,-10,2829,844,2829,800
20,-10,2858,-815,2858,-800
20,-10,9415,753,9415,800
20,-10,7165,-565,7165,-600
20,-10,9312,-420,9312,-400
20,-10,2859,-943,2859,-900
20,-10,5319,-251,5319,-300
20,-10,3421,-513,3421,-500
20,-10,6791,378,6791,400
20,-10,2669,359,2669,400
20,-10,9360,-334,9360,-300
20,-10,5485,-493,5485,-500
20,-10,1862,484,1862,500
20,-10,793,-46,793,0
20,-10,4903,-916,4903,-900
20,-10,1899,-96,1899,-100
20,-10,2194,261,2194,300
20,-10,6792,94,6792,100
20,-10,758,-568,758,-600
20,-10,7446,-491,7446,-500
20,-10,644,997,644,900
20,-10,3353,-324,3353,-300
20,-10,5062,-797,5062,-800
20,-10,6430,123,6430,100
20,-10,5381,-978,5381,-1000
20,-10,6243,-667,6243,-700
20,-10,3440,971,3440,900
20,-10,5618,968,5618,900
20,-10,8704,14,8704,0
20,-10,4397,147,4397,200
20,-10,9817,593,9817,600
20,-10,6477,-159,6477,-200
20,-10,5049,-388,5049,-400
20,-10,2770,-935,2770,-900
20,-10,6378,96,6378,100
20,-10,3641,-543,3641,-500
20,-10,2740,629,2740,600
20,-10,3928,-903,3928,-900
20,-10,7453,-105,7453,-100
20,-10,7675,-860,7675,-900
20,-10,9256,869,9256,900
20,-10,6676,23,6676,0
20,-10,8787,980,8787,900
20,-10,9685,-680,9685,-700
20,-10,6788,620,6788,600
20,-10,8580,548,8580,500
20,-10,927,895,927,900
20,-10,2314,99,2314,100
20,-10,8555,-553,8555,-600
20,-10,919,497,919,500
20,-10,7257,-710,7257,-700
20,-10,3227,-760,3227,-800
20,-10,4001,617,4001,600
20,-10,3494,839,3494,800
20,0,9401,-724,9401,-700
20,0,1113,-370,1113,-400
20,0,5103,-135,5103,-100
20,0,5569,-982,5569,-1000
20,0,4072,897,4072,900
20,0,4232,-150,4232,-100
20,0,702,-126,702,-100
20,0,6476,986,6476,900
20,0,4258,395,4258,400
20,0,9117,-517,9117,-500
20,0,8696,562,8696,600
20,0,1794,978,1794,900
20,0,6637,-700,6637,-700
20,0,1882,-581,1882,-600
20,0,1294,-46,1294,-100
20,0,2636,197,2636,200
20,0,9723,862,9723,900
20,0,4617,579,4617,600
20,0,4773,-943,4773,-1000
20,0,6522,-917,6522,-900
20,0,7706,-590,7706,-600
20,0,2741,-221,2741,-200
20,0,9973,-865,9973,-900
20,0,7785,-990,7785,-1000
20,0,9125,664,9125,700
20,0,3251,344,3251,300
20,0,6322,787,6322,800
20,0,7434,890,7434,900
20,0,7712,-683,7712,-700
20,0,5471,256,5471,300
20,0,9418,-648,9418,-700
20,0,7252,595,7252,600
20,0,2874,811,2874,800
20,0,3131,328,3131,300
20,0,5283,103,5283,100
20,0,6302,553,6302,600
20,0,4367,-625,4367,-600
20,0,9880,-557,9880,-600
20,0,2595,-306,2595,-300
20,0,3846,728,3846,700
20,0,2599,-501,2599,-500
20,0,5032,316,5032,300
20,0,3123,132,3123,100
20,0,7440,306,7440,300
20,0,4774,975,4774,900
20,0,759,80,759,100
20,0,4500,-834,4500,-800
20,0,1539,-333,1539,-300
20,0,987,438,987,400
20,0,9724,-247,9724,-200
20,0,5324,383,5324,400
20,0,8597,-706,8597,-700
20,0,2480,-764,2480,-800
20,0,5681,-313,5681,-300
20,0,1674,389,1674,400
20,0,4268,373,4268,400
20,0,5881,-983,5881,-1000
20,0,662,150,662,200
20,0,4518,396,4518,400
20,0,1307,-706,1307,-700
20,0,2481,-113,2481,-100
20,0,1948,528,1948,500
20,0,1750,-274,1750,-300
20,0,6672,-481,6672,-500
20,0,9442,270,9442,300
20,0,7425,-663,7425,-700
20,0,3753,414,3753,400
20,0,3264,-934,3264,-900
20,0,1407,770,1407,800
20,0,6204,991,6204,900
20,0,7852,-922,7852,-900
20,0,3425,-44,3425,0
20,0,5153,-492,5153,-500
20,0,5363,-543,5363,-600
20,0,1555,127,1555,100
20,0,1968,-957,1968,-1000
20,0,667,172,667,200
20,0,410,559,410,600
20,0,9687,451,9687,400
20,0,9916,405,9916,400
20,0,9901,-314,9901,-300
20,0,2832,56,2832,100
20,0,2250,-422,2250,-400
20,0,1139,-827,1139,-800
20,0,892,897,892,900
20,0,1238,439,1238,400
20,0,5411,-120,5411,-100
20,0,7081,-267,7081,-300
20,0,9950,321,9950,300
20,0,2133,413,2133,400
20,0,7277,967,7277,900
20,0,7008,-575,7008,-600
20,0,5179,-624,5179,-600
20,0,2442,162,2442,200
20,0,2676,368,2676,400
20,0,8696,-571,8696,-600
20,0,8738,-437,8738,-400
20,0,7788,718,7788,700
20,0,8002,-631,8002,-600
20,0,6266,-5,6266,0
20,10,6475,307,6475,300
20,10,893,-911,893,-900
20,10,6235,994,6235,900
20,10,5948,246,5948,200
20,10,5506,-299,5506,-300
20,10,4329,-107,4329,-100
20,10,5462,-678,5462,-600
20,10,277,-176,277,-200
20,10,3434,392,3434,400
20,10,593,-807,593,-800
20,10,2881,-16,2881,0
20,10,9600,714,9600,700
20,10,4044,-461,4044,-500
20,10,8213,-116,8213,-100
20,10,1174,-219,1174,-200
20,10,5551,-619,5551,-600
20,10,9613,-455,9613,-500
20,10,9929,565,9929,600
20,10,2892,-350,2892,-300
20,10,1318,337,1318,400
20,10,5176,-945,5176,-1000
20,10,8830,939,8830,900
20,10,8848,282,8848,300
20,10,5607,-421,5607,-400
20,10,1298,470,1298,500
20,10,7131,-818,7131,-800
20,10,1678,659,1678,700
20,10,7347,-604,7347,-600
20,10,7927,-556,7927,-500
20,10,4298,40,4298,0
20,10,2973,-613,2973,-600
20,10,5166,479,5166,500
20,10,8007,55,8007,0
20,10,7535,356,7535,300
20,10,4605,-275,4605,-300
20,10,8921,-148,8921,-200
20,10,3420,882,3420,900
20,10,7963,949,7963,900
20,10,2824,-249,2824,-200
20,10,4569,-85,4569,-100
20,10,2164,-582,2164,-600
20,10,1715,-895,1715,-900
20,10,6046,-743,6046,-700
20,10,4876,-216,4876,-200
20,10,9094,-514,9094,-500
20,10,7307,469,7307,500
20,10,8027,849,8027,900
20,10,66,906,66,900
20,10,7404,826,7404,800
20,10,2133,339,2133,400
20,10,5184,729,5184,800
20,10,1113,-955,1113,-900
20,10,2418,-989,2418,-1000
20,10,743,132,743,100
20,10,352,540,352,500
20,10,2499,680,2499,700
20,10,1829,490,1829,500
20,10,5194,507,5194,500
20,10,5141,585,5141,600
20,10,8944,784,8944,800
20,10,1927,423,1927,400
20,10,6729,-127,6729,-100
20,10,4234,-201,4234,-200
20,10,7793,-658,7793,-600
20,10,2696,-997,2696,-1000
20,10,9477,714,9477,700
20,10,842,549,842,600
20,10,75,439,75,500
20,10,9682,-52,9682,-100
20,10,3776,115,3776,100
20,10,6556,-621,6556,-600
20,10,6445,-374,6445,-400
20,10,6012,-84,6012,-100
20,10,2605,947,2605,900
20,10,8657,-192,8657,-200
20,10,9728,-483,9728,-500
20,10,1465,-467,1465,-500
20,10,927,340,927,300
20,10,4911,-833,4911,-800
20,10,9608,334,9608,300
20,10,2091,106,2091,100
20,10,8841,-559,8841,-600
20,10,7456,419,7456,400
20,10,6540,-354,6540,-300
20,10,8022,-679,8022,-700
20,10,8628,629,8628,600
20,10,8728,-308,8728,-300
20,10,3425,-655,3425,-700
20,10,5448,-75,5448,-100
20,10,9422,972,9422,900
20,10,6769,450,6769,400
20,10,5147,-307,5147,-300
20,10,8671,707,8671,700
20,10,8276,-184,8276,-200
20,10,6670,245,6670,200
20,10,5445,-839,5445,-800
20,10,2981,401,2981,400
20,10,2042,-95,2042,-100
20,10,4484,-802,4484,-800
20,10,739,87,739,100
20,20,8516,-876,8516,-900
20,20,9360,-756,9360,-700
20,20,4311,739,4311,800
20,20,4482,572,4482,600
20,20,2865,-467,2865,-400
20,20,6186,-183,6186,-100
20,20,319,-851,319,-900
20,20,9727,107,9727,100
20,20,9931,-51,9931,-100
20,20,2405,-216,2405,-300
20,20,4733,448,4733,400
20,20,7264,-586,7264,-700
20,20,1558,58,1559,100
20,20,3173,118,3173,100
20,20,4844,220,4844,100
20,20,7762,-504,7762,-500
20,20,5990,516,5990,500
20,20,4223,-529,4223,-600
20,20,7336,-340,7336,-400
20,20,6593,339,6593,300
20,20,2828,689,2828,700
20,20,3072,503,3072,500
20,20,2563,993,2563,900
20,20,5965,517,5965,600
20,20,198,-325,198,-300
20,20,4215,-375,4215,-300
20,20,7259,-348,7259,-400
20,20,9310,-838,9310,-900
20,20,7750,-272,7750,-200
20,20,4099,612,4099,700
20,20,7490,-19,7490,0
20,20,9101,-651,9102,-700
20,20,218,756,218,800
20,20,8189,-185,8189,-200
20,20,2425,796,2425,700
20,20,3603,-316,3603,-300
20,20,1004,-462,1004,-500
20,20,2242,-27,2242,100
20,20,8171,31,8171,0
20,20,4653,-594,4653,-500
20,20,4316,112,4316,0
20,20,36,296,36,300
20,20,1245,-230,1245,-200
20,20,7041,-889,7041,-900
20,20,3033,-443,3033,-500
20,20,6979,760,6978,800
20,20,3783,832,3783,800
20,20,3026,-283,3026,-200
20,20,5715,-683,5715,-600
20,20,8105,18,8105,0
20,20,1547,668,1547,700
20,20,1989,-410,1989,-400
20,20,4943,289,4943,300
20,20,4460,-186,4460,-200
20,20,6890,892,6890,900
20,20,3433,361,3433,400
20,20,3953,334,3953,300
20,20,5959,-472,5959,-500
20,20,8694,-885,8694,-1000
20,20,8458,-579,8458,-500
20,20,7275,-988,7275,-1000
20,20,1816,156,1816,100
20,20,7521,533,7521,500
20,20,1328,601,1328,600
20,20,5239,-401,5239,-500
20,20,2908,-328,2908,-300
20,20,5612,950,5612,900
20,20,5302,-705,5302,-700
20,20,4349,251,4349,300
20,20,2718,-947,2718,-1000
20,20,3771,7,3771,-100
20,20,899,-112,899,-100
20,20,9614,39,9615,0
20,20,1774,-475,1774,-500
20,20,5847,812,5847,800
20,20,29,481,29,600
20,20,1570,898,1570,900
20,20,9094,-603,9094,-500
20,20,1827,-691,1827,-700
20,20,3991,-128,3991,-100
20,20,6647,-398,6647,-400
20,20,3616,203,3616,200
20,20,4044,-500,4044,-500
20,20,1798,742,1798,700
20,20,9031,-429,9031,-500
20,20,9022,-450,9022,-500
20,20,4180,705,4180,800
20,20,2566,-286,2566,-200
20,20,9795,-792,9795,-800
20,20,617,34,617,100
20,20,9402,-328,9402,-300
20,20,4997,740,4997,800
20,20,3908,956,3908,900
20,20,9082,270,9082,300
20,20,227,80,227,100
20,20,5623,241,5623,300
20,20,1928,-94,1928,0
20,20,1331,-5,1331,100
20,20,5759,922,5759,900
20,20,354,-132,354,-100
20,30,3510,52,8038,600
20,30,9493,-953,8038,600
20,30,8019,-915,8038,600
20,30,742,-162,8038,600
20,30,7189,2,8038,600
20,30,7628,-746,8038,600
20,30,8194,134,8194,100
20,30,6863,221,8038,600
20,30,8269,-397,8038,600
20,30,507,-494,8038,600
20,30,4362,717,8038,600
20,30,116,-970,8038,600
20,30,95,218,8038,600
20,30,6037,276,8038,600
20,30,3612,-552,8038,600
20,30,1545,59,8038,600
20,30,8287,152,8038,600
20,30,590,792,8038,600
20,30,9296,-337,8038,600
20,30,4127,150,8038,600
20,30,6846,281,6846,300
20,30,5814,-709,8038,600
20,30,5606,97,8038,600
20,30,6672,-546,8038,600
20,30,3299,-646,8038,600
20,30,8327,-988,8038,600
20,30,1125,367,8038,600
20,30,4691,-351,8038,600
20,30,9467,137,8038,600
20,30,5427,-328,8038,600
20,30,32,-640,8038,600
20,30,1867,-777,8038,600
20,30,6534,-695,8038,600
20,30,3676,-171,8038,600
20,30,7769,66,8038,600
20,30,2745,-215,8038,600
20,30,3884,828,8038,600
20,30,3275,-358,8038,600
20,30,4463,408,8038,600
20,30,5286,645,8038,600
20,30,2364,-840,8038,600
20,30,8036,-219,8038,500
20,30,9505,513,8038,600
20,30,9231,862,8038,600
20,30,4554,530,8038,600
20,30,8130,496,8038,600
20,30,9656,-743,8038,600
20,30,4349,-767,8038,600
20,30,5715,-798,8038,600
20,30,7640,-953,8038,600
20,30,5601,-626,8038,600
20,30,5605,-550,8038,600
20,30,8374,-345,8038,600
20,30,4475,-88,8038,600
20,30,2939,337,8038,600
20,30,8820,-79,8038,600
20,30,6821,-416,8038,600
20,30,5089,311,8038,600
20,30,1587,-148,8038,600
20,30,9276,-91,8038,600
20,30,3022,597,8038,600
20,30,9944,-56,8038,600
20,30,9328,-744,8038,600
20,30,2310,-929,8038,600
20,30,6877,-519,8038,600
20,30,6388,-488,8038,600
20,30,622,-977,8038,600
20,30,2141,139,8038,600
20,30,686,-323,8038,600
20,30,667,-756,8038,600
20,30,9299,756,8038,600
20,30,5450,511,8038,600
20,30,6005,6,8038,600
20,30,9399,-362,8038,600
20,30,4881,589,8038,600
20,30,7856,-29,8038,600
20,30,2928,540,2931,300
20,30,4821,-663,4821,-300
20,30,8039,-351,8038,600
20,30,7308,-497,8038,600
20,30,5750,-119,8038,600
20,30,6613,639,8038,600
20,30,7892,506,8038,600
20,30,7487,-749,8038,600
20,30,5666,-586,8038,600
20,30,8315,-302,8038,600
20,30,6616,-669,8038,600
20,30,6209,579,8038,600
20,30,9423,-951,8038,600
20,30,1419,217,8038,600
20,30,3516,923,8038,600
20,30,1370,438,1368,600
20,30,2232,878,8038,600
20,30,3014,721,8038,600
20,30,6385,637,8038,600
20,30,5645,-465,8038,600
20,30,5880,-102,8038,600
20,30,3007,495,8038,600
20,30,3154,110,8038,600
20,30,1163,879,8038,600
20,40,4873,-467,8038,600
20,40,8376,89,8038,600
20,40,2519,-567,8038,600
20,40,8659,661,8038,600
20,40,3840,876,8038,600
20,40,2719,78,8038,600
20,40,4613,526,8038,600
20,40,9915,-774,8038,600
20,40,8619,-267,8038,600
20,40,5819,908,8038,600
20,40,4516,179,8038,600
20,40,8700,-820,8038,600
20,40,7911,286,8038,600
20,40,108,-229,8038,600
20,40,4031,656,8038,600
20,40,6837,-811,8038,600
20,40,3164,-475,8038,600
20,40,9365,240,8038,600
20,40,9161,-234,8038,600
20,40,4332,-535,8038,600
20,40,1455,700,8038,600
20,40,7386,-504,8038,600
20,40,614,-578,8038,600
20,40,9392,709,8038,600
20,40,7020,-922,8038,600
20,40,1153,-895,8038,600
20,40,3578,486,8038,600
20,40,3159,-579,8038,600
20,40,3323,875,8038,600
20,40,6728,625,8038,600
20,40,4332,-177,8038,600
20,40,4991,-332,8038,600
20,40,282,-198,8038,600
20,40,1035,-433,8038,600
20,40,7896,354,8038,600
20,40,4865,992,8038,600
20,40,7201,693,8038,600
20,40,570,-872,8038,600
20,40,82,958,8038,600
20,40,7041,804,8038,600
20,40,5595,997,8038,600
20,40,2963,-987,8038,600
20,40,8869,-181,8038,600
20,40,9025,-122,8038,600
20,40,1978,475,8038,600
20,40,1620,-469,8038,600
20,40,3733,153,8038,600
20,40,5714,-412,8038,600
20,40,5896,215,8038,600
20,40,5777,-737,8038,600
20,40,7847,-525,8038,600
20,40,8840,635,8038,600
20,40,7013,772,8038,600
20,40,4536,-284,8038,600
20,40,3039,-750,8038,600
20,40,9689,619,8038,600
20,40,3858,-257,8038,600
20,40,7376,742,8038,600
20,40,4977,-727,8038,600
20,40,6203,222,8038,600
20,40,8740,711,8038,600
20,40,4566,-485,8038,600
20,40,8374,-470,8038,600
20,40,6527,-621,8038,600
20,40,5374,868,8038,600
20,40,8029,710,8038,600
20,40,7819,-235,8038,600
20,40,6714,-646,8038,600
20,40,8012,-127,8038,600
20,40,4475,805,8038,600
20,40,3313,-680,8038,600
20,40,3771,92,8038,600
20,40,6112,572,8038,600
20,40,5260,930,8038,600
20,40,1241,-468,8038,600
20,40,7686,300,8038,600
20,40,8697,484,8038,600
20,40,1519,802,8038,600
20,40,7921,859,8038,600
20,40,8504,-801,8038,600
20,40,6857,-469,8038,600
20,40,5301,375,8038,600
20,40,1308,822,8038,600
20,40,5295,527,8038,600
20,40,7448,-802,8038,600
20,40,4870,890,8038,600
20,40,8792,806,8038,600
20,40,3927,472,8038,600
20,40,4156,-334,8038,600
20,40,1162,-29,8038,600
20,40,2005,-58,8038,600
20,40,2525,124,8038,600
20,40,7469,196,8038,600
20,40,7191,124,8038,600
20,40,5905,-864,8038,600
20,40,8290,775,8038,600
20,40,9274,119,8038,600
20,40,7477,-955,8038,600
20,40,732,-331,8038,600
20,40,5898,442,8038,600
20,50,3168,-784,8038,600
20,50,4833,966,8038,600
20,50,3769,-769,8038,600
20,50,3403,-941,8038,600
20,50,8111,-693,8038,600
20,50,7429,-418,8038,600
20,50,4951,-287,8038,600
20,50,799,-198,8038,600
20,50,2913,629,8038,600
20,50,3570,171,8038,600
20,50,5503,-435,8038,600
20,50,6174,-311,8038,600
20,50,1320,-445,8038,600
20,50,7742,107,8038,600
20,50,5389,939,8038,600
20,50,7933,-177,8038,600
20,50,5392,-409,8038,600
20,50,4968,789,8038,600
20,50,3657,-61,8038,600
20,50,8148,979,8038,600
20,50,5013,269,8038,600
20,50,3273,799,8038,600
20,50,6019,-939,8038,600
20,50,7730,-299,8038,600
20,50,4757,-897,8038,600
20,50,724,-586,8038,600
20,50,4874,474,8038,600
20,50,2603,737,8038,600
20,50,4229,-815,8038,600
20,50,6539,764,8038,600
20,50,2708,705,8038,600
20,50,2810,86,8038,600
20,50,1953,501,8038,600
20,50,4233,723,8038,600
20,50,7343,184,8038,600
20,50,1914,-741,8038,600
20,50,9059,-749,8038,600
20,50,7152,-809,8038,600
20,50,7018,-316,8038,600
20,50,6564,-624,8038,600
20,50,9049,-394,8038,600
20,50,7566,-662,8038,600
20,50,3108,-224,8038,600
20,50,882,-350,8038,600
20,50,6932,-274,8038,600
20,50,4209,-635,8038,600
20,50,1492,-336,8038,600
20,50,3464,-657,8038,600
20,50,1215,-904,8038,600
20,50,8275,966,8038,600
20,50,395,-968,8038,600
20,50,8081,568,8038,600
20,50,3186,-879,8038,600
20,50,2370,692,8038,600
20,50,412,989,8038,600
20,50,7058,314,8038,600
20,50,4329,-929,8038,600
20,50,6997,210,8038,600
20,50,1253,948,8038,600
20,50,9991,632,8038,600
20,50,7024,-866,8038,600
20,50,4402,694,8038,600
20,50,6641,70,8038,600
20,50,4388,808,8038,600
20,50,8432,449,8038,600
20,50,7021,522,8038,600
20,50,2766,26,8038,600
20,50,1047,-319,8038,600
20,50,7413,-963,8038,600
20,50,9766,451,8038,600
20,50,3797,-629,8038,600
20,50,5114,-790,8038,600
20,50,776,-929,8038,600
20,50,7569,713,8038,600
20,50,380,-329,8038,600
20,50,6868,-314,8038,600
20,50,6766,-837,8038,600
20,50,5594,-691,8038,600
20,50,9663,-38,8038,600
20,50,2507,-417,8038,600
20,50,3546,39,8038,600
20,50,7446,-264,8038,600
20,50,9502,-987,8038,600
20,50,2055,455,8038,600
20,50,9986,-281,8038,600
20,50,9635,310,8038,600
20,50,576,-857,8038,600
20,50,9324,228,8038,600
20,50,8398,-769,8038,600
20,50,9953,-238,8038,600
20,50,763,263,8038,600
20,50,5066,-704,8038,600
20,50,6379,985,8038,600
20,50,1540,505,8038,600
20,50,799,-87,8038,600
20,50,3752,207,8038,600
20,50,3669,559,8038,600
20,50,1876,-397,8038,600
20,50,4289,-727,8038,600
20,50,5768,680,8038,600
30,-100,3426,278,3426,300
30,-100,597,582,597,600
30,-100,4839,438,4839,400
30,-100,7793,-588,7793,-600
30,-100,7885,-682,7885,-700
30,-100,606,700,606,700
30,-100,8158,-805,8158,-800
30,-100,6196,-126,6196,-100
30,-100,7806,968,7806,900
30,-100,6090,306,6090,300
30,-100,9991,-163,9991,-200
30,-100,1645,210,1645,200
30,-100,2114,-521,2114,-500
30,-100,1234,-85,1234,-100
30,-100,4519,-322,4519,-300
30,-100,1367,-155,1367,-200
30,-100,905,-567,905,-600
30,-100,7108,-506,7108,-500
30,-100,53,-28,53,0
30,-100,865,-605,865,-600
30,-100,3050,559,3050,600
30,-100,6108,-696,6108,-700
30,-100,58,-246,58,-200
30,-100,9585,166,9585,200
30,-100,6909,-448,6909,-400
30,-100,7758,-286,7758,-300
30,-100,267,-709,267,-700
30,-100,3649,949,3649,900
30,-100,8428,176,8428,200
30,-100,7701,973,7701,900
30,-100,8434,827,8434,800
30,-100,3609,2,3609,0
30,-100,5286,-548,5286,-500
30,-100,3868,-826,3868,-800
30,-100,4022,44,4022,0
30,-100,5540,-631,5540,-600
30,-100,3451,-87,3451,-100
30,-100,101,278,101,300
30,-100,2806,80,2806,100
30,-100,6779,307,6779,300
30,-100,8479,129,8479,100
30,-100,3838,216,3838,200
30,-100,3939,808,3939,800
30,-100,7767,-539,7767,-500
30,-100,8267,-866,8267,-900
30,-100,5138,610,5138,600
30,-100,8248,5,8248,0
30,-100,6329,906,6329,900
30,-100,974,-371,974,-400
30,-100,712,820,712,800
30,-100,8771,-971,8771,-1000
30,-100,2641,437,2641,400
30,-100,6790,-369,6790,-400
30,-100,9569,307,9569,300
30,-100,2929,-81,2929,-100
30,-100,668,-174,668,-200
30,-100,5428,621,5428,600
30,-100,6237,631,6237,600
30,-100,3522,629,3522,600
30,-100,6796,-285,6796,-300
30,-100,8858,477,8858,500
30,-100,7084,-892,7084,-900
30,-100,8096,973,8096,900
30,-100,1887,521,1887,500
30,-100,7982,40,7982,0
30,-100,8663,-424,8663,-400
30,-100,4025,381,4025,400
30,-100,7291,-928,7291,-900
30,-100,322,328,322,300
30,-100,4084,-29,4084,0
30,-100,4536,-65,4536,-100
30,-100,4141,-92,4141,-100
30,-100,4665,858,4665,900
30,-100,6193,505,6193,500
30,-100,6508,-435,6508,-400
30,-100,1836,-385,1836,-400
30,-100,1473,-371,1473,-400
30,-100,9642,327,9642,300
30,-100,2743,753,2743,800
30,-100,7422,-148,7422,-100
30,-100,2759,6,2759,0
30,-100,7187,-340,7187,-300
30,-100,6465,-44,6465,0
30,-100,8041,25,8041,0
30,-100,4653,444,4653,400
30,-100,9258,-982,9258,-1000
30,-100,7834,-589,7834,-600
30,-100,8397,502,8397,500
30,-100,5276,-359,5276,-400
30,-100,4366,-504,4366,-500
30,-100,5165,-70,5165,-100
30,-100,7670,641,7670,600
30,-100,4687,594,4687,600
30,-100,8875,-458,8875,-500
30,-100,6437,857,6437,900
30,-100,1691,481,1691,500
30,-100,2200,523,2200,500
30,-100,3698,-54,3698,-100
30,-100,8873,363,8873,400
30,-100,9927,447,9927,400
30,-90,6126,-844,6126,-800
30,-90,5450,-391,5450,-400
30,-90,1692,190,1692,200
30,-90,5768,-865,5768,-900
30,-90,4632,-554,4632,-600
30,-90,3902,388,3902,400
30,-90,61,379,61,400
30,-90,5573,-357,5573,-400
30,-90,7439,525,7439,500
30,-90,8229,498,8229,500
30,-90,28,613,28,600
30,-90,7438,-513,7438,-500
30,-90,7236,-192,7236,-200
30,-90,6710,87,6710,100
30,-90,830,697,830,700
30,-90,7745,-523,7745,-500
30,-90,2352,113,2352,100
30,-90,7385,740,7385,700
30,-90,8112,-464,8112,-500
30,-90,5971,-954,5971,-1000
30,-90,4215,150,4215,100
30,-90,9940,-116,9940,-100
30,-90,3171,-273,3171,-300
30,-90,8992,822,8992,800
30,-90,6673,267,6673,300
30,-90,3277,-954,3277,-1000
30,-90,8047,569,8047,600
30,-90,4517,350,4517,400
30,-90,52,-235,52,-200
30,-90,5637,-142,5637,-100
30,-90,2425,992,2425,900
30,-90,2551,659,2551,700
30,-90,3212,467,3212,500
30,-90,8496,-451,8496,-500
30,-90,1356,601,1356,600
30,-90,5472,782,5472,800
30,-90,6999,620,6999,600
30,-90,2291,-162,2291,-200
30,-90,6247,-41,6247,0
30,-90,4890,-524,4890,-500
30,-90,1223,-141,1223,-100
30,-90,2048,-218,2048,-200
30,-90,3342,-17,3342,0
30,-90,1346,19,1346,0
30,-90,6015,995,6015,900
30,-90,294,315,294,300
30,-90,8259,860,8259,900
30,-90,5231,387,5231,400
30,-90,6765,948,6765,900
30,-90,4583,738,4583,700
30,-90,4225,-348,4225,-300
30,-90,587,-541,587,-500
30,-90,7150,-399,7150,-400
30,-90,3457,908,3457,900
30,-90,9267,943,9267,900
30,-90,5259,-906,5259,-900
30,-90,3381,869,3381,900
30,-90,4925,491,4925,500
30,-90,2727,-2,2727,0
30,-90,2603,-748,2603,-700
30,-90,9134,-335,9134,-300
30,-90,6436,603,6436,600
30,-90,763,-444,763,-400
30,-90,2489,-750,2489,-700
30,-90,6828,-567,6828,-600
30,-90,5229,-538,5229,-500
30,-90,8512,889,8512,900
30,-90,7163,-585,7163,-600
30,-90,406,610,406,600
30,-90,7191,373,7191,400
30,-90,2564,-834,2564,-800
30,-90,5273,-416,5273,-400
30,-90,2467,-926,2467,-900
30,-90,9535,665,9535,700
30,-90,1167,88,1167,100
30,-90,7692,779,7692,800
30,-90,9405,-363,9405,-400
30,-90,4411,-341,4411,-300
30,-90,9344,-77,9344,-100
30,-90,8200,-557,8200,-600
30,-90,147,-338,147,-300
30,-90,4584,-276,4584,-300
30,-90,2559,213,2559,200
30,-90,6219,-571,6219,-600
30,-90,6144,-67,6144,-100
30,-90,3769,933,3769,900
30,-90,2066,-232,2066,-200
30,-90,1201,573,1201,600
30,-90,6782,-579,6782,-600
30,-90,2041,179,2041,200
30,-90,3256,952,3256,900
30,-90,9311,-515,9311,-500
30,-90,1162,194,1162,200
30,-90,8331,993,8331,900
30,-90,9050,-516,9050,-500
30,-90,3111,-86,3111,-100
30,-90,4362,593,4362,600
30,-90,3044,871,3044,900
30,-90,1102,-800,1102,-800
30,-90,8669,790,8669,800
30,-80,175,523,175,500
30,-80,5727,80,5727,100
30,-80,1455,-567,1455,-600
30,-80,4376,71,4376,100
30,-80,3180,-989,3180,-1000
30,-80,395,-25,395,0
30,-80,8960,-66,8960,-100
30,-80,6031,311,6031,300
30,-80,4154,-935,4154,-900
30,-80,8531,262,8531,300
30,-80,4926,262,4926,300
30,-80,4867,-838,4867,-800
30,-80,4070,-453,4070,-500
30,-80,5251,203,5251,200
30,-80,866,444,866,400
30,-80,6635,-682,6635,-700
30,-80,3718,-473,3718,-500
30,-80,9665,95,9665,100
30,-80,1929,-103,1929,-100
30,-80,6802,-424,6802,-400
30,-80,3205,-894,3205,-900
30,-80,7463,-794,7463,-800
30,-80,9591,-79,9591,-100
30,-80,1544,-577,1544,-600
30,-80,186,806,186,800
30,-80,3433,810,3433,800
30,-80,102,-469,102,-500
30,-80,852,-660,852,-700
30,-80,9830,-998,9830,-1000
30,-80,440,-281,440,-300
30,-80,6034,-827,6034,-800
30,-80,2616,-970,2616,-1000
30,-80,8129,214,8129,200
30,-80,5818,475,5818,500
30,-80,209,446,209,400
30,-80,3868,348,3868,300
30,-80,5181,571,5181,600
30,-80,8246,-615,8246,-600
30,-80,526,-939,526,-900
30,-80,7102,-453,7102,-500
30,-80,2790,-414,2790,-400
30,-80,5737,-985,5737,-1000
30,-80,851,703,851,700
30,-80,3672,-491,3672,-500
30,-80,4868,-727,4868,-700
30,-80,7353,-114,7353,-100
30,-80,1342,727,1342,700
30,-80,263,449,263,400
30,-80,4412,718,4412,700
30,-80,5440,153,5440,200
30,-80,9808,714,9808,700
30,-80,1749,-40,1749,0
30,-80,2727,639,2727,600
30,-80,2449,-585,2449,-600
30,-80,376,-97,376,-100
30,-80,9952,-535,9952,-500
30,-80,256,226,256,200
30,-80,3310,-71,3310,-100
30,-80,5454,247,5454,200
30,-80,2453,-863,2453,-900
30,-80,5993,-837,5993,-800
30,-80,9810,-470,9810,-500
30,-80,1161,755,1161,800
30,-80,8051,-214,8051,-200
30,-80,6038,-152,6038,-200
30,-80,3270,515,3270,500
30,-80,6027,-480,6027,-500
30,-80,7861,791,7861,800
30,-80,9951,-970,9951,-1000
30,-80,5272,762,5272,800
30,-80,2618,-566,2618,-600
30,-80,8773,834,8773,800
30,-80,339,602,339,600
30,-80,4041,-502,4041,-500
30,-80,6531,944,6531,900
30,-80,1093,947,1093,900
30,-80,2933,793,2933,800
30,-80,4237,560,4237,600
30,-80,5318,-199,5318,-200
30,-80,9564,900,9564,900
30,-80,6809,689,6809,700
30,-80,4124,-50,4124,0
30,-80,3270,-751,3270,-800
30,-80,7168,-387,7168,-400
30,-80,9501,151,9501,200
30,-80,2510,-939,2510,-900
30,-80,6911,149,6911,100
30,-80,7603,229,7603,200
30,-80,4040,371,4040,400
30,-80,9190,-124,9190,-100
30,-80,3382,-286,3382,-300
30,-80,5754,-273,5754,-300
30,-80,9236,375,9236,400
30,-80,9545,85,9545,100
30,-80,7934,-620,7934,-600
30,-80,9797,-404,9797,-400
30,-80,3006,891,3006,900
30,-80,6569,687,6569,700
30,-80,5391,317,5391,300
30,-80,1051,-812,1051,-800
30,-70,8087,0,8087,0
30,-70,1886,529,1886,500
30,-70,7651,-294,7651,-300
30,-70,9422,-650,9422,-600
30,-70,3674,-362,3674,-400
30,-70,965,-780,965,-800
30,-70,2528,-704,2528,-700
30,-70,2495,816,2495,800
30,-70,3343,-664,3343,-700
30,-70,6946,858,6946,900
30,-70,4182,836,4182,800
30,-70,5315,303,5315,300
30,-70,1135,360,1135,400
30,-70,99,471,99,500
30,-70,3799,-464,3799,-500
30,-70,7621,367,7621,400
30,-70,4035,-617,4035,-600
30,-70,5593,602,5593,600
30,-70,9843,-693,9843,-700
30,-70,8280,-641,8280,-600
30,-70,8466,224,8466,200
30,-70,9009,804,9009,800
30,-70,1225,-460,1225,-500
30,-70,3661,-28,3661,0
30,-70,6662,-291,6662,-300
30,-70,9461,618,9461,600
30,-70,6246,-994,6246,-1000
30,-70,3585,827,3585,800
30,-70,3095,435,3095,400
30,-70,6388,-781,6388,-800
30,-70,1272,-993,1272,-1000
30,-70,1776,-797,1776,-800
30,-70,8329,-324,8329,-300
30,-70,9699,887,9699,900
30,-70,8438,960,8438,900
30,-70,2439,530,2439,500
30,-70,5738,868,5738,900
30,-70,445,-786,445,-800
30,-70,6782,-352,6782,-400
30,-70,6221,-769,6221,-800
30,-70,1761,-955,1761,-1000
30,-70,9316,-858,9316,-900
30,-70,2496,-771,2496,-800
30,-70,7299,63,7299,100
30,-70,7469,-837,7469,-800
30,-70,505,-284,505,-300
30,-70,3694,41,3694,0
30,-70,412,921,412,900
30,-70,804,760,804,800
30,-70,5441,134,5441,100
30,-70,2894,906,2894,900
30,-70,3069,-446,3069,-400
30,-70,102,807,102,800
30,-70,4764,444,4764,400
30,-70,9842,-495,9842,-500
30,-70,7299,-585,7299,-600
30,-70,9883,589,9883,600
30,-70,6112,408,6112,400
30,-70,2233,-212,2233,-200
30,-70,457,-339,457,-300
30,-70,550,768,550,800
30,-70,7937,-558,7937,-600
30,-70,7422,538,7422,500
30,-70,5781,962,5781,900
30,-70,1566,-507,1566,-500
30,-70,7074,-2,7074,0
30,-70,5014,228,5014,200
30,-70,8451,-108,8451,-100
30,-70,1048,-590,1048,-600
30,-70,8733,-173,8733,-200
30,-70,2911,-609,2911,-600
30,-70,892,319,892,300
30,-70,4699,781,4699,800
30,-70,5894,-697,5894,-700
30,-70,1694,-705,1694,-700
30,-70,9652,56,9652,100
30,-70,9858,189,9858,200
30,-70,3279,-356,3279,-400
30,-70,9794,-814,9794,-800
30,-70,8825,373,8825,400
30,-70,4787,-956,4787,-1000
30,-70,784,-265,784,-300
30,-70,1950,115,1950,100
30,-70,8714,475,8714,500
30,-70,1966,-192,1966,-200
30,-70,5145,702,5145,700
30,-70,654,-75,654,-100
30,-70,7400,159,7400,200
30,-70,2837,-703,2837,-700
30,-70,9710,-115,9710,-100
30,-70,9968,-660,9968,-700
30,-70,7729,-619,7729,-600
30,-70,7713,-531,7713,-500
30,-70,9805,-399,9805,-400
30,-70,5908,809,5908,800
30,-70,1369,-396,1369,-400
30,-70,8397,-363,8397,-400
30,-70,3336,-960,3336,-1000
30,-70,6688,-253,6688,-300
30,-70,8576,78,8576,100
30,-60,8408,-787,8408,-800
30,-60,5873,633,5873,600
30,-60,6612,-867,6612,-900
30,-60,7305,-887,7305,-900
30,-60,3164,734,3164,700
30,-60,1269,-751,1269,-800
30,-60,7999,846,7999,800
30,-60,5773,-932,5773,-900
30,-60,5561,331,5561,300
30,-60,8414,-32,8414,0
30,-60,9244,203,9244,200
30,-60,4794,-222,4794,-200
30,-60,8265,757,8265,800
30,-60,674,-456,674,-500
30,-60,7856,243,7856,200
30,-60,5598,208,5598,200
30,-60,6942,87,6942,100
30,-60,3798,-577,3798,-600
30,-60,9775,702,9775,700
30,-60,1018,-604,1018,-600
30,-60,3129,18,3129,0
30,-60,4736,-112,4736,-100
30,-60,880,-456,880,-500
30,-60,9895,862,9895,900
30,-60,3847,-612,3847,-600
30,-60,5722,-207,5722,-200
30,-60,2091,-101,2091,-100
30,-60,4528,55,4528,100
30,-60,322,439,322,400
30,-60,545,940,545,900
30,-60,759,165,759,200
30,-60,6854,-977,6854,-1000
30,-60,5746,-303,5746,-300
30,-60,236,-50,236,-100
30,-60,4491,-214,4491,-200
30,-60,3821,-323,3821,-300
30,-60,9863,201,9863,200
30,-60,534,-63,534,-100
30,-60,6278,934,6278,900
30,-60,347,-740,347,-700
30,-60,1191,324,1191,300
30,-60,4258,-347,4258,-300
30,-60,1797,-427,1797,-400
30,-60,4998,-892,4998,-900
30,-60,6943,-947,6943,-900
30,-60,9899,122,9899,100
30,-60,2029,52,2029,100
30,-60,3476,-195,3476,-200
30,-60,6745,-961,6745,-1000
30,-60,2960,815,2960,800
30,-60,9143,-759,9143,-800
30,-60,3204,960,3204,900
30,-60,7712,738,7712,700
30,-60,4287,-912,4287,-900
30,-60,3922,-2,3922,0
30,-60,4656,-664,4656,-700
30,-60,144,52,144,100
30,-60,349,443,349,400
30,-60,7659,680,7659,700
30,-60,7218,635,7218,600
30,-60,9585,-30,9585,0
30,-60,5418,380,5418,400
30,-60,4124,-648,4124,-600
30,-60,4419,59,4419,100
30,-60,8624,-93,8624,-100
30,-60,4691,73,4691,100
30,-60,8502,-299,8502,-300
30,-60,660,-463,660,-500
30,-60,2744,-487,2744,-500
30,-60,1414,84,1414,100
30,-60,4800,-281,4800,-300
30,-60,3746,-6,3746,0
30,-60,5816,-884,5816,-900
30,-60,1606,-682,1606,-700
30,-60,9311,-770,9311,-800
30,-60,2075,-309,2075,-300
30,-60,8161,-547,8161,-500
30,-60,9777,921,9777,900
30,-60,8691,-408,8691,-400
30,-60,6837,85,6837,100
30,-60,75,-824,75,-800
30,-60,7481,-86,7481,-100
30,-60,1346,134,1346,100
30,-60,8487,271,8487,300
30,-60,3518,523,3518,500
30,-60,1427,-746,1427,-700
30,-60,4239,-305,4239,-300
30,-60,9653,374,9653,400
30,-60,9730,-355,9730,-400
30,-60,3977,908,3977,900
30,-60,4561,798,4561,800
30,-60,4425,-208,4425,-200
30,-60,1432,515,1432,500
30,-60,1276,-746,1276,-700
30,-60,9075,-706,9075,-700
30,-60,6283,-974,6283,-1000
30,-60,1784,-20,1784,0
30,-60,8118,925,8118,900
30,-60,282,426,282,400
30,-60,4835,290,4835,300
30,-50,5587,-141,5587,-100
30,-50,4673,686,4673,700
30,-50,8776,964,8776,900
30,-50,896,-33,896,0
30,-50,8809,543,8809,500
30,-50,9662,-911,9662,-900
30,-50,9918,734,9918,700
30,-50,6045,339,6045,300
30,-50,55,670,55,700
30,-50,5881,-789,5881,-800
30,-50,2257,297,2257,300
30,-50,5541,700,5541,700
30,-50,9135,-164,9135,-200
30,-50,5295,-240,5295,-200
30,-50,9406,479,9406,500
30,-50,1838,668,1838,700
30,-50,5000,643,5000,600
30,-50,3370,451,3370,500
30,-50,4974,680,4974,700
30,-50,821,-346,821,-300
30,-50,3034,848,3034,800
30,-50,8085,-505,8085,-500
30,-50,2454,-75,2454,-100
30,-50,7544,-54,7544,-100
30,-50,6953,130,6953,100
30,-50,7235,-283,7235,-300
30,-50,7516,-206,7516,-200
30,-50,1149,-220,1149,-200
30,-50,5881,-136,5881,-100
30,-50,6517,-203,6517,-200
30,-50,6373,-518,6373,-500
30,-50,9294,-578,9294,-600
30,-50,7989,-764,7989,-800
30,-50,9847,-157,9847,-200
30,-50,1563,-309,1563,-300
30,-50,6961,557,6961,600
30,-50,3025,840,3025,800
30,-50,7628,-445,7628,-400
30,-50,4079,-694,4079,-700
30,-50,6770,-212,6770,-200
30,-50,3267,702,3267,700
30,-50,5750,829,5750,800
30,-50,999,-45,999,0
30,-50,9084,-746,9084,-700
30,-50,9309,621,9309,600
30,-50,3508,-146,3508,-100
30,-50,360,499,360,500
30,-50,5072,-162,5072,-200
30,-50,1449,298,1449,300
30,-50,8676,-900,8676,-900
30,-50,3403,115,3403,100
30,-50,3755,-378,3755,-400
30,-50,5933,688,5933,700
30,-50,7922,-635,7922,-600
30,-50,7741,-307,7741,-300
30,-50,4380,-613,4380,-600
30,-50,8922,-546,8922,-500
30,-50,8351,-184,8351,-200
30,-50,7754,514,7754,500
30,-50,1080,393,1080,400
30,-50,2152,431,2152,400
30,-50,46,-808,46,-800
30,-50,812,-556,812,-600
30,-50,9045,-943,9045,-900
30,-50,1062,-259,1062,-300
30,-50,1436,865,1436,900
30,-50,1251,852,1251,900
30,-50,5616,-117,5616,-100
30,-50,8795,535,8795,500
30,-50,377,911,377,900
30,-50,2820,524,2820,500
30,-50,5166,-46,5166,0
30,-50,3021,681,3021,700
30,-50,3422,-855,3422,-900
30,-50,9795,627,9795,600
30,-50,8304,987,8304,900
30,-50,8790,-732,8790,-700
30,-50,7737,731,7737,700
30,-50,9009,-656,9009,-700
30,-50,55,-179,55,-200
30,-50,2055,95,2055,100
30,-50,5171,-633,5171,-600
30,-50,5593,-609,5593,-600
30,-50,1861,785,1861,800
30,-50,9795,782,9795,800
30,-50,2443,-644,2443,-600
30,-50,1764,584,1764,600
30,-50,6520,71,6520,100
30,-50,6983,-766,6983,-800
30,-50,9525,-614,9525,-600
30,-50,1369,-631,1369,-600
30,-50,6560,-112,6560,-100
30,-50,9583,-527,9583,-500
30,-50,5480,517,5480,500
30,-50,3272,312,3272,300
30,-50,5849,-574,5849,-600
30,-50,3807,-258,3807,-300
30,-50,2847,863,2847,900
30,-50,6440,590,6440,600
30,-50,1326,293,1326,300
30,-40,9069,577,9069,600
30,-40,7958,-504,7958,-500
30,-40,8747,645,8747,600
30,-40,8264,-405,8264,-400
30,-40,549,998,549,900
30,-40,792,-541,792,-500
30,-40,9162,478,9162,500
30,-40,4559,-162,4559,-200
30,-40,6307,405,6307,400
30,-40,8626,-315,8626,-300
30,-40,6384,983,6384,900
30,-40,3709,89,3709,100
30,-40,5482,284,5482,300
30,-40,9686,601,9686,600
30,-40,185,-245,185,-200
30,-40,9446,-160,9446,-200
30,-40,862,485,862,500
30,-40,1003,767,1003,800
30,-40,2629,-574,2629,-600
30,-40,7322,-392,7322,-400
30,-40,3878,825,3878,800
30,-40,7475,131,7475,100
30,-40,4123,-969,4123,-1000
30,-40,1189,-617,1189,-600
30,-40,9735,-206,9735,-200
30,-40,8690,532,8690,500
30,-40,6617,476,6617,500
30,-40,4963,-711,4963,-700
30,-40,1854,399,1854,400
30,-40,478,-402,478,-400
30,-40,661,-832,661,-800
30,-40,7167,-157,7167,-200
30,-40,716,-456,716,-500
30,-40,5552,-869,5552,-900
30,-40,4623,-876,4623,-900
30,-40,7188,-602,7188,-600
30,-40,3438,500,3438,500
30,-40,4322,-95,4322,-100
30,-40,6108,-139,6108,-100
30,-40,7307,-762,7307,-800
30,-40,5705,-512,5705,-500
30,-40,6122,879,6122,900
30,-40,5567,-342,5567,-300
30,-40,7746,687,7746,700
30,-40,7321,852,7321,900
30,-40,596,105,596,100
30,-40,3676,282,3676,300
30,-40,6643,341,6643,300
30,-40,8905,-547,8905,-500
30,-40,8290,-526,8290,-500
30,-40,5270,-736,5270,-700
30,-40,600,910,600,900
30,-40,529,432,529,400
30,-40,1219,-823,1219,-800
30,-40,33,-133,33,-100
30,-40,799,-673,799,-700
30,-40,9560,484,9560,500
30,-40,7780,728,7780,700
30,-40,6067,-627,6067,-600
30,-40,4234,51,4234,100
30,-40,246,-217,246,-200
30,-40,6271,511,6271,500
30,-40,6753,-384,6753,-400
30,-40,6094,316,6094,300
30,-40,3799,-76,3799,-100
30,-40,3428,918,3428,900
30,-40,8053,864,8053,900
30,-40,1861,-929,1861,-900
30,-40,2149,-624,2149,-600
30,-40,3756,520,3756,500
30,-40,3466,281,3466,300
30,-40,4572,692,4572,700
30,-40,9939,-200,9939,-200
30,-40,6412,363,6412,400
30,-40,2361,-354,2361,-400
30,-40,5772,-591,5772,-600
30,-40,7738,-243,7738,-200
30,-40,6132,-248,6132,-200
30,-40,4037,865,4037,900
30,-40,1741,842,1741,800
30,-40,5003,-675,5003,-700
30,-40,2687,204,2687,200
30,-40,7750,115,7750,100
30,-40,2907,-644,2907,-600
30,-40,5196,810,5196,800
30,-40,2704,313,2704,300
30,-40,2391,-873,2391,-900
30,-40,557,900,557,900
30,-40,136,234,136,200
30,-40,3392,-237,3392,-200
30,-40,9233,178,9233,200
30,-40,9914,-679,9914,-700
30,-40,6274,-99,6274,-100
30,-40,1222,-233,1222,-200
30,-40,5829,-12,5829,0
30,-40,964,544,964,500
30,-40,4075,267,4075,300
30,-40,6212,674,6212,700
30,-40,3542,628,3542,600
30,-40,8108,-783,8108,-800
30,-30,4775,-356,4775,-400
30,-30,3300,-497,3300,-500
30,-30,878,-846,878,-800
30,-30,7171,824,7171,800
30,-30,8488,508,8488,500
30,-30,7131,164,7131,200
30,-30,6294,239,6294,200
30,-30,5930,-94,5930,-100
30,-30,9572,781,9572,800
30,-30,4972,848,4972,800
30,-30,4330,-298,4330,-300
30,-30,3483,-374,3483,-400
30,-30,1820,3,1820,0
30,-30,2190,-234,2190,-200
30,-30,4,568,4,600
30,-30,3100,-35,3100,0
30,-30,9948,705,9948,700
30,-30,3759,-69,3759,-100
30,-30,1246,226,1246,200
30,-30,9183,877,9183,900
30,-30,7009,746,7009,700
30,-30,1601,777,1601,800
30,-30,2016,335,2016,300
30,-30,3664,545,3664,500
30,-30,737,-542,737,-500
30,-30,3966,-517,3966,-500
30,-30,1270,-306,1270,-300
30,-30,185,673,185,700
30,-30,7326,326,7326,300
30,-30,4524,-577,4524,-600
30,-30,5457,873,5457,900
30,-30,8436,-832,8436,-800
30,-30,7722,-214,7722,-200
30,-30,67,914,67,900
30,-30,3101,-996,3101,-1000
30,-30,7953,-625,7953,-600
30,-30,3734,-137,3734,-100
30,-30,889,495,889,500
30,-30,35,893,35,900
30,-30,5537,853,5537,900
30,-30,1169,899,1169,900
30,-30,8607,-524,8607,-500
30,-30,8215,-603,8215,-600
30,-30,633,25,633,0
30,-30,9143,-852,9143,-900
30,-30,1257,460,1257,500
30,-30,7637,-836,7637,-800
30,-30,5958,-194,5958,-200
30,-30,5656,736,5656,700
30,-30,8041,-847,8041,-800
30,-30,122,-411,122,-400
30,-30,9267,504,9267,500
30,-30,6417,975,6417,900
30,-30,5171,241,5171,200
30,-30,8535,-629,8535,-600
30,-30,7232,-788,7232,-800
30,-30,3847,210,3847,200
30,-30,7504,-751,7504,-800
30,-30,3105,533,3105,500
30,-30,462,-167,462,-200
30,-30,5562,-327,5562,-300
30,-30,5940,158,5940,200
30,-30,5620,-720,5620,-700
30,-30,5232,-672,5232,-700
30,-30,2418,-852,2418,-900
30,-30,1460,598,1460,600
30,-30,9582,-185,9582,-200
30,-30,299,-217,299,-200
30,-30,9772,347,9772,300
30,-30,3104,-459,3104,-500
30,-30,3115,-137,3115,-100
30,-30,200,-991,200,-1000
30,-30,4623,-469,4623,-500
30,-30,2887,23,2887,0
30,-30,7446,-787,7446,-800
30,-30,3039,260,3039,300
30,-30,1009,196,1009,200
30,-30,4377,762,4377,800
30,-30,4269,-852,4269,-900
30,-30,3037,160,3037,200
30,-30,5252,790,5252,800
30,-30,4512,584,4512,600
30,-30,7432,840,7432,800
30,-30,2840,-418,2840,-400
30,-30,8496,-230,8496,-200
30,-30,2453,643,2453,600
30,-30,5244,102,5244,100
30,-30,1235,-9,1235,0
30,-30,5402,-84,5402,-100
30,-30,6082,509,6082,500
30,-30,1419,-440,1419,-400
30,-30,7997,736,7997,700
30,-30,2724,-646,2724,-600
30,-30,3190,214,3190,200
30,-30,2880,-87,2880,-100
30,-30,8327,-195,8327,-200
30,-30,2113,-498,2113,-500
30,-30,2428,-750,2428,-800
30,-30,7466,272,7466,300
30,-30,2937,586,2937,600
30,-20,6781,-666,6781,-700
30,-20,837,197,837,200
30,-20,4339,-651,4339,-700
30,-20,283,-187,283,-200
30,-20,534,-504,534,-500
30,-20,3128,-987,3128,-1000
30,-20,7380,553,7380,600
30,-20,9540,-303,9540,-300
30,-20,2321,-345,2321,-300
30,-20,506,-982,506,-1000
30,-20,8166,233,8166,200
30,-20,1442,-317,1442,-300
30,-20,8258,-916,8258,-900
30,-20,3482,972,3482,900
30,-20,1053,-657,1053,-700
30,-20,4382,332,4382,300
30,-20,6067,815,6067,800
30,-20,800,-115,800,-100
30,-20,1821,-954,1821,-1000
30,-20,5176,-580,5176,-600
30,-20,1951,-506,1951,-500
30,-20,5946,359,5946,400
30,-20,6407,898,6407,900
30,-20,2294,-960,2294,-1000
30,-20,5822,158,5822,200
30,-20,7492,251,7492,300
30,-20,1879,-831,1879,-800
30,-20,7988,1,7988,0
30,-20,3638,-573,3638,-600
30,-20,1661,-118,1661,-100
30,-20,6788,-444,6788,-400
30,-20,5713,779,5713,800
30,-20,5690,83,5690,100
30,-20,6449,913,6449,900
30,-20,9147,-624,9147,-600
30,-20,9458,-703,9458,-700
30,-20,9071,-825,9071,-800
30,-20,277,301,277,300
30,-20,5030,842,5030,800
30,-20,4779,-582,4779,-600
30,-20,7304,282,7304,300
30,-20,4939,538,4939,500
30,-20,9069,-198,9069,-200
30,-20,4107,-681,4107,-700
30,-20,2782,-132,2782,-100
30,-20,640,-487,640,-500
30,-20,6246,-501,6246,-500
30,-20,8428,-128,8428,-100
30,-20,9968,170,9968,200
30,-20,8932,173,8932,200
30,-20,1913,-733,1913,-700
30,-20,8315,172,8315,200
30,-20,7006,-1,7006,0
30,-20,5404,751,5404,700
30,-20,5877,566,5877,600
30,-20,8596,198,8596,200
30,-20,8482,-516,8482,-500
30,-20,8657,-798,8657,-800
30,-20,8669,178,8669,200
30,-20,533,32,533,0
30,-20,2719,17,2719,0
30,-20,3896,603,3896,600
30,-20,9450,114,9450,100
30,-20,7152,-84,7152,-100
30,-20,558,780,558,800
30,-20,1946,-565,1946,-600
30,-20,7812,-340,7812,-300
30,-20,9533,552,9533,600
30,-20,1503,-570,1503,-600
30,-20,4126,-676,4126,-700
30,-20,366,879,366,900
30,-20,901,-264,901,-300
30,-20,520,-427,520,-400
30,-20,3673,-973,3673,-1000
30,-20,5731,548,5731,500
30,-20,5157,-551,5157,-600
30,-20,7185,262,7185,300
30,-20,8898,50,8898,100
30,-20,5605,-765,5605,-800
30,-20,9703,-100,9703,-100
30,-20,1402,-815,1402,-800
30,-20,4142,-745,4142,-700
30,-20,783,786,783,800
30,-20,8923,427,8923,400
30,-20,4570,-985,4570,-1000
30,-20,3053,-60,3053,-100
30,-20,7634,-609,7634,-600
30,-20,5259,-146,5259,-100
30,-20,8719,313,8719,300
30,-20,8211,72,8211,100
30,-20,7794,-37,7794,0
30,-20,5943,47,5943,0
30,-20,8078,201,8078,200
30,-20,714,-353,714,-400
30,-20,2728,839,2728,800
30,-20,2219,245,2219,200
30,-20,4376,-33,4376,0
30,-20,1049,221,1049,200
30,-20,8614,-669,8614,-700
30,-20,1346,-677,1346,-700
30,-10,4784,692,4784,700
30,-10,3693,-377,3693,-400
30,-10,8063,-499,8063,-500
30,-10,532,-148,532,-100
30,-10,90,174,90,200
30,-10,5858,938,5858,900
30,-10,865,-153,865,-200
30,-10,1829,555,1829,600
30,-10,3467,612,3467,600
30,-10,6421,-684,6421,-700
30,-10,7968,-221,7968,-200
30,-10,1201,259,1201,300
30,-10,335,-19,335,0
30,-10,6676,961,6676,900
30,-10,4235,996,4235,900
30,-10,7994,-531,7994,-500
30,-10,398,-257,398,-300
30,-10,3580,223,3580,200
30,-10,2069,-365,2069,-400
30,-10,9150,-688,9150,-700
30,-10,306,-790,306,-800
30,-10,5387,-535,5387,-500
30,-10,2691,-968,2691,-1000
30,-10,4885,835,4885,800
30,-10,5770,-345,5770,-300
30,-10,8277,305,8277,300
30,-10,1100,-530,1100,-500
30,-10,1689,-475,1689,-500
30,-10,2164,481,2164,500
30,-10,6522,224,6522,200
30,-10,4866,-534,4866,-500
30,-10,4119,-202,4119,-200
30,-10,5381,102,5381,100
30,-10,2900,-544,2900,-500
30,-10,2081,263,2081,300
30,-10,1661,481,1661,500
30,-10,4760,-984,4760,-1000
30,-10,3760,-106,3760,-100
30,-10,8680,-904,8680,-900
30,-10,7870,-977,7870,-1000
30,-10,792,-573,792,-600
30,-10,3806,-823,3806,-800
30,-10,250,-864,250,-900
30,-10,548,743,548,700
30,-10,9804,-53,9804,-100
30,-10,6897,6,6897,0
30,-10,1538,505,1538,500
30,-10,6084,838,6084,800
30,-10,9966,246,9966,200
30,-10,194,-353,194,-400
30,-10,8628,862,8628,900
30,-10,5259,526,5259,500
30,-10,6786,802,6786,800
30,-10,8695,429,8695,400
30,-10,439,-975,439,-1000
30,-10,2673,783,2673,800
30,-10,5050,232,5050,200
30,-10,5993,-786,5993,-800
30,-10,5005,775,5005,800
30,-10,3314,508,3314,500
30,-10,8431,664,8431,700
30,-10,8143,-934,8143,-900
30,-10,9060,658,9060,700
30,-10,9124,246,9124,200
30,-10,9800,-832,9800,-800
30,-10,5910,428,5910,400
30,-10,3166,-996,3166,-1000
30,-10,2040,589,2040,600
30,-10,7701,-788,7701,-800
30,-10,9853,-223,9853,-200
30,-10,5293,-69,5293,-100
30,-10,9913,-472,9913,-500
30,-10,6712,-679,6712,-700
30,-10,636,-379,636,-400
30,-10,7476,512,7476,500
30,-10,5074,88,5074,100
30,-10,8645,-205,8645,-200
30,-10,1705,-440,1705,-400
30,-10,4517,452,4517,500
30,-10,9242,297,9242,300
30,-10,6717,-516,6717,-500
30,-10,9575,581,9575,600
30,-10,6549,-513,6549,-500
30,-10,5828,405,5828,400
30,-10,8032,-141,8032,-100
30,-10,4220,549,4220,500
30,-10,1902,888,1902,900
30,-10,1513,217,1513,200
30,-10,5710,-484,5710,-500
30,-10,7844,510,7844,500
30,-10,6126,665,6126,700
30,-10,4386,17,4386,0
30,-10,3642,165,3642,200
30,-10,179,-468,179,-500
30,-10,8666,943,8666,900
30,-10,9939,911,9939,900
30,-10,8713,661,8713,700
30,-10,4889,288,4889,300
30,-10,9157,-244,9157,-200
30,-10,4197,348,4197,300
30,0,9568,-58,9568,-100
30,0,8138,364,8138,400
30,0,5813,423,5813,400
30,0,6809,733,6809,700
30,0,473,326,473,300
30,0,312,904,312,900
30,0,5478,-911,5478,-900
30,0,6682,411,6682,400
30,0,7566,570,7566,600
30,0,6766,656,6766,600
30,0,6630,-701,6630,-700
30,0,142,206,142,200
30,0,8863,-330,8863,-300
30,0,1778,563,1778,600
30,0,441,-163,441,-200
30,0,6207,-41,6207,0
30,0,1043,-873,1043,-900
30,0,2364,787,2364,800
30,0,1894,-737,1894,-700
30,0,4823,-109,4823,-100
30,0,6779,-255,6779,-300
30,0,5195,-584,5195,-600
30,0,8887,214,8887,200
30,0,7534,67,7534,100
30,0,7159,443,7159,400
30,0,1499,517,1499,500
30,0,8539,-930,8539,-900
30,0,9309,813,9309,800
30,0,1734,805,1734,800
30,0,8884,-349,8884,-400
30,0,6656,-921,6656,-900
30,0,2617,48,2617,100
30,0,5835,368,5835,400
30,0,5662,-189,5662,-200
30,0,5101,-907,5101,-900
30,0,583,562,583,600
30,0,11,-183,11,-200
30,0,277,-979,277,-1000
30,0,6508,-267,6508,-300
30,0,4446,649,4446,700
30,0,4917,251,4917,200
30,0,8821,-517,8821,-500
30,0,2175,651,2175,700
30,0,4035,-57,4035,-100
30,0,6126,-546,6126,-600
30,0,2484,440,2484,400
30,0,1130,-293,1130,-300
30,0,3041,293,3041,300
30,0,4941,-692,4941,-700
30,0,6557,237,6557,200
30,0,8892,253,8892,300
30,0,8915,29,8915,0
30,0,8841,497,8841,500
30,0,4736,361,4736,400
30,0,1098,614,1098,600
30,0,4592,-841,4592,-800
30,0,3799,-437,3799,-400
30,0,8549,-852,8549,-900
30,0,5475,523,5475,500
30,0,8524,576,8524,600
30,0,2901,-455,2901,-500
30,0,1561,-940,1561,-900
30,0,2027,-589,2027,-600
30,0,3209,150,3209,200
30,0,1411,-551,1411,-500
30,0,1084,599,1084,600
30,0,3265,50,3265,0
30,0,802,-263,802,-300
30,0,4865,-830,4865,-800
30,0,7382,-263,7382,-300
30,0,4165,455,4165,500
30,0,9248,999,9248,900
30,0,2859,763,2859,800
30,0,167,-816,167,-800
30,0,8516,714,8516,700
30,0,6602,-48,6602,-100
30,0,655,-178,655,-200
30,0,4091,657,4091,600
30,0,3878,157,3878,200
30,0,7238,31,7238,0
30,0,639,573,639,600
30,0,1254,-504,1254,-500
30,0,1933,-464,1933,-500
30,0,7123,-791,7123,-800
30,0,3564,-191,3564,-200
30,0,4592,-642,4592,-600
30,0,3121,691,3121,700
30,0,1450,-241,1450,-200
30,0,710,414,710,400
30,0,2719,728,2719,700
30,0,3743,-197,3743,-200
30,0,2835,654,2835,700
30,0,552,85,552,100
30,0,906,451,906,400
30,0,8691,-268,8691,-300
30,0,4947,597,4947,600
30,0,9004,-188,9004,-200
30,0,6033,10,6033,0
30,0,7800,-614,7800,-600
30,0,1878,176,1878,200
30,10,5683,468,5683,400
30,10,5699,-106,5699,-100
30,10,6917,491,6917,500
30,10,7009,-205,7009,-200
30,10,2547,153,2547,100
30,10,739,372,739,300
30,10,1237,-289,1237,-300
30,10,2544,-861,2544,-800
30,10,6693,-61,6693,0
30,10,9776,103,9776,100
30,10,671,-428,671,-400
30,10,2927,918,2927,900
30,10,7564,-749,7564,-700
30,10,2555,753,2555,800
30,10,9687,-921,9687,-900
30,10,6493,843,6493,800
30,10,9134,510,9134,500
30,10,4130,-59,4130,-100
30,10,1462,-91,1462,-100
30,10,5291,-112,5291,-100
30,10,7440,710,7440,700
30,10,7934,-272,7934,-200
30,10,1084,594,1084,600
30,10,5785,672,5785,600
30,10,5004,-373,5004,-400
30,10,3974,134,3974,100
30,10,7756,258,7756,200
30,10,8470,-761,8470,-800
30,10,9078,118,9078,100
30,10,2781,819,2781,800
30,10,5243,176,5243,200
30,10,4238,-584,4238,-600
30,10,8894,-132,8894,-100
30,10,2680,481,2680,500
30,10,6649,-567,6649,-600
30,10,3061,593,3061,600
30,10,8110,-666,8110,-700
30,10,3125,880,3125,900
30,10,746,33,746,0
30,10,4583,-756,4583,-800
30,10,9582,-997,9582,-1000
30,10,1065,102,1065,100
30,10,7969,-432,7969,-400
30,10,4938,-630,4938,-600
30,10,6724,167,6724,200
30,10,3012,-370,3012,-400
30,10,9251,206,9251,200
30,10,42,630,42,600
30,10,2962,125,2962,100
30,10,1440,562,1440,600
30,10,9492,218,9492,200
30,10,1355,281,1355,200
30,10,1102,253,1102,300
30,10,4635,-283,4635,-300
30,10,3962,307,3962,300
30,10,3550,-316,3550,-300
30,10,2462,-335,2462,-300
30,10,8154,136,8154,100
30,10,8825,-770,8825,-800
30,10,4228,899,4228,900
30,10,6328,-688,6328,-700
30,10,6131,-422,6131,-400
30,10,8316,-346,8316,-300
30,10,4618,-588,4618,-600
30,10,8638,834,8638,800
30,10,3141,645,3141,600
30,10,8799,386,8799,400
30,10,1658,-370,1658,-400
30,10,8931,-895,8931,-900
30,10,145,-297,145,-300
30,10,1778,257,1778,300
30,10,1207,-620,1207,-600
30,10,4480,427,4480,400
30,10,4212,906,4212,900
30,10,9182,-927,9182,-900
30,10,6700,570,6700,600
30,10,3654,-805,3654,-800
30,10,7782,133,7782,100
30,10,9912,-84,9912,-100
30,10,5164,-978,5164,-1000
30,10,3862,-342,3862,-400
30,10,8054,-745,8054,-700
30,10,3774,9,3774,0
30,10,5968,583,5968,600
30,10,5290,-802,5290,-800
30,10,3042,104,3042,100
30,10,6455,457,6455,400
30,10,5150,190,5150,200
30,10,1435,-824,1435,-800
30,10,7175,245,7175,300
30,10,7142,-412,7142,-400
30,10,8361,993,8361,900
30,10,2248,11,2248,0
30,10,1198,-396,1198,-400
30,10,5370,-54,5370,0
30,10,4722,578,4722,600
30,10,4201,-964,4201,-1000
30,10,4416,-334,4416,-300
30,10,697,969,697,900
30,10,4250,-603,4250,-600
30,20,3025,-242,3025,-300
30,20,2315,-774,2316,-700
30,20,4603,179,4603,300
30,20,3052,179,3052,200
30,20,9222,-230,9222,-300
30,20,4522,54,4522,0
30,20,363,788,363,700
30,20,1722,663,1722,600
30,20,7465,352,7465,400
30,20,4931,163,4931,200
30,20,7090,926,7090,900
30,20,5344,-500,5344,-600
30,20,3568,-810,3568,-800
30,20,8892,-845,8892,-800
30,20,3712,-735,3712,-700
30,20,4410,777,4410,800
30,20,7272,719,7272,700
30,20,7904,-866,7904,-800
30,20,507,695,507,700
30,20,6636,18,6636,0
30,20,4159,455,4159,400
30,20,8545,-47,8545,-100
30,20,7014,780,7014,800
30,20,8910,-815,8910,-800
30,20,3752,670,3752,700
30,20,760,434,760,400
30,20,3496,957,3496,900
30,20,3092,-478,3092,-500
30,20,1817,366,1817,400
30,20,460,-559,460,-400
30,20,8737,-783,8737,-700
30,20,2565,271,2564,200
30,20,3315,275,3315,200
30,20,8839,-139,8839,-200
30,20,2286,286,2286,300
30,20,3455,-674,3455,-800
30,20,1302,657,1302,700
30,20,914,541,914,700
30,20,7568,489,7568,500
30,20,7981,-535,7981,-700
30,20,5749,-207,5749,-300
30,20,4357,-345,4357,-400
30,20,9826,199,9826,300
30,20,4628,-124,4628,-200
30,20,9963,-609,9963,-800
30,20,1096,2,1096,-100
30,20,9807,-320,9807,-400
30,20,5586,-577,5586,-600
30,20,2814,171,2814,100
30,20,4316,401,4316,400
30,20,5756,111,5756,100
30,20,3846,-379,3847,-300
30,20,2170,874,2170,800
30,20,1215,-356,1215,-400
30,20,3551,-753,3551,-700
30,20,2608,-841,2608,-1000
30,20,4018,22,4018,0
30,20,5983,-791,5983,-800
30,20,9104,568,9104,600
30,20,9228,-742,9228,-700
30,20,5021,-126,5021,-300
30,20,2247,-827,2247,-800
30,20,6085,123,6086,200
30,20,173,60,173,200
30,20,2967,-760,2968,-800
30,20,4476,-217,4476,-200
30,20,5440,929,5440,900
30,20,7539,780,7539,800
30,20,4410,-437,4410,-600
30,20,80,-390,80,-400
30,20,2206,-110,2206,-100
30,20,9558,-38,9558,0
30,20,5439,-429,5439,-500
30,20,3016,-551,3016,-600
30,20,7045,-656,7045,-700
30,20,2917,864,2917,900
30,20,1556,-2,1556,100
30,20,9459,-234,9459,-200
30,20,703,-713,703,-700
30,20,542,-93,542,-100
30,20,3167,-586,3167,-600
30,20,9129,-262,9129,-300
30,20,7911,-293,7911,-300
30,20,5983,-302,5983,-400
30,20,4742,554,4742,700
30,20,4336,80,4336,100
30,20,9928,-398,9928,-400
30,20,8441,-412,8441,-400
30,20,4163,625,4163,700
30,20,1829,663,1829,700
30,20,338,689,338,700
30,20,6404,134,6404,100
30,20,3483,260,3483,300
30,20,4881,-624,4881,-700
30,20,6510,346,6510,400
30,20,4487,-221,4487,-100
30,20,2566,-753,2566,-700
30,20,1317,246,1317,200
30,20,4736,-954,4736,-900
30,20,5558,-962,5558,-1000
30,30,7058,902,8038,600
30,30,8378,-973,8038,600
30,30,6906,-866,8038,600
30,30,7197,745,8038,600
30,30,5086,577,5086,600
30,30,5057,861,8038,600
30,30,223,13,8038,600
30,30,1425,565,8038,600
30,30,6322,499,8038,600
30,30,1228,-465,8038,600
30,30,8654,689,8038,600
30,30,8470,877,8038,600
30,30,2588,610,8038,600
30,30,4158,-814,8038,600
30,30,4963,357,8038,600
30,30,4103,-703,8038,600
30,30,9601,294,8038,600
30,30,5989,-857,8038,600
30,30,4878,410,8038,600
30,30,9903,735,9900,700
30,30,1424,-169,8038,600
30,30,1398,-340,8038,600
30,30,5189,677,8038,600
30,30,7028,-116,8038,600
30,30,5759,-811,8038,600
30,30,490,-955,489,-1000
30,30,8542,-154,8038,600
30,30,4503,363,8038,600
30,30,9419,190,8038,600
30,30,5344,-736,8038,600
30,30,2141,-372,8038,600
30,30,4939,566,8038,600
30,30,6109,826,6109,600
30,30,8949,-285,8038,600
30,30,8183,-767,8038,600
30,30,8792,279,8792,400
30,30,9245,-657,8038,600
30,30,1790,-248,8038,600
30,30,7868,968,8038,600
30,30,4170,-157,8038,600
30,30,2295,277,8038,600
30,30,4473,-130,8038,600
30,30,4227,2,8038,600
30,30,9409,-933,8038,600
30,30,3428,-835,8038,600
30,30,3061,-750,8038,600
30,30,7579,-107,8038,600
30,30,244,881,8038,600
30,30,660,-791,8038,600
30,30,4513,262,8038,600
30,30,5925,-420,8038,600
30,30,3329,-854,8038,600
30,30,8209,356,8038,600
30,30,6890,244,6890,0
30,30,9601,-747,8038,600
30,30,953,-172,8038,600
30,30,1107,-954,8038,600
30,30,5609,378,8038,600
30,30,5956,880,8038,600
30,30,609,-581,8038,600
30,30,9336,838,8038,600
30,30,766,21,8038,600
30,30,9487,198,8038,600
30,30,4979,-493,8038,600
30,30,4163,-211,4162,-100
30,30,7124,833,8038,600
30,30,2187,598,8038,600
30,30,7968,-431,8038,600
30,30,3665,40,8038,600
30,30,4607,944,8038,600
30,30,3614,493,8038,600
30,30,2710,-895,8038,600
30,30,7536,-910,8038,600
30,30,5262,-846,8038,600
30,30,5139,-504,8038,600
30,30,1107,970,8038,600
30,30,130,972,8038,600
30,30,9504,816,8038,600
30,30,312,931,8038,600
30,30,5870,-475,8038,600
30,30,7652,-587,8038,600
30,30,8753,-59,8038,600
30,30,5806,-139,8038,600
30,30,6153,466,8038,600
30,30,110,324,8038,600
30,30,9972,388,8038,600
30,30,6316,-739,8038,600
30,30,6433,-687,8038,600
30,30,5501,-833,8038,600
30,30,5850,-38,8038,600
30,30,5225,-237,8038,600
30,30,8469,69,8038,600
30,30,2946,367,8038,600
30,30,4106,-446,8038,600
30,30,4949,162,4949,100
30,30,4891,713,8038,600
30,30,6825,-470,8038,600
30,30,4282,-728,8038,600
30,30,1975,246,1975,200
30,30,7152,130,8038,600
30,40,8298,-10,8038,600
30,40,5267,95,8038,600
30,40,4332,314,8038,600
30,40,756,-725,8038,600
30,40,4783,-919,8038,600
30,40,867,-270,8038,600
30,40,6280,-187,8038,600
30,40,8556,463,8038,600
30,40,126,-236,8038,600
30,40,3324,-472,8038,600
30,40,1866,349,8038,600
30,40,8573,336,8038,600
30,40,9536,804,8038,600
30,40,2695,-519,8038,600
30,40,9072,969,8038,600
30,40,4329,497,8038,600
30,40,6417,-799,8038,600
30,40,6637,-572,8038,600
30,40,2801,149,8038,600
30,40,1386,48,8038,600
30,40,2647,337,8038,600
30,40,7285,796,8038,600
30,40,8760,888,8038,600
30,40,528,915,8038,600
30,40,8592,887,8038,600
30,40,5862,-841,8038,600
30,40,218,728,8038,600
30,40,8158,704,8038,600
30,40,8897,38,8038,600
30,40,5692,682,8038,600
30,40,3645,45,8038,600
30,40,8141,-787,8038,600
30,40,6335,755,8038,600
30,40,9400,265,8038,600
30,40,8954,884,8038,600
30,40,3534,-923,8038,600
30,40,3959,-543,8038,600
30,40,7224,-164,8038,600
30,40,5467,-555,8038,600
30,40,7797,-59,8038,600
30,40,4362,718,8038,600
30,40,5848,-76,8038,600
30,40,9603,-340,8038,600
30,40,7538,-347,8038,600
30,40,3917,103,8038,600
30,40,8209,-728,8038,600
30,40,2139,-824,8038,600
30,40,9835,1,8038,600
30,40,5840,-938,8038,600
30,40,4068,0,8038,600
30,40,4593,-693,8038,600
30,40,4967,-155,8038,600
30,40,7686,-966,8038,600
30,40,7271,-771,8038,600
30,40,8453,985,8038,600
30,40,2031,810,8038,600
30,40,7848,-803,8038,600
30,40,5607,-685,8038,600
30,40,5721,-770,8038,600
30,40,2406,108,8038,600
30,40,6854,148,8038,600
30,40,2164,957,8038,600
30,40,7773,-62,8038,600
30,40,7558,739,8038,600
30,40,777,-95,8038,600
30,40,1296,-510,8038,600
30,40,4336,-810,8038,600
30,40,26,-939,8038,600
30,40,8832,175,8038,600
30,40,3671,-888,8038,600
30,40,1632,-316,8038,600
30,40,7605,963,8038,600
30,40,736,917,8038,600
30,40,7813,-70,8038,600
30,40,213,212,8038,600
30,40,7945,158,8038,600
30,40,9910,109,8038,600
30,40,6035,895,8038,600
30,40,4003,611,8038,600
30,40,8840,497,8038,600
30,40,6086,-177,8038,600
30,40,921,932,8038,600
30,40,5850,-802,8038,600
30,40,6316,140,8038,600
30,40,7067,223,8038,600
30,40,2084,919,8038,600
30,40,21,-143,8038,600
30,40,9496,669,8038,600
30,40,9264,203,8038,600
30,40,6021,105,8038,600
30,40,9722,-134,8038,600
30,40,4107,-797,8038,600
30,40,2400,-708,8038,600
30,40,8930,293,8038,600
30,40,825,-154,8038,600
30,40,8087,495,8038,600
30,40,2186,765,8038,600
30,40,8626,449,8038,600
30,40,9641,443,8038,600
30,40,7458,-93,8038,600
30,50,3569,775,8038,600
30,50,639,-862,8038,600
30,50,3523,-24,8038,600
30,50,9784,383,8038,600
30,50,4529,929,8038,600
30,50,6048,-185,8038,600
30,50,1341,-396,8038,600
30,50,2284,-401,8038,600
30,50,5726,-576,8038,600
30,50,6400,514,8038,600
30,50,6293,-408,8038,600
30,50,348,256,8038,600
30,50,3221,743,8038,600
30,50,2179,611,8038,600
30,50,5860,-400,8038,600
30,50,8159,-519,8038,600
30,50,6115,-351,8038,600
30,50,138,152,8038,600
30,50,8505,619,8038,600
30,50,8474,795,8038,600
30,50,122,-295,8038,600
30,50,6901,-940,8038,600
30,50,9628,-942,8038,600
30,50,1077,-776,8038,600
30,50,4206,-890,8038,600
30,50,2461,327,8038,600
30,50,2954,62,8038,600
30,50,8477,-210,8038,600
30,50,5226,239,8038,600
30,50,7522,32,8038,600
30,50,2900,639,8038,600
30,50,3675,-313,8038,600
30,50,1336,149,8038,600
30,50,8429,-983,8038,600
30,50,7309,403,8038,600
30,50,781,898,8038,600
30,50,2574,-128,8038,600
30,50,7762,-71,8038,600
30,50,926,234,8038,600
30,50,5771,892,8038,600
30,50,3783,264,8038,600
30,50,3745,431,8038,600
30,50,6660,408,8038,600
30,50,7872,-997,8038,600
30,50,7219,-924,8038,600
30,50,3283,-961,8038,600
30,50,5335,455,8038,600
30,50,8116,851,8038,600
30,50,1173,559,8038,600
30,50,1003,-231,8038,600
30,50,8105,-341,8038,600
30,50,5525,324,8038,600
30,50,5749,-62,8038,600
30,50,959,-54,8038,600
30,50,8298,762,8038,600
30,50,2915,-35,8038,600
30,50,1195,329,8038,600
30,50,6807,-448,8038,600
30,50,7878,-409,8038,600
30,50,8984,442,8038,600
30,50,4174,-949,8038,600
30,50,1471,889,8038,600
30,50,5319,831,8038,600
30,50,444,-223,8038,600
30,50,3235,610,8038,600
30,50,1823,288,8038,600
30,50,7252,-125,8038,600
30,50,4756,738,8038,600
30,50,1419,283,8038,600
30,50,9742,-561,8038,600
30,50,3254,445,8038,600
30,50,404,-41,8038,600
30,50,8576,563,8038,600
30,50,4038,-72,8038,600
30,50,4668,199,8038,600
30,50,9270,598,8038,600
30,50,7365,-767,8038,600
30,50,8288,994,8038,600
30,50,9932,767,8038,600
30,50,9563,779,8038,600
30,50,5257,931,8038,600
30,50,3111,-121,8038,600
30,50,7325,769,8038,600
30,50,2176,-872,8038,600
30,50,8118,930,8038,600
30,50,6240,-401,8038,600
30,50,9196,-176,8038,600
30,50,8008,-636,8038,600
30,50,8772,452,8038,600
30,50,3809,-332,8038,600
30,50,8370,-455,8038,600
30,50,1114,-738,8038,600
30,50,3347,-494,8038,600
30,50,3985,-730,8038,600
30,50,5406,179,8038,600
30,50,2198,-370,8038,600
30,50,4768,981,8038,600
30,50,7948,-194,8038,600
30,50,133,-145,8038,600
30,50,8883,-660,8038,600
40,-100,7324,549,7324,500
40,-100,5288,510,5288,500
40,-100,9787,441,9787,400
40,-100,6706,-638,6706,-600
40,-100,9210,173,9210,200
40,-100,7946,-888,7946,-900
40,-100,4280,-893,4280,-900
40,-100,1023,-280,1023,-300
40,-100,3189,-266,3189,-300
40,-100,977,502,977,500
40,-100,8138,964,8138,900
40,-100,9196,-475,9196,-500
40,-100,6113,-868,6113,-900
40,-100,7108,-377,7108,-400
40,-100,2694,787,2694,800
40,-100,1262,-469,1262,-500
40,-100,1678,243,1678,200
40,-100,3916,-842,3916,-800
40,-100,5386,-762,5386,-800
40,-100,8649,-342,8649,-300
40,-100,1098,16,1098,0
40,-100,8986,21,8986,0
40,-100,476,-431,476,-400
40,-100,5473,354,5473,400
40,-100,5094,52,5094,100
40,-100,9581,-288,9581,-300
40,-100,544,-167,544,-200
40,-100,2304,-222,2304,-200
40,-100,8445,520,8445,500
40,-100,6613,550,6613,500
40,-100,3500,-667,3500,-700
40,-100,9946,108,9946,100
40,-100,6184,-916,6184,-900
40,-100,3491,-325,3491,-300
40,-100,5551,350,5551,400
40,-100,5791,-593,5791,-600
40,-100,5293,-556,5293,-600
40,-100,428,325,428,300
40,-100,9041,-52,9041,-100
40,-100,174,616,174,600
40,-100,2073,359,2073,400
40,-100,3714,-666,3714,-700
40,-100,4363,-50,4363,0
40,-100,2735,-179,2735,-200
40,-100,3079,-163,3079,-200
40,-100,350,585,350,600
40,-100,5738,-418,5738,-400
40,-100,6196,421,6196,400
40,-100,5267,114,5267,100
40,-100,5375,88,5375,100
40,-100,4565,-551,4565,-600
40,-100,9020,966,9020,900
40,-100,852,67,852,100
40,-100,7412,-359,7412,-400
40,-100,303,-553,303,-600
40,-100,4522,771,4522,800
40,-100,431,-740,431,-700
40,-100,6617,-780,6617,-800
40,-100,9689,-804,9689,-800
40,-100,4887,-655,4887,-700
40,-100,8589,234,8589,200
40,-100,7841,-208,7841,-200
40,-100,2450,745,2450,700
40,-100,1836,-400,1836,-400
40,-100,1997,659,1997,700
40,-100,4250,110,4250,100
40,-100,4665,273,4665,300
40,-100,5760,-257,5760,-300
40,-100,1494,-241,1494,-200
40,-100,2177,949,2177,900
40,-100,2188,-115,2188,-100
40,-100,2561,-699,2561,-700
40,-100,4126,452,4126,500
40,-100,1037,-270,1037,-300
40,-100,2490,-471,2490,-500
40,-100,4888,209,4888,200
40,-100,6861,-270,6861,-300
40,-100,8696,355,8696,400
40,-100,5828,673,5828,700
40,-100,5585,-944,5585,-900
40,-100,9019,212,9019,200
40,-100,240,458,240,500
40,-100,8452,232,8452,200
40,-100,3769,-277,3769,-300
40,-100,8260,906,8260,900
40,-100,3915,-464,3915,-500
40,-100,8226,-521,8226,-500
40,-100,9682,354,9682,400
40,-100,21,-177,21,-200
40,-100,6391,353,6391,400
40,-100,3184,355,3184,400
40,-100,6195,-200,6195,-200
40,-100,2308,-593,2308,-600
40,-100,2630,259,2630,300
40,-100,3209,638,3209,600
40,-100,1561,217,1561,200
40,-100,5985,-330,5985,-300
40,-100,4556,93,4556,100
40,-100,8632,-146,8632,-100
40,-100,1282,226,1282,200
40,-90,6812,-851,6812,-900
40,-90,1407,-872,1407,-900
40,-90,838,442,838,400
40,-90,757,287,757,300
40,-90,8581,-529,8581,-500
40,-90,2196,-154,2196,-200
40,-90,6861,26,6861,0
40,-90,2251,-936,2251,-900
40,-90,2082,-975,2082,-1000
40,-90,9357,978,9357,900
40,-90,3854,-544,3854,-500
40,-90,8144,-961,8144,-1000
40,-90,1357,-987,1357,-1000
40,-90,7002,837,7002,800
40,-90,953,515,953,500
40,-90,7161,907,7161,900
40,-90,9838,-600,9838,-600
40,-90,1161,-177,1161,-200
40,-90,704,617,704,600
40,-90,9325,154,9325,200
40,-90,2248,-774,2248,-800
40,-90,2091,-413,2091,-400
40,-90,6412,-381,6412,-400
40,-90,9381,-780,9381,-800
40,-90,4967,-684,4967,-700
40,-90,9950,-45,9950,0
40,-90,6750,-748,6750,-700
40,-90,2887,-195,2887,-200
40,-90,1185,504,1185,500
40,-90,9710,-24,9710,0
40,-90,4048,818,4048,800
40,-90,3288,671,3288,700
40,-90,6667,-184,6667,-200
40,-90,7559,179,7559,200
40,-90,1836,457,1836,500
40,-90,8213,-267,8213,-300
40,-90,2049,602,2049,600
40,-90,4115,974,4115,900
40,-90,7151,570,7151,600
40,-90,3399,613,3399,600
40,-90,2872,-160,2872,-200
40,-90,8620,237,8620,200
40,-90,4704,-31,4704,0
40,-90,3217,558,3217,600
40,-90,1106,-276,1106,-300
40,-90,5639,-836,5639,-800
40,-90,2159,-246,2159,-200
40,-90,7018,-640,7018,-600
40,-90,4895,-175,4895,-200
40,-90,1100,816,1100,800
40,-90,5901,-567,5901,-600
40,-90,6114,-457,6114,-500
40,-90,2276,929,2276,900
40,-90,9334,-850,9334,-800
40,-90,9959,-313,9959,-300
40,-90,8081,53,8081,100
40,-90,9193,474,9193,500
40,-90,8372,-499,8372,-500
40,-90,5316,-848,5316,-800
40,-90,137,-545,137,-500
40,-90,9034,67,9034,100
40,-90,1896,321,1896,300
40,-90,1164,-122,1164,-100
40,-90,6991,534,6991,500
40,-90,1401,-439,1401,-400
40,-90,9451,-392,9451,-400
40,-90,6324,-541,6324,-500
40,-90,6573,-284,6573,-300
40,-90,404,659,404,700
40,-90,6518,137,6518,100
40,-90,842,-166,842,-200
40,-90,652,-674,652,-700
40,-90,2145,-228,2145,-200
40,-90,8191,144,8191,100
40,-90,5808,-602,5808,-600
40,-90,2169,-476,2169,-500
40,-90,4854,383,4854,400
40,-90,2545,78,2545,100
40,-90,4327,931,4327,900
40,-90,1734,-344,1734,-300
40,-90,8851,-131,8851,-100
40,-90,3712,155,3712,200
40,-90,7813,-16,7813,0
40,-90,2035,315,2035,300
40,-90,4536,-942,4536,-900
40,-90,3162,876,3162,900
40,-90,6590,591,6590,600
40,-90,3162,199,3162,200
40,-90,710,-749,710,-700
40,-90,9562,125,9562,100
40,-90,6245,-178,6245,-200
40,-90,6618,-680,6618,-700
40,-90,9483,-295,9483,-300
40,-90,7118,289,7118,300
40,-90,1625,55,1625,100
40,-90,2891,-749,2891,-700
40,-90,2697,-288,2697,-300
40,-90,9382,-110,9382,-100
40,-90,6947,-760,6947,-800
40,-90,8083,177,8083,200
40,-80,3735,-623,3735,-600
40,-80,6455,-260,6455,-300
40,-80,5859,665,5859,700
40,-80,4923,531,4923,500
40,-80,8842,282,8842,300
40,-80,9528,-495,9528,-500
40,-80,4371,620,4371,600
40,-80,477,-776,477,-800
40,-80,2073,-467,2073,-500
40,-80,5566,859,5566,900
40,-80,6090,147,6090,100
40,-80,5684,-967,5684,-1000
40,-80,6258,24,6258,0
40,-80,1540,-867,1540,-900
40,-80,3509,-200,3509,-200
40,-80,3100,-145,3100,-100
40,-80,6099,958,6099,900
40,-80,4354,532,4354,500
40,-80,4480,-404,4480,-400
40,-80,3944,-878,3944,-900
40,-80,6348,-347,6348,-300
40,-80,8883,-734,8883,-700
40,-80,8849,-560,8849,-600
40,-80,719,802,719,800
40,-80,9475,143,9475,100
40,-80,7700,412,7700,400
40,-80,1004,755,1004,800
40,-80,9182,-553,9182,-600
40,-80,6370,-580,6370,-600
40,-80,7223,-761,7223,-800
40,-80,8499,202,8499,200
40,-80,2736,717,2736,700
40,-80,8394,611,8394,600
40,-80,3161,-423,3161,-400
40,-80,6924,20,6924,0
40,-80,4064,-739,4064,-700
40,-80,9972,-21,9972,0
40,-80,2572,-276,2572,-300
40,-80,905,-135,905,-100
40,-80,4911,18,4911,0
40,-80,9851,-459,9851,-500
40,-80,8313,-445,8313,-400
40,-80,53,-11,53,0
40,-80,7138,-272,7138,-300
40,-80,4514,-188,4514,-200
40,-80,8093,364,8093,400
40,-80,8736,-180,8736,-200
40,-80,8675,-607,8675,-600
40,-80,9106,-959,9106,-1000
40,-80,6089,802,6089,800
40,-80,1569,577,1569,600
40,-80,6161,-270,6161,-300
40,-80,2786,-800,2786,-800
40,-80,6004,170,6004,200
40,-80,1225,490,1225,500
40,-80,6726,-203,6726,-200
40,-80,8995,465,8995,500
40,-80,7014,-494,7014,-500
40,-80,1344,-74,1344,-100
40,-80,2296,-597,2296,-600
40,-80,4181,-996,4181,-1000
40,-80,9797,-957,9797,-1000
40,-80,3147,737,3147,700
40,-80,7960,-704,7960,-700
40,-80,9518,485,9518,500
40,-80,1086,-117,1086,-100
40,-80,4015,-238,4015,-200
40,-80,1638,373,1638,400
40,-80,5496,-835,5496,-800
40,-80,8229,308,8229,300
40,-80,9405,-486,9405,-500
40,-80,654,-921,654,-900
40,-80,2398,782,2398,800
40,-80,6189,987,6189,900
40,-80,7931,-782,7931,-800
40,-80,5380,664,5380,700
40,-80,1284,800,1284,800
40,-80,9174,-551,9174,-600
40,-80,5553,425,5553,400
40,-80,8185,-268,8185,-300
40,-80,6697,413,6697,400
40,-80,1287,505,1287,500
40,-80,1115,935,1115,900
40,-80,2583,-285,2583,-300
40,-80,9714,-760,9714,-800
40,-80,5211,-157,5211,-200
40,-80,7810,-266,7810,-300
40,-80,7942,435,7942,400
40,-80,7744,-904,7744,-900
40,-80,1065,7,1065,0
40,-80,9572,-889,9572,-900
40,-80,7551,661,7551,700
40,-80,1666,-290,1666,-300
40,-80,1914,-359,1914,-400
40,-80,4506,-427,4506,-400
40,-80,12,902,12,900
40,-80,8461,-515,8461,-500
40,-80,3148,-195,3148,-200
40,-80,6995,-468,6995,-500
40,-80,3628,-305,3628,-300
40,-70,3542,-631,3542,-600
40,-70,1405,-727,1405,-700
40,-70,9024,-457,9024,-500
40,-70,4996,741,4996,700
40,-70,5886,-114,5886,-100
40,-70,9730,-901,9730,-900
40,-70,8412,172,8412,200
40,-70,7925,583,7925,600
40,-70,3652,201,3652,200
40,-70,6037,714,6037,700
40,-70,8020,216,8020,200
40,-70,7519,-896,7519,-900
40,-70,7780,851,7780,900
40,-70,7397,-430,7397,-400
40,-70,9131,-648,9131,-600
40,-70,3689,926,3689,900
40,-70,3261,-563,3261,-600
40,-70,3439,-71,3439,-100
40,-70,9237,-81,9237,-100
40,-70,88,862,88,900
40,-70,5026,446,5026,400
40,-70,5726,-212,5726,-200
40,-70,2427,-393,2427,-400
40,-70,3001,-528,3001,-500
40,-70,580,221,580,200
40,-70,7336,720,7336,700
40,-70,7925,-446,7925,-400
40,-70,6385,-842,6385,-800
40,-70,2066,-107,2066,-100
40,-70,3081,275,3081,300
40,-70,7884,-146,7884,-100
40,-70,6087,-914,6087,-900
40,-70,6030,884,6030,900
40,-70,429,-660,429,-700
40,-70,9430,-988,9430,-1000
40,-70,6062,-747,6062,-700
40,-70,7084,-542,7084,-500
40,-70,4186,694,4186,700
40,-70,7636,-583,7636,-600
40,-70,4176,-699,4176,-700
40,-70,736,-425,736,-400
40,-70,6578,-352,6578,-400
40,-70,3588,-235,3588,-200
40,-70,3651,997,3651,900
40,-70,3795,-348,3795,-300
40,-70,1683,-446,1683,-400
40,-70,3665,-179,3665,-200
40,-70,8245,820,8245,800
40,-70,6730,643,6730,600
40,-70,7500,761,7500,800
40,-70,7651,-91,7651,-100
40,-70,8311,380,8311,400
40,-70,768,579,768,600
40,-70,5369,283,5369,300
40,-70,1705,-369,1705,-400
40,-70,5955,-50,5955,0
40,-70,3119,721,3119,700
40,-70,2051,-375,2051,-400
40,-70,6661,-106,6661,-100
40,-70,6668,103,6668,100
40,-70,6283,179,6283,200
40,-70,835,129,835,100
40,-70,7868,-38,7868,0
40,-70,6725,165,6725,200
40,-70,4066,541,4066,500
40,-70,5591,95,5591,100
40,-70,7803,96,7803,100
40,-70,7874,786,7874,800
40,-70,2983,-510,2983,-500
40,-70,1774,-389,1774,-400
40,-70,2548,-891,2548,-900
40,-70,8546,-56,8546,-100
40,-70,5088,-738,5088,-700
40,-70,5053,-557,5053,-600
40,-70,45,-343,45,-300
40,-70,8408,816,8408,800
40,-70,8214,421,8214,400
40,-70,9432,318,9432,300
40,-70,1389,-400,1389,-400
40,-70,6990,-602,6990,-600
40,-70,7260,398,7260,400
40,-70,9323,246,9323,200
40,-70,2991,755,2991,800
40,-70,5951,12,5951,0
40,-70,5461,907,5461,900
40,-70,7397,773,7397,800
40,-70,1587,-745,1587,-700
40,-70,9765,428,9765,400
40,-70,4835,732,4835,700
40,-70,3796,-403,3796,-400
40,-70,1175,717,1175,700
40,-70,7947,976,7947,900
40,-70,9885,475,9885,500
40,-70,6436,-392,6436,-400
40,-70,9485,-316,9485,-300
40,-70,639,-916,639,-900
40,-70,7811,325,7811,300
40,-70,9480,803,9480,800
40,-70,2111,-14,2111,0
40,-70,7274,879,7274,900
40,-60,4370,-709,4370,-700
40,-60,9531,306,9531,300
40,-60,3163,-640,3163,-600
40,-60,5436,-946,5436,-900
40,-60,3329,758,3329,800
40,-60,8542,-870,8542,-900
40,-60,4369,-448,4369,-400
40,-60,96,-597,96,-600
40,-60,2843,-371,2843,-400
40,-60,6038,412,6038,400
40,-60,1270,231,1270,200
40,-60,727,-35,727,0
40,-60,5119,-348,5119,-300
40,-60,4420,-559,4420,-600
40,-60,8080,-238,8080,-200
40,-60,8758,-618,8758,-600
40,-60,3498,439,3498,400
40,-60,3378,937,3378,900
40,-60,60,691,60,700
40,-60,9282,667,9282,700
40,-60,8391,731,8391,700
40,-60,3511,549,3511,500
40,-60,4011,922,4011,900
40,-60,4059,183,4059,200
40,-60,9364,-544,9364,-500
40,-60,450,-898,450,-900
40,-60,8249,-439,8249,-400
40,-60,412,-314,412,-300
40,-60,8357,-562,8357,-600
40,-60,1092,149,1092,100
40,-60,6829,-856,6829,-900
40,-60,9051,-773,9051,-800
40,-60,6800,-919,6800,-900
40,-60,8285,-736,8285,-700
40,-60,4739,525,4739,500
40,-60,5665,443,5665,400
40,-60,4439,774,4439,800
40,-60,2547,-798,2547,-800
40,-60,6582,66,6582,100
40,-60,9107,232,9107,200
40,-60,4518,910,4518,900
40,-60,7742,-517,7742,-500
40,-60,6105,329,6105,300
40,-60,3321,-780,3321,-800
40,-60,8126,935,8126,900
40,-60,2631,-952,2631,-1000
40,-60,3031,-628,3031,-600
40,-60,6125,-724,6125,-700
40,-60,7780,857,7780,900
40,-60,6266,301,6266,300
40,-60,3231,-163,3231,-200
40,-60,8118,877,8118,900
40,-60,7243,-63,7243,-100
40,-60,4033,773,4033,800
40,-60,1729,-642,1729,-600
40,-60,9175,-594,9175,-600
40,-60,2,961,2,900
40,-60,667,822,667,800
40,-60,6627,168,6627,200
40,-60,6530,-527,6530,-500
40,-60,9842,152,9842,200
40,-60,7785,-547,7785,-500
40,-60,8269,-321,8269,-300
40,-60,8880,-399,8880,-400
40,-60,6585,795,6585,800
40,-60,3361,498,3361,500
40,-60,8083,624,8083,600
40,-60,7521,-504,7521,-500
40,-60,2959,-376,2959,-400
40,-60,3809,-93,3809,-100
40,-60,475,-88,475,-100
40,-60,8084,-299,8084,-300
40,-60,3916,502,3916,500
40,-60,1323,-277,1323,-300
40,-60,4673,927,4673,900
40,-60,5693,623,5693,600
40,-60,3726,396,3726,400
40,-60,8446,419,8446,400
40,-60,7083,702,7083,700
40,-60,1464,987,1464,900
40,-60,2850,615,2850,600
40,-60,6499,769,6499,800
40,-60,8688,-648,8688,-600
40,-60,336,249,336,200
40,-60,3213,434,3213,400
40,-60,7836,-222,7836,-200
40,-60,6980,765,6980,800
40,-60,6990,119,6990,100
40,-60,8874,399,8874,400
40,-60,902,15,902,0
40,-60,7954,-825,7954,-800
40,-60,2944,-84,2944,-100
40,-60,2047,-986,2047,-1000
40,-60,4096,113,4096,100
40,-60,8720,630,8720,600
40,-60,7279,-814,7279,-800
40,-60,7574,-159,7574,-200
40,-60,8363,-859,8363,-900
40,-60,8582,-710,8582,-700
40,-60,373,-506,373,-500
40,-50,1455,739,1455,700
40,-50,3166,-619,3166,-600
40,-50,5024,-930,5024,-900
40,-50,7061,-918,7061,-900
40,-50,3488,344,3488,300
40,-50,7252,-760,7252,-800
40,-50,6288,-108,6288,-100
40,-50,4467,70,4467,100
40,-50,5123,368,5123,400
40,-50,7865,123,7865,100
40,-50,4483,-416,4483,-400
40,-50,2019,-808,2019,-800
40,-50,5242,410,5242,400
40,-50,9099,-613,9099,-600
40,-50,5361,578,5361,600
40,-50,8450,-11,8450,0
40,-50,7976,-994,7976,-1000
40,-50,6219,-726,6219,-700
40,-50,7060,313,7060,300
40,-50,7296,-728,7296,-700
40,-50,1248,-139,1248,-100
40,-50,7817,-845,7817,-800
40,-50,1456,573,1456,600
40,-50,2451,519,2451,500
40,-50,7746,-501,7746,-500
40,-50,2888,520,2888,500
40,-50,5364,-483,5364,-500
40,-50,3024,954,3024,900
40,-50,2803,-764,2803,-800
40,-50,8240,-501,8240,-500
40,-50,7868,956,7868,900
40,-50,2264,247,2264,200
40,-50,2766,-27,2766,0
40,-50,6549,929,6549,900
40,-50,2970,914,2970,900
40,-50,3026,178,3026,200
40,-50,6391,880,6391,900
40,-50,2449,62,2449,100
40,-50,8827,-8,8827,0
40,-50,1991,-931,1991,-900
40,-50,5908,656,5908,700
40,-50,7728,-897,7728,-900
40,-50,3933,-820,3933,-800
40,-50,5607,162,5607,200
40,-50,1627,-761,1627,-800
40,-50,2853,-518,2853,-500
40,-50,9332,-235,9332,-200
40,-50,8919,448,8919,400
40,-50,1167,-981,1167,-1000
40,-50,3490,-128,3490,-100
40,-50,1644,-256,1644,-300
40,-50,4231,954,4231,900
40,-50,1290,537,1290,500
40,-50,2818,727,2818,700
40,-50,3684,-763,3684,-800
40,-50,7122,-675,7122,-700
40,-50,2376,418,2376,400
40,-50,1430,921,1430,900
40,-50,3572,-245,3572,-200
40,-50,6943,-915,6943,-900
40,-50,7697,126,7697,100
40,-50,7078,530,7078,500
40,-50,7003,687,7003,700
40,-50,563,-220,563,-200
40,-50,1173,83,1173,100
40,-50,4544,-484,4544,-500
40,-50,4679,-217,4679,-200
40,-50,3297,-379,3297,-400
40,-50,8402,766,8402,800
40,-50,9772,-677,9772,-700
40,-50,6505,-482,6505,-500
40,-50,1096,-912,1096,-900
40,-50,3642,-699,3642,-700
40,-50,2509,-707,2509,-700
40,-50,6656,-924,6656,-900
40,-50,1839,284,1839,300
40,-50,2593,-782,2593,-800
40,-50,2043,-591,2043,-600
40,-50,5294,-39,5294,0
40,-50,2774,-765,2774,-800
40,-50,5440,-937,5440,-900
40,-50,4773,-80,4773,-100
40,-50,2331,-992,2331,-1000
40,-50,8597,-112,8597,-100
40,-50,5302,464,5302,500
40,-50,3440,62,3440,100
40,-50,995,787,995,800
40,-50,7749,566,7749,600
40,-50,8450,915,8450,900
40,-50,3056,920,3056,900
40,-50,4520,393,4520,400
40,-50,5006,-434,5006,-400
40,-50,2247,758,2247,800
40,-50,1499,-829,1499,-800
40,-50,433,-639,433,-600
40,-50,2831,189,2831,200
40,-50,3262,226,3262,200
40,-50,8189,597,8189,600
40,-50,4729,-934,4729,-900
40,-50,6576,941,6576,900
40,-40,2104,-192,2104,-200
40,-40,619,-90,619,-100
40,-40,6479,-998,6479,-1000
40,-40,6936,-56,6936,-100
40,-40,8563,285,8563,300
40,-40,2233,946,2233,900
40,-40,5969,-595,5969,-600
40,-40,7050,-988,7050,-1000
40,-40,4874,-44,4874,0
40,-40,669,-925,669,-900
40,-40,647,804,647,800
40,-40,2478,-565,2478,-600
40,-40,5943,489,5943,500
40,-40,8110,-945,8110,-900
40,-40,3704,189,3704,200
40,-40,766,-148,766,-100
40,-40,8877,-851,8877,-900
40,-40,9253,68,9253,100
40,-40,4347,902,4347,900
40,-40,5462,300,5462,300
40,-40,2701,74,2701,100
40,-40,224,221,224,200
40,-40,5314,-991,5314,-1000
40,-40,9189,-842,9189,-800
40,-40,5080,-67,5080,-100
40,-40,266,6,266,0
40,-40,6109,-518,6109,-500
40,-40,6388,-794,6388,-800
40,-40,3454,-445,3454,-400
40,-40,4591,-299,4591,-300
40,-40,7478,-712,7478,-700
40,-40,2654,-5,2654,0
40,-40,9206,-69,9206,-100
40,-40,6656,673,6656,700
40,-40,8855,571,8855,600
40,-40,4386,-308,4386,-300
40,-40,303,-362,303,-400
40,-40,2073,576,2073,600
40,-40,2458,182,2458,200
40,-40,418,300,418,300
40,-40,9792,6,9792,0
40,-40,4438,711,4438,700
40,-40,7995,654,7995,700
40,-40,3281,870,3281,900
40,-40,3305,-916,3305,-900
40,-40,4159,-395,4159,-400
40,-40,33,15,33,0
40,-40,6225,145,6225,100
40,-40,5664,-927,5664,-900
40,-40,4647,-28,4647,0
40,-40,3682,-493,3682,-500
40,-40,8870,-942,8870,-900
40,-40,3931,792,3931,800
40,-40,8758,91,8758,100
40,-40,3136,-61,3136,-100
40,-40,1360,410,1360,400
40,-40,7711,667,7711,700
40,-40,135,564,135,600
40,-40,9622,-428,9622,-400
40,-40,8232,526,8232,500
40,-40,1428,-48,1428,0
40,-40,6534,-373,6534,-400
40,-40,4184,65,4184,100
40,-40,1360,-845,1360,-800
40,-40,8525,-372,8525,-400
40,-40,4539,-752,4539,-800
40,-40,6782,542,6782,500
40,-40,849,412,849,400
40,-40,4627,239,4627,200
40,-40,7082,3,7082,0
40,-40,7575,453,7575,500
40,-40,335,145,335,100
40,-40,1151,938,1151,900
40,-40,8465,-289,8465,-300
40,-40,7421,-275,7421,-300
40,-40,1970,-400,1970,-400
40,-40,9667,-562,9667,-600
40,-40,66,-231,66,-200
40,-40,7170,-505,7170,-500
40,-40,8629,459,8629,500
40,-40,2927,-504,2927,-500
40,-40,3421,423,3421,400
40,-40,500,-513,500,-500
40,-40,5709,-664,5709,-700
40,-40,5654,-598,5654,-600
40,-40,5966,-451,5966,-500
40,-40,1221,-151,1221,-200
40,-40,9737,25,9737,0
40,-40,3270,141,3270,100
40,-40,5001,-212,5001,-200
40,-40,5203,-144,5203,-100
40,-40,9610,-180,9610,-200
40,-40,4254,-443,4254,-400
40,-40,5683,-18,5683,0
40,-40,9802,451,9802,500
40,-40,851,615,851,600
40,-40,7370,318,7370,300
40,-40,9841,-970,9841,-1000
40,-40,1506,435,1506,400
40,-40,6833,-697,6833,-700
40,-30,643,-318,643,-300
40,-30,3795,-130,3795,-100
40,-30,7239,141,7239,100
40,-30,3855,987,3855,900
40,-30,2862,-634,2862,-600
40,-30,4473,401,4473,400
40,-30,4837,-506,4837,-500
40,-30,574,729,574,700
40,-30,2091,-873,2091,-900
40,-30,268,-87,268,-100
40,-30,5532,827,5532,800
40,-30,9372,-481,9372,-500
40,-30,8139,522,8139,500
40,-30,5443,-832,5443,-800
40,-30,1944,996,1944,900
40,-30,1057,-770,1057,-800
40,-30,6084,489,6084,500
40,-30,2180,-146,2180,-100
40,-30,1878,-94,1878,-100
40,-30,9521,927,9521,900
40,-30,5313,-351,5313,-400
40,-30,5765,973,5765,900
40,-30,330,-270,330,-300
40,-30,4588,997,4588,900
40,-30,7183,157,7183,200
40,-30,3272,-499,3272,-500
40,-30,3802,-568,3802,-600
40,-30,7202,-477,7202,-500
40,-30,20,622,20,600
40,-30,2553,-100,2553,-100
40,-30,6395,520,6395,500
40,-30,7645,-27,7645,0
40,-30,7648,-134,7648,-100
40,-30,6449,24,6449,0
40,-30,2066,-971,2066,-1000
40,-30,182,856,182,900
40,-30,1013,-894,1013,-900
40,-30,1919,632,1919,600
40,-30,3749,5,3749,0
40,-30,1228,-40,1228,0
40,-30,6358,-311,6358,-300
40,-30,6986,-314,6986,-300
40,-30,9351,683,9351,700
40,-30,2325,634,2325,600
40,-30,6395,-414,6395,-400
40,-30,5925,-970,5925,-1000
40,-30,8934,-581,8934,-600
40,-30,4384,-331,4384,-300
40,-30,7945,897,7945,900
40,-30,5026,-116,5026,-100
40,-30,880,-141,880,-100
40,-30,7171,542,7171,500
40,-30,1366,-304,1366,-300
40,-30,8486,-451,8486,-500
40,-30,8399,-461,8399,-500
40,-30,1040,698,1040,700
40,-30,8301,-916,8301,-900
40,-30,5585,371,5585,400
40,-30,4246,-499,4246,-500
40,-30,6954,770,6954,800
40,-30,4487,-672,4487,-700
40,-30,9238,621,9238,600
40,-30,1149,630,1149,600
40,-30,8097,91,8097,100
40,-30,5848,-31,5848,0
40,-30,3768,54,3768,100
40,-30,939,-448,939,-400
40,-30,1146,-964,1146,-1000
40,-30,1782,90,1782,100
40,-30,4045,-661,4045,-700
40,-30,2819,675,2819,700
40,-30,6514,-838,6514,-800
40,-30,9920,484,9920,500
40,-30,145,-209,145,-200
40,-30,4866,663,4866,700
40,-30,7572,490,7572,500
40,-30,1430,-143,1430,-100
40,-30,9636,-293,9636,-300
40,-30,4486,850,4486,800
40,-30,4798,529,4798,500
40,-30,4009,-940,4009,-900
40,-30,577,-756,577,-800
40,-30,4869,-411,4869,-400
40,-30,5132,-687,5132,-700
40,-30,9012,-898,9012,-900
40,-30,4960,919,4960,900
40,-30,9954,-527,9954,-500
40,-30,7643,-308,7643,-300
40,-30,4367,400,4367,400
40,-30,8708,-660,8708,-700
40,-30,6591,-784,6591,-800
40,-30,7942,-228,7942,-200
40,-30,2244,282,2244,300
40,-30,9506,371,9506,400
40,-30,3150,-171,3150,-200
40,-30,1175,-398,1175,-400
40,-30,9767,-984,9767,-1000
40,-30,8189,-683,8189,-700
40,-30,8608,-827,8608,-800
40,-30,7671,178,7671,200
40,-20,3448,-623,3448,-600
40,-20,6165,-983,6165,-1000
40,-20,8333,-75,8333,-100
40,-20,6882,547,6882,500
40,-20,2533,-869,2533,-900
40,-20,1835,114,1835,100
40,-20,5814,621,5814,600
40,-20,3241,-340,3241,-300
40,-20,9292,603,9292,600
40,-20,171,-498,171,-500
40,-20,2609,382,2609,400
40,-20,6727,197,6727,200
40,-20,7329,-87,7329,-100
40,-20,6383,688,6383,700
40,-20,1605,-452,1605,-500
40,-20,7908,-793,7908,-800
40,-20,8740,666,8740,700
40,-20,9417,-185,9417,-200
40,-20,8166,274,8166,300
40,-20,8099,-967,8099,-1000
40,-20,9904,340,9904,300
40,-20,934,60,934,100
40,-20,2786,106,2786,100
40,-20,4264,-877,4264,-900
40,-20,7650,776,7650,800
40,-20,5380,-222,5380,-200
40,-20,1254,962,1254,900
40,-20,9749,359,9749,400
40,-20,3215,139,3215,100
40,-20,1241,965,1241,900
40,-20,2771,75,2771,100
40,-20,5455,-688,5455,-700
40,-20,9256,-69,9256,-100
40,-20,2464,261,2464,300
40,-20,4442,71,4442,100
40,-20,2905,678,2905,700
40,-20,8111,953,8111,900
40,-20,7413,725,7413,700
40,-20,4328,-431,4328,-400
40,-20,3358,-189,3358,-200
40,-20,4401,-338,4401,-300
40,-20,2876,-771,2876,-800
40,-20,8270,-923,8270,-900
40,-20,1517,-39,1517,0
40,-20,5770,-66,5770,-100
40,-20,29,-537,29,-500
40,-20,5467,-595,5467,-600
40,-20,8916,339,8916,300
40,-20,5295,-721,5295,-700
40,-20,4452,239,4452,200
40,-20,1988,-907,1988,-900
40,-20,2608,541,2608,500
40,-20,5109,387,5109,400
40,-20,5415,-587,5415,-600
40,-20,5117,82,5117,100
40,-20,3248,157,3248,200
40,-20,8681,-826,8681,-800
40,-20,6553,-165,6553,-200
40,-20,6015,827,6015,800
40,-20,4952,-669,4952,-700
40,-20,5916,-956,5916,-1000
40,-20,1009,988,1009,900
40,-20,6865,-673,6865,-700
40,-20,7028,347,7028,300
40,-20,8269,-451,8269,-500
40,-20,528,-302,528,-300
40,-20,1680,841,1680,800
40,-20,9079,220,9079,200
40,-20,4380,7,4380,0
40,-20,1178,789,1178,800
40,-20,8761,199,8761,200
40,-20,7966,-472,7966,-500
40,-20,4992,250,4992,300
40,-20,2693,-603,2693,-600
40,-20,5874,1000,5874,900
40,-20,4658,829,4658,800
40,-20,2157,-530,2157,-500
40,-20,960,-328,960,-300
40,-20,2382,936,2382,900
40,-20,7613,-126,7613,-100
40,-20,4901,981,4901,900
40,-20,2634,-786,2634,-800
40,-20,3656,-488,3656,-500
40,-20,4748,440,4748,400
40,-20,7260,751,7260,800
40,-20,5291,291,5291,300
40,-20,9864,98,9864,100
40,-20,9768,893,9768,900
40,-20,9897,-449,9897,-400
40,-20,359,704,359,700
40,-20,300,-797,300,-800
40,-20,7479,-468,7479,-500
40,-20,8908,94,8908,100
40,-20,1774,365,1774,400
40,-20,1481,-727,1481,-700
40,-20,7604,-360,7604,-400
40,-20,1767,746,1767,700
40,-20,5649,894,5649,900
40,-20,6861,-955,6861,-1000
40,-20,6811,-648,6811,-600
40,-10,2320,926,2320,900
40,-10,8985,-161,8985,-200
40,-10,2119,-895,2119,-900
40,-10,7206,923,7206,900
40,-10,7200,680,7200,700
40,-10,6174,-200,6174,-200
40,-10,853,-477,853,-500
40,-10,112,-169,112,-200
40,-10,8522,-868,8522,-900
40,-10,5016,395,5016,400
40,-10,8838,575,8838,600
40,-10,170,982,170,900
40,-10,6828,812,6828,800
40,-10,102,42,102,0
40,-10,7529,-278,7529,-300
40,-10,2364,-574,2364,-600
40,-10,7983,-614,7983,-600
40,-10,1777,-729,1777,-700
40,-10,1879,-568,1879,-600
40,-10,2715,-277,2715,-300
40,-10,7751,524,7751,500
40,-10,2532,816,2532,800
40,-10,6829,169,6829,200
40,-10,4567,61,4567,100
40,-10,8000,-691,8000,-700
40,-10,8514,-755,8514,-800
40,-10,2211,-490,2211,-500
40,-10,8195,-601,8195,-600
40,-10,6005,142,6005,100
40,-10,4946,615,4946,600
40,-10,2199,149,2199,100
40,-10,8751,-596,8751,-600
40,-10,754,-814,754,-800
40,-10,6185,56,6185,100
40,-10,2407,-302,2407,-300
40,-10,2701,-527,2701,-500
40,-10,2004,-20,2004,0
40,-10,4090,673,4090,700
40,-10,1173,565,1173,600
40,-10,5792,-70,5792,-100
40,-10,2640,370,2640,400
40,-10,1664,-385,1664,-400
40,-10,9032,220,9032,200
40,-10,1319,302,1319,300
40,-10,3659,-53,3659,-100
40,-10,5684,-124,5684,-100
40,-10,195,375,195,400
40,-10,8505,573,8505,600
40,-10,5979,-360,5979,-400
40,-10,1311,-887,1311,-900
40,-10,6869,599,6869,600
40,-10,5708,-54,5708,-100
40,-10,7995,-24,7995,0
40,-10,2869,92,2869,100
40,-10,6313,-869,6313,-900
40,-10,792,934,792,900
40,-10,3137,-560,3137,-600
40,-10,3216,823,3216,800
40,-10,8441,292,8441,300
40,-10,4358,73,4358,100
40,-10,2053,641,2053,600
40,-10,5853,-226,5853,-200
40,-10,6522,43,6522,0
40,-10,691,431,691,400
40,-10,8543,543,8543,500
40,-10,56,895,56,900
40,-10,9819,68,9819,100
40,-10,3165,848,3165,800
40,-10,4191,-397,4191,-400
40,-10,2277,-597,2277,-600
40,-10,9459,-940,9459,-900
40,-10,1627,630,1627,600
40,-10,4234,-415,4234,-400
40,-10,7637,475,7637,500
40,-10,4839,-659,4839,-700
40,-10,1450,391,1450,400
40,-10,924,-578,924,-600
40,-10,9592,897,9592,900
40,-10,6139,853,6139,900
40,-10,1101,-672,1101,-700
40,-10,3762,846,3762,800
40,-10,2734,-352,2734,-400
40,-10,6421,288,6421,300
40,-10,7855,-556,7855,-600
40,-10,1571,155,1571,200
40,-10,5209,28,5209,0
40,-10,5258,939,5258,900
40,-10,2879,-212,2879,-200
40,-10,1938,426,1938,400
40,-10,8061,-484,8061,-500
40,-10,7482,575,7482,600
40,-10,1741,-186,1741,-200
40,-10,168,-866,168,-900
40,-10,610,682,610,700
40,-10,4210,5,4210,0
40,-10,4346,-486,4346,-500
40,-10,564,-261,564,-300
40,-10,2158,-514,2158,-500
40,-10,5483,-716,5483,-700
40,-10,9339,-994,9339,-1000
40,0,1248,-698,1248,-700
40,0,425,-506,425,-500
40,0,6871,503,6871,500
40,0,7416,945,7416,900
40,0,2454,-724,2454,-700
40,0,509,-981,509,-1000
40,0,8507,288,8507,300
40,0,2220,929,2220,900
40,0,3760,-526,3760,-500
40,0,1775,-613,1775,-600
40,0,8574,605,8574,600
40,0,8962,-47,8962,-100
40,0,2272,916,2272,900
40,0,1191,-18,1191,0
40,0,507,236,507,200
40,0,7083,520,7083,500
40,0,6939,116,6939,100
40,0,3646,-365,3646,-400
40,0,1410,305,1410,300
40,0,4471,-349,4471,-400
40,0,3948,-872,3948,-900
40,0,5957,-158,5957,-200
40,0,3714,-867,3714,-900
40,0,3288,-315,3288,-300
40,0,7989,-879,7989,-900
40,0,1314,599,1314,600
40,0,9679,315,9679,300
40,0,2808,-162,2808,-200
40,0,9629,221,9629,200
40,0,3834,272,3834,300
40,0,8748,292,8748,300
40,0,3468,-211,3468,-200
40,0,323,579,323,600
40,0,2895,-151,2895,-100
40,0,1860,223,1860,200
40,0,720,-630,720,-600
40,0,3234,-693,3234,-700
40,0,6994,-824,6994,-800
40,0,9106,-786,9106,-800
40,0,224,-240,224,-200
40,0,6825,-813,6825,-800
40,0,6737,-373,6737,-400
40,0,6499,-154,6499,-200
40,0,5837,201,5837,200
40,0,6273,383,6273,400
40,0,488,547,488,500
40,0,3671,-989,3671,-1000
40,0,4543,-519,4543,-500
40,0,2064,994,2064,900
40,0,1505,610,1505,600
40,0,6549,-484,6549,-500
40,0,3175,-446,3175,-400
40,0,3087,-939,3087,-900
40,0,3841,856,3841,900
40,0,9475,-900,9475,-900
40,0,8939,-17,8939,0
40,0,603,503,603,500
40,0,8536,215,8536,200
40,0,9719,-168,9719,-200
40,0,5377,-449,5377,-500
40,0,6286,-220,6286,-200
40,0,8593,266,8593,300
40,0,2632,455,2632,500
40,0,5269,444,5269,500
40,0,3610,690,3610,700
40,0,1639,346,1639,300
40,0,5099,494,5099,500
40,0,1308,311,1308,300
40,0,9373,-297,9373,-300
40,0,1149,859,1149,900
40,0,4676,-899,4676,-900
40,0,916,-249,916,-200
40,0,4967,847,4967,800
40,0,6984,-579,6984,-600
40,0,7444,602,7444,600
40,0,1226,470,1226,500
40,0,7355,-912,7355,-900
40,0,4171,-438,4171,-400
40,0,2919,-781,2919,-800
40,0,5992,280,5992,300
40,0,5154,-14,5154,0
40,0,3992,-731,3992,-700
40,0,6172,-684,6172,-700
40,0,673,549,673,600
40,0,262,-468,262,-500
40,0,7284,1000,7284,900
40,0,1763,-500,1763,-500
40,0,2621,-344,2621,-300
40,0,6550,374,6550,400
40,0,7437,971,7437,900
40,0,702,492,702,500
40,0,2903,-451,2903,-400
40,0,4150,-835,4150,-800
40,0,2836,206,2836,200
40,0,1663,-115,1663,-100
40,0,565,-568,565,-600
40,0,9344,-332,9344,-300
40,0,2729,263,2729,300
40,0,8962,170,8962,200
40,0,6737,559,6737,600
40,10,7240,799,7240,800
40,10,8194,58,8194,0
40,10,3384,59,3384,0
40,10,2176,618,2176,600
40,10,2413,334,2413,400
40,10,5629,82,5629,100
40,10,8231,-199,8231,-200
40,10,493,479,493,500
40,10,1618,-127,1618,-200
40,10,9426,440,9426,400
40,10,5362,-808,5362,-800
40,10,3666,403,3666,400
40,10,1460,-635,1460,-600
40,10,7595,139,7595,200
40,10,7658,395,7658,400
40,10,7883,752,7883,700
40,10,3796,165,3796,200
40,10,630,824,630,800
40,10,2471,333,2471,300
40,10,3595,975,3595,900
40,10,8489,-428,8489,-400
40,10,2009,-902,2009,-900
40,10,3769,529,3769,500
40,10,212,472,212,500
40,10,648,-461,648,-500
40,10,3921,-359,3921,-400
40,10,7260,-758,7260,-800
40,10,9053,942,9053,900
40,10,3342,-423,3342,-400
40,10,2586,130,2586,100
40,10,3988,-34,3988,0
40,10,2095,-288,2095,-300
40,10,9064,-253,9064,-300
40,10,6112,-857,6112,-800
40,10,524,48,524,0
40,10,2702,145,2702,100
40,10,4355,-951,4355,-900
40,10,3726,-541,3726,-500
40,10,3569,-43,3569,0
40,10,2307,-640,2307,-700
40,10,7596,-656,7596,-600
40,10,9971,-16,9971,0
40,10,6380,-16,6380,0
40,10,6103,316,6103,300
40,10,3690,-591,3690,-600
40,10,3741,-807,3741,-800
40,10,3566,753,3566,800
40,10,3852,-68,3852,-100
40,10,2661,575,2661,600
40,10,5050,-237,5050,-200
40,10,702,-902,702,-900
40,10,5506,757,5506,800
40,10,7714,300,7714,300
40,10,3169,568,3169,600
40,10,5593,413,5593,400
40,10,3918,847,3918,900
40,10,4374,-867,4374,-900
40,10,1207,-474,1207,-500
40,10,5148,-452,5148,-500
40,10,2588,3,2588,0
40,10,4545,-126,4545,-100
40,10,1754,4,1754,0
40,10,8024,-957,8024,-900
40,10,2719,-141,2719,-200
40,10,8097,-733,8097,-700
40,10,3673,-934,3673,-900
40,10,7415,980,7415,900
40,10,3414,-545,3414,-600
40,10,1648,-251,1648,-300
40,10,9920,455,9920,500
40,10,3195,-191,3195,-200
40,10,1634,293,1634,300
40,10,8945,-750,8945,-800
40,10,8549,-127,8549,-100
40,10,1790,-667,1790,-700
40,10,6132,339,6132,300
40,10,3626,-804,3626,-800
40,10,6107,934,6107,900
40,10,6190,765,6190,700
40,10,1622,-71,1622,-100
40,10,6207,-344,6207,-300
40,10,7161,777,7161,800
40,10,9700,-902,9700,-900
40,10,7496,405,7496,400
40,10,8072,705,8072,700
40,10,4898,-561,4898,-500
40,10,9670,-468,9670,-500
40,10,6032,553,6032,500
40,10,1609,-151,1609,-200
40,10,9344,507,9344,500
40,10,763,322,763,300
40,10,2569,-156,2569,-100
40,10,5790,-814,5790,-800
40,10,4970,820,4970,800
40,10,5069,-997,5069,-1000
40,10,8834,-397,8834,-400
40,10,7197,954,7197,900
40,10,651,871,651,900
40,10,1858,-536,1858,-500
40,10,3078,-354,3078,-400
40,20,92,943,92,900
40,20,878,-151,878,-300
40,20,2572,639,2572,600
40,20,3550,217,3548,200
40,20,3378,414,3378,400
40,20,6940,-23,6940,0
40,20,875,-236,875,-300
40,20,3235,310,3235,300
40,20,8680,-672,8680,-600
40,20,2821,952,2821,900
40,20,9317,-658,9317,-700
40,20,8562,196,8561,100
40,20,2562,-401,2562,-400
40,20,3943,-603,3943,-700
40,20,9493,-699,9493,-800
40,20,9255,650,9255,700
40,20,799,-967,799,-1000
40,20,1689,-618,1689,-700
40,20,7565,-646,7565,-600
40,20,4422,-995,4422,-1000
40,20,227,823,227,800
40,20,2551,-735,2551,-800
40,20,8317,-59,8317,-100
40,20,3708,-405,3708,-300
40,20,4140,-918,4140,-1000
40,20,6265,-73,6265,0
40,20,1659,930,1659,900
40,20,8251,680,8251,800
40,20,9891,-620,9892,-600
40,20,1847,-461,1847,-500
40,20,5415,95,5415,100
40,20,961,-909,961,-900
40,20,9464,-765,9464,-800
40,20,8406,-669,8406,-600
40,20,4604,165,4604,200
40,20,3474,450,3474,600
40,20,8305,12,8305,100
40,20,2364,338,2364,400
40,20,5848,313,5848,300
40,20,5307,-600,5307,-600
40,20,7083,487,7083,500
40,20,7924,691,7924,700
40,20,2752,-684,2752,-600
40,20,3874,425,3874,400
40,20,1626,-741,1626,-700
40,20,9006,-885,9006,-900
40,20,5389,6,5389,-100
40,20,5883,388,5883,400
40,20,636,781,636,800
40,20,2797,-45,2797,0
40,20,7121,-527,7121,-400
40,20,6002,-157,6002,-100
40,20,5692,268,5692,300
40,20,4399,445,4399,600
40,20,2105,-981,2105,-1000
40,20,61,-765,61,-800
40,20,4033,-724,4033,-700
40,20,9199,-560,9199,-600
40,20,193,-45,193,0
40,20,582,-862,582,-900
40,20,2763,960,2763,900
40,20,648,406,648,400
40,20,3046,-229,3046,-200
40,20,1381,725,1381,600
40,20,1383,944,1383,900
40,20,2242,218,2242,100
40,20,463,413,463,400
40,20,3703,32,3703,0
40,20,4617,-596,4617,-600
40,20,2732,-589,2733,-500
40,20,6736,-739,6736,-700
40,20,626,-89,626,-200
40,20,3843,-295,3843,-300
40,20,7918,-573,7918,-600
40,20,2320,-125,2319,-200
40,20,8479,748,8479,700
40,20,2985,635,2985,600
40,20,5559,560,5559,500
40,20,9663,-786,9663,-700
40,20,1335,-622,1335,-700
40,20,4768,-17,4768,-100
40,20,1837,439,1837,500
40,20,6534,-357,6534,-200
40,20,6263,-192,6263,-200
40,20,7372,497,7372,500
40,20,1715,-787,1715,-800
40,20,7091,679,7091,700
40,20,9955,560,9955,500
40,20,5761,-435,5761,-500
40,20,2519,149,2519,200
40,20,8393,-642,8393,-600
40,20,677,-16,677,100
40,20,4870,-537,4870,-400
40,20,6475,-563,6475,-700
40,20,5918,140,5918,200
40,20,3168,671,3168,600
40,20,3545,-627,3545,-600
40,20,2303,216,2303,200
40,20,5586,-806,5586,-800
40,20,125,-431,125,-400
40,30,9735,-533,8038,600
40,30,2537,859,8038,600
40,30,2117,-391,8038,600
40,30,5693,512,8038,600
40,30,4693,-652,8038,600
40,30,5432,-737,5432,-600
40,30,8698,595,8038,600
40,30,2484,432,8038,600
40,30,2379,218,8038,600
40,30,9832,642,8038,600
40,30,3151,92,8038,600
40,30,5766,-692,8038,600
40,30,9661,854,8038,600
40,30,1348,-762,8038,600
40,30,9914,9,8038,600
40,30,615,592,8038,600
40,30,6507,-62,8038,600
40,30,2901,114,8038,600
40,30,8983,-886,8038,600
40,30,6222,-376,8038,600
40,30,7016,-135,8038,600
40,30,1560,-786,1560,-1000
40,30,3042,409,8038,600
40,30,4132,301,8038,600
40,30,3847,-854,8038,600
40,30,7874,-917,8038,600
40,30,9315,-627,8038,600
40,30,8137,-964,8038,600
40,30,7279,552,8038,600
40,30,113,-839,109,-1000
40,30,406,49,8038,600
40,30,7113,194,8038,600
40,30,6132,676,8038,600
40,30,7073,-147,8038,600
40,30,5901,556,8038,600
40,30,1550,807,8038,600
40,30,648,-239,8038,600
40,30,5985,-470,8038,600
40,30,3340,513,8038,600
40,30,9146,-430,8038,600
40,30,2281,-412,8038,600
40,30,215,-94,8038,600
40,30,2930,82,8038,600
40,30,4875,894,4875,900
40,30,1923,293,8038,600
40,30,4931,19,8038,600
40,30,3236,-584,8038,600
40,30,8891,619,8038,600
40,30,2469,29,8038,600
40,30,682,-236,8038,600
40,30,5644,887,8038,600
40,30,5671,-426,8038,600
40,30,3972,913,8038,600
40,30,7409,776,8038,600
40,30,6617,-406,6616,-400
40,30,7197,-388,8038,600
40,30,8218,-982,8038,600
40,30,8409,-96,8038,600
40,30,3968,240,8038,600
40,30,9489,-192,8038,600
40,30,5917,-213,8038,600
40,30,8230,177,8038,600
40,30,702,-145,8038,600
40,30,7365,736,8038,600
40,30,8797,-175,8038,600
40,30,5079,3,8038,600
40,30,4263,-996,8038,600
40,30,4983,36,8038,600
40,30,3373,-642,8038,600
40,30,7473,122,8038,600
40,30,8588,716,8038,600
40,30,2479,51,8038,600
40,30,2202,800,8038,600
40,30,8795,536,8038,600
40,30,7601,983,8038,600
40,30,6514,-440,8038,600
40,30,5801,795,8038,600
40,30,7124,-292,7124,-200
40,30,8199,908,8038,600
40,30,4587,583,8038,600
40,30,9157,477,8038,600
40,30,5998,-192,8038,600
40,30,5296,-139,8038,600
40,30,2650,22,8038,600
40,30,566,-634,8038,600
40,30,8761,-260,8038,600
40,30,2407,-656,2409,-600
40,30,1157,-450,8038,600
40,30,5086,-767,8038,600
40,30,8785,-318,8038,600
40,30,4815,644,8038,600
40,30,8793,-638,8038,600
40,30,2233,615,8038,600
40,30,1116,-135,1115,100
40,30,3794,-499,8038,600
40,30,748,-129,8038,600
40,30,7595,946,8038,600
40,30,9512,222,8038,600
40,30,6926,248,8038,600
40,30,3799,-443,8038,600
40,40,3995,-665,8038,600
40,40,672,-744,8038,600
40,40,6524,741,8038,600
40,40,8057,394,8038,600
40,40,7715,994,8038,600
40,40,9761,706,8038,600
40,40,1215,628,8038,600
40,40,6587,853,8038,600
40,40,6452,-679,8038,600
40,40,4105,-318,8038,600
40,40,7435,79,8038,600
40,40,3979,726,8038,600
40,40,5582,-818,8038,600
40,40,6203,-61,8038,600
40,40,715,296,8038,600
40,40,4229,-591,8038,600
40,40,4462,-324,8038,600
40,40,1102,-26,8038,600
40,40,8906,-571,8038,600
40,40,6053,130,8038,600
40,40,111,325,8038,600
40,40,1872,-643,8038,600
40,40,5608,311,8038,600
40,40,2838,-805,8038,600
40,40,5899,90,8038,600
40,40,6508,158,8038,600
40,40,3556,519,8038,600
40,40,5742,-517,8038,600
40,40,7030,-873,8038,600
40,40,6616,-826,8038,600
40,40,7007,247,8038,600
40,40,7900,127,8038,600
40,40,7852,414,8038,600
40,40,6987,-63,8038,600
40,40,6771,-575,8038,600
40,40,9591,-20,8038,600
40,40,4158,86,8038,600
40,40,7127,664,8038,600
40,40,4755,-607,8038,600
40,40,6493,117,8038,600
40,40,6499,510,8038,600
40,40,344,622,8038,600
40,40,2317,-80,8038,600
40,40,4159,-418,8038,600
40,40,6059,-588,8038,600
40,40,5920,62,8038,600
40,40,5248,-655,8038,600
40,40,7099,-348,8038,600
40,40,3280,-538,8038,600
40,40,7517,-100,8038,600
40,40,2022,-797,8038,600
40,40,3373,-212,8038,600
40,40,3315,-776,8038,600
40,40,1489,-350,8038,600
40,40,8985,822,8038,600
40,40,2597,-992,8038,600
40,40,9756,353,8038,600
40,40,8708,-617,8038,600
40,40,2590,687,8038,600
40,40,6999,353,8038,600
40,40,6082,-712,8038,600
40,40,4071,735,8038,600
40,40,625,-71,8038,600
40,40,1200,-922,8038,600
40,40,816,-291,8038,600
40,40,3810,-547,8038,600
40,40,6751,811,8038,600
40,40,9692,-656,8038,600
40,40,3897,-363,8038,600
40,40,8840,283,8038,600
40,40,7950,175,8038,600
40,40,895,-555,8038,600
40,40,7465,991,8038,600
40,40,5420,601,8038,600
40,40,7896,359,8038,600
40,40,5916,60,8038,600
40,40,760,-902,8038,600
40,40,2209,-96,8038,600
40,40,5217,-734,8038,600
40,40,504,-387,8038,600
40,40,3807,894,8038,600
40,40,1237,-167,8038,600
40,40,3807,655,8038,600
40,40,5058,429,8038,600
40,40,515,778,8038,600
40,40,7200,-305,8038,600
40,40,5395,991,8038,600
40,40,4821,705,8038,600
40,40,4949,779,8038,600
40,40,1070,964,8038,600
40,40,9600,370,8038,600
40,40,3097,-884,8038,600
40,40,791,392,8038,600
40,40,9171,-893,8038,600
40,40,2538,650,8038,600
40,40,8110,-183,8038,600
40,40,8338,-248,8038,600
40,40,5760,-624,8038,600
40,40,3484,-824,8038,600
40,40,6877,525,8038,600
40,50,8151,682,8038,600
40,50,682,295,8038,600
40,50,4797,486,8038,600
40,50,8211,147,8038,600
40,50,6634,552,8038,600
40,50,2273,-883,8038,600
40,50,17,-45,8038,600
40,50,7563,49,8038,600
40,50,365,-348,8038,600
40,50,1215,-185,8038,600
40,50,5061,-201,8038,600
40,50,4421,-997,8038,600
40,50,3060,659,8038,600
40,50,9917,158,8038,600
40,50,6916,-820,8038,600
40,50,9122,-775,8038,600
40,50,2164,-450,8038,600
40,50,5991,961,8038,600
40,50,7471,738,8038,600
40,50,2769,-872,8038,600
40,50,1428,-582,8038,600
40,50,5590,738,8038,600
40,50,1929,897,8038,600
40,50,7555,-558,8038,600
40,50,7787,-514,8038,600
40,50,7902,-768,8038,600
40,50,2647,-394,8038,600
40,50,8044,446,8038,600
40,50,7937,81,8038,600
40,50,6231,-181,8038,600
40,50,9363,186,8038,600
40,50,4465,-58,8038,600
40,50,6346,844,8038,600
40,50,8550,345,8038,600
40,50,6738,-817,8038,600
40,50,3422,236,8038,600
40,50,8721,45,8038,600
40,50,1071,-253,8038,600
40,50,7119,36,8038,600
40,50,1205,150,8038,600
40,50,9025,-698,8038,600
40,50,4350,-290,8038,600
40,50,5339,-626,8038,600
40,50,6128,989,8038,600
40,50,3030,-675,8038,600
40,50,3196,798,8038,600
40,50,2177,-527,8038,600
40,50,971,-10,8038,600
40,50,5467,58,8038,600
40,50,6925,229,8038,600
40,50,1583,-37,8038,600
40,50,5619,432,8038,600
40,50,5404,342,8038,600
40,50,5456,-373,8038,600
40,50,6832,540,8038,600
40,50,9229,846,8038,600
40,50,8700,-652,8038,600
40,50,3341,829,8038,600
40,50,5581,994,8038,600
40,50,966,-743,8038,600
40,50,8244,-37,8038,600
40,50,5470,943,8038,600
40,50,1974,-473,8038,600
40,50,9760,-51,8038,600
40,50,9943,-824,8038,600
40,50,4106,367,8038,600
40,50,1358,-356,8038,600
40,50,8665,-751,8038,600
40,50,9619,813,8038,600
40,50,5233,-617,8038,600
40,50,6544,591,8038,600
40,50,7670,590,8038,600
40,50,52,78,8038,600
40,50,6010,-420,8038,600
40,50,9020,81,8038,600
40,50,5141,-234,8038,600
40,50,3362,-382,8038,600
40,50,5989,332,8038,600
40,50,3458,371,8038,600
40,50,5562,48,8038,600
40,50,6219,-8,8038,600
40,50,5196,-126,8038,600
40,50,6611,-101,8038,600
40,50,6873,262,8038,600
40,50,3559,-56,8038,600
40,50,7163,-91,8038,600
40,50,8193,491,8038,600
40,50,213,236,8038,600
40,50,8739,456,8038,600
40,50,6636,-499,8038,600
40,50,1572,888,8038,600
40,50,7302,-952,8038,600
40,50,6070,-533,8038,600
40,50,2888,-684,8038,600
40,50,1633,614,8038,600
40,50,2782,-466,8038,600
40,50,2055,-369,8038,600
40,50,3368,793,8038,600
40,50,7088,-946,8038,600
40,50,9410,-301,8038,600
50,-100,2145,201,2145,200
50,-100,7970,500,7970,500
50,-100,252,-164,252,-200
50,-100,4909,225,4909,200
50,-100,1265,-282,1265,-300
50,-100,4542,-659,4542,-700
50,-100,2932,945,2932,900
50,-100,5141,866,5141,900
50,-100,1126,-99,1126,-100
50,-100,9737,722,9737,700
50,-100,8473,-257,8473,-300
50,-100,6296,529,6296,500
50,-100,5100,89,5100,100
50,-100,7995,281,7995,300
50,-100,437,641,437,600
50,-100,5940,915,5940,900
50,-100,8676,-192,8676,-200
50,-100,1945,-985,1945,-1000
50,-100,5517,925,5517,900
50,-100,2534,521,2534,500
50,-100,4682,459,4682,500
50,-100,8907,522,8907,500
50,-100,7416,-140,7416,-100
50,-100,524,-205,524,-200
50,-100,1410,-961,1410,-1000
50,-100,6846,-541,6846,-500
50,-100,2729,553,2729,600
50,-100,1112,449,1112,400
50,-100,7419,344,7419,300
50,-100,7672,862,7672,900
50,-100,9934,-240,9934,-200
50,-100,9051,985,9051,900
50,-100,4222,777,4222,800
50,-100,1005,892,1005,900
50,-100,8007,909,8007,900
50,-100,3494,-896,3494,-900
50,-100,1221,-299,1221,-300
50,-100,7751,-521,7751,-500
50,-100,4046,-41,4046,0
50,-100,7549,-469,7549,-500
50,-100,2483,800,2483,800
50,-100,219,911,219,900
50,-100,5913,-918,5913,-900
50,-100,7362,522,7362,500
50,-100,4441,222,4441,200
50,-100,5110,-317,5110,-300
50,-100,4649,385,4649,400
50,-100,5198,-970,5198,-1000
50,-100,6259,-128,6259,-100
50,-100,4696,-278,4696,-300
50,-100,2379,-143,2379,-100
50,-100,8086,917,8086,900
50,-100,4379,816,4379,800
50,-100,2937,-459,2937,-500
50,-100,2251,-928,2251,-900
50,-100,7849,-480,7849,-500
50,-100,5716,-732,5716,-700
50,-100,8088,-240,8088,-200
50,-100,1481,335,1481,300
50,-100,6374,279,6374,300
50,-100,7827,67,7827,100
50,-100,3100,137,3100,100
50,-100,7284,-233,7284,-200
50,-100,7250,-513,7250,-500
50,-100,2588,-726,2588,-700
50,-100,1805,-418,1805,-400
50,-100,8829,577,8829,600
50,-100,5025,-858,5025,-900
50,-100,7637,-570,7637,-600
50,-100,4071,-35,4071,0
50,-100,4949,711,4949,700
50,-100,702,160,702,200
50,-100,2948,995,2948,900
50,-100,4137,773,4137,800
50,-100,6986,287,6986,300
50,-100,6868,165,6868,200
50,-100,2621,636,2621,600
50,-100,6852,659,6852,700
50,-100,1663,-801,1663,-800
50,-100,4269,-815,4269,-800
50,-100,4329,613,4329,600
50,-100,4685,-861,4685,-900
50,-100,508,-318,508,-300
50,-100,3636,393,3636,400
50,-100,4508,-568,4508,-600
50,-100,3818,423,3818,400
50,-100,3807,879,3807,900
50,-100,7231,321,7231,300
50,-100,6929,696,6929,700
50,-100,536,186,536,200
50,-100,3364,-750,3364,-700
50,-100,4704,259,4704,300
50,-100,2219,-973,2219,-1000
50,-100,307,-957,307,-1000
50,-100,7027,-623,7027,-600
50,-100,5892,-88,5892,-100
50,-100,2480,919,2480,900
50,-100,7139,828,7139,800
50,-100,6769,-201,6769,-200
50,-100,8940,81,8940,100
50,-90,1833,-554,1833,-600
50,-90,6482,848,6482,800
50,-90,5637,-547,5637,-500
50,-90,8715,944,8715,900
50,-90,8969,-796,8969,-800
50,-90,3084,-738,3084,-700
50,-90,7846,591,7846,600
50,-90,2415,-295,2415,-300
50,-90,719,-313,719,-300
50,-90,5903,589,5903,600
50,-90,8201,348,8201,300
50,-90,7299,607,7299,600
50,-90,5427,182,5427,200
50,-90,9996,-178,9996,-200
50,-90,4663,321,4663,300
50,-90,5830,-697,5830,-700
50,-90,1872,632,1872,600
50,-90,344,-379,344,-400
50,-90,5399,-301,5399,-300
50,-90,1210,-163,1210,-200
50,-90,3406,67,3406,100
50,-90,3983,-581,3983,-600
50,-90,9023,-892,9023,-900
50,-90,7268,-272,7268,-300
50,-90,7424,-833,7424,-800
50,-90,6680,715,6680,700
50,-90,4522,-394,4522,-400
50,-90,4768,-620,4768,-600
50,-90,3947,176,3947,200
50,-90,3421,-206,3421,-200
50,-90,5984,162,5984,200
50,-90,2523,829,2523,800
50,-90,7896,-655,7896,-700
50,-90,8846,-547,8846,-500
50,-90,1903,278,1903,300
50,-90,6145,981,6145,900
50,-90,6700,-592,6700,-600
50,-90,4623,-350,4623,-400
50,-90,7354,-513,7354,-500
50,-90,6052,461,6052,500
50,-90,3425,220,3425,200
50,-90,8330,-867,8330,-900
50,-90,4040,856,4040,900
50,-90,62,966,62,900
50,-90,4178,168,4178,200
50,-90,4096,901,4096,900
50,-90,8586,29,8586,0
50,-90,6203,-483,6203,-500
50,-90,6948,-837,6948,-800
50,-90,1608,-75,1608,-100
50,-90,8204,-627,8204,-600
50,-90,3488,18,3488,0
50,-90,9084,-20,9084,0
50,-90,4291,13,4291,0
50,-90,9927,590,9927,600
50,-90,8621,-836,8621,-800
50,-90,4109,-336,4109,-300
50,-90,9293,589,9293,600
50,-90,8383,-807,8383,-800
50,-90,8467,-959,8467,-1000
50,-90,2113,-973,2113,-1000
50,-90,8061,-361,8061,-400
50,-90,7645,238,7645,200
50,-90,5662,410,5662,400
50,-90,8825,-285,8825,-300
50,-90,7443,-156,7443,-200
50,-90,6812,-915,6812,-900
50,-90,6782,100,6782,100
50,-90,1116,576,1116,600
50,-90,5582,-986,5582,-1000
50,-90,298,333,298,300
50,-90,5648,-233,5648,-200
50,-90,6825,-588,6825,-600
50,-90,443,211,443,200
50,-90,912,-154,912,-200
50,-90,6627,-155,6627,-200
50,-90,1505,66,1505,100
50,-90,1639,-786,1639,-800
50,-90,492,184,492,200
50,-90,3170,-366,3170,-400
50,-90,624,-697,624,-700
50,-90,803,767,803,800
50,-90,4358,-644,4358,-600
50,-90,7208,528,7208,500
50,-90,5591,50,5591,0
50,-90,4509,601,4509,600
50,-90,596,-214,596,-200
50,-90,8238,-494,8238,-500
50,-90,9666,296,9666,300
50,-90,2258,-288,2258,-300
50,-90,2266,-220,2266,-200
50,-90,3320,-402,3320,-400
50,-90,4232,-593,4232,-600
50,-90,4886,-522,4886,-500
50,-90,95,-863,95,-900
50,-90,6705,689,6705,700
50,-90,8392,810,8392,800
50,-90,3597,-259,3597,-300
50,-90,7961,493,7961,500
50,-90,4823,-955,4823,-1000
50,-80,5961,-431,5961,-400
50,-80,7118,484,7118,500
50,-80,3018,-506,3018,-500
50,-80,2630,133,2630,100
50,-80,1788,-340,1788,-300
50,-80,6505,-84,6505,-100
50,-80,7953,-427,7953,-400
50,-80,165,-371,165,-400
50,-80,480,507,480,500
50,-80,5375,-77,5375,-100
50,-80,6211,549,6211,500
50,-80,5091,314,5091,300
50,-80,3755,-602,3755,-600
50,-80,1139,-935,1139,-900
50,-80,9037,-695,9037,-700
50,-80,2670,-680,2670,-700
50,-80,2463,245,2463,200
50,-80,5913,-517,5913,-500
50,-80,5631,101,5631,100
50,-80,6085,-226,6085,-200
50,-80,6705,-881,6705,-900
50,-80,6332,-878,6332,-900
50,-80,1233,-452,1233,-500
50,-80,9768,-462,9768,-500
50,-80,6700,351,6700,400
50,-80,8089,595,8089,600
50,-80,9018,-588,9018,-600
50,-80,8057,-224,8057,-200
50,-80,8747,-462,8747,-500
50,-80,4387,521,4387,500
50,-80,405,-772,405,-800
50,-80,5354,-113,5354,-100
50,-80,3882,749,3882,700
50,-80,8559,-433,8559,-400
50,-80,7229,-338,7229,-300
50,-80,3672,118,3672,100
50,-80,4797,-641,4797,-600
50,-80,6550,-607,6550,-600
50,-80,9758,-719,9758,-700
50,-80,3036,-572,3036,-600
50,-80,8803,0,8803,0
50,-80,3603,-559,3603,-600
50,-80,6729,198,6729,200
50,-80,4268,-129,4268,-100
50,-80,3840,227,3840,200
50,-80,4790,-262,4790,-300
50,-80,5117,93,5117,100
50,-80,5506,-351,5506,-400
50,-80,153,-957,153,-1000
50,-80,5282,668,5282,700
50,-80,8132,155,8132,200
50,-80,3407,210,3407,200
50,-80,9016,-869,9016,-900
50,-80,5985,-904,5985,-900
50,-80,7031,-238,7031,-200
50,-80,2199,242,2199,200
50,-80,5672,-427,5672,-400
50,-80,9254,221,9254,200
50,-80,602,-86,602,-100
50,-80,4974,-490,4974,-500
50,-80,5322,-53,5322,-100
50,-80,6094,-143,6094,-100
50,-80,6856,-971,6856,-1000
50,-80,1127,-673,1127,-700
50,-80,5954,472,5954,500
50,-80,3218,998,3218,900
50,-80,7386,527,7386,500
50,-80,66,617,66,600
50,-80,5237,254,5237,300
50,-80,2875,-385,2875,-400
50,-80,8586,-748,8586,-700
50,-80,2740,685,2740,700
50,-80,1984,-742,1984,-700
50,-80,2919,-552,2919,-600
50,-80,1653,-652,1653,-700
50,-80,1207,513,1207,500
50,-80,6032,413,6032,400
50,-80,8391,718,8391,700
50,-80,7091,-177,7091,-200
50,-80,5306,-678,5306,-700
50,-80,6092,25,6092,0
50,-80,2239,-416,2239,-400
50,-80,6940,-309,6940,-300
50,-80,2570,537,2570,500
50,-80,6901,937,6901,900
50,-80,274,-872,274,-900
50,-80,3996,531,3996,500
50,-80,7772,422,7772,400
50,-80,3272,565,3272,600
50,-80,7227,-3,7227,0
50,-80,916,366,916,400
50,-80,4649,-839,4649,-800
50,-80,57,-744,57,-700
50,-80,1272,823,1272,800
50,-80,1916,242,1916,200
50,-80,6636,-249,6636,-200
50,-80,3507,766,3507,800
50,-80,4070,869,4070,900
50,-80,9391,515,9391,500
50,-80,6514,957,6514,900
50,-70,2662,-486,2662,-500
50,-70,8852,-933,8852,-900
50,-70,2254,549,2254,500
50,-70,7412,-347,7412,-300
50,-70,671,-719,671,-700
50,-70,3280,-179,3280,-200
50,-70,8176,-320,8176,-300
50,-70,5193,-943,5193,-900
50,-70,2827,-216,2827,-200
50,-70,9607,-250,9607,-300
50,-70,2005,-159,2005,-200
50,-70,4406,209,4406,200
50,-70,343,332,343,300
50,-70,4015,-491,4015,-500
50,-70,1491,838,1491,800
50,-70,5913,892,5913,900
50,-70,3915,427,3915,400
50,-70,5512,-638,5512,-600
50,-70,9483,-730,9483,-700
50,-70,7886,855,7886,900
50,-70,5734,-111,5734,-100
50,-70,1142,516,1142,500
50,-70,3950,480,3950,500
50,-70,815,604,815,600
50,-70,5966,24,5966,0
50,-70,3459,876,3459,900
50,-70,3882,538,3882,500
50,-70,660,55,660,100
50,-70,4459,549,4459,500
50,-70,142,-605,142,-600
50,-70,2230,0,2230,0
50,-70,7659,-501,7659,-500
50,-70,5732,623,5732,600
50,-70,258,504,258,500
50,-70,5389,-318,5389,-300
50,-70,3932,708,3932,700
50,-70,2440,-26,2440,0
50,-70,2526,-339,2526,-300
50,-70,1554,-702,1554,-700
50,-70,9717,419,9717,400
50,-70,5147,324,5147,300
50,-70,3861,576,3861,600
50,-70,3273,620,3273,600
50,-70,9832,902,9832,900
50,-70,1945,-940,1945,-900
50,-70,3503,553,3503,600
50,-70,8966,573,8966,600
50,-70,1666,677,1666,700
50,-70,9615,-624,9615,-600
50,-70,8732,-602,8732,-600
50,-70,6956,-679,6956,-700
50,-70,8314,81,8314,100
50,-70,2427,-558,2427,-600
50,-70,8841,-619,8841,-600
50,-70,3565,-923,3565,-900
50,-70,6352,-535,6352,-500
50,-70,5417,516,5417,500
50,-70,5188,-457,5188,-500
50,-70,2551,-986,2551,-1000
50,-70,2583,195,2583,200
50,-70,8871,165,8871,200
50,-70,1231,67,1231,100
50,-70,856,-467,856,-500
50,-70,2002,282,2002,300
50,-70,481,184,481,200
50,-70,9457,-788,9457,-800
50,-70,665,240,665,200
50,-70,2225,778,2225,800
50,-70,1984,-77,1984,-100
50,-70,4252,-646,4252,-600
50,-70,3565,674,3565,700
50,-70,6349,468,6349,500
50,-70,9431,-584,9431,-600
50,-70,877,145,877,100
50,-70,8722,151,8722,200
50,-70,3883,-840,3883,-800
50,-70,3647,249,3647,200
50,-70,993,-944,993,-900
50,-70,6374,249,6374,200
50,-70,1316,-823,1316,-800
50,-70,2351,-768,2351,-800
50,-70,3416,756,3416,800
50,-70,5559,22,5559,0
50,-70,8199,-515,8199,-500
50,-70,1432,523,1432,500
50,-70,2020,-270,2020,-300
50,-70,5922,640,5922,600
50,-70,7138,461,7138,500
50,-70,4055,602,4055,600
50,-70,3486,191,3486,200
50,-70,1712,540,1712,500
50,-70,7347,995,7347,900
50,-70,5818,905,5818,900
50,-70,8200,-190,8200,-200
50,-70,348,-351,348,-400
50,-70,8729,95,8729,100
50,-70,5459,-530,5459,-500
50,-70,5296,-565,5296,-600
50,-70,5090,769,5090,800
50,-70,2253,30,2253,0
50,-60,3889,-480,3889,-500
50,-60,4346,-144,4346,-100
50,-60,4060,-12,4060,0
50,-60,5334,-314,5334,-300
50,-60,9936,390,9936,400
50,-60,8632,151,8632,200
50,-60,7166,552,7166,600
50,-60,8066,272,8066,300
50,-60,7743,-827,7743,-800
50,-60,3341,-621,3341,-600
50,-60,4135,613,4135,600
50,-60,431,437,431,400
50,-60,6912,338,6912,300
50,-60,6619,-184,6619,-200
50,-60,7941,279,7941,300
50,-60,4162,691,4162,700
50,-60,9523,930,9523,900
50,-60,1779,905,1779,900
50,-60,897,158,897,200
50,-60,7474,645,7474,600
50,-60,7904,-876,7904,-900
50,-60,2836,-790,2836,-800
50,-60,2477,890,2477,900
50,-60,2164,188,2164,200
50,-60,5882,705,5882,700
50,-60,9438,657,9438,700
50,-60,9392,338,9392,300
50,-60,7124,773,7124,800
50,-60,6591,-468,6591,-500
50,-60,6971,-15,6971,0
50,-60,9026,765,9026,800
50,-60,1190,-529,1190,-500
50,-60,3033,638,3033,600
50,-60,9991,-37,9991,0
50,-60,9481,-582,9481,-600
50,-60,6721,-940,6721,-900
50,-60,2847,-313,2847,-300
50,-60,7931,527,7931,500
50,-60,8389,271,8389,300
50,-60,2080,-495,2080,-500
50,-60,218,-921,218,-900
50,-60,110,-531,110,-500
50,-60,8606,-50,8606,0
50,-60,4719,-131,4719,-100
50,-60,8318,398,8318,400
50,-60,2013,-954,2013,-1000
50,-60,8944,900,8944,900
50,-60,1426,-75,1426,-100
50,-60,2070,523,2070,500
50,-60,5682,-337,5682,-300
50,-60,5415,-27,5415,0
50,-60,1125,371,1125,400
50,-60,1783,428,1783,400
50,-60,9326,-149,9326,-100
50,-60,5761,-610,5761,-600
50,-60,3624,882,3624,900
50,-60,4708,194,4708,200
50,-60,4861,-750,4861,-700
50,-60,4998,-793,4998,-800
50,-60,7142,-249,7142,-200
50,-60,8469,-836,8469,-800
50,-60,7661,816,7661,800
50,-60,7493,781,7493,800
50,-60,8382,269,8382,300
50,-60,8538,337,8538,300
50,-60,3516,-575,3516,-600
50,-60,7025,-382,7025,-400
50,-60,721,106,721,100
50,-60,9178,-349,9178,-300
50,-60,4801,-245,4801,-200
50,-60,9684,0,9684,0
50,-60,3713,-95,3713,-100
50,-60,764,129,764,100
50,-60,2002,-229,2002,-200
50,-60,7656,30,7656,0
50,-60,7006,447,7006,400
50,-60,7062,689,7062,700
50,-60,268,-645,268,-600
50,-60,6480,-43,6480,0
50,-60,9836,275,9836,300
50,-60,1708,-167,1708,-200
50,-60,6496,-648,6496,-600
50,-60,8540,181,8540,200
50,-60,5543,846,5543,800
50,-60,6591,579,6591,600
50,-60,1509,-388,1509,-400
50,-60,5743,19,5743,0
50,-60,1428,36,1428,0
50,-60,4350,-856,4350,-900
50,-60,3225,-740,3225,-700
50,-60,6015,-922,6015,-900
50,-60,4849,-103,4849,-100
50,-60,9344,-848,9344,-800
50,-60,314,107,314,100
50,-60,4208,811,4208,800
50,-60,4298,-796,4298,-800
50,-60,9073,-873,9073,-900
50,-60,1583,-796,1583,-800
50,-60,2917,316,2917,300
50,-60,5329,-710,5329,-700
50,-50,9745,796,9745,800
50,-50,7945,-929,7945,-900
50,-50,4773,-602,4773,-600
50,-50,8926,160,8926,200
50,-50,4412,-747,4412,-700
50,-50,2190,968,2190,900
50,-50,4362,-917,4362,-900
50,-50,8132,143,8132,100
50,-50,8408,-52,8408,-100
50,-50,4659,-716,4659,-700
50,-50,6259,-599,6259,-600
50,-50,2123,322,2123,300
50,-50,1625,956,1625,900
50,-50,9449,-565,9449,-600
50,-50,2986,-809,2986,-800
50,-50,7120,350,7120,400
50,-50,5171,-422,5171,-400
50,-50,8631,788,8631,800
50,-50,5954,-381,5954,-400
50,-50,8170,971,8170,900
50,-50,8292,-452,8292,-500
50,-50,7156,559,7156,600
50,-50,9315,994,9315,900
50,-50,2492,-129,2492,-100
50,-50,4616,550,4616,500
50,-50,3460,-752,3460,-800
50,-50,1125,144,1125,100
50,-50,4175,-214,4175,-200
50,-50,4226,-404,4226,-400
50,-50,2519,-464,2519,-500
50,-50,5584,-70,5584,-100
50,-50,2964,-590,2964,-600
50,-50,6938,868,6938,900
50,-50,6951,426,6951,400
50,-50,6111,559,6111,600
50,-50,7348,-822,7348,-800
50,-50,5211,708,5211,700
50,-50,9860,868,9860,900
50,-50,5526,-617,5526,-600
50,-50,8601,356,8601,400
50,-50,3481,-339,3481,-300
50,-50,9394,-670,9394,-700
50,-50,7352,364,7352,400
50,-50,4526,882,4526,900
50,-50,896,-569,896,-600
50,-50,4666,959,4666,900
50,-50,1350,-989,1350,-1000
50,-50,709,-123,709,-100
50,-50,6391,17,6391,0
50,-50,9201,-599,9201,-600
50,-50,8447,498,8447,500
50,-50,6230,-267,6230,-300
50,-50,646,-271,646,-300
50,-50,3050,-552,3050,-600
50,-50,3703,116,3703,100
50,-50,3526,629,3526,600
50,-50,7961,-276,7961,-300
50,-50,5816,922,5816,900
50,-50,8907,-121,8907,-100
50,-50,8777,-406,8777,-400
50,-50,6668,-146,6668,-100
50,-50,8245,632,8245,600
50,-50,9498,986,9498,900
50,-50,6054,17,6054,0
50,-50,9661,-845,9661,-800
50,-50,8898,977,8898,900
50,-50,9346,952,9346,900
50,-50,3875,461,3875,500
50,-50,2937,-670,2937,-700
50,-50,6591,-170,6591,-200
50,-50,555,-988,555,-1000
50,-50,7078,-196,7078,-200
50,-50,6778,-743,6778,-700
50,-50,9539,-118,9539,-100
50,-50,2326,-402,2326,-400
50,-50,4110,245,4110,200
50,-50,6873,593,6873,600
50,-50,9044,729,9044,700
50,-50,4043,-653,4043,-700
50,-50,4500,27,4500,0
50,-50,1749,349,1749,300
50,-50,1522,347,1522,300
50,-50,6808,547,6808,500
50,-50,8555,657,8555,700
50,-50,9388,462,9388,500
50,-50,4980,-746,4980,-700
50,-50,638,-385,638,-400
50,-50,7685,762,7685,800
50,-50,208,617,208,600
50,-50,1257,-745,1257,-700
50,-50,292,-729,292,-700
50,-50,4493,-951,4493,-1000
50,-50,7237,122,7237,100
50,-50,3342,756,3342,800
50,-50,8952,585,8952,600
50,-50,7768,412,7768,400
50,-50,6665,-275,6665,-300
50,-50,1589,-756,1589,-800
50,-50,3357,823,3357,800
50,-50,2449,-737,2449,-700
50,-40,2224,326,2224,300
50,-40,5572,-98,5572,-100
50,-40,8535,-606,8535,-600
50,-40,6283,837,6283,800
50,-40,1142,978,1142,900
50,-40,6087,-982,6087,-1000
50,-40,1648,-833,1648,-800
50,-40,6453,-794,6453,-800
50,-40,3243,-132,3243,-100
50,-40,3208,634,3208,600
50,-40,8734,-654,8734,-700
50,-40,6638,137,6638,100
50,-40,2058,135,2058,100
50,-40,1723,271,1723,300
50,-40,4049,421,4049,400
50,-40,259,-402,259,-400
50,-40,9839,-887,9839,-900
50,-40,9673,565,9673,600
50,-40,1210,-537,1210,-500
50,-40,949,795,949,800
50,-40,4425,588,4425,600
50,-40,225,-713,225,-700
50,-40,6455,-298,6455,-300
50,-40,9767,443,9767,400
50,-40,2717,-251,2717,-300
50,-40,7325,541,7325,500
50,-40,7094,708,7094,700
50,-40,5778,-961,5778,-1000
50,-40,8502,607,8502,600
50,-40,8867,647,8867,600
50,-40,9021,219,9021,200
50,-40,9341,159,9341,200
50,-40,5039,-665,5039,-700
50,-40,9390,-343,9390,-300
50,-40,8177,-74,8177,-100
50,-40,9473,-421,9473,-400
50,-40,5940,-648,5940,-600
50,-40,9485,-852,9485,-900
50,-40,6544,471,6544,500
50,-40,9438,934,9438,900
50,-40,7731,-885,7731,-900
50,-40,3899,357,3899,400
50,-40,9460,-423,9460,-400
50,-40,7847,515,7847,500
50,-40,4944,-564,4944,-600
50,-40,7833,926,7833,900
50,-40,1693,881,1693,900
50,-40,4742,-824,4742,-800
50,-40,1971,106,1971,100
50,-40,7032,-520,7032,-500
50,-40,7040,-949,7040,-900
50,-40,3246,548,3246,500
50,-40,5016,148,5016,100
50,-40,9683,807,9683,800
50,-40,3134,-886,3134,-900
50,-40,6126,-984,6126,-1000
50,-40,3820,995,3820,900
50,-40,752,-902,752,-900
50,-40,4457,296,4457,300
50,-40,9853,-690,9853,-700
50,-40,2255,657,2255,700
50,-40,9703,-268,9703,-300
50,-40,8679,-174,8679,-200
50,-40,2518,760,2518,800
50,-40,1538,441,1538,400
50,-40,1242,493,1242,500
50,-40,6435,728,6435,700
50,-40,3305,369,3305,400
50,-40,7860,396,7860,400
50,-40,7021,-890,7021,-900
50,-40,5443,-377,5443,-400
50,-40,4599,748,4599,700
50,-40,1219,-462,1219,-500
50,-40,4683,210,4683,200
50,-40,5346,-140,5346,-100
50,-40,4387,227,4387,200
50,-40,7898,-800,7898,-800
50,-40,8110,-805,8110,-800
50,-40,6269,433,6269,400
50,-40,1005,527,1005,500
50,-40,1649,-244,1649,-200
50,-40,8887,-659,8887,-700
50,-40,8735,317,8735,300
50,-40,7748,-114,7748,-100
50,-40,443,376,443,400
50,-40,730,872,730,900
50,-40,6845,489,6845,500
50,-40,2530,384,2530,400
50,-40,3058,723,3058,700
50,-40,5182,-446,5182,-400
50,-40,8149,-640,8149,-600
50,-40,2244,201,2244,200
50,-40,8552,640,8552,600
50,-40,2537,-318,2537,-300
50,-40,8171,153,8171,200
50,-40,7449,219,7449,200
50,-40,2019,875,2019,900
50,-40,3389,-532,3389,-500
50,-40,5138,826,5138,800
50,-40,2662,-101,2662,-100
50,-30,4623,276,4623,300
50,-30,2130,-127,2130,-100
50,-30,9688,-896,9688,-900
50,-30,9357,-514,9357,-500
50,-30,8134,-646,8134,-600
50,-30,6313,537,6313,500
50,-30,645,-503,645,-500
50,-30,9923,807,9923,800
50,-30,4642,-816,4642,-800
50,-30,8154,-618,8154,-600
50,-30,4113,943,4113,900
50,-30,6928,-350,6928,-300
50,-30,3705,409,3705,400
50,-30,5532,-197,5532,-200
50,-30,1862,824,1862,800
50,-30,8772,347,8772,300
50,-30,805,-435,805,-400
50,-30,4672,419,4672,400
50,-30,7855,360,7855,400
50,-30,5777,-653,5777,-700
50,-30,3513,500,3513,500
50,-30,8027,-503,8027,-500
50,-30,1364,747,1364,700
50,-30,3163,279,3163,300
50,-30,5900,-768,5900,-800
50,-30,845,574,845,600
50,-30,1375,252,1375,300
50,-30,1950,-42,1950,0
50,-30,228,425,228,400
50,-30,849,-5,849,0
50,-30,7906,-118,7906,-100
50,-30,8277,-700,8277,-700
50,-30,3463,847,3463,800
50,-30,6820,592,6820,600
50,-30,1165,-500,1165,-500
50,-30,487,-762,487,-800
50,-30,8079,372,8079,400
50,-30,2947,-802,2947,-800
50,-30,9865,400,9865,400
50,-30,8983,54,8983,100
50,-30,914,96,914,100
50,-30,5746,-950,5746,-1000
50,-30,8346,-252,8346,-300
50,-30,818,965,818,900
50,-30,4921,-513,4921,-500
50,-30,8784,307,8784,300
50,-30,9422,-413,9422,-400
50,-30,7790,-772,7790,-800
50,-30,4862,-145,4862,-100
50,-30,1180,-362,1180,-400
50,-30,4379,397,4379,400
50,-30,6853,-463,6853,-500
50,-30,6090,897,6090,900
50,-30,6953,-671,6953,-700
50,-30,2331,843,2331,800
50,-30,7976,-200,7976,-200
50,-30,6214,349,6214,300
50,-30,5824,-752,5824,-800
50,-30,4563,-541,4563,-500
50,-30,7236,-317,7236,-300
50,-30,919,429,919,400
50,-30,2327,-91,2327,-100
50,-30,2393,-500,2393,-500
50,-30,2146,627,2146,600
50,-30,1662,-764,1662,-800
50,-30,848,287,848,300
50,-30,6879,-959,6879,-1000
50,-30,3782,293,3782,300
50,-30,7190,847,7190,800
50,-30,5297,-871,5297,-900
50,-30,671,-719,671,-700
50,-30,6528,39,6528,0
50,-30,6854,139,6854,100
50,-30,9151,909,9151,900
50,-30,6045,981,6045,900
50,-30,6080,248,6080,200
50,-30,602,-856,602,-900
50,-30,3850,850,3850,900
50,-30,2243,-528,2243,-500
50,-30,2688,-41,2688,0
50,-30,442,-428,442,-400
50,-30,3944,235,3944,200
50,-30,1137,349,1137,300
50,-30,4988,643,4988,600
50,-30,8473,670,8473,700
50,-30,7490,-646,7490,-600
50,-30,7152,798,7152,800
50,-30,8224,-321,8224,-300
50,-30,8059,-845,8059,-800
50,-30,1530,744,1530,700
50,-30,1774,-225,1774,-200
50,-30,5079,411,5079,400
50,-30,6131,392,6131,400
50,-30,2445,297,2445,300
50,-30,3021,-980,3021,-1000
50,-30,2323,320,2323,300
50,-30,6864,837,6864,800
50,-30,8960,512,8960,500
50,-30,9178,509,9178,500
50,-30,1825,-324,1825,-300
50,-20,9727,-721,9727,-700
50,-20,813,766,813,800
50,-20,3771,-453,3771,-500
50,-20,7071,-443,7071,-400
50,-20,9457,860,9457,900
50,-20,3508,-559,3508,-600
50,-20,7657,965,7657,900
50,-20,5082,-907,5082,-900
50,-20,5713,948,5713,900
50,-20,8928,-16,8928,0
50,-20,1539,24,1539,0
50,-20,8149,475,8149,500
50,-20,5736,-10,5736,0
50,-20,6353,279,6353,300
50,-20,604,-167,604,-200
50,-20,5038,336,5038,300
50,-20,4032,-274,4032,-300
50,-20,5156,-265,5156,-300
50,-20,228,681,228,700
50,-20,943,-891,943,-900
50,-20,6602,294,6602,300
50,-20,5934,-448,5934,-400
50,-20,3159,565,3159,600
50,-20,525,-91,525,-100
50,-20,7234,468,7234,500
50,-20,9522,536,9522,500
50,-20,9413,-834,9413,-800
50,-20,7941,-632,7941,-600
50,-20,9107,-328,9107,-300
50,-20,1034,-781,1034,-800
50,-20,7520,156,7520,200
50,-20,5457,475,5457,500
50,-20,4308,40,4308,0
50,-20,3950,-650,3950,-700
50,-20,3099,148,3099,100
50,-20,4196,-457,4196,-500
50,-20,9311,487,9311,500
50,-20,9077,-276,9077,-300
50,-20,4075,-759,4075,-800
50,-20,3748,661,3748,700
50,-20,521,855,521,900
50,-20,5113,-155,5113,-200
50,-20,4879,-760,4879,-800
50,-20,5669,-655,5669,-700
50,-20,5267,561,5267,600
50,-20,1223,856,1223,900
50,-20,6616,-354,6616,-400
50,-20,3741,-947,3741,-900
50,-20,7083,-591,7083,-600
50,-20,6376,595,6376,600
50,-20,8264,955,8264,900
50,-20,5681,-29,5681,0
50,-20,1395,971,1395,900
50,-20,4489,-613,4489,-600
50,-20,1390,-803,1390,-800
50,-20,3935,31,3935,0
50,-20,4084,-530,4084,-500
50,-20,8664,-388,8664,-400
50,-20,648,874,648,900
50,-20,8586,-50,8586,0
50,-20,3482,-379,3482,-400
50,-20,6957,-999,6957,-1000
50,-20,778,-197,778,-200
50,-20,9048,102,9048,100
50,-20,8405,-527,8405,-500
50,-20,8447,585,8447,600
50,-20,377,-848,377,-800
50,-20,6956,-428,6956,-400
50,-20,1371,-476,1371,-500
50,-20,1149,-516,1149,-500
50,-20,7187,-665,7187,-700
50,-20,7386,11,7386,0
50,-20,9190,-75,9190,-100
50,-20,3701,786,3701,800
50,-20,9533,-418,9533,-400
50,-20,4647,20,4647,0
50,-20,691,400,691,400
50,-20,3870,946,3870,900
50,-20,914,763,914,800
50,-20,2873,475,2873,500
50,-20,8152,-114,8152,-100
50,-20,226,-196,226,-200
50,-20,4187,296,4187,300
50,-20,8324,-522,8324,-500
50,-20,2908,-146,2908,-100
50,-20,6355,907,6355,900
50,-20,9121,291,9121,300
50,-20,51,298,51,300
50,-20,3934,173,3934,200
50,-20,9184,-869,9184,-900
50,-20,1339,-869,1339,-900
50,-20,9776,-777,9776,-800
50,-20,5101,351,5101,400
50,-20,9331,-124,9331,-100
50,-20,4302,521,4302,500
50,-20,7238,-21,7238,0
50,-20,7128,754,7128,800
50,-20,7934,246,7934,200
50,-20,8142,-733,8142,-700
50,-20,4168,-383,4168,-400
50,-10,1049,-487,1049,-500
50,-10,4344,12,4344,0
50,-10,7961,796,7961,800
50,-10,297,-920,297,-900
50,-10,3499,937,3499,900
50,-10,4812,-808,4812,-800
50,-10,2370,-741,2370,-700
50,-10,3006,-465,3006,-500
50,-10,2056,855,2056,900
50,-10,7344,-358,7344,-400
50,-10,1061,295,1061,300
50,-10,5287,814,5287,800
50,-10,3036,-785,3036,-800
50,-10,2947,-229,2947,-200
50,-10,8054,-360,8054,-400
50,-10,4539,-151,4539,-200
50,-10,7614,757,7614,800
50,-10,8651,136,8651,100
50,-10,3375,-998,3375,-1000
50,-10,1069,-601,1069,-600
50,-10,3986,-482,3986,-500
50,-10,7197,277,7197,300
50,-10,9761,-436,9761,-400
50,-10,9662,-972,9662,-1000
50,-10,6921,54,6921,100
50,-10,9917,-888,9917,-900
50,-10,8996,-779,8996,-800
50,-10,5700,-562,5700,-600
50,-10,494,337,494,300
50,-10,1190,-557,1190,-600
50,-10,4665,-987,4665,-1000
50,-10,555,-610,555,-600
50,-10,3974,-796,3974,-800
50,-10,7168,582,7168,600
50,-10,8047,-548,8047,-500
50,-10,6546,216,6546,200
50,-10,9584,856,9584,900
50,-10,4908,4,4908,0
50,-10,228,910,228,900
50,-10,9198,202,9198,200
50,-10,5270,305,5270,300
50,-10,6869,-761,6869,-800
50,-10,7041,-267,7041,-300
50,-10,6396,645,6396,600
50,-10,4202,148,4202,100
50,-10,5036,-602,5036,-600
50,-10,6978,509,6978,500
50,-10,3565,391,3565,400
50,-10,9685,713,9685,700
50,-10,9667,-841,9667,-800
50,-10,8792,-251,8792,-300
50,-10,3153,273,3153,300
50,-10,782,875,782,900
50,-10,3118,863,3118,900
50,-10,5472,-151,5472,-200
50,-10,7309,227,7309,200
50,-10,1743,852,1743,800
50,-10,3252,-198,3252,-200
50,-10,8593,-55,8593,-100
50,-10,3783,-246,3783,-200
50,-10,6940,674,6940,700
50,-10,3546,-542,3546,-500
50,-10,8747,490,8747,500
50,-10,4295,983,4295,900
50,-10,4853,162,4853,200
50,-10,4301,933,4301,900
50,-10,8182,-971,8182,-1000
50,-10,7713,-766,7713,-800
50,-10,1927,-105,1927,-100
50,-10,7942,-801,7942,-800
50,-10,5970,-809,5970,-800
50,-10,6038,-433,6038,-400
50,-10,4600,170,4600,200
50,-10,3529,461,3529,500
50,-10,120,793,120,800
50,-10,4843,-243,4843,-200
50,-10,436,-893,436,-900
50,-10,6205,-786,6205,-800
50,-10,95,245,95,200
50,-10,8295,961,8295,900
50,-10,1440,899,1440,900
50,-10,6861,-114,6861,-100
50,-10,898,-365,898,-400
50,-10,921,696,921,700
50,-10,5626,-44,5626,0
50,-10,8561,664,8561,700
50,-10,3236,-670,3236,-700
50,-10,3938,-518,3938,-500
50,-10,4588,-46,4588,0
50,-10,4606,-389,4606,-400
50,-10,5594,-328,5594,-300
50,-10,9396,-512,9396,-500
50,-10,8830,78,8830,100
50,-10,7025,-30,7025,0
50,-10,2784,-283,2784,-300
50,-10,7625,-569,7625,-600
50,-10,8506,583,8506,600
50,-10,8202,-745,8202,-700
50,-10,1823,-577,1823,-600
50,-10,7217,450,7217,500
50,0,7924,652,7924,600
50,0,7436,-914,7436,-900
50,0,4762,665,4762,700
50,0,5240,-410,5240,-400
50,0,1200,-154,1200,-200
50,0,6631,-21,6631,0
50,0,1124,297,1124,300
50,0,9546,-16,9546,0
50,0,3131,-503,3131,-500
50,0,7742,-427,7742,-400
50,0,6454,482,6454,500
50,0,9665,295,9665,300
50,0,2164,-304,2164,-300
50,0,4453,-795,4453,-800
50,0,2912,-533,2912,-500
50,0,460,-507,460,-500
50,0,3271,751,3271,800
50,0,5698,-477,5698,-500
50,0,7485,286,7485,300
50,0,8743,-391,8743,-400
50,0,7033,860,7033,900
50,0,1076,-5,1076,0
50,0,7244,226,7244,200
50,0,2957,-36,2957,0
50,0,3735,42,3735,0
50,0,8861,-697,8861,-700
50,0,7993,-447,7993,-400
50,0,8418,-638,8418,-600
50,0,3978,-173,3978,-200
50,0,9080,-840,9080,-800
50,0,2825,104,2825,100
50,0,2226,850,2226,900
50,0,1483,557,1483,600
50,0,3428,826,3428,800
50,0,4142,546,4142,500
50,0,3937,-269,3937,-300
50,0,3071,576,3071,600
50,0,2368,149,2368,100
50,0,6946,-996,6946,-1000
50,0,569,320,569,300
50,0,9625,-717,9625,-700
50,0,2046,382,2046,400
50,0,4468,-867,4468,-900
50,0,8781,-680,8781,-700
50,0,927,-348,927,-400
50,0,160,-896,160,-900
50,0,4406,-454,4406,-500
50,0,3329,-777,3329,-800
50,0,4142,-174,4142,-200
50,0,8932,681,8932,700
50,0,2783,260,2783,300
50,0,6484,116,6484,100
50,0,7428,296,7428,300
50,0,683,304,683,300
50,0,3587,-76,3587,-100
50,0,145,750,145,800
50,0,6320,837,6320,800
50,0,5347,-853,5347,-900
50,0,3662,580,3662,600
50,0,4331,882,4331,900
50,0,4928,-849,4928,-800
50,0,9865,88,9865,100
50,0,8685,-739,8685,-700
50,0,4947,869,4947,900
50,0,5534,90,5534,100
50,0,5341,535,5341,500
50,0,9616,702,9616,700
50,0,4875,648,4875,600
50,0,7341,648,7341,600
50,0,769,-326,769,-300
50,0,262,-525,262,-500
50,0,2156,-177,2156,-200
50,0,3452,776,3452,800
50,0,2644,0,2644,0
50,0,2628,-736,2628,-700
50,0,622,1000,622,900
50,0,916,677,916,700
50,0,568,-36,568,0
50,0,8420,982,8420,900
50,0,3051,707,3051,700
50,0,9861,-828,9861,-800
50,0,6123,-705,6123,-700
50,0,6580,-640,6580,-600
50,0,7428,-133,7428,-100
50,0,5564,-109,5564,-100
50,0,1268,-785,1268,-800
50,0,165,-206,165,-200
50,0,7372,-333,7372,-300
50,0,6110,-4,6110,0
50,0,4301,-559,4301,-500
50,0,408,-549,408,-500
50,0,9300,-343,9300,-300
50,0,2787,28,2787,0
50,0,1201,-567,1201,-600
50,0,4125,362,4125,400
50,0,5307,-608,5307,-600
50,0,5722,-502,5722,-500
50,0,1326,-107,1326,-100
50,0,4626,-626,4626,-600
50,0,7158,-417,7158,-400
50,10,2245,754,2245,800
50,10,9893,-911,9893,-900
50,10,9529,-956,9529,-900
50,10,1117,392,1117,400
50,10,6727,-674,6727,-700
50,10,4406,-729,4406,-700
50,10,1769,-847,1769,-900
50,10,3612,-78,3612,-100
50,10,6248,-8,6248,0
50,10,8341,-153,8341,-100
50,10,5979,-791,5979,-800
50,10,1935,-434,1935,-400
50,10,3636,-535,3636,-500
50,10,9532,387,9532,400
50,10,1939,413,1939,400
50,10,1175,250,1175,200
50,10,1871,-864,1871,-900
50,10,9481,-75,9481,0
50,10,7898,540,7898,500
50,10,3002,751,3002,700
50,10,6764,-432,6764,-400
50,10,7769,-309,7769,-300
50,10,6828,-63,6828,-100
50,10,8558,841,8558,800
50,10,9043,786,9043,800
50,10,358,646,358,700
50,10,1510,283,1510,300
50,10,6173,-330,6173,-300
50,10,6739,-339,6739,-400
50,10,7449,-976,7449,-1000
50,10,2007,-832,2007,-800
50,10,9732,40,9732,0
50,10,3049,-15,3049,0
50,10,1979,148,1979,200
50,10,9059,939,9059,900
50,10,2264,334,2264,300
50,10,7377,-592,7377,-600
50,10,623,868,623,900
50,10,533,405,533,400
50,10,5589,354,5589,400
50,10,6905,-393,6905,-400
50,10,9702,386,9702,400
50,10,4862,195,4862,200
50,10,6178,-436,6178,-400
50,10,223,547,223,500
50,10,6903,354,6903,400
50,10,6824,-897,6824,-900
50,10,1512,-102,1512,-100
50,10,9840,-952,9840,-900
50,10,7644,-203,7644,-200
50,10,5164,257,5164,200
50,10,4033,-472,4033,-500
50,10,4592,-460,4592,-500
50,10,568,895,568,900
50,10,8180,94,8180,100
50,10,8788,-248,8788,-200
50,10,3551,-610,3551,-600
50,10,7712,-304,7712,-300
50,10,9506,905,9506,900
50,10,7467,964,7467,900
50,10,8638,-930,8638,-900
50,10,9426,78,9426,100
50,10,4312,-823,4312,-800
50,10,9130,-98,9130,-100
50,10,8144,-769,8144,-800
50,10,2800,137,2800,200
50,10,6912,-988,6912,-1000
50,10,3680,-673,3680,-700
50,10,1676,638,1676,600
50,10,1823,-373,1823,-400
50,10,4532,-70,4532,0
50,10,9166,497,9166,500
50,10,9490,506,9490,500
50,10,6513,113,6513,100
50,10,3918,-635,3918,-700
50,10,3979,849,3979,900
50,10,6171,288,6171,300
50,10,7610,479,7610,500
50,10,738,-471,738,-500
50,10,829,-262,829,-300
50,10,1646,46,1646,100
50,10,3752,-152,3752,-100
50,10,9488,947,9488,900
50,10,9371,-163,9371,-200
50,10,1490,-640,1490,-600
50,10,8073,797,8073,800
50,10,3261,-266,3261,-300
50,10,1563,-754,1563,-700
50,10,3726,947,3726,900
50,10,2952,595,2952,600
50,10,9344,219,9344,300
50,10,9389,-322,9389,-300
50,10,4009,-7,4009,0
50,10,9695,695,9695,700
50,10,6911,144,6911,100
50,10,6512,415,6512,400
50,10,6104,-175,6104,-200
50,10,3041,715,3041,700
50,10,514,824,514,800
50,10,7355,-576,7355,-600
50,20,7166,-117,7166,-100
50,20,6209,881,6209,900
50,20,7923,384,7923,500
50,20,5025,46,5025,0
50,20,3720,-940,3720,-900
50,20,9282,64,9282,100
50,20,6173,-419,6173,-400
50,20,3103,84,3103,100
50,20,2272,-103,2272,-100
50,20,9071,883,9071,900
50,20,9087,930,9087,900
50,20,9944,-41,9944,0
50,20,6702,324,6702,300
50,20,8981,69,8981,100
50,20,3676,-51,3675,0
50,20,9362,754,9362,800
50,20,5393,868,5393,800
50,20,9576,-790,9576,-800
50,20,9109,-357,9109,-400
50,20,8174,-218,8174,-300
50,20,2834,430,2834,300
50,20,6005,723,6005,700
50,20,4455,921,4455,900
50,20,1646,-897,1646,-900
50,20,5018,-523,5018,-500
50,20,7551,149,7551,200
50,20,2306,-43,2306,-200
50,20,6989,101,6989,100
50,20,5549,999,5549,900
50,20,4417,-184,4417,-200
50,20,5432,-393,5433,-400
50,20,2083,-729,2083,-700
50,20,3091,-586,3091,-600
50,20,8684,105,8684,100
50,20,345,9,345,0
50,20,5636,-844,5636,-800
50,20,2146,521,2146,500
50,20,2975,733,2975,800
50,20,4864,55,4864,100
50,20,895,248,895,200
50,20,2413,299,2412,400
50,20,6578,476,6578,400
50,20,2689,686,2689,700
50,20,7206,666,7205,700
50,20,7332,435,7332,400
50,20,7790,-811,7790,-700
50,20,8388,-430,8389,-400
50,20,8655,-612,8655,-500
50,20,603,-587,603,-500
50,20,3265,510,3265,600
50,20,4138,-111,4139,-200
50,20,6257,693,6257,700
50,20,6751,-841,6751,-800
50,20,1256,306,1256,400
50,20,4654,-451,4654,-500
50,20,4371,540,4371,400
50,20,9242,369,9242,400
50,20,4089,-764,4089,-800
50,20,4747,796,4747,700
50,20,5719,779,5719,800
50,20,7473,-794,7473,-700
50,20,1990,-582,1990,-500
50,20,3531,601,3532,600
50,20,571,-942,571,-900
50,20,9688,-614,9688,-600
50,20,5144,626,5144,800
50,20,3788,958,3788,900
50,20,7717,-400,7717,-500
50,20,9532,-967,9532,-1000
50,20,4663,-994,4663,-1000
50,20,498,597,498,600
50,20,6860,365,6860,300
50,20,8729,9,8729,0
50,20,710,871,710,900
50,20,4747,-159,4747,-200
50,20,9324,525,9324,500
50,20,3731,379,3731,400
50,20,4669,-55,4669,0
50,20,51,-677,51,-600
50,20,8692,-578,8692,-600
50,20,3384,-623,3384,-600
50,20,9734,139,9734,200
50,20,3186,-141,3186,-100
50,20,6747,-426,6747,-400
50,20,7086,233,7086,300
50,20,3954,-417,3954,-400
50,20,4518,12,4518,0
50,20,1212,-139,1212,-200
50,20,1764,665,1764,600
50,20,483,141,483,200
50,20,22,966,22,900
50,20,9662,-303,9662,-400
50,20,2951,246,2951,200
50,20,5482,405,5482,300
50,20,6422,499,6422,500
50,20,1616,-466,1616,-500
50,20,3350,-790,3350,-800
50,20,1457,823,1457,800
50,20,9434,253,9434,300
50,20,4415,-563,4415,-600
50,30,7539,-434,8038,600
50,30,5719,-498,8038,600
50,30,945,533,8038,600
50,30,7114,-905,8038,600
50,30,5187,671,8038,600
50,30,3356,491,8038,600
50,30,5493,26,8038,600
50,30,9814,966,8038,600
50,30,1915,-198,8038,600
50,30,291,-164,8038,600
50,30,3148,640,8038,600
50,30,3273,-209,8038,600
50,30,9749,-986,8038,600
50,30,6305,-105,6305,-200
50,30,483,116,8038,600
50,30,710,-355,8038,600
50,30,1101,-691,1101,-700
50,30,6609,-118,8038,600
50,30,6842,-840,8038,600
50,30,1560,-703,1560,-900
50,30,9708,-978,8038,600
50,30,1527,244,8038,600
50,30,1339,-643,8038,600
50,30,1944,-531,8038,600
50,30,4426,626,8038,600
50,30,6609,-944,8038,600
50,30,9963,-927,8038,600
50,30,9621,417,8038,600
50,30,5901,235,8038,600
50,30,502,-513,8038,600
50,30,8222,249,8038,600
50,30,1074,365,1075,400
50,30,1468,-250,8038,600
50,30,4155,-775,8038,600
50,30,7154,-801,8038,600
50,30,3744,-136,8038,600
50,30,9770,-967,8038,600
50,30,4665,5,8038,600
50,30,1803,751,8038,600
50,30,1359,-170,1359,-200
50,30,2930,-703,8038,600
50,30,837,386,8038,600
50,30,3023,935,8038,600
50,30,2807,979,8038,600
50,30,1156,-249,8038,600
50,30,973,-873,8038,600
50,30,9973,461,9973,500
50,30,2695,-410,8038,600
50,30,6362,-705,8038,600
50,30,7968,-722,8038,600
50,30,1996,-702,1996,-600
50,30,5944,437,8038,600
50,30,3951,594,8038,600
50,30,4244,-878,8038,600
50,30,437,-786,8038,600
50,30,4102,908,8038,600
50,30,8348,-77,8038,600
50,30,9159,-638,8038,600
50,30,8677,-641,8677,-800
50,30,3968,781,8038,600
50,30,2213,324,8038,600
50,30,4615,-634,8038,600
50,30,717,880,717,900
50,30,4059,212,8038,600
50,30,6775,398,8038,600
50,30,7769,169,8038,600
50,30,5215,752,8038,600
50,30,9292,-932,8038,600
50,30,9508,-428,8038,600
50,30,9379,911,8038,600
50,30,7119,764,8038,600
50,30,9171,353,8038,600
50,30,6526,363,8038,600
50,30,1522,-712,8038,600
50,30,6046,330,8038,600
50,30,3833,-798,8038,600
50,30,5130,650,8038,600
50,30,4234,245,4234,400
50,30,9245,312,8038,600
50,30,1581,-991,8038,600
50,30,7509,-227,7510,-100
50,30,6646,900,6646,900
50,30,7642,850,8038,600
50,30,5988,-958,8038,600
50,30,6365,824,8038,600
50,30,1528,-708,8038,600
50,30,7319,739,8038,600
50,30,9827,28,8038,600
50,30,789,-560,8038,600
50,30,6874,448,8038,600
50,30,7181,910,8038,600
50,30,7377,191,8038,600
50,30,9482,-513,8038,600
50,30,287,-229,8038,600
50,30,4100,-330,8038,600
50,30,4493,487,4493,400
50,30,5552,782,8038,600
50,30,419,777,8038,600
50,30,1369,-552,8038,600
50,30,7816,-390,8038,600
50,40,6579,-171,8038,600
50,40,3444,-954,8038,600
50,40,4031,321,8038,600
50,40,3900,-483,8038,600
50,40,3953,708,8038,600
50,40,6802,785,8038,600
50,40,3046,218,8038,600
50,40,6098,-482,8038,600
50,40,8806,-160,8038,600
50,40,6048,-290,8038,600
50,40,5703,-717,8038,600
50,40,6291,-264,8038,600
50,40,1233,-411,8038,600
50,40,8828,962,8038,600
50,40,2263,532,8038,600
50,40,5295,148,8038,600
50,40,4689,438,8038,600
50,40,8717,-272,8038,600
50,40,9134,19,8038,600
50,40,9515,-44,8038,600
50,40,5488,-675,8038,600
50,40,5290,-755,8038,600
50,40,7675,442,8038,600
50,40,6648,937,8038,600
50,40,9235,-128,8038,600
50,40,7958,605,8038,600
50,40,7731,363,8038,600
50,40,8011,-542,8038,600
50,40,8918,-280,8038,600
50,40,3900,-956,8038,600
50,40,1047,-505,8038,600
50,40,4197,-671,8038,600
50,40,2539,-222,8038,600
50,40,807,623,8038,600
50,40,6821,-407,8038,600
50,40,9012,305,8038,600
50,40,4572,-162,8038,600
50,40,5056,-759,8038,600
50,40,4016,-460,8038,600
50,40,9891,493,8038,600
50,40,8847,793,8038,600
50,40,2547,-946,8038,600
50,40,5087,994,8038,600
50,40,2508,-597,8038,600
50,40,476,-103,8038,600
50,40,5236,839,8038,600
50,40,991,734,8038,600
50,40,5666,286,8038,600
50,40,8392,-288,8038,600
50,40,1951,785,8038,600
50,40,5490,543,8038,600
50,40,4459,-261,8038,600
50,40,2433,-33,8038,600
50,40,1756,-289,8038,600
50,40,665,233,8038,600
50,40,2331,-447,8038,600
50,40,3502,-187,8038,600
50,40,2529,-229,8038,600
50,40,8621,-369,8038,600
50,40,4023,267,8038,600
50,40,8615,148,8038,600
50,40,4820,-998,8038,600
50,40,3172,-814,8038,600
50,40,5147,-843,8038,600
50,40,5854,299,8038,600
50,40,9386,-599,8038,600
50,40,700,-49,8038,600
50,40,6594,-800,8038,600
50,40,8293,398,8038,600
50,40,6501,264,8038,600
50,40,9137,293,8038,600
50,40,166,-724,8038,600
50,40,4680,-47,8038,600
50,40,8531,832,8038,600
50,40,59,407,8038,600
50,40,5250,-730,8038,600
50,40,6251,521,8038,600
50,40,2323,912,8038,600
50,40,9002,636,8038,600
50,40,3645,422,8038,600
50,40,7196,-651,8038,600
50,40,7882,680,8038,600
50,40,3509,381,8038,600
50,40,951,469,8038,600
50,40,7852,-342,8038,600
50,40,5699,-93,8038,600
50,40,9010,485,8038,600
50,40,400,-73,8038,600
50,40,8967,716,8038,600
50,40,538,109,8038,600
50,40,9896,278,8038,600
50,40,2333,488,8038,600
50,40,5535,-995,8038,600
50,40,9925,280,8038,600
50,40,5063,252,8038,600
50,40,4174,175,8038,600
50,40,9536,-324,8038,600
50,40,1391,-228,8038,600
50,40,4594,-206,8038,600
50,40,8333,686,8038,600
50,50,9086,756,8038,600
50,50,473,-211,8038,600
50,50,8363,-572,8038,600
50,50,2596,-615,8038,600
50,50,4500,-295,8038,600
50,50,2809,796,8038,600
50,50,300,103,8038,600
50,50,9350,-174,8038,600
50,50,2937,-407,8038,600
50,50,1084,449,8038,600
50,50,212,471,8038,600
50,50,2028,-229,8038,600
50,50,6689,968,8038,600
50,50,7666,-577,8038,600
50,50,9557,-137,8038,600
50,50,9232,-548,8038,600
50,50,7220,408,8038,600
50,50,3549,-686,8038,600
50,50,4536,430,8038,600
50,50,2067,943,8038,600
50,50,5267,-222,8038,600
50,50,4182,-107,8038,600
50,50,5518,-157,8038,600
50,50,9462,224,8038,600
50,50,9927,692,8038,600
50,50,5190,357,8038,600
50,50,665,-488,8038,600
50,50,9879,203,8038,600
50,50,5525,588,8038,600
50,50,1908,-135,8038,600
50,50,724,67,8038,600
50,50,3538,47,8038,600
50,50,1544,248,8038,600
50,50,4170,130,8038,600
50,50,418,713,8038,600
50,50,1419,811,8038,600
50,50,1347,64,8038,600
50,50,2049,-667,8038,600
50,50,2772,643,8038,600
50,50,5679,959,8038,600
50,50,5562,-722,8038,600
50,50,4408,-86,8038,600
50,50,7837,426,8038,600
50,50,7813,797,8038,600
50,50,4014,221,8038,600
50,50,2666,-26,8038,600
50,50,5747,418,8038,600
50,50,7330,-539,8038,600
50,50,7489,864,8038,600
50,50,9713,277,8038,600
50,50,7535,-420,8038,600
50,50,9263,-449,8038,600
50,50,4232,611,8038,600
50,50,1107,-90,8038,600
50,50,9136,700,8038,600
50,50,5550,-664,8038,600
50,50,562,-906,8038,600
50,50,1074,134,8038,600
50,50,2958,862,8038,600
50,50,9159,303,8038,600
50,50,8508,-945,8038,600
50,50,715,931,8038,600
50,50,7298,949,8038,600
50,50,8090,-762,8038,600
50,50,854,110,8038,600
50,50,6712,296,8038,600
50,50,7649,-287,8038,600
50,50,947,-646,8038,600
50,50,3372,189,8038,600
50,50,7485,143,8038,600
50,50,3269,-811,8038,600
50,50,9861,-501,8038,600
50,50,2421,-657,8038,600
50,50,8681,261,8038,600
50,50,7263,-204,8038,600
50,50,8238,-320,8038,600
50,50,5283,892,8038,600
50,50,5610,-320,8038,600
50,50,1707,360,8038,600
50,50,6637,-453,8038,600
50,50,7014,64,8038,600
50,50,3154,439,8038,600
50,50,1235,-106,8038,600
50,50,1422,373,8038,600
50,50,9583,-723,8038,600
50,50,6057,-768,8038,600
50,50,1301,-655,8038,600
50,50,2507,613,8038,600
50,50,3587,-204,8038,600
50,50,63,375,8038,600
50,50,6562,-735,8038,600
50,50,9797,216,8038,600
50,50,1035,290,8038,600
50,50,4982,167,8038,600
50,50,919,506,8038,600
50,50,1731,464,8038,600
50,50,1491,-587,8038,600
50,50,4475,-44,8038,600
50,50,7323,113,8038,600
50,50,7390,434,8038,600
