snr,wifi_db,exp_phase_shift,exp_doppler_shift,found_phase_shift,found_doppler_shift
-50,-100,5140,-490,4387,900
-50,-100,1196,840,5180,0
-50,-100,253,-311,6120,600
-50,-100,6445,-481,7344,800
-50,-100,4844,422,8238,0
-50,-100,9789,-685,8702,-900
-50,-100,3265,619,1785,100
-50,-100,2479,-620,9786,900
-50,-100,7074,476,6933,-700
-50,-100,4680,755,6119,-900
-50,-100,7827,-913,3764,500
-50,-100,3270,78,1425,-300
-50,-100,6015,-519,2746,-200
-50,-100,8637,851,7277,-300
-50,-100,6994,-381,2314,-100
-50,-100,888,493,9805,-100
-50,-100,8075,760,5998,200
-50,-100,7071,478,2747,800
-50,-100,2339,611,5981,800
-50,-100,1834,379,8378,-600
-50,-100,5255,613,7934,700
-50,-100,6917,754,889,-600
-50,-100,741,-6,6870,-700
-50,-100,2801,-956,1125,0
-50,-100,8453,-292,1921,-400
-50,-100,9234,-183,7776,300
-50,-100,924,548,6871,400
-50,-100,4770,883,495,-900
-50,-100,4637,774,8578,600
-50,-100,6427,387,5730,-200
-50,-100,8057,213,6333,-500
-50,-100,7845,-425,1913,-200
-50,-100,5201,978,5396,-500
-50,-100,5068,945,6119,-200
-50,-100,1660,-415,1733,-700
-50,-100,7623,517,5836,800
-50,-100,6235,424,3133,-400
-50,-100,2370,160,799,-500
-50,-100,7780,17,7282,900
-50,-100,2178,919,6880,0
-50,-100,9175,-565,1746,-100
-50,-100,7116,998,6999,-400
-50,-100,4965,-696,393,100
-50,-100,9526,-67,2012,-700
-50,-100,7924,-156,8691,-500
-50,-100,9689,523,2032,300
-50,-100,2338,-84,2111,-1000
-50,-100,9363,-692,2194,900
-50,-100,2748,634,3396,-500
-50,-100,7476,-930,2652,400
-50,-100,2460,-232,3499,-1000
-50,-100,6606,-749,6566,-1000
-50,-100,8020,-805,7957,-200
-50,-100,523,369,7098,-700
-50,-100,2343,121,3317,-700
-50,-100,9489,939,6409,-1000
-50,-100,5039,-331,9660,900
-50,-100,7965,-25,3438,-800
-50,-100,8279,291,1759,-400
-50,-100,1849,498,1857,-300
-50,-100,3204,190,7983,-700
-50,-100,3942,775,9483,-1000
-50,-100,6589,-503,7861,-100
-50,-100,8810,624,8311,800
-50,-100,5253,-60,1534,500
-50,-100,9681,-989,8887,300
-50,-100,5906,-904,7434,0
-50,-100,6551,-78,7812,-100
-50,-100,9579,150,9505,-900
-50,-100,1500,910,5939,-200
-50,-100,1716,-990,3792,300
-50,-100,5042,998,9573,800
-50,-100,6814,359,3706,-1000
-50,-100,453,-396,2776,-200
-50,-100,7250,777,3219,-700
-50,-100,1427,904,468,900
-50,-100,1554,-739,3258,900
-50,-100,9064,-851,7076,-100
-50,-100,9636,268,1991,300
-50,-100,4865,-15,5639,-700
-50,-100,6494,-388,1911,-800
-50,-100,2426,-713,712,-1000
-50,-100,382,-962,1813,-100
-50,-100,8686,371,3112,0
-50,-100,3698,-120,3175,300
-50,-100,1945,-933,7555,-700
-50,-100,8305,9,5687,-400
-50,-100,245,-936,7148,-1000
-50,-100,6809,452,9497,800
-50,-100,5137,-79,1578,900
-50,-100,5998,-672,760,800
-50,-100,2350,-828,9418,-600
-50,-100,942,-996,8680,-200
-50,-100,735,-906,5577,-100
-50,-100,6023,-568,405,200
-50,-100,7506,508,7992,300
-50,-100,5931,757,1379,200
-50,-100,2453,-125,4530,-700
-50,-100,3445,711,2095,900
-50,-100,2989,996,7620,900
-50,-90,8123,135,3853,-600
-50,-90,7923,240,1943,-700
-50,-90,9511,279,4408,800
-50,-90,8332,-599,2727,-1000
-50,-90,3259,388,6135,-200
-50,-90,9742,41,1322,0
-50,-90,3965,549,2985,-100
-50,-90,6894,-251,9563,-500
-50,-90,6093,-895,3720,-200
-50,-90,6119,709,1819,200
-50,-90,7888,-727,1444,900
-50,-90,2166,103,5441,-800
-50,-90,8386,-276,2679,500
-50,-90,7200,319,3740,-600
-50,-90,6822,792,3359,-100
-50,-90,4168,-941,6455,500
-50,-90,2060,965,3703,700
-50,-90,1011,680,787,100
-50,-90,1787,240,232,-400
-50,-90,3213,290,7982,500
-50,-90,1703,-165,9244,-800
-50,-90,7993,394,9751,-200
-50,-90,6952,207,1647,-200
-50,-90,7205,535,6503,600
-50,-90,9421,35,8621,100
-50,-90,3076,750,4455,500
-50,-90,9413,-897,6978,300
-50,-90,7931,45,5980,700
-50,-90,9106,-287,6695,-1000
-50,-90,9037,-510,5787,600
-50,-90,1979,-657,424,700
-50,-90,327,382,1679,-100
-50,-90,8637,834,2408,0
-50,-90,5588,412,1484,-600
-50,-90,7858,229,1404,-700
-50,-90,8853,-477,7541,800
-50,-90,5091,896,2841,0
-50,-90,2129,626,3968,200
-50,-90,6116,582,8075,-1000
-50,-90,7208,-255,7503,0
-50,-90,1657,-653,3918,500
-50,-90,8928,-396,500,500
-50,-90,3396,-116,9299,200
-50,-90,1247,481,7278,-1000
-50,-90,6230,964,9420,-500
-50,-90,9998,881,917,400
-50,-90,1994,-573,5084,-200
-50,-90,745,-168,4407,100
-50,-90,7154,-781,3783,-1000
-50,-90,3468,386,3389,500
-50,-90,6023,369,8883,700
-50,-90,4353,-248,4540,400
-50,-90,9721,60,1622,900
-50,-90,6517,361,1001,-700
-50,-90,9440,-414,416,-1000
-50,-90,9954,815,2580,-600
-50,-90,7121,-584,6520,300
-50,-90,3184,486,6575,-1000
-50,-90,2359,900,9773,-800
-50,-90,6418,977,3263,200
-50,-90,4443,-83,8726,-400
-50,-90,5686,-623,3679,-1000
-50,-90,3682,848,6964,500
-50,-90,1547,928,4126,800
-50,-90,9507,-555,8969,-900
-50,-90,658,607,3884,800
-50,-90,1517,272,3190,-300
-50,-90,2723,-959,9404,500
-50,-90,7258,33,7526,-900
-50,-90,4221,-926,4011,-600
-50,-90,7908,162,6605,800
-50,-90,4184,-73,9719,-500
-50,-90,4768,482,1233,-300
-50,-90,7709,313,4785,-500
-50,-90,1136,732,7229,-600
-50,-90,9566,-73,2201,-300
-50,-90,2524,-330,4719,800
-50,-90,1080,143,7500,300
-50,-90,8898,17,8333,800
-50,-90,8825,-618,189,600
-50,-90,1044,118,361,500
-50,-90,3934,-519,5211,500
-50,-90,6400,905,7609,-300
-50,-90,1066,887,4474,-600
-50,-90,5023,-638,9826,100
-50,-90,3994,396,9488,400
-50,-90,729,-13,9669,900
-50,-90,3286,-434,8930,900
-50,-90,1040,-384,6910,-900
-50,-90,287,207,9916,-400
-50,-90,4698,31,4072,400
-50,-90,2107,611,5909,600
-50,-90,7119,8,5408,-500
-50,-90,9403,-714,8952,800
-50,-90,111,387,3650,-100
-50,-90,8483,-26,7766,-200
-50,-90,3847,474,9265,900
-50,-90,9097,-960,5151,700
-50,-90,6221,-250,2623,-700
-50,-90,9556,352,1436,700
-50,-80,5404,-803,5109,0
-50,-80,9384,-999,9145,900
-50,-80,5563,-498,6980,300
-50,-80,8157,-828,8442,200
-50,-80,3998,-73,6017,-200
-50,-80,9257,-270,6681,-1000
-50,-80,7763,948,6468,700
-50,-80,3460,540,5064,-400
-50,-80,651,91,2901,900
-50,-80,1434,-579,130,600
-50,-80,7869,959,4025,900
-50,-80,9081,-585,5313,-100
-50,-80,573,261,55,-200
-50,-80,202,-681,4356,800
-50,-80,446,203,4885,100
-50,-80,6963,539,6687,800
-50,-80,3070,-407,976,400
-50,-80,5695,104,8477,-200
-50,-80,6573,278,2737,0
-50,-80,154,-660,6720,100
-50,-80,4970,585,5878,-700
-50,-80,6101,-400,499,300
-50,-80,8787,-90,5686,-600
-50,-80,6674,-573,7691,600
-50,-80,6271,-393,2495,-1000
-50,-80,5121,-373,7100,-300
-50,-80,5911,896,4962,300
-50,-80,4211,501,4189,300
-50,-80,1849,-611,9531,-1000
-50,-80,4208,87,4357,700
-50,-80,1508,-71,6776,-800
-50,-80,4301,-734,8573,-800
-50,-80,34,452,2476,700
-50,-80,6340,382,8096,800
-50,-80,449,598,5092,300
-50,-80,8512,577,9118,-1000
-50,-80,9314,-928,2214,900
-50,-80,7952,562,5330,900
-50,-80,4485,656,5164,300
-50,-80,6838,246,6227,-600
-50,-80,1535,932,6550,-100
-50,-80,5387,423,7286,700
-50,-80,8428,-237,796,300
-50,-80,442,-883,3597,-600
-50,-80,3983,50,1333,100
-50,-80,9066,-189,3076,700
-50,-80,7721,916,6254,0
-50,-80,5464,695,2291,700
-50,-80,3889,-285,8333,-600
-50,-80,644,-980,467,400
-50,-80,1899,-172,393,-900
-50,-80,2424,-472,3767,900
-50,-80,5467,-779,4330,700
-50,-80,4192,540,7936,600
-50,-80,3922,593,5768,700
-50,-80,4969,315,8664,700
-50,-80,9537,-43,4868,-500
-50,-80,2054,745,9149,800
-50,-80,8461,-934,1532,800
-50,-80,2498,-363,6179,100
-50,-80,1665,28,2471,700
-50,-80,6631,-841,7143,600
-50,-80,1752,609,6671,400
-50,-80,4912,735,7013,200
-50,-80,4970,852,8380,800
-50,-80,3773,165,8485,800
-50,-80,3439,208,7967,900
-50,-80,2944,-67,2671,-100
-50,-80,2461,348,4736,400
-50,-80,3516,418,7229,900
-50,-80,1650,-757,8594,-200
-50,-80,4585,-192,1383,-100
-50,-80,4005,-247,4221,700
-50,-80,3689,548,5767,-800
-50,-80,8565,-501,7012,400
-50,-80,2771,-648,8350,0
-50,-80,264,-411,2545,-800
-50,-80,5297,-572,3543,300
-50,-80,8041,-623,3990,-600
-50,-80,7801,528,9664,-500
-50,-80,2227,818,5203,-200
-50,-80,7672,375,9074,-600
-50,-80,4981,-168,9569,-1000
-50,-80,1577,-64,7820,-1000
-50,-80,5676,508,170,-400
-50,-80,6689,-157,7133,-600
-50,-80,5296,-651,4373,-400
-50,-80,6150,306,7000,200
-50,-80,5823,426,3623,-500
-50,-80,6137,554,5399,-800
-50,-80,1988,401,3743,-300
-50,-80,3115,150,7139,600
-50,-80,1563,100,7685,800
-50,-80,2645,-281,1935,-400
-50,-80,1681,870,2820,-600
-50,-80,8340,-448,702,800
-50,-80,9120,-447,6901,-900
-50,-80,6146,-738,4486,900
-50,-80,7873,-645,9108,100
-50,-80,9323,12,7198,-1000
-50,-70,3213,922,4450,-300
-50,-70,7762,-201,2064,-300
-50,-70,3302,-974,7393,-700
-50,-70,4545,350,3440,-1000
-50,-70,3499,548,143,-300
-50,-70,6803,-671,99,-1000
-50,-70,6814,-932,5772,-300
-50,-70,3104,-595,8363,500
-50,-70,7482,308,4901,0
-50,-70,1870,259,6544,200
-50,-70,3446,979,3639,-800
-50,-70,4678,436,9152,200
-50,-70,984,162,2223,900
-50,-70,5668,-335,847,900
-50,-70,2813,-166,5793,-700
-50,-70,4998,-248,9218,900
-50,-70,9271,-870,1682,-500
-50,-70,5218,95,7850,0
-50,-70,8618,932,2625,-900
-50,-70,2167,-454,5995,900
-50,-70,681,-779,2368,100
-50,-70,3807,640,6757,-900
-50,-70,2354,-826,6297,0
-50,-70,6021,118,1527,400
-50,-70,8518,992,7672,-700
-50,-70,7736,894,61,-1000
-50,-70,7787,-606,2500,-100
-50,-70,1327,-777,1835,700
-50,-70,3757,-208,3885,600
-50,-70,1798,658,9779,-300
-50,-70,3952,927,2349,100
-50,-70,7381,825,8744,-700
-50,-70,7259,-300,9762,-700
-50,-70,3048,587,4351,-700
-50,-70,654,917,7701,700
-50,-70,1439,-218,5452,300
-50,-70,5709,594,8607,-1000
-50,-70,5698,352,7919,300
-50,-70,1131,-837,1594,600
-50,-70,3326,-626,5835,-1000
-50,-70,1262,-181,5568,-500
-50,-70,1057,-165,6543,700
-50,-70,2970,-488,7678,500
-50,-70,5974,-207,9486,-700
-50,-70,1857,-981,7795,600
-50,-70,860,-399,9447,-700
-50,-70,275,619,1567,-500
-50,-70,7799,-980,3189,-300
-50,-70,6916,-157,6199,-600
-50,-70,6101,604,3531,200
-50,-70,2056,-803,9115,700
-50,-70,6623,916,3205,200
-50,-70,6943,-868,5335,-300
-50,-70,291,-256,9299,-100
-50,-70,9394,198,5294,400
-50,-70,6008,923,6309,-600
-50,-70,8709,-621,5214,-1000
-50,-70,4779,250,4282,-100
-50,-70,3848,607,6484,-100
-50,-70,4645,501,8775,-700
-50,-70,8310,-533,397,500
-50,-70,5845,-124,9336,-400
-50,-70,9109,407,6600,-800
-50,-70,7129,681,2827,-100
-50,-70,5659,762,5732,-800
-50,-70,1997,-27,6491,200
-50,-70,4527,572,2860,200
-50,-70,4670,755,7733,0
-50,-70,3463,269,6903,-600
-50,-70,6685,-951,4104,200
-50,-70,8547,-699,533,900
-50,-70,2243,-436,4855,900
-50,-70,2993,-111,2187,600
-50,-70,7639,541,526,300
-50,-70,1516,-923,6888,700
-50,-70,3728,-570,6238,-1000
-50,-70,8333,-98,9037,400
-50,-70,4044,-736,8477,-100
-50,-70,2989,600,1669,-800
-50,-70,6766,168,9669,700
-50,-70,9969,625,6838,-100
-50,-70,6329,47,7309,100
-50,-70,2619,147,9915,0
-50,-70,312,-403,7628,-300
-50,-70,5837,-624,8709,-700
-50,-70,5807,-375,8620,400
-50,-70,826,-589,3888,-1000
-50,-70,6156,471,7251,900
-50,-70,8800,452,871,700
-50,-70,8875,250,8153,-1000
-50,-70,769,-601,7522,-900
-50,-70,3973,-992,4227,-900
-50,-70,7106,-878,7775,900
-50,-70,5902,66,1625,600
-50,-70,7808,910,6701,-1000
-50,-70,9338,-316,5655,-700
-50,-70,6851,800,9000,900
-50,-70,9575,727,5995,-1000
-50,-70,2149,-565,7664,800
-50,-70,8540,190,2421,300
-50,-60,1552,-522,718,500
-50,-60,7309,912,3107,-100
-50,-60,9744,-230,1494,100
-50,-60,6176,-393,28,800
-50,-60,1474,217,7889,-400
-50,-60,3862,316,8366,800
-50,-60,3522,-628,7085,900
-50,-60,2314,440,8961,300
-50,-60,1775,867,9166,0
-50,-60,4829,-78,2414,300
-50,-60,4432,-29,7267,-800
-50,-60,4083,-672,5748,400
-50,-60,3417,890,6245,-600
-50,-60,6246,-361,2252,600
-50,-60,8227,-525,8816,-1000
-50,-60,3457,680,6967,-1000
-50,-60,3857,-680,1964,-700
-50,-60,9489,-144,9250,-400
-50,-60,5381,-89,445,500
-50,-60,4327,26,4685,900
-50,-60,3050,-517,4183,-1000
-50,-60,6032,-995,6485,-600
-50,-60,1379,171,1618,800
-50,-60,1487,316,7825,-400
-50,-60,3541,657,9579,-1000
-50,-60,7077,-428,9495,-300
-50,-60,26,-802,8325,200
-50,-60,4021,518,4998,200
-50,-60,1991,346,7195,-1000
-50,-60,6497,-973,8111,-700
-50,-60,3448,604,2192,-1000
-50,-60,8039,506,5783,500
-50,-60,9413,263,3730,-1000
-50,-60,4009,102,9772,-200
-50,-60,7289,50,3216,0
-50,-60,1417,-938,7022,0
-50,-60,1592,667,666,-100
-50,-60,1545,661,3713,-500
-50,-60,9324,45,3676,-600
-50,-60,5201,-434,2467,-1000
-50,-60,9648,-283,7318,-700
-50,-60,1878,-322,7659,200
-50,-60,7624,1000,4934,300
-50,-60,1205,-487,4744,400
-50,-60,9414,-167,2971,500
-50,-60,8141,619,1637,-400
-50,-60,4828,-736,3158,-600
-50,-60,655,259,5771,900
-50,-60,1912,87,6596,-900
-50,-60,2732,982,1795,-600
-50,-60,8844,275,6802,-400
-50,-60,3676,658,5368,900
-50,-60,1041,270,3241,500
-50,-60,2989,-931,3275,900
-50,-60,4782,223,1117,200
-50,-60,6954,-339,827,-700
-50,-60,9109,-986,8555,-800
-50,-60,1733,-429,4883,-200
-50,-60,5905,596,7387,300
-50,-60,2795,-51,1372,-1000
-50,-60,9169,-778,792,100
-50,-60,4009,-79,1581,-300
-50,-60,5539,887,8184,-1000
-50,-60,2570,916,6152,-500
-50,-60,7352,-322,6292,-400
-50,-60,5744,935,7179,-900
-50,-60,6149,-433,7704,600
-50,-60,7043,20,9902,-200
-50,-60,4290,816,5565,200
-50,-60,7990,-544,1659,-100
-50,-60,8465,-46,9516,-300
-50,-60,4643,20,8004,-500
-50,-60,6734,259,6373,-800
-50,-60,9840,653,9084,100
-50,-60,6837,972,8943,-700
-50,-60,1602,671,5647,-1000
-50,-60,7222,51,3833,600
-50,-60,5754,878,8173,500
-50,-60,9936,-413,4006,400
-50,-60,7023,307,3618,100
-50,-60,9502,960,4338,-400
-50,-60,2935,-138,7918,-300
-50,-60,3375,-111,1293,-700
-50,-60,8424,421,7728,-800
-50,-60,2575,219,25,-500
-50,-60,484,-513,5609,-300
-50,-60,9189,-690,7528,-1000
-50,-60,6141,-935,8948,-100
-50,-60,6654,233,223,300
-50,-60,4054,-457,9731,-800
-50,-60,9201,789,2065,-1000
-50,-60,7146,420,9541,600
-50,-60,3860,-598,7219,200
-50,-60,4873,-831,1376,-700
-50,-60,3986,780,9483,-100
-50,-60,2259,931,462,-300
-50,-60,7059,-812,2354,-600
-50,-60,6258,206,8567,900
-50,-60,7909,-396,635,900
-50,-60,3889,243,7554,900
-50,-50,364,272,5154,900
-50,-50,489,-375,1867,-1000
-50,-50,7694,-587,8333,-700
-50,-50,4236,35,8038,-300
-50,-50,9573,241,1159,-200
-50,-50,9649,-32,1927,500
-50,-50,2644,-282,8355,-700
-50,-50,846,873,9650,-600
-50,-50,5000,-356,6848,400
-50,-50,1510,106,3255,-1000
-50,-50,597,-607,744,700
-50,-50,3432,-691,4850,-800
-50,-50,3869,-724,7621,-600
-50,-50,5537,-356,6692,500
-50,-50,8483,953,4601,500
-50,-50,9196,810,907,-600
-50,-50,2172,-487,1288,-500
-50,-50,85,-727,5613,-200
-50,-50,7502,726,1698,-200
-50,-50,8315,-581,2943,800
-50,-50,891,572,9230,800
-50,-50,3987,-724,1154,800
-50,-50,6397,-121,7072,200
-50,-50,4066,161,1856,500
-50,-50,5950,-90,525,-200
-50,-50,9419,-749,6014,300
-50,-50,6140,-959,8011,900
-50,-50,7121,-463,440,-400
-50,-50,6419,-50,9434,0
-50,-50,7996,982,9193,700
-50,-50,1353,991,9866,300
-50,-50,6437,-620,3930,-800
-50,-50,9122,-718,9799,-700
-50,-50,2045,853,6025,-900
-50,-50,6568,-616,6917,-700
-50,-50,236,-894,4625,-900
-50,-50,3822,576,6422,-600
-50,-50,2600,-453,3800,-100
-50,-50,8107,245,859,-1000
-50,-50,9173,995,4904,200
-50,-50,4458,563,5327,-900
-50,-50,1187,-8,2193,0
-50,-50,8954,-444,1376,700
-50,-50,6980,704,163,-800
-50,-50,8679,442,1200,-100
-50,-50,1213,-342,7987,-300
-50,-50,8961,-436,6621,-500
-50,-50,4510,663,2284,-300
-50,-50,5926,-909,6521,-700
-50,-50,4788,282,7455,500
-50,-50,8403,-836,9569,-1000
-50,-50,327,-610,5762,-500
-50,-50,3728,366,3913,-500
-50,-50,7463,-117,1168,200
-50,-50,8202,423,7582,400
-50,-50,6237,605,3949,-1000
-50,-50,5754,-858,3790,-600
-50,-50,953,69,7251,400
-50,-50,3094,-712,5856,-200
-50,-50,9194,-175,9688,300
-50,-50,2591,-605,8133,-900
-50,-50,1229,-52,302,-1000
-50,-50,3500,-983,3405,700
-50,-50,8414,913,6780,900
-50,-50,6590,-301,6430,500
-50,-50,7505,-779,7336,-700
-50,-50,4065,-631,6240,-700
-50,-50,5171,-117,3452,0
-50,-50,4740,-75,4353,-800
-50,-50,7367,-982,9631,0
-50,-50,1521,-482,2845,700
-50,-50,4792,-448,7529,-800
-50,-50,2516,40,9505,-700
-50,-50,5082,-579,1502,-500
-50,-50,1463,-331,5154,900
-50,-50,3124,399,9377,300
-50,-50,181,725,9691,-800
-50,-50,8878,-279,7585,-900
-50,-50,2215,-192,7875,300
-50,-50,1918,168,418,-1000
-50,-50,9506,758,6759,300
-50,-50,544,535,9739,0
-50,-50,341,742,9582,500
-50,-50,8448,-957,2480,-1000
-50,-50,193,163,2746,-800
-50,-50,2316,836,9985,-700
-50,-50,9114,-200,5842,-800
-50,-50,9441,-267,7951,-300
-50,-50,6053,-571,3611,-500
-50,-50,8490,158,1634,-800
-50,-50,5535,118,4452,-200
-50,-50,3488,22,1526,-100
-50,-50,2161,687,6067,-200
-50,-50,1309,-397,2809,-1000
-50,-50,9891,-957,8086,-400
-50,-50,6302,-746,2377,-1000
-50,-50,8996,-275,5296,300
-50,-50,7433,-782,5669,-700
-50,-50,931,452,7192,300
-50,-50,3567,335,4519,500
-50,-40,8248,-854,7529,800
-50,-40,7892,-422,3249,900
-50,-40,9494,743,214,-400
-50,-40,9885,959,2348,-900
-50,-40,2589,-958,2464,-500
-50,-40,6872,824,488,700
-50,-40,4923,959,7065,-100
-50,-40,8145,-910,4308,-800
-50,-40,357,-59,917,100
-50,-40,6147,-457,3494,700
-50,-40,2710,-346,4316,900
-50,-40,9910,94,4806,0
-50,-40,4707,-306,1240,-1000
-50,-40,875,-395,344,-400
-50,-40,4048,-668,4008,900
-50,-40,5356,-157,4371,900
-50,-40,5773,-284,1080,600
-50,-40,453,453,3910,-800
-50,-40,7465,173,9904,-800
-50,-40,6836,554,8647,-500
-50,-40,951,-322,7680,900
-50,-40,9848,-479,3913,-400
-50,-40,349,-674,2432,-1000
-50,-40,3808,-402,8474,-200
-50,-40,3665,-74,9892,300
-50,-40,2926,-348,2547,-600
-50,-40,4068,383,9328,400
-50,-40,1411,-155,2603,300
-50,-40,2410,-473,4683,-900
-50,-40,2175,-540,6161,600
-50,-40,1531,343,789,-600
-50,-40,5705,302,190,-400
-50,-40,4814,264,5661,-300
-50,-40,1663,-987,9055,600
-50,-40,6467,-789,8788,-1000
-50,-40,5665,-183,4585,-1000
-50,-40,9318,458,9903,0
-50,-40,2715,912,4438,-400
-50,-40,3930,-669,1255,-100
-50,-40,4718,-443,6402,900
-50,-40,462,32,116,900
-50,-40,8471,113,6163,-700
-50,-40,5861,-624,2229,800
-50,-40,8860,966,6997,-1000
-50,-40,561,355,8834,500
-50,-40,8360,270,2709,-400
-50,-40,8984,-149,2980,-800
-50,-40,4989,848,2907,-700
-50,-40,4429,-142,3551,900
-50,-40,376,-706,2032,-900
-50,-40,33,-824,7422,-600
-50,-40,3363,-233,3325,200
-50,-40,6663,-555,3540,-700
-50,-40,1855,660,231,500
-50,-40,946,209,9472,-1000
-50,-40,3254,-422,9510,-100
-50,-40,6644,-81,45,-600
-50,-40,9199,231,4898,-700
-50,-40,8469,-56,2854,400
-50,-40,8510,-142,1304,100
-50,-40,6732,-913,1535,-100
-50,-40,3913,-809,7139,-100
-50,-40,7447,-539,7772,-500
-50,-40,2162,-855,823,-600
-50,-40,1542,-687,2938,0
-50,-40,7969,-693,2389,300
-50,-40,9512,386,9132,-400
-50,-40,933,107,9876,200
-50,-40,2049,530,296,-1000
-50,-40,7316,552,2997,-200
-50,-40,4558,299,5931,700
-50,-40,3122,-423,2997,-500
-50,-40,3594,-642,4981,-500
-50,-40,3618,-983,3495,500
-50,-40,2721,-891,5548,900
-50,-40,3860,655,7542,200
-50,-40,6015,-81,4982,-1000
-50,-40,3429,725,9470,-1000
-50,-40,9898,-54,4779,-500
-50,-40,7505,-694,5452,300
-50,-40,8274,-739,8551,700
-50,-40,484,-161,5231,-100
-50,-40,7878,-716,8376,-700
-50,-40,1130,131,4854,700
-50,-40,8659,-327,193,-500
-50,-40,5373,174,8865,900
-50,-40,3302,-381,3351,-100
-50,-40,5080,-585,4839,-500
-50,-40,2451,658,8940,-200
-50,-40,7305,751,699,700
-50,-40,3724,246,9751,100
-50,-40,2971,-312,8583,800
-50,-40,9592,-79,7866,0
-50,-40,1048,-47,1650,900
-50,-40,9642,434,8957,700
-50,-40,6637,-203,2837,-400
-50,-40,9346,-765,4542,-800
-50,-40,7304,-933,6784,100
-50,-40,9487,-996,990,-500
-50,-40,348,925,2719,700
-50,-30,104,-533,8352,100
-50,-30,7063,176,6648,200
-50,-30,2137,-978,9056,-1000
-50,-30,2326,-515,234,300
-50,-30,5882,-579,6579,0
-50,-30,4908,-241,2166,0
-50,-30,4707,-837,9130,600
-50,-30,6068,-604,1975,-900
-50,-30,9673,-99,7631,400
-50,-30,9209,-438,2021,-1000
-50,-30,9530,-235,8266,700
-50,-30,4997,757,2032,100
-50,-30,5701,165,7852,0
-50,-30,324,597,1343,200
-50,-30,4637,933,9299,-1000
-50,-30,7224,506,9729,-1000
-50,-30,7694,203,7527,400
-50,-30,4384,-200,1821,100
-50,-30,9202,-475,548,-500
-50,-30,6431,95,4424,600
-50,-30,4263,-959,3468,-900
-50,-30,7160,621,3464,-1000
-50,-30,8510,-128,7679,-400
-50,-30,2006,313,6975,800
-50,-30,4747,-180,4393,400
-50,-30,1089,-332,7398,-1000
-50,-30,1671,67,9893,700
-50,-30,8136,299,359,500
-50,-30,5811,666,2305,-400
-50,-30,617,-788,7891,-100
-50,-30,5834,-962,3724,900
-50,-30,5339,-439,2564,700
-50,-30,5625,-242,8056,500
-50,-30,8362,569,5007,-1000
-50,-30,9148,-296,3034,100
-50,-30,27,496,2361,-1000
-50,-30,250,-764,269,200
-50,-30,3275,-16,7439,100
-50,-30,859,897,6047,-400
-50,-30,4044,73,5595,-600
-50,-30,9012,-51,6633,-800
-50,-30,9309,957,2455,-400
-50,-30,8303,824,1810,400
-50,-30,67,154,6841,-1000
-50,-30,8792,693,8946,-600
-50,-30,9061,889,1402,500
-50,-30,8715,773,9468,-1000
-50,-30,3804,-942,9261,-1000
-50,-30,5847,-614,9348,-800
-50,-30,6127,313,1240,200
-50,-30,9634,738,3790,-400
-50,-30,3733,-841,9262,-900
-50,-30,4318,-428,2181,-400
-50,-30,9564,957,383,-700
-50,-30,9872,58,1746,-1000
-50,-30,2748,961,2862,100
-50,-30,2909,-358,4982,-900
-50,-30,9174,-872,1040,500
-50,-30,1960,-337,4075,800
-50,-30,3676,-304,770,900
-50,-30,8565,283,2999,900
-50,-30,3078,-414,2925,-900
-50,-30,1865,891,7814,-800
-50,-30,4629,-98,9431,-300
-50,-30,3635,-445,9864,-900
-50,-30,2126,39,7897,-100
-50,-30,880,164,2712,-1000
-50,-30,5564,-574,7846,200
-50,-30,7039,-203,1268,-1000
-50,-30,2799,-201,274,500
-50,-30,2613,-677,447,900
-50,-30,1246,-948,6204,900
-50,-30,989,287,7631,200
-50,-30,4718,-302,8100,900
-50,-30,8636,-759,3493,-200
-50,-30,7462,905,4931,-400
-50,-30,7117,-81,952,300
-50,-30,5337,-544,1756,400
-50,-30,5131,576,6133,-100
-50,-30,4654,-313,7207,-400
-50,-30,3033,-199,3567,-900
-50,-30,6262,-502,5121,-200
-50,-30,3234,-871,2698,-800
-50,-30,3768,-654,4500,300
-50,-30,938,-106,1831,-300
-50,-30,5261,959,2875,-1000
-50,-30,4230,468,7972,-300
-50,-30,4311,-927,1681,100
-50,-30,4896,275,6463,300
-50,-30,6248,-980,2822,-300
-50,-30,2867,920,7468,-1000
-50,-30,6353,779,4825,0
-50,-30,2668,-27,3634,-200
-50,-30,6451,-894,5311,-700
-50,-30,9551,778,4056,-500
-50,-30,5902,-505,3911,-200
-50,-30,7429,158,837,700
-50,-30,43,-429,8501,-100
-50,-30,850,757,1139,300
-50,-30,1472,508,4185,-500
-50,-20,9658,-597,2945,-100
-50,-20,743,267,1905,-500
-50,-20,5366,225,2299,500
-50,-20,221,-726,6138,-200
-50,-20,7539,173,204,-700
-50,-20,6209,-125,1307,-500
-50,-20,2804,-252,5745,200
-50,-20,9459,905,4064,500
-50,-20,6709,-889,1281,100
-50,-20,7003,469,1936,300
-50,-20,2957,-628,6267,500
-50,-20,3726,703,9017,0
-50,-20,8461,-957,6372,0
-50,-20,3024,-217,6083,0
-50,-20,5891,-826,6924,-800
-50,-20,256,388,3467,600
-50,-20,644,25,4212,800
-50,-20,7453,-914,7031,900
-50,-20,1038,-281,1752,300
-50,-20,2286,127,5759,-400
-50,-20,1398,476,8635,0
-50,-20,6436,828,9528,100
-50,-20,8770,-522,2873,0
-50,-20,843,-486,5272,-500
-50,-20,4385,-205,7422,-800
-50,-20,936,775,3023,200
-50,-20,1166,-312,5659,-800
-50,-20,3643,-26,2244,800
-50,-20,6258,57,8389,-1000
-50,-20,9931,-25,4986,-800
-50,-20,5557,706,1004,900
-50,-20,1329,875,2558,900
-50,-20,3819,260,8224,-100
-50,-20,2962,-929,677,-1000
-50,-20,8085,737,1416,-100
-50,-20,7566,208,7540,900
-50,-20,3603,578,1371,-800
-50,-20,2836,78,772,900
-50,-20,1544,-571,7339,900
-50,-20,5508,-243,1553,700
-50,-20,8252,296,8851,200
-50,-20,7739,-993,7700,-1000
-50,-20,3913,470,8035,300
-50,-20,4825,814,2174,-400
-50,-20,873,973,3128,-800
-50,-20,4777,-345,5142,900
-50,-20,8669,96,1926,-200
-50,-20,1868,859,2239,-900
-50,-20,8271,262,2806,-400
-50,-20,7034,497,2331,500
-50,-20,407,693,3354,400
-50,-20,8760,174,6143,-1000
-50,-20,435,74,6672,-700
-50,-20,6321,670,8802,-500
-50,-20,1515,329,9621,-400
-50,-20,2652,-223,9102,-1000
-50,-20,8761,383,2671,600
-50,-20,6346,613,6368,-200
-50,-20,8645,-308,3514,800
-50,-20,6726,836,3166,-100
-50,-20,5741,-665,6283,200
-50,-20,6782,371,211,-500
-50,-20,3112,-45,728,-600
-50,-20,590,62,2552,800
-50,-20,811,-538,8947,-100
-50,-20,2732,-816,2143,700
-50,-20,6015,980,3030,-300
-50,-20,1658,-287,9735,-1000
-50,-20,4581,-72,2965,600
-50,-20,1450,-549,7437,800
-50,-20,5762,-994,1051,-1000
-50,-20,5839,227,8055,-800
-50,-20,4211,161,4937,-400
-50,-20,5900,-859,3910,900
-50,-20,6156,966,2608,-1000
-50,-20,7761,24,4064,100
-50,-20,5735,338,8673,-700
-50,-20,8798,-914,6377,700
-50,-20,8460,484,1257,500
-50,-20,2944,-944,4689,-1000
-50,-20,3538,908,308,400
-50,-20,8175,46,5886,300
-50,-20,6816,-266,8339,-900
-50,-20,4392,-809,110,-700
-50,-20,4880,-750,2371,-500
-50,-20,7070,580,5572,0
-50,-20,4529,-583,540,700
-50,-20,7714,-419,9902,100
-50,-20,9609,746,2240,0
-50,-20,1383,-293,4036,-1000
-50,-20,3045,-917,9253,-700
-50,-20,6474,-872,4472,900
-50,-20,932,122,9207,800
-50,-20,2700,-645,7214,-600
-50,-20,6454,-398,8695,-900
-50,-20,4109,-949,2093,600
-50,-20,118,237,3816,500
-50,-20,8196,850,1723,-900
-50,-20,2844,-713,8702,700
-50,-20,5610,604,4773,200
-50,-10,8807,-283,6689,-800
-50,-10,9895,-8,5089,-1000
-50,-10,2431,718,7844,-900
-50,-10,5231,-507,6732,-1000
-50,-10,1777,-683,5372,500
-50,-10,1572,-965,837,900
-50,-10,7266,-874,3881,400
-50,-10,3364,-139,3194,100
-50,-10,6456,9,9927,300
-50,-10,7085,657,6310,600
-50,-10,6485,-851,5711,-300
-50,-10,451,-825,864,700
-50,-10,3523,100,5104,-300
-50,-10,1947,24,5569,700
-50,-10,8767,-947,3449,-100
-50,-10,8471,-176,8746,500
-50,-10,3291,373,8524,300
-50,-10,9080,-901,4535,-900
-50,-10,1416,-983,1155,900
-50,-10,2832,-221,9960,-700
-50,-10,7597,429,6443,400
-50,-10,8899,-436,3083,100
-50,-10,2935,-23,2388,300
-50,-10,9725,-404,7377,100
-50,-10,4863,761,9896,300
-50,-10,468,133,4090,400
-50,-10,8720,-190,8469,-800
-50,-10,3681,470,1684,100
-50,-10,177,216,6825,-200
-50,-10,2909,649,7641,-800
-50,-10,132,-714,3450,-1000
-50,-10,3151,-613,3557,-500
-50,-10,6672,612,285,-500
-50,-10,1866,668,9604,-200
-50,-10,9677,740,9392,700
-50,-10,5634,271,6035,800
-50,-10,8861,-122,7292,700
-50,-10,7749,-830,3041,0
-50,-10,5585,-259,854,-900
-50,-10,104,821,8297,300
-50,-10,5285,-225,5702,600
-50,-10,7135,-471,8713,-400
-50,-10,7919,-747,661,-1000
-50,-10,9294,84,3623,-900
-50,-10,3253,488,3682,900
-50,-10,2990,-191,433,-200
-50,-10,5504,-86,1929,200
-50,-10,5716,-987,878,-100
-50,-10,544,-197,914,700
-50,-10,5588,7,1518,-800
-50,-10,8428,383,4453,-600
-50,-10,3141,-663,6540,-500
-50,-10,3332,348,9101,-900
-50,-10,2455,-603,2669,-600
-50,-10,4589,229,2511,0
-50,-10,3855,461,2290,100
-50,-10,1641,-308,8108,900
-50,-10,720,669,1369,300
-50,-10,1128,-585,1895,700
-50,-10,4023,-990,7685,400
-50,-10,8650,-52,7754,-200
-50,-10,7110,107,3245,-100
-50,-10,6013,986,3087,-900
-50,-10,4983,528,5052,-900
-50,-10,7794,-403,6233,-400
-50,-10,8020,-722,7900,-400
-50,-10,2728,-600,2760,500
-50,-10,8570,940,6031,600
-50,-10,2193,-619,7092,500
-50,-10,2797,938,3472,700
-50,-10,1297,106,4301,-1000
-50,-10,975,-446,7682,-1000
-50,-10,3859,-374,8482,800
-50,-10,9928,391,3533,-1000
-50,-10,5801,-450,3154,-100
-50,-10,6325,338,4242,600
-50,-10,815,836,5832,-300
-50,-10,4417,-859,4866,500
-50,-10,7754,912,7006,900
-50,-10,4905,-927,2072,-400
-50,-10,6046,-941,1201,900
-50,-10,5905,967,7219,-200
-50,-10,6768,512,7045,0
-50,-10,753,-389,3491,-100
-50,-10,7508,-312,1269,-300
-50,-10,5074,99,596,900
-50,-10,3201,756,7717,-600
-50,-10,798,883,994,200
-50,-10,7703,-437,3586,0
-50,-10,752,-46,3957,500
-50,-10,5972,175,3441,-900
-50,-10,858,-914,4058,100
-50,-10,9679,525,9431,100
-50,-10,6105,-294,802,-600
-50,-10,2978,-419,2949,300
-50,-10,3041,101,582,600
-50,-10,624,174,58,900
-50,-10,2409,626,4957,-300
-50,-10,5041,-698,2061,-1000
-50,-10,2191,-192,3502,500
-50,0,2942,616,1565,-600
-50,0,4384,295,3224,-1000
-50,0,6957,-666,5267,-700
-50,0,318,544,441,600
-50,0,306,225,6794,-700
-50,0,4911,450,9881,-700
-50,0,3987,-495,6158,-700
-50,0,188,435,1049,700
-50,0,8051,353,7945,-800
-50,0,9406,-787,4239,-800
-50,0,5640,-12,6317,900
-50,0,8123,774,6738,0
-50,0,965,427,2416,500
-50,0,4353,741,9122,900
-50,0,5385,-539,7441,-100
-50,0,2815,-403,7768,300
-50,0,6325,722,6384,500
-50,0,8099,-721,6137,200
-50,0,6417,-668,2071,-700
-50,0,187,-118,7966,900
-50,0,8791,-350,4097,-1000
-50,0,7378,-880,9355,500
-50,0,9643,-999,1910,-900
-50,0,1082,-594,8909,800
-50,0,7196,707,9924,-300
-50,0,617,-356,4954,900
-50,0,8737,-922,9840,-200
-50,0,4193,543,4379,-100
-50,0,8308,624,8258,-600
-50,0,2816,3,8033,-900
-50,0,3720,-968,5989,0
-50,0,9870,462,2336,200
-50,0,8356,331,5832,900
-50,0,5320,401,2772,-200
-50,0,9579,765,8795,600
-50,0,5545,-129,5530,-500
-50,0,6054,-338,3850,-200
-50,0,7754,734,7815,0
-50,0,290,925,8490,-1000
-50,0,7339,-15,8471,-900
-50,0,2796,-266,4596,-500
-50,0,4515,464,8767,-900
-50,0,5563,945,6116,-900
-50,0,2979,-505,7166,800
-50,0,2126,-309,5151,-600
-50,0,2117,-754,6395,100
-50,0,5202,-467,1867,600
-50,0,8601,-524,9754,900
-50,0,328,-408,9107,-200
-50,0,4765,186,9743,-800
-50,0,1535,865,2416,0
-50,0,9144,253,8412,-500
-50,0,6574,-719,1463,200
-50,0,3823,-694,7388,-1000
-50,0,8719,321,2576,300
-50,0,8915,536,2663,-1000
-50,0,6994,-384,1321,200
-50,0,6911,792,754,-500
-50,0,2342,-254,2368,-500
-50,0,4161,-906,6119,-1000
-50,0,6808,713,9207,-400
-50,0,9905,-792,5519,800
-50,0,4706,974,6069,400
-50,0,2031,-606,1362,-900
-50,0,5967,-411,1964,-800
-50,0,1394,302,1741,900
-50,0,6759,601,2046,100
-50,0,4758,-926,1774,-1000
-50,0,5356,-752,7360,300
-50,0,5511,-38,5335,0
-50,0,6501,674,3793,400
-50,0,1007,720,4459,-900
-50,0,8286,-892,8369,-700
-50,0,2011,-981,8863,100
-50,0,3261,785,2553,-1000
-50,0,1716,792,1491,-1000
-50,0,3368,458,8263,300
-50,0,6774,-587,6522,-800
-50,0,4196,-56,5035,100
-50,0,6973,682,7062,0
-50,0,1865,-484,897,-1000
-50,0,8550,-226,2817,200
-50,0,4492,-832,9850,-800
-50,0,4189,955,9878,-800
-50,0,8099,352,6577,-400
-50,0,7549,232,8061,-600
-50,0,2372,126,5601,800
-50,0,4650,484,996,900
-50,0,1406,-53,8262,900
-50,0,3016,446,6593,-400
-50,0,9756,-417,282,-900
-50,0,927,839,9398,-700
-50,0,5792,98,7111,-300
-50,0,2115,-40,7451,-600
-50,0,3633,625,502,200
-50,0,2854,-40,8249,-900
-50,0,9859,-51,5604,300
-50,0,8818,439,5668,-600
-50,0,413,-37,7747,900
-50,0,5769,-470,2482,-800
-50,10,3125,789,1172,100
-50,10,7305,-969,9190,-200
-50,10,7634,559,3458,-600
-50,10,8745,-431,5462,400
-50,10,2559,109,6027,-300
-50,10,7581,683,853,700
-50,10,4330,-172,3425,-1000
-50,10,8657,-636,5136,800
-50,10,3399,268,6609,-300
-50,10,1991,153,9574,900
-50,10,8517,-141,1797,-800
-50,10,6619,-322,4251,-600
-50,10,4748,-764,2130,100
-50,10,3326,-923,7103,400
-50,10,8918,-901,9201,-1000
-50,10,832,-612,3543,900
-50,10,8759,-851,3309,900
-50,10,4778,-946,1373,-500
-50,10,4452,346,8872,-700
-50,10,2638,520,8153,900
-50,10,2202,158,878,-500
-50,10,3374,106,9407,900
-50,10,5915,110,9585,0
-50,10,6656,756,2687,-300
-50,10,5377,16,0,-300
-50,10,2331,-501,7826,-700
-50,10,1868,-65,3297,700
-50,10,7907,640,332,0
-50,10,1785,-46,5178,0
-50,10,462,-414,4329,-500
-50,10,2435,-830,8703,400
-50,10,6572,817,5831,0
-50,10,6372,-496,1335,-400
-50,10,4022,-479,3158,300
-50,10,8155,446,8434,200
-50,10,863,23,6858,0
-50,10,7975,812,2735,900
-50,10,8852,776,4807,-400
-50,10,837,-282,5463,600
-50,10,12,-359,9198,0
-50,10,5574,-377,6017,300
-50,10,5294,-786,1199,600
-50,10,5715,636,4754,500
-50,10,9439,781,9172,-1000
-50,10,5700,142,6373,900
-50,10,3816,667,9287,-100
-50,10,1828,-192,4790,100
-50,10,1675,-336,4667,-100
-50,10,3599,989,8910,500
-50,10,5676,-920,7645,200
-50,10,9517,801,4055,-800
-50,10,2809,-821,748,400
-50,10,9573,-595,8509,100
-50,10,20,-394,9387,500
-50,10,6187,737,3852,900
-50,10,2443,-25,3062,400
-50,10,3444,-195,6711,700
-50,10,8489,164,1277,-500
-50,10,156,-357,2294,-1000
-50,10,1232,803,2147,900
-50,10,2168,-167,1891,0
-50,10,9549,-781,6047,-300
-50,10,9972,676,9466,900
-50,10,3650,-266,5999,-1000
-50,10,4430,-364,3716,900
-50,10,6842,-430,1998,-800
-50,10,4216,-953,5560,500
-50,10,8735,498,6756,-900
-50,10,461,468,3330,-100
-50,10,3008,-202,8617,-300
-50,10,6525,442,8530,800
-50,10,8711,59,647,300
-50,10,210,-885,7174,-200
-50,10,3369,-396,6098,900
-50,10,8464,38,9715,600
-50,10,4385,999,3632,-600
-50,10,7347,425,414,-100
-50,10,4017,-891,5214,700
-50,10,9549,-190,4781,-500
-50,10,5967,585,711,-300
-50,10,6229,-138,563,900
-50,10,7345,-199,9766,800
-50,10,8569,-551,9047,-200
-50,10,252,957,5720,200
-50,10,7936,589,6828,-600
-50,10,7262,132,8393,-200
-50,10,4655,247,3977,-1000
-50,10,8531,633,4296,-400
-50,10,1255,-709,440,100
-50,10,2551,934,4384,-100
-50,10,4339,-768,7979,-300
-50,10,9184,-74,2797,-100
-50,10,748,527,5571,200
-50,10,3474,873,290,300
-50,10,5764,552,3191,-700
-50,10,2966,370,7188,-500
-50,10,8296,-175,5079,600
-50,10,9732,-914,8982,-100
-50,10,2397,647,8658,600
-50,10,4861,679,9062,-500
-50,20,5479,633,7730,0
-50,20,68,243,3159,400
-50,20,220,899,6364,-1000
-50,20,18,785,8573,-400
-50,20,6035,-872,271,900
-50,20,1778,-353,2142,-500
-50,20,5435,560,1967,0
-50,20,7650,191,7529,-1000
-50,20,3386,-132,6757,600
-50,20,8396,-575,3734,-800
-50,20,4548,303,118,200
-50,20,8136,-118,9673,-1000
-50,20,5086,-293,9675,-800
-50,20,1562,652,3915,0
-50,20,1514,-610,3629,300
-50,20,4027,165,4188,-200
-50,20,3279,-889,3055,0
-50,20,3135,141,8286,-1000
-50,20,3875,229,7892,600
-50,20,3181,-506,885,-1000
-50,20,4851,165,6993,-800
-50,20,3323,679,2274,400
-50,20,533,-541,9742,-700
-50,20,294,937,9197,-500
-50,20,1655,-837,4640,100
-50,20,3865,-104,4964,500
-50,20,8149,-597,959,-1000
-50,20,3507,-186,163,300
-50,20,6654,915,8364,-800
-50,20,973,784,7732,900
-50,20,9518,-792,9329,-400
-50,20,3360,448,6835,600
-50,20,1815,432,1940,-300
-50,20,5488,112,7168,-700
-50,20,9205,661,1363,-1000
-50,20,1597,-316,7648,300
-50,20,6660,622,9717,-200
-50,20,1599,333,994,300
-50,20,2267,911,6410,-1000
-50,20,9415,-295,4053,-400
-50,20,7784,-578,9431,-900
-50,20,211,871,8573,400
-50,20,1289,-995,7687,0
-50,20,2574,-439,9373,500
-50,20,8292,115,3058,900
-50,20,8569,-595,3434,-700
-50,20,3992,-126,6806,900
-50,20,491,806,2991,900
-50,20,4590,-860,5646,-500
-50,20,2056,267,8760,-1000
-50,20,3325,-500,4049,600
-50,20,4879,-571,1330,300
-50,20,9185,569,3902,700
-50,20,1203,278,8671,100
-50,20,2808,-533,9207,100
-50,20,1517,-337,3918,700
-50,20,603,26,7848,900
-50,20,7706,-498,330,-600
-50,20,8293,719,4363,-400
-50,20,9251,609,6846,-900
-50,20,6271,237,2486,200
-50,20,4890,-192,8937,-1000
-50,20,2117,386,4404,-200
-50,20,2616,951,2200,500
-50,20,7699,-384,7975,400
-50,20,2060,822,3522,-500
-50,20,1865,-462,8378,800
-50,20,924,590,8587,0
-50,20,5741,-337,4119,200
-50,20,6147,-134,8843,300
-50,20,1402,-775,9614,500
-50,20,980,966,3216,100
-50,20,963,-589,9025,300
-50,20,3110,294,5580,900
-50,20,3942,-871,2205,200
-50,20,8304,105,8451,-500
-50,20,2988,519,1552,-900
-50,20,1855,-460,353,800
-50,20,8022,257,6315,-200
-50,20,6083,-823,3802,200
-50,20,3413,364,4079,-900
-50,20,4585,-702,9702,200
-50,20,5079,-387,3721,-500
-50,20,8993,852,1788,600
-50,20,8955,-51,5383,-700
-50,20,8033,214,3811,-200
-50,20,6664,-6,3764,400
-50,20,2186,816,8057,700
-50,20,5276,382,9487,-800
-50,20,8708,951,3676,-400
-50,20,8857,945,562,900
-50,20,1041,311,4333,400
-50,20,1661,811,2045,-700
-50,20,3,507,5356,700
-50,20,1958,-570,2652,300
-50,20,1023,855,326,400
-50,20,1067,199,6628,-400
-50,20,9830,313,935,700
-50,20,2228,231,5158,-300
-50,20,5510,-361,995,100
-50,30,6135,-65,3013,0
-50,30,8866,-547,1817,-1000
-50,30,4429,-764,6560,500
-50,30,7595,-111,9145,-1000
-50,30,9030,-832,2071,300
-50,30,560,993,9772,400
-50,30,5668,327,5118,-700
-50,30,4907,-19,6553,-100
-50,30,2028,-79,7818,600
-50,30,7397,-27,9343,900
-50,30,9570,-574,9806,-900
-50,30,9022,-317,9773,0
-50,30,439,-120,9863,600
-50,30,4187,235,7878,700
-50,30,268,-734,8848,-200
-50,30,8329,717,4499,700
-50,30,3710,-216,2260,0
-50,30,6691,854,9313,900
-50,30,5862,836,8295,-300
-50,30,9986,849,2708,800
-50,30,3758,-721,6035,500
-50,30,4903,-983,5590,-700
-50,30,4212,-29,1748,-1000
-50,30,6127,-334,4215,0
-50,30,639,-216,8086,900
-50,30,6869,964,9701,0
-50,30,6957,36,2547,500
-50,30,1955,164,2567,700
-50,30,2053,693,8959,-900
-50,30,1370,-93,9,-1000
-50,30,3765,74,5670,-400
-50,30,7376,399,6355,300
-50,30,8578,796,4080,300
-50,30,6631,305,9652,200
-50,30,2626,72,9720,0
-50,30,4686,224,1831,-600
-50,30,7603,-97,9865,-100
-50,30,4893,-628,2172,-1000
-50,30,1469,-614,3007,-400
-50,30,8204,376,6479,-800
-50,30,1369,714,9288,600
-50,30,3193,277,3386,-900
-50,30,4800,-533,4863,-1000
-50,30,6497,-458,5725,-600
-50,30,182,117,5375,-200
-50,30,5724,-297,1663,300
-50,30,8606,844,3312,-200
-50,30,5042,457,8917,-600
-50,30,2304,-337,2341,500
-50,30,4059,250,2309,-200
-50,30,4324,-265,618,900
-50,30,7170,2,2249,-400
-50,30,965,-508,2961,-200
-50,30,3079,-55,5136,700
-50,30,5400,-526,7470,500
-50,30,4087,-635,796,500
-50,30,8813,640,4121,-800
-50,30,3145,-107,9738,400
-50,30,9319,761,474,600
-50,30,7801,970,1226,-1000
-50,30,8524,522,6080,800
-50,30,4005,-304,1315,100
-50,30,2714,-564,8886,-800
-50,30,7870,511,7292,100
-50,30,856,-580,6963,-1000
-50,30,7996,925,6443,200
-50,30,1292,-629,4929,-200
-50,30,9182,74,882,-700
-50,30,7260,-647,7089,-1000
-50,30,6156,-943,860,-1000
-50,30,4203,184,9900,500
-50,30,230,-514,1124,-1000
-50,30,2691,379,4603,300
-50,30,2515,461,3367,-1000
-50,30,6620,-297,31,-600
-50,30,7382,125,6075,-200
-50,30,3817,-950,2161,100
-50,30,6820,-39,9211,900
-50,30,9937,-530,4474,-1000
-50,30,5048,719,1603,-300
-50,30,8498,-218,2122,-500
-50,30,8166,-894,9816,500
-50,30,1403,-569,4675,-200
-50,30,5777,-100,2775,-300
-50,30,2339,844,9345,-500
-50,30,7748,944,7822,700
-50,30,8683,-401,5670,-200
-50,30,7321,751,9084,300
-50,30,8959,-643,6886,-400
-50,30,2856,492,7815,300
-50,30,3691,-631,1934,-500
-50,30,1867,178,5879,-700
-50,30,8707,-852,9110,400
-50,30,2539,864,506,600
-50,30,3850,527,7186,300
-50,30,4724,-743,5189,-300
-50,30,5617,44,5841,200
-50,30,56,-864,6577,100
-50,30,6488,378,39,-1000
-50,30,1278,933,6277,900
-50,40,812,720,3780,900
-50,40,9598,714,9919,-300
-50,40,881,94,2926,300
-50,40,2985,460,7767,-200
-50,40,9411,-741,6742,900
-50,40,5881,-161,6769,-500
-50,40,403,-821,6511,0
-50,40,5933,434,1653,0
-50,40,2502,-886,5966,-1000
-50,40,1930,658,9103,-1000
-50,40,894,710,4882,-1000
-50,40,2065,888,6702,700
-50,40,7280,-381,688,-800
-50,40,9520,-859,8004,100
-50,40,9485,-738,3906,-800
-50,40,5525,-397,2255,300
-50,40,9138,880,7308,-900
-50,40,8159,-981,3536,-500
-50,40,5623,-186,8554,600
-50,40,2861,-997,421,-700
-50,40,9005,578,6869,600
-50,40,1383,-649,2972,100
-50,40,7582,-306,6493,200
-50,40,7733,581,4772,100
-50,40,2560,226,3500,700
-50,40,792,783,9851,100
-50,40,2606,-744,8641,-600
-50,40,1544,162,8517,-600
-50,40,8556,-832,7016,0
-50,40,7644,-255,2150,800
-50,40,1405,-736,4732,-900
-50,40,7676,-471,2559,600
-50,40,4837,733,4091,900
-50,40,7909,-839,9803,400
-50,40,3988,130,4182,0
-50,40,2493,-167,5533,700
-50,40,516,-607,6761,800
-50,40,4989,168,8246,300
-50,40,9962,0,634,-1000
-50,40,5134,318,6847,0
-50,40,6215,455,1665,-1000
-50,40,6638,-772,3502,200
-50,40,2271,922,2184,-1000
-50,40,3669,89,7918,-800
-50,40,2070,-297,2700,-1000
-50,40,5579,-517,250,-1000
-50,40,7152,-728,7266,400
-50,40,1994,-853,8523,900
-50,40,7263,-853,3204,900
-50,40,4382,904,8116,-1000
-50,40,5031,147,992,400
-50,40,6576,918,2034,200
-50,40,1336,-580,9033,700
-50,40,8252,850,2988,600
-50,40,8773,893,9843,-1000
-50,40,421,-383,1809,-700
-50,40,5776,-37,5530,400
-50,40,1452,-994,517,700
-50,40,965,-59,3429,400
-50,40,8541,292,7526,700
-50,40,7495,-852,7010,-200
-50,40,7182,918,758,-500
-50,40,2099,62,8074,-700
-50,40,2926,770,4223,200
-50,40,398,-346,1041,100
-50,40,7837,-435,7158,900
-50,40,5543,-794,4550,400
-50,40,6223,-381,3666,900
-50,40,3277,802,5411,700
-50,40,8354,-446,2362,-1000
-50,40,5817,259,981,700
-50,40,6343,-127,3272,300
-50,40,4074,32,1843,-1000
-50,40,3852,-751,7830,-1000
-50,40,6033,-821,1043,-1000
-50,40,9275,-32,5860,500
-50,40,3337,-816,549,-700
-50,40,4809,-121,5731,400
-50,40,3147,372,5951,400
-50,40,1994,-487,6343,500
-50,40,9936,-290,3290,900
-50,40,3802,686,906,-100
-50,40,3920,971,8911,-400
-50,40,8490,-630,8803,-400
-50,40,886,716,7217,100
-50,40,6484,230,6180,900
-50,40,9776,-595,9500,-200
-50,40,5652,174,8638,900
-50,40,7946,-37,9674,-100
-50,40,6253,245,4095,800
-50,40,446,-268,6631,900
-50,40,4486,427,2571,-800
-50,40,9636,238,8746,-400
-50,40,6166,931,4802,-900
-50,40,956,533,6416,-100
-50,40,4678,-149,148,700
-50,40,2023,983,3841,100
-50,40,2292,413,6292,-1000
-50,40,6761,-777,9491,700
-50,40,5462,703,9434,100
-50,50,9988,-168,9504,300
-50,50,911,389,1962,700
-50,50,4100,743,5227,900
-50,50,3495,-959,1675,-1000
-50,50,3124,346,5227,800
-50,50,2065,-716,8372,500
-50,50,5355,-867,1934,-1000
-50,50,8052,-58,6022,900
-50,50,8535,811,1140,700
-50,50,5158,-944,2572,-600
-50,50,1274,-132,8925,700
-50,50,3392,-96,2588,800
-50,50,636,-465,431,-200
-50,50,1597,-93,9499,300
-50,50,1657,856,9067,0
-50,50,3475,60,7324,200
-50,50,5642,-979,2901,600
-50,50,9885,-210,9950,-1000
-50,50,9463,-720,7334,0
-50,50,2162,-466,8466,-200
-50,50,7395,565,8466,100
-50,50,1085,-712,583,-1000
-50,50,4606,640,1131,900
-50,50,6810,-285,585,-1000
-50,50,2194,314,3250,900
-50,50,9440,-729,1306,200
-50,50,8719,966,7593,800
-50,50,5217,206,6999,200
-50,50,6994,858,121,-1000
-50,50,5719,-206,8570,600
-50,50,2316,-999,654,-500
-50,50,3000,-103,8467,-600
-50,50,3745,806,1285,-500
-50,50,576,-842,4577,300
-50,50,7064,775,6148,500
-50,50,4339,371,5825,-1000
-50,50,4767,-920,3497,900
-50,50,8207,-810,1285,-300
-50,50,9046,-205,5808,0
-50,50,4899,-964,4114,-200
-50,50,1431,100,9088,-800
-50,50,3049,-947,837,-600
-50,50,9292,749,5227,900
-50,50,9272,675,7162,-300
-50,50,528,107,4215,-300
-50,50,658,-432,5595,-700
-50,50,3780,-465,1131,900
-50,50,7477,-591,4173,800
-50,50,367,278,8466,-100
-50,50,1504,-871,5766,400
-50,50,2386,-933,4646,500
-50,50,933,566,1937,-700
-50,50,5800,401,9802,-1000
-50,50,3325,708,8619,200
-50,50,7488,762,8212,-400
-50,50,8871,409,2973,100
-50,50,2231,878,7557,-200
-50,50,6114,840,7324,300
-50,50,9333,-667,7324,300
-50,50,4072,-68,9067,0
-50,50,2534,146,9469,700
-50,50,7066,-59,6035,-1000
-50,50,1437,-788,1702,800
-50,50,4433,422,9126,400
-50,50,2384,-251,1448,-300
-50,50,3534,-81,1826,-1000
-50,50,8078,-138,3167,900
-50,50,3637,86,8466,-300
-50,50,8815,950,947,-300
-50,50,9707,721,8505,-700
-50,50,5658,885,7108,800
-50,50,4342,658,5652,-900
-50,50,6413,397,336,800
-50,50,3956,-625,8899,-1000
-50,50,4810,721,9665,-100
-50,50,2279,896,2896,500
-50,50,2228,-393,688,-900
-50,50,5390,466,545,0
-50,50,2103,-69,442,900
-50,50,4696,-845,7324,300
-50,50,3488,902,8299,800
-50,50,9179,856,4114,-200
-50,50,9079,159,102,500
-50,50,5867,-862,5459,700
-50,50,2714,-446,3533,-1000
-50,50,1706,909,8916,300
-50,50,3168,937,9079,-100
-50,50,603,-408,1131,900
-50,50,7136,-97,1251,700
-50,50,2730,-976,4082,-200
-50,50,7023,197,2898,500
-50,50,8347,-692,8212,-400
-50,50,2429,-12,4116,-600
-50,50,8496,959,2276,300
-50,50,922,788,866,-700
-50,50,5418,826,9940,400
-50,50,757,619,3533,-1000
-50,50,2439,503,1264,-100
-50,50,1909,376,9887,-500
-50,50,9532,-256,583,-1000
-40,-100,5160,-36,8347,-900
-40,-100,7587,464,1121,200
-40,-100,7257,183,9556,-900
-40,-100,2549,456,3938,-400
-40,-100,3552,-71,3299,100
-40,-100,6671,448,8531,300
-40,-100,3557,-885,787,-1000
-40,-100,2296,343,2542,-500
-40,-100,1364,6,9925,700
-40,-100,6141,250,4730,0
-40,-100,5850,778,6365,-500
-40,-100,5608,-231,3568,-400
-40,-100,413,-62,1007,-500
-40,-100,6601,-697,1153,-700
-40,-100,3848,-829,9192,900
-40,-100,6490,788,2265,-800
-40,-100,3927,410,6485,-100
-40,-100,240,-121,9421,-700
-40,-100,6201,56,7297,200
-40,-100,6462,353,6380,-300
-40,-100,7855,-702,920,-1000
-40,-100,5600,-576,2393,-200
-40,-100,4717,-188,7965,500
-40,-100,9317,-343,3510,-500
-40,-100,6076,94,547,-1000
-40,-100,9745,-291,3317,200
-40,-100,4666,79,5543,100
-40,-100,8620,364,1012,300
-40,-100,3229,123,1273,700
-40,-100,5,297,8244,100
-40,-100,3712,160,7155,-200
-40,-100,7420,543,3877,-900
-40,-100,3095,522,2399,-200
-40,-100,4452,51,6829,300
-40,-100,8394,657,8886,200
-40,-100,1395,739,5873,-700
-40,-100,3405,-720,9904,-600
-40,-100,9259,-205,4684,600
-40,-100,7427,-82,1817,-200
-40,-100,9778,-43,892,-900
-40,-100,9088,667,5475,-200
-40,-100,3878,-122,6756,-200
-40,-100,6260,-132,8198,900
-40,-100,1562,641,8786,800
-40,-100,9848,932,5147,900
-40,-100,5728,192,6072,200
-40,-100,5805,-837,2042,-900
-40,-100,1848,-328,7780,900
-40,-100,8168,895,5697,0
-40,-100,3966,-975,708,-1000
-40,-100,9930,-959,5422,900
-40,-100,4391,-257,7754,400
-40,-100,7275,-543,1278,-500
-40,-100,8874,109,4400,400
-40,-100,1812,865,3216,100
-40,-100,5398,-217,9529,-800
-40,-100,4816,492,7108,-1000
-40,-100,1686,717,328,-300
-40,-100,8287,166,9502,900
-40,-100,3597,-879,7612,-200
-40,-100,9244,828,5014,-500
-40,-100,9661,-719,5377,100
-40,-100,8170,949,174,800
-40,-100,3358,357,9205,900
-40,-100,3435,-253,8443,-600
-40,-100,6728,421,1513,-300
-40,-100,2103,436,5338,400
-40,-100,8034,691,2417,500
-40,-100,8614,528,809,300
-40,-100,768,352,2291,-800
-40,-100,7850,-898,324,800
-40,-100,4340,824,1704,-800
-40,-100,6282,-245,745,-200
-40,-100,2854,751,9671,900
-40,-100,6907,-995,4334,200
-40,-100,3435,201,4053,400
-40,-100,592,-217,8572,300
-40,-100,8397,-709,8751,400
-40,-100,9384,-729,4310,-200
-40,-100,7734,-444,1540,-100
-40,-100,7053,-101,6462,-200
-40,-100,6182,916,5216,-900
-40,-100,2222,-841,7756,-500
-40,-100,6280,939,6148,-200
-40,-100,9488,-658,7774,-500
-40,-100,2651,116,3689,-600
-40,-100,6778,736,3050,-1000
-40,-100,2174,596,290,900
-40,-100,7661,73,4000,-1000
-40,-100,8929,274,225,-300
-40,-100,2567,528,2380,500
-40,-100,8361,581,2746,600
-40,-100,907,-630,6120,-500
-40,-100,9105,32,1307,800
-40,-100,763,227,7890,-100
-40,-100,1309,143,9656,-200
-40,-100,2958,838,7504,100
-40,-100,9784,224,783,800
-40,-100,7766,496,7551,-300
-40,-100,9577,-60,393,-600
-40,-90,4006,828,6724,-300
-40,-90,3429,-367,3859,-100
-40,-90,1084,363,1123,900
-40,-90,3628,198,4167,-600
-40,-90,4415,300,1068,-600
-40,-90,8134,-431,8584,700
-40,-90,7986,-960,8424,-200
-40,-90,2493,46,9863,-300
-40,-90,5425,-840,6990,-900
-40,-90,6533,80,5306,100
-40,-90,1078,-347,5865,400
-40,-90,1262,-397,1293,-200
-40,-90,8798,-922,7860,700
-40,-90,4315,14,2811,-100
-40,-90,6835,-748,3284,-600
-40,-90,631,-822,1987,200
-40,-90,7525,640,7064,-1000
-40,-90,5169,652,5866,-700
-40,-90,4995,534,3949,-800
-40,-90,7073,288,6020,900
-40,-90,8453,-347,2314,100
-40,-90,606,-826,1248,600
-40,-90,9952,-772,2357,-1000
-40,-90,9951,285,5501,-900
-40,-90,3018,888,1002,-700
-40,-90,7571,-108,1462,-700
-40,-90,6617,971,5046,-1000
-40,-90,3397,494,6997,-600
-40,-90,3020,-785,421,200
-40,-90,9884,-669,8827,-600
-40,-90,3111,-895,1419,-500
-40,-90,4489,805,1958,800
-40,-90,9200,-171,1386,200
-40,-90,6810,-195,6744,-400
-40,-90,5214,-693,8605,-1000
-40,-90,8667,125,3313,-900
-40,-90,8448,85,4939,600
-40,-90,4271,118,8696,400
-40,-90,8993,-773,9382,400
-40,-90,9885,156,3860,600
-40,-90,7137,229,7133,300
-40,-90,248,-611,2954,600
-40,-90,1025,318,3736,-200
-40,-90,2579,-8,88,800
-40,-90,889,-643,2261,-900
-40,-90,2148,80,9716,-600
-40,-90,8799,107,3532,-500
-40,-90,6510,-368,4781,900
-40,-90,6865,166,9774,-400
-40,-90,2745,199,8451,200
-40,-90,7920,496,1286,-200
-40,-90,6474,791,9843,400
-40,-90,6303,-650,2078,-200
-40,-90,3824,-402,7184,600
-40,-90,5432,-486,2811,700
-40,-90,6992,677,3553,400
-40,-90,1622,-294,9100,500
-40,-90,4120,993,9703,400
-40,-90,8048,639,1509,100
-40,-90,651,-116,3727,400
-40,-90,4324,197,1881,-800
-40,-90,9249,564,8116,-500
-40,-90,6561,233,3896,-400
-40,-90,4754,-633,6276,100
-40,-90,9487,-812,7774,-1000
-40,-90,6274,-145,7684,-600
-40,-90,6026,646,6383,100
-40,-90,3518,564,3485,700
-40,-90,8562,-588,418,-300
-40,-90,2690,-557,180,-1000
-40,-90,1587,-717,1386,-800
-40,-90,2764,-368,556,-400
-40,-90,7681,961,6624,900
-40,-90,9129,925,3541,0
-40,-90,345,205,2911,400
-40,-90,3041,-31,881,-400
-40,-90,3831,-478,2532,-100
-40,-90,4245,-856,6684,500
-40,-90,9559,952,1194,-800
-40,-90,5511,-146,7983,-800
-40,-90,1920,159,2701,200
-40,-90,3505,-868,6680,300
-40,-90,653,-302,8050,-700
-40,-90,8599,-781,5843,-100
-40,-90,8911,852,1787,-900
-40,-90,802,930,720,800
-40,-90,8823,749,9954,-1000
-40,-90,1104,97,1129,-600
-40,-90,775,278,671,700
-40,-90,5410,-56,7991,700
-40,-90,6205,36,9859,-400
-40,-90,9774,-14,3835,-500
-40,-90,9841,-548,3345,900
-40,-90,4295,711,5415,-1000
-40,-90,9606,808,2046,-600
-40,-90,7782,39,806,-700
-40,-90,4192,391,9063,700
-40,-90,2409,480,4373,500
-40,-90,1037,297,4769,900
-40,-90,2363,-686,2503,100
-40,-80,2312,-91,3543,-1000
-40,-80,3071,605,1158,-200
-40,-80,7561,-933,4289,800
-40,-80,5488,-112,3302,-500
-40,-80,1702,-634,7868,-700
-40,-80,2880,-616,5558,500
-40,-80,5982,-950,256,-400
-40,-80,5072,-121,6528,300
-40,-80,7458,-348,3267,700
-40,-80,2922,-404,9519,-100
-40,-80,993,166,8175,100
-40,-80,6064,-453,9043,700
-40,-80,5576,508,8447,-600
-40,-80,2388,491,8436,-900
-40,-80,9828,882,5592,-700
-40,-80,576,-138,7623,300
-40,-80,2423,218,2108,900
-40,-80,4853,822,4949,900
-40,-80,361,-893,4222,700
-40,-80,8646,-499,8435,-800
-40,-80,5663,-451,5194,900
-40,-80,2156,194,8234,500
-40,-80,1243,744,12,800
-40,-80,9687,-183,5961,600
-40,-80,7356,-466,5452,400
-40,-80,9927,-119,8632,-1000
-40,-80,4966,259,3027,900
-40,-80,9981,-162,7514,-500
-40,-80,834,569,4805,400
-40,-80,714,762,1676,500
-40,-80,5818,-285,3322,-400
-40,-80,9705,10,2706,600
-40,-80,75,222,6335,300
-40,-80,1508,77,109,800
-40,-80,2530,373,2318,100
-40,-80,9807,142,8310,900
-40,-80,3604,-668,3017,800
-40,-80,9282,-597,7890,-800
-40,-80,5414,58,9332,-100
-40,-80,7490,-24,6056,-200
-40,-80,9029,-941,5015,-900
-40,-80,4067,354,9089,600
-40,-80,4702,-953,5061,-900
-40,-80,8644,574,7393,600
-40,-80,305,-34,8911,900
-40,-80,6986,246,7027,-700
-40,-80,3071,714,701,-700
-40,-80,1579,-206,77,-900
-40,-80,843,396,3921,400
-40,-80,5961,-301,3615,300
-40,-80,6421,778,1061,500
-40,-80,6767,-954,2296,-100
-40,-80,8902,708,6872,300
-40,-80,1444,-673,2138,-1000
-40,-80,7283,-282,8639,200
-40,-80,7602,278,6569,900
-40,-80,194,-446,4696,-400
-40,-80,5360,830,1284,700
-40,-80,9508,-989,8542,200
-40,-80,4500,-799,3556,900
-40,-80,1858,-884,6023,-500
-40,-80,5312,556,6272,-700
-40,-80,3931,-961,4994,-300
-40,-80,9934,-342,3776,-300
-40,-80,3551,251,4622,800
-40,-80,8903,-410,1168,400
-40,-80,5941,-555,7530,-800
-40,-80,2230,-513,3984,-300
-40,-80,3146,-41,2186,500
-40,-80,6835,419,3157,800
-40,-80,8453,-507,1637,100
-40,-80,1455,-847,3992,-600
-40,-80,5523,-263,5839,-200
-40,-80,8391,-883,312,100
-40,-80,8128,-942,3704,800
-40,-80,4988,999,9124,300
-40,-80,6486,75,1660,-1000
-40,-80,5247,632,3989,0
-40,-80,6266,-994,2095,600
-40,-80,9432,743,8947,-100
-40,-80,1319,-32,5265,700
-40,-80,4185,-178,8731,-100
-40,-80,8219,890,2232,-100
-40,-80,7476,195,2816,300
-40,-80,6345,-80,4232,800
-40,-80,2117,-432,5953,-700
-40,-80,1888,158,3470,400
-40,-80,8349,283,7035,600
-40,-80,3021,345,9707,-500
-40,-80,3830,535,6934,500
-40,-80,5076,50,2685,100
-40,-80,2783,671,4955,700
-40,-80,8313,295,3173,-1000
-40,-80,5705,952,7331,-600
-40,-80,3600,-688,1152,700
-40,-80,8739,-474,2173,0
-40,-80,5736,161,91,-900
-40,-80,9072,-649,6253,-600
-40,-80,4630,-101,1871,400
-40,-80,2493,-737,5450,-900
-40,-70,6206,-927,3243,-900
-40,-70,7271,41,9766,-800
-40,-70,2975,454,7892,700
-40,-70,7045,258,9848,300
-40,-70,4168,773,793,-1000
-40,-70,3273,929,8888,200
-40,-70,8390,-574,172,-400
-40,-70,3952,-332,1855,100
-40,-70,4382,-809,6273,-700
-40,-70,6484,104,1529,-300
-40,-70,3511,541,2055,500
-40,-70,4053,377,9383,800
-40,-70,1184,754,2634,-200
-40,-70,4225,643,2828,700
-40,-70,6969,431,5503,200
-40,-70,259,197,9685,800
-40,-70,71,117,8397,-1000
-40,-70,8023,981,3938,900
-40,-70,8230,-814,2544,-100
-40,-70,6519,-247,6785,900
-40,-70,2329,812,8259,200
-40,-70,4081,-130,6265,-100
-40,-70,191,722,9076,-200
-40,-70,8287,-63,818,100
-40,-70,7896,854,2697,-800
-40,-70,3643,-151,9662,-600
-40,-70,3888,919,7617,-200
-40,-70,1664,-710,3867,300
-40,-70,2856,-850,722,300
-40,-70,3325,565,5194,-400
-40,-70,7277,80,6331,800
-40,-70,1152,-83,299,600
-40,-70,8504,-572,2732,-400
-40,-70,4400,-866,4259,-200
-40,-70,1079,40,7166,600
-40,-70,8589,-942,3626,-900
-40,-70,2041,734,2872,-600
-40,-70,8619,-651,3611,200
-40,-70,3990,-939,5814,700
-40,-70,2894,691,3404,500
-40,-70,9004,170,3220,-500
-40,-70,954,683,7782,200
-40,-70,7678,-212,48,-1000
-40,-70,9365,-403,3334,-900
-40,-70,9966,290,1541,-200
-40,-70,658,-156,8835,-800
-40,-70,3686,-916,1338,700
-40,-70,5076,196,4071,300
-40,-70,7334,290,3242,200
-40,-70,5394,363,5091,300
-40,-70,1262,-47,8270,500
-40,-70,7204,-947,9483,-200
-40,-70,6362,394,2623,100
-40,-70,822,164,5668,400
-40,-70,1727,-674,3984,-300
-40,-70,9092,-173,5148,-800
-40,-70,7055,967,2353,-1000
-40,-70,3020,270,7479,500
-40,-70,1635,-211,6470,-500
-40,-70,7647,-580,7216,900
-40,-70,1399,-157,8787,-1000
-40,-70,5561,848,9814,700
-40,-70,812,-509,1736,-100
-40,-70,7946,173,1843,600
-40,-70,6943,-790,8231,-1000
-40,-70,5169,-635,664,700
-40,-70,8073,402,9437,800
-40,-70,4004,586,2040,200
-40,-70,3645,969,5689,900
-40,-70,3367,830,9935,400
-40,-70,6378,716,1889,-100
-40,-70,8571,833,8050,900
-40,-70,9056,224,8427,-1000
-40,-70,7056,367,3544,200
-40,-70,2859,681,8379,-1000
-40,-70,4370,884,3267,-200
-40,-70,811,425,8826,400
-40,-70,2037,541,3109,0
-40,-70,9757,504,390,-700
-40,-70,8288,-152,730,-400
-40,-70,390,-650,6575,-700
-40,-70,2139,862,9789,-800
-40,-70,1264,984,2457,800
-40,-70,4414,-889,2937,-300
-40,-70,6730,-881,2172,-400
-40,-70,7451,-499,6910,-300
-40,-70,5457,244,3060,0
-40,-70,4035,-118,5708,-300
-40,-70,5192,-582,5470,600
-40,-70,1770,-801,1713,900
-40,-70,7778,623,5207,0
-40,-70,7633,912,1166,200
-40,-70,6556,-867,8902,-200
-40,-70,1918,-421,7175,500
-40,-70,559,323,7398,900
-40,-70,4403,447,8729,900
-40,-70,6956,-322,700,500
-40,-70,4310,964,5012,-900
-40,-70,9546,543,1094,-600
-40,-70,8898,-46,4096,-200
-40,-60,6860,-792,6041,900
-40,-60,3795,-73,9202,300
-40,-60,6304,-834,1806,900
-40,-60,5232,294,490,800
-40,-60,2642,-311,365,600
-40,-60,8277,-35,2178,300
-40,-60,2618,590,3441,-100
-40,-60,582,897,5291,-900
-40,-60,6352,878,1553,-1000
-40,-60,6498,-838,5774,100
-40,-60,7059,994,6219,-1000
-40,-60,9516,705,3148,-800
-40,-60,821,-703,5860,300
-40,-60,7589,492,7656,-400
-40,-60,2286,-979,8743,900
-40,-60,1553,534,7046,-900
-40,-60,8326,865,8099,0
-40,-60,6851,385,3131,500
-40,-60,6868,67,6086,-600
-40,-60,2881,962,2822,500
-40,-60,7793,-291,2819,700
-40,-60,9266,400,4314,100
-40,-60,5071,331,3507,-200
-40,-60,4900,623,1454,-1000
-40,-60,6367,758,7749,700
-40,-60,6573,979,17,0
-40,-60,948,-36,8668,-500
-40,-60,6095,-300,3047,-800
-40,-60,664,-574,2756,-300
-40,-60,2244,-592,2708,900
-40,-60,2272,938,2424,-400
-40,-60,1971,-298,4628,-700
-40,-60,8695,-541,6295,-1000
-40,-60,3902,80,4928,-300
-40,-60,1208,45,7649,900
-40,-60,6085,-76,6304,-100
-40,-60,8534,-838,6456,-300
-40,-60,6928,-11,8599,-600
-40,-60,560,142,4364,-300
-40,-60,8973,273,667,800
-40,-60,5577,-733,1070,200
-40,-60,1389,60,6526,300
-40,-60,9789,488,665,700
-40,-60,7770,905,6647,-900
-40,-60,2356,-509,7637,-700
-40,-60,5336,-279,9482,-600
-40,-60,362,-226,8577,-1000
-40,-60,2238,-124,3477,700
-40,-60,1512,756,4272,-900
-40,-60,9997,625,1559,-200
-40,-60,9925,898,1619,0
-40,-60,6873,-403,1027,500
-40,-60,791,-538,9214,100
-40,-60,198,259,619,0
-40,-60,3321,255,4325,800
-40,-60,1380,709,7302,-1000
-40,-60,5961,168,8805,800
-40,-60,4848,609,2334,-600
-40,-60,7160,219,981,-800
-40,-60,1154,859,7079,-100
-40,-60,1492,-791,491,-600
-40,-60,3894,-58,918,-600
-40,-60,844,-891,1707,-800
-40,-60,1597,125,3923,400
-40,-60,9796,-316,6558,-300
-40,-60,5977,53,7030,-1000
-40,-60,3300,-730,6736,500
-40,-60,4177,570,310,200
-40,-60,2413,-58,983,800
-40,-60,8451,193,1301,600
-40,-60,6220,-530,3217,200
-40,-60,4143,345,1580,900
-40,-60,8941,906,4080,100
-40,-60,6119,-766,3646,-1000
-40,-60,5054,-991,473,-1000
-40,-60,8215,-468,3359,200
-40,-60,4378,445,8333,-900
-40,-60,7818,316,229,-800
-40,-60,5391,-82,4050,-600
-40,-60,9891,127,9277,-400
-40,-60,6758,-703,1492,-1000
-40,-60,8246,-818,3770,900
-40,-60,9325,-981,8027,-200
-40,-60,1021,388,8380,900
-40,-60,5585,-785,9841,300
-40,-60,4002,-339,5756,-700
-40,-60,4535,-275,7896,-900
-40,-60,4683,-61,2684,100
-40,-60,3756,377,7421,-700
-40,-60,3509,600,8975,200
-40,-60,9924,-256,5541,-900
-40,-60,8433,-605,1627,700
-40,-60,6031,594,9916,-1000
-40,-60,6851,-771,2956,0
-40,-60,4476,-368,3035,-1000
-40,-60,3433,577,384,600
-40,-60,9454,-786,1059,0
-40,-60,3400,361,4933,-400
-40,-60,4051,-129,3039,500
-40,-60,5680,739,9921,800
-40,-50,9917,948,709,-200
-40,-50,5732,-213,8514,900
-40,-50,8082,932,9880,-100
-40,-50,1373,301,9911,-300
-40,-50,3673,215,6896,100
-40,-50,1657,370,6984,600
-40,-50,1247,-609,3479,200
-40,-50,7489,154,1085,800
-40,-50,1282,63,2784,-1000
-40,-50,7535,563,302,200
-40,-50,5068,-275,7191,-500
-40,-50,1204,-653,6532,-400
-40,-50,5133,214,5493,-700
-40,-50,7096,490,2377,-500
-40,-50,8071,-473,1056,-700
-40,-50,9213,-895,2816,-100
-40,-50,5680,368,6203,900
-40,-50,744,-225,5332,900
-40,-50,4690,862,8506,700
-40,-50,1207,-830,525,-900
-40,-50,8144,870,8837,-200
-40,-50,7622,-693,7890,800
-40,-50,1317,639,9771,200
-40,-50,4228,702,6236,-1000
-40,-50,5960,639,6781,500
-40,-50,2775,-106,7471,-1000
-40,-50,728,-795,3452,-100
-40,-50,5317,-655,9579,-400
-40,-50,6826,-501,1470,-900
-40,-50,6803,-36,1031,700
-40,-50,168,-42,4495,500
-40,-50,9122,416,5549,200
-40,-50,5544,325,164,-900
-40,-50,8512,-154,827,500
-40,-50,6802,-242,6263,-700
-40,-50,1379,767,8068,-300
-40,-50,2029,-760,1204,700
-40,-50,3065,254,5102,-200
-40,-50,4609,-289,3430,800
-40,-50,8087,345,784,300
-40,-50,1208,-316,6308,200
-40,-50,5644,135,3166,0
-40,-50,5016,-663,1769,-700
-40,-50,7134,-383,3643,500
-40,-50,9271,-564,7465,400
-40,-50,7529,30,4227,-600
-40,-50,5775,589,7441,-1000
-40,-50,7163,-743,6504,-100
-40,-50,3792,725,2167,-1000
-40,-50,1373,-689,5367,-100
-40,-50,931,500,9856,100
-40,-50,838,-664,6097,900
-40,-50,5618,-28,3651,-800
-40,-50,1213,-445,5817,0
-40,-50,3620,476,1405,-100
-40,-50,9827,-551,1089,400
-40,-50,6799,-109,5367,-1000
-40,-50,1433,472,6545,600
-40,-50,8620,-860,743,400
-40,-50,7021,376,4458,900
-40,-50,2677,699,5613,900
-40,-50,2780,-158,3700,300
-40,-50,3668,-149,4438,-500
-40,-50,6570,-872,451,100
-40,-50,8269,674,9058,200
-40,-50,9085,-258,5076,800
-40,-50,5648,391,4332,900
-40,-50,2201,873,9121,-300
-40,-50,2101,-517,4981,800
-40,-50,3657,764,4635,-800
-40,-50,4996,549,8804,-300
-40,-50,311,-673,6576,500
-40,-50,6867,514,1329,-1000
-40,-50,456,231,1557,-600
-40,-50,9268,753,4358,-600
-40,-50,2774,267,7349,0
-40,-50,105,-399,3928,-800
-40,-50,24,703,1442,-700
-40,-50,5516,27,5439,700
-40,-50,9397,755,6689,-600
-40,-50,5684,704,2912,900
-40,-50,6791,695,8760,100
-40,-50,3030,-375,273,-800
-40,-50,3131,675,4090,-400
-40,-50,1498,-562,2424,0
-40,-50,7841,-729,5800,-1000
-40,-50,2169,-908,6639,-1000
-40,-50,9364,-31,3931,400
-40,-50,7798,-860,5912,-800
-40,-50,6631,-460,955,-300
-40,-50,4181,-864,4345,600
-40,-50,887,-350,1451,200
-40,-50,4983,964,801,-700
-40,-50,8216,640,1116,-900
-40,-50,921,-157,6208,-500
-40,-50,8316,255,7785,200
-40,-50,3874,995,2519,600
-40,-50,7951,780,6159,900
-40,-50,2221,504,3679,300
-40,-50,3239,886,3536,-1000
-40,-40,400,-922,8211,-1000
-40,-40,3790,-540,7786,800
-40,-40,7516,-431,1832,200
-40,-40,6343,83,7358,200
-40,-40,3434,343,271,-500
-40,-40,6190,-787,9190,-200
-40,-40,2014,450,664,-1000
-40,-40,1892,-586,1862,900
-40,-40,5767,201,1589,-700
-40,-40,8454,-946,9427,-400
-40,-40,9720,454,4259,300
-40,-40,824,-870,6808,200
-40,-40,5702,-198,8786,100
-40,-40,6196,601,5280,-600
-40,-40,6119,370,9988,800
-40,-40,5413,676,485,100
-40,-40,4002,-219,7808,-400
-40,-40,2848,-318,2705,-700
-40,-40,2338,498,3601,200
-40,-40,7380,-710,3881,500
-40,-40,8953,-303,6543,-200
-40,-40,6698,-535,4937,-200
-40,-40,4372,-260,3209,400
-40,-40,1621,-34,3553,-700
-40,-40,1282,-86,5935,900
-40,-40,3661,-856,9757,-600
-40,-40,3390,295,3020,700
-40,-40,9330,54,3969,-1000
-40,-40,8457,-178,7030,-500
-40,-40,7029,218,7922,700
-40,-40,9739,-815,4274,-300
-40,-40,9026,-442,3225,200
-40,-40,8359,805,7670,900
-40,-40,4160,538,2275,800
-40,-40,9256,862,8390,-800
-40,-40,5,-625,7872,300
-40,-40,2166,-414,7320,-900
-40,-40,7815,921,3202,500
-40,-40,5265,-545,7448,600
-40,-40,1966,-566,9938,700
-40,-40,3371,792,6537,-900
-40,-40,9421,-332,7686,100
-40,-40,9761,-513,3689,700
-40,-40,8517,913,1162,-1000
-40,-40,761,-819,4754,-1000
-40,-40,5315,-646,2365,0
-40,-40,6901,669,4149,-200
-40,-40,5426,816,5769,300
-40,-40,6605,143,9219,100
-40,-40,4514,-112,6125,400
-40,-40,4967,838,6049,200
-40,-40,2486,87,2909,-1000
-40,-40,5347,-766,8722,-100
-40,-40,2388,806,6293,700
-40,-40,7918,997,4756,400
-40,-40,1704,82,8348,-400
-40,-40,7260,615,314,-300
-40,-40,1630,-683,9147,900
-40,-40,8148,963,7590,0
-40,-40,8465,828,304,-600
-40,-40,8650,-368,1778,-600
-40,-40,7701,-637,7081,-400
-40,-40,1639,340,7430,-500
-40,-40,7190,-387,7561,-100
-40,-40,693,246,119,900
-40,-40,3407,-439,9180,-300
-40,-40,4140,125,2988,500
-40,-40,3292,532,8574,600
-40,-40,5982,208,9255,600
-40,-40,5998,-613,9619,600
-40,-40,5832,237,6077,-700
-40,-40,426,827,4826,100
-40,-40,6339,-362,6002,100
-40,-40,7758,-785,2252,0
-40,-40,7592,59,3667,-1000
-40,-40,67,-196,2945,600
-40,-40,8278,-150,271,-200
-40,-40,7895,-744,9153,200
-40,-40,5158,770,2621,-100
-40,-40,5030,188,6829,300
-40,-40,4444,-631,2822,-800
-40,-40,4628,-308,7537,-1000
-40,-40,4920,861,666,400
-40,-40,7103,-406,953,300
-40,-40,330,-233,1674,-1000
-40,-40,4893,69,7395,700
-40,-40,3592,13,1995,100
-40,-40,2473,338,9137,-900
-40,-40,7379,-940,9238,600
-40,-40,9950,-602,4583,600
-40,-40,5947,630,2414,900
-40,-40,1946,235,9334,900
-40,-40,8826,-826,1828,-100
-40,-40,6045,-409,9980,-300
-40,-40,3081,-907,7113,500
-40,-40,5306,-407,2817,500
-40,-40,6473,755,6845,600
-40,-40,5335,-863,1146,400
-40,-40,9018,826,4747,0
-40,-40,1065,263,5608,700
-40,-30,4857,880,9867,300
-40,-30,2851,446,1957,400
-40,-30,9509,-754,8029,800
-40,-30,7351,923,2591,800
-40,-30,4050,201,6689,-700
-40,-30,5946,296,4250,200
-40,-30,2107,-797,315,0
-40,-30,8169,-469,3181,-500
-40,-30,5599,-790,9864,-1000
-40,-30,209,-964,5804,-500
-40,-30,8057,-440,5500,500
-40,-30,8843,749,557,800
-40,-30,2312,866,6254,-900
-40,-30,3099,-906,4242,300
-40,-30,4722,340,3780,-600
-40,-30,4802,-580,7632,900
-40,-30,7822,647,38,700
-40,-30,9653,-801,379,700
-40,-30,88,311,2779,400
-40,-30,2028,-993,6266,300
-40,-30,6022,-721,1066,-900
-40,-30,7367,814,5236,-900
-40,-30,4267,221,2533,-1000
-40,-30,7998,575,2235,-200
-40,-30,6448,182,9163,-400
-40,-30,1129,-702,5720,900
-40,-30,9107,-113,8415,-100
-40,-30,7441,-768,3746,-400
-40,-30,2105,-812,6384,900
-40,-30,2775,-34,2543,-900
-40,-30,7538,139,5599,-500
-40,-30,2658,-351,9430,100
-40,-30,2312,-267,4771,500
-40,-30,4306,219,3387,700
-40,-30,9317,280,5498,-200
-40,-30,6448,-758,990,-100
-40,-30,1909,524,7584,700
-40,-30,6206,-8,7299,-400
-40,-30,5429,-305,3120,0
-40,-30,8948,303,4170,900
-40,-30,2269,846,9663,-1000
-40,-30,8221,-405,366,-400
-40,-30,4145,-399,9464,600
-40,-30,468,-867,316,500
-40,-30,4921,540,6187,-200
-40,-30,2631,671,6635,-700
-40,-30,5775,951,9512,-300
-40,-30,802,423,6027,300
-40,-30,2332,-423,1108,-1000
-40,-30,9014,350,3025,0
-40,-30,2033,693,3899,600
-40,-30,4523,43,6829,-500
-40,-30,5923,777,3472,200
-40,-30,5655,952,9824,-900
-40,-30,8896,-884,2666,-200
-40,-30,6979,-730,9701,400
-40,-30,2105,392,9416,400
-40,-30,376,-60,2282,300
-40,-30,2542,783,4542,0
-40,-30,6256,-232,8716,900
-40,-30,4696,-634,9739,400
-40,-30,9754,346,7683,0
-40,-30,3702,-152,8752,-700
-40,-30,5503,323,7612,100
-40,-30,5366,-312,2098,-800
-40,-30,7037,-834,5161,-900
-40,-30,1026,854,3679,-800
-40,-30,2706,-495,6255,500
-40,-30,3240,-232,3147,-1000
-40,-30,5838,849,8128,-300
-40,-30,3313,149,4937,-600
-40,-30,8713,489,1689,-500
-40,-30,4191,-332,4297,900
-40,-30,5679,-488,9674,800
-40,-30,9673,-577,371,100
-40,-30,480,36,1954,-400
-40,-30,603,-387,2177,200
-40,-30,459,-923,4352,900
-40,-30,5991,-783,9861,-700
-40,-30,4611,183,7897,200
-40,-30,7031,-925,6814,100
-40,-30,1721,-175,8041,400
-40,-30,1741,-516,1927,400
-40,-30,4083,535,7078,400
-40,-30,7319,-400,2613,-500
-40,-30,5813,858,5884,400
-40,-30,7194,845,3706,-900
-40,-30,1619,-799,7132,400
-40,-30,3655,-551,7168,-1000
-40,-30,6661,500,1635,500
-40,-30,5023,480,7733,-200
-40,-30,1659,-715,387,500
-40,-30,569,-89,8840,-300
-40,-30,3025,-296,2141,700
-40,-30,8134,-502,8897,100
-40,-30,4504,80,7092,-400
-40,-30,5760,759,313,700
-40,-30,573,989,9786,-1000
-40,-30,5342,-72,4403,0
-40,-30,5192,918,5660,900
-40,-20,710,-192,2783,-400
-40,-20,1946,-443,8351,100
-40,-20,3641,-315,2951,-300
-40,-20,923,887,3658,900
-40,-20,3047,292,7771,500
-40,-20,2117,210,5372,-1000
-40,-20,4328,148,9374,500
-40,-20,7815,963,7237,-100
-40,-20,5243,-118,4878,-300
-40,-20,6519,-428,713,600
-40,-20,5522,185,3796,-300
-40,-20,3569,932,3993,900
-40,-20,8320,-966,6711,0
-40,-20,4831,907,9621,-1000
-40,-20,684,-754,9307,700
-40,-20,9554,998,1196,700
-40,-20,6778,-626,9503,400
-40,-20,8766,188,7423,200
-40,-20,4825,727,1565,-600
-40,-20,382,792,3521,-400
-40,-20,1375,-45,9738,100
-40,-20,3620,-921,5134,500
-40,-20,4696,-131,8556,200
-40,-20,5046,-449,311,400
-40,-20,8456,-558,1003,100
-40,-20,1478,-711,654,-700
-40,-20,46,-381,2516,500
-40,-20,4658,-849,980,-300
-40,-20,9875,97,8835,-600
-40,-20,4866,-78,8095,500
-40,-20,7351,803,1800,-800
-40,-20,6898,-280,3414,-1000
-40,-20,9001,144,3504,600
-40,-20,9754,58,8644,-1000
-40,-20,9590,792,5578,300
-40,-20,3037,347,4150,700
-40,-20,7928,-470,139,-1000
-40,-20,9173,-294,2136,900
-40,-20,9543,372,5968,-700
-40,-20,6776,749,3814,500
-40,-20,1294,-723,6715,-1000
-40,-20,678,-790,1490,-600
-40,-20,2325,396,4084,-700
-40,-20,9479,385,8840,-600
-40,-20,2824,-10,5385,-500
-40,-20,5976,38,5117,-1000
-40,-20,3516,251,5047,800
-40,-20,7405,-533,3590,-1000
-40,-20,2109,-27,4173,-300
-40,-20,994,370,7363,-1000
-40,-20,3964,100,5983,-300
-40,-20,4765,880,7180,-1000
-40,-20,6237,8,3589,200
-40,-20,7173,305,2142,-300
-40,-20,107,-754,407,-200
-40,-20,8093,-847,1036,-400
-40,-20,7453,370,7488,-1000
-40,-20,500,-167,6679,-300
-40,-20,3979,382,9334,-500
-40,-20,6755,-372,7867,800
-40,-20,4829,448,2362,-400
-40,-20,2724,-549,8058,100
-40,-20,8807,-885,900,-300
-40,-20,9972,111,9098,200
-40,-20,3344,-395,9985,-900
-40,-20,775,518,4002,0
-40,-20,9131,907,6889,400
-40,-20,6427,-411,4816,-300
-40,-20,6378,445,6128,-1000
-40,-20,2621,-26,9350,700
-40,-20,14,-505,919,100
-40,-20,9822,-719,2493,0
-40,-20,6452,33,288,-100
-40,-20,2462,-696,6973,300
-40,-20,6342,-849,9007,-700
-40,-20,6939,501,9096,-500
-40,-20,8565,996,4274,700
-40,-20,1101,941,6972,-100
-40,-20,6437,309,8351,0
-40,-20,5053,790,995,-100
-40,-20,796,60,4494,900
-40,-20,4731,-749,7382,600
-40,-20,8322,878,9713,-400
-40,-20,1532,-83,8370,-200
-40,-20,2854,-370,4270,-900
-40,-20,2555,-869,8378,300
-40,-20,9021,-67,7684,-700
-40,-20,5127,-285,8562,-200
-40,-20,612,-707,3901,900
-40,-20,1330,161,2896,-900
-40,-20,4360,-51,2197,400
-40,-20,6220,698,1835,700
-40,-20,3149,-886,4032,-100
-40,-20,6125,-167,5914,-900
-40,-20,4923,-874,6588,700
-40,-20,874,-46,7810,-1000
-40,-20,9930,-104,2449,200
-40,-20,819,846,1890,-600
-40,-20,4509,694,1332,0
-40,-20,3603,66,2609,100
-40,-10,963,660,5538,-100
-40,-10,5897,-503,8231,-500
-40,-10,6289,150,7573,-400
-40,-10,878,-169,3497,-100
-40,-10,2367,235,2538,-400
-40,-10,9994,551,4744,-800
-40,-10,5494,28,9659,-800
-40,-10,6626,-523,9798,-1000
-40,-10,3900,-525,566,700
-40,-10,7789,398,6664,0
-40,-10,4588,-514,9771,500
-40,-10,3639,-504,2402,100
-40,-10,9872,917,8512,900
-40,-10,2078,-401,899,-900
-40,-10,637,-69,1322,600
-40,-10,3044,526,9547,-800
-40,-10,2757,-972,1878,400
-40,-10,1883,468,5655,700
-40,-10,2706,-534,556,-600
-40,-10,6997,131,3630,700
-40,-10,8974,-257,9038,-600
-40,-10,9830,-916,5963,800
-40,-10,6610,-46,3757,-900
-40,-10,9806,116,6310,800
-40,-10,9281,305,1689,0
-40,-10,1804,768,3313,-100
-40,-10,4073,424,12,-1000
-40,-10,5703,436,7149,600
-40,-10,305,151,483,-600
-40,-10,2761,233,4530,100
-40,-10,136,-505,1633,200
-40,-10,9179,-612,1446,700
-40,-10,1753,-384,8004,700
-40,-10,7273,350,9904,900
-40,-10,4185,-844,4471,-600
-40,-10,7783,-437,9073,900
-40,-10,2190,-683,7990,500
-40,-10,5387,25,1005,200
-40,-10,996,-169,3987,100
-40,-10,5359,332,5964,700
-40,-10,4116,-353,9651,700
-40,-10,7231,442,2904,-200
-40,-10,8692,-892,7537,-200
-40,-10,9711,-319,871,900
-40,-10,1382,-937,5941,-500
-40,-10,1194,-902,8087,-1000
-40,-10,9064,12,5840,100
-40,-10,2816,-125,596,600
-40,-10,7389,521,7910,200
-40,-10,9810,245,4034,-1000
-40,-10,1646,-805,1866,700
-40,-10,5174,766,4541,-700
-40,-10,2177,-627,5760,-400
-40,-10,4934,-646,2369,600
-40,-10,9472,-282,5244,-600
-40,-10,6942,921,97,0
-40,-10,9737,119,2549,-600
-40,-10,2374,479,4603,100
-40,-10,2789,290,1055,-900
-40,-10,4388,386,4877,500
-40,-10,5948,-893,5111,700
-40,-10,4840,-49,1968,-600
-40,-10,7407,127,285,-600
-40,-10,6242,-105,8034,300
-40,-10,3948,44,8437,900
-40,-10,3352,-361,6204,-1000
-40,-10,4533,-427,6745,-400
-40,-10,6253,608,7367,-800
-40,-10,7547,487,2851,200
-40,-10,9512,810,5922,900
-40,-10,9720,-991,775,-400
-40,-10,4563,733,4136,200
-40,-10,3743,410,553,-400
-40,-10,9483,-327,777,-400
-40,-10,5598,-594,314,100
-40,-10,319,-987,3910,-400
-40,-10,2501,-807,1403,200
-40,-10,8576,-540,3882,-400
-40,-10,2636,135,6878,100
-40,-10,4911,-294,8158,500
-40,-10,3555,-188,9667,0
-40,-10,1375,830,4898,400
-40,-10,9448,531,2125,-600
-40,-10,1735,-810,9884,-400
-40,-10,9006,100,7710,600
-40,-10,8068,872,5967,-700
-40,-10,5684,-477,6074,-1000
-40,-10,4150,722,5496,-500
-40,-10,289,-194,3335,300
-40,-10,2698,-646,4016,600
-40,-10,5804,757,9443,900
-40,-10,4470,526,117,-800
-40,-10,9239,682,704,-400
-40,-10,7236,365,2437,0
-40,-10,556,242,4329,200
-40,-10,9763,800,6700,700
-40,-10,7060,429,9855,500
-40,-10,8249,-30,313,-1000
-40,-10,1079,-916,1001,-200
-40,-10,487,-854,4970,600
-40,0,365,717,6443,100
-40,0,8252,540,444,-500
-40,0,4071,-907,7402,-1000
-40,0,2037,-421,9341,-100
-40,0,6706,-860,8961,-400
-40,0,5609,576,2221,-800
-40,0,2048,-68,8140,-700
-40,0,9798,339,7730,-1000
-40,0,4154,-639,316,-400
-40,0,4086,192,3465,-700
-40,0,2169,788,6032,-700
-40,0,1108,856,9663,700
-40,0,8290,-144,2793,-500
-40,0,8888,724,7458,400
-40,0,2581,-519,6097,-200
-40,0,8704,-628,1972,800
-40,0,9604,359,7566,-800
-40,0,7157,-905,5901,0
-40,0,4782,569,5041,900
-40,0,341,923,902,300
-40,0,4146,-339,7434,-600
-40,0,7969,814,2867,-300
-40,0,2038,-372,8627,-1000
-40,0,2330,567,4456,900
-40,0,5684,18,5222,700
-40,0,6183,-116,4090,-500
-40,0,8874,-469,7930,900
-40,0,1992,968,6169,300
-40,0,3047,429,9083,-600
-40,0,7452,705,8927,-800
-40,0,8984,475,2151,-1000
-40,0,6475,-50,5240,-800
-40,0,4532,-103,7509,700
-40,0,5696,562,7088,200
-40,0,4739,-673,2556,900
-40,0,2972,24,8737,500
-40,0,2150,-260,6296,-500
-40,0,8466,336,7498,100
-40,0,3187,-957,8427,800
-40,0,1941,-850,2248,800
-40,0,8687,-180,8463,200
-40,0,3632,-480,5888,-300
-40,0,3892,-754,2610,700
-40,0,5652,237,8440,200
-40,0,5112,-36,9165,600
-40,0,3158,4,1079,900
-40,0,8393,889,3821,900
-40,0,218,611,9592,600
-40,0,9445,999,4889,500
-40,0,3649,-659,7354,-1000
-40,0,5371,-22,8315,300
-40,0,7308,-68,5218,400
-40,0,431,887,5995,200
-40,0,835,44,9159,-800
-40,0,7353,999,7841,700
-40,0,7115,975,5281,400
-40,0,5657,-564,9501,-900
-40,0,6132,922,1858,-1000
-40,0,8153,417,1002,900
-40,0,1746,-756,7585,-600
-40,0,5316,610,8077,700
-40,0,1770,-336,6790,400
-40,0,1654,977,2570,800
-40,0,228,-833,48,-400
-40,0,2537,-749,2668,-600
-40,0,2430,230,8537,-400
-40,0,5699,-358,288,400
-40,0,5152,-925,4217,-400
-40,0,4002,-966,3412,-1000
-40,0,7253,461,3242,200
-40,0,2844,-33,9272,-1000
-40,0,4969,-604,1760,-400
-40,0,9380,-11,5061,300
-40,0,6783,56,7712,-1000
-40,0,2320,-583,4771,200
-40,0,2329,541,762,900
-40,0,3291,-346,5928,200
-40,0,9561,-894,8908,-1000
-40,0,6176,440,2137,-200
-40,0,6166,212,1416,800
-40,0,5096,281,3025,-200
-40,0,5770,296,92,800
-40,0,1663,176,2896,400
-40,0,419,52,3468,-1000
-40,0,4666,-254,9940,300
-40,0,1915,-453,9734,-700
-40,0,8087,-61,5637,-100
-40,0,2997,439,4907,-1000
-40,0,1414,-34,8890,700
-40,0,4215,830,7336,-500
-40,0,9280,599,947,-600
-40,0,8861,758,8996,400
-40,0,6712,-193,3418,200
-40,0,978,-499,4978,900
-40,0,8467,626,4714,-1000
-40,0,3190,373,1000,-600
-40,0,7733,300,6522,-900
-40,0,4498,-444,2779,-700
-40,0,8055,916,4580,100
-40,0,5105,413,9737,-100
-40,10,6605,-822,8749,-500
-40,10,1350,-187,6737,600
-40,10,3174,271,1116,-700
-40,10,3360,-946,8868,-200
-40,10,3963,-873,939,600
-40,10,6520,417,8366,500
-40,10,7271,674,1751,-500
-40,10,5271,554,9847,-1000
-40,10,9961,376,3544,-200
-40,10,8227,-455,8143,-400
-40,10,7688,-753,3448,900
-40,10,4873,129,3448,500
-40,10,6005,-948,7769,700
-40,10,5621,687,6449,-300
-40,10,7836,-348,6169,-100
-40,10,7073,911,953,800
-40,10,3045,-642,5192,200
-40,10,9969,472,4049,0
-40,10,4271,65,5522,-1000
-40,10,650,31,4641,200
-40,10,7260,-999,4905,-1000
-40,10,385,38,6504,-700
-40,10,147,-823,5414,-1000
-40,10,5699,452,287,300
-40,10,2479,-892,2324,-1000
-40,10,364,457,3424,-400
-40,10,8039,-638,1798,-500
-40,10,2232,578,6984,-400
-40,10,3235,222,5359,-100
-40,10,6079,661,8134,100
-40,10,4707,651,9096,300
-40,10,4764,-822,1750,0
-40,10,3125,712,3575,900
-40,10,6091,-33,1900,900
-40,10,517,800,8404,900
-40,10,6193,-166,282,700
-40,10,9739,378,1908,900
-40,10,7932,57,9978,-700
-40,10,2910,-852,978,300
-40,10,9809,245,301,800
-40,10,1590,-532,1501,900
-40,10,1921,-546,7347,-800
-40,10,8757,-800,6105,800
-40,10,1289,-272,4252,900
-40,10,5172,-580,9948,700
-40,10,4001,-98,4894,200
-40,10,288,590,3982,-600
-40,10,9704,-333,3140,800
-40,10,3452,230,2444,700
-40,10,7333,-299,6019,-1000
-40,10,7237,-678,557,800
-40,10,7416,984,7541,100
-40,10,6422,820,1260,-400
-40,10,9669,-931,9747,-1000
-40,10,2985,384,1268,-900
-40,10,8552,-207,3577,-200
-40,10,2502,-419,776,500
-40,10,7655,112,6757,-200
-40,10,4421,403,7528,-1000
-40,10,402,126,6328,0
-40,10,4986,-564,5551,800
-40,10,6154,-149,5380,300
-40,10,3508,-11,9868,-1000
-40,10,8755,574,4789,200
-40,10,9461,246,8831,800
-40,10,2468,-645,4226,-400
-40,10,2279,347,4022,-1000
-40,10,9317,553,4132,-800
-40,10,7088,-4,8266,800
-40,10,1757,933,2592,0
-40,10,7940,-497,9806,600
-40,10,3273,533,4112,300
-40,10,4880,754,6379,-800
-40,10,9987,-323,9792,800
-40,10,2846,-186,7363,800
-40,10,6774,827,3085,0
-40,10,3288,418,7576,800
-40,10,3213,-970,8204,-1000
-40,10,6305,-830,4613,-700
-40,10,299,775,3982,-1000
-40,10,228,-277,8868,-700
-40,10,3412,878,7427,200
-40,10,3743,729,5026,600
-40,10,1808,-37,9012,-400
-40,10,429,574,3673,-200
-40,10,7035,-244,8669,-900
-40,10,348,-215,2264,700
-40,10,7364,-919,9424,-1000
-40,10,6847,225,3529,-500
-40,10,3577,719,9071,-800
-40,10,2429,-716,7113,500
-40,10,3109,673,6542,-1000
-40,10,5809,21,5645,-1000
-40,10,2898,-371,4396,-1000
-40,10,8909,777,2790,100
-40,10,6576,299,6995,800
-40,10,1498,-82,8076,300
-40,10,6446,-678,9997,-600
-40,10,1234,237,2591,-500
-40,10,8745,448,2276,600
-40,20,3833,-378,1809,-700
-40,20,4721,884,9334,900
-40,20,9185,-956,198,-400
-40,20,7781,-569,8377,-600
-40,20,9436,380,6758,-1000
-40,20,5157,650,58,100
-40,20,3696,-656,4371,-100
-40,20,3124,-527,2586,-500
-40,20,6735,-792,8673,-700
-40,20,7103,-148,5677,-200
-40,20,3622,405,8083,0
-40,20,3070,791,870,900
-40,20,6483,-643,3833,600
-40,20,2829,-2,6013,-900
-40,20,8356,-488,3202,800
-40,20,7494,-740,1662,600
-40,20,2552,572,17,-500
-40,20,7184,-783,4677,300
-40,20,7587,-957,5440,-400
-40,20,9859,209,2991,-1000
-40,20,6227,192,2064,900
-40,20,7521,351,2862,-300
-40,20,3523,600,8640,-600
-40,20,6167,318,57,900
-40,20,575,-938,2975,-900
-40,20,7649,-819,7017,200
-40,20,1099,738,2437,900
-40,20,5036,212,6860,-600
-40,20,3617,390,6537,700
-40,20,638,-856,2113,400
-40,20,4117,671,7677,600
-40,20,2215,307,7881,300
-40,20,6121,-210,6704,900
-40,20,2685,-239,966,600
-40,20,7088,492,9854,-1000
-40,20,5174,329,5439,900
-40,20,9294,749,7454,300
-40,20,8584,-909,8358,900
-40,20,9673,-557,1349,900
-40,20,4157,-577,6216,-1000
-40,20,351,44,3624,-1000
-40,20,8901,285,7883,-800
-40,20,5544,166,5722,-500
-40,20,8763,-938,8153,0
-40,20,9556,-398,2984,100
-40,20,730,431,7357,-1000
-40,20,3497,845,4023,-700
-40,20,7094,-275,8324,900
-40,20,9371,-508,8452,-400
-40,20,752,415,9443,700
-40,20,4922,920,460,-500
-40,20,166,-288,5582,700
-40,20,3548,-539,242,300
-40,20,7889,-784,2156,700
-40,20,1008,468,9501,700
-40,20,8423,-763,2619,300
-40,20,4439,244,326,-500
-40,20,6417,606,4885,300
-40,20,2767,714,1916,-500
-40,20,5622,303,2285,-900
-40,20,675,569,4621,-1000
-40,20,2796,184,3082,900
-40,20,3877,-431,6589,600
-40,20,5153,-554,6393,-1000
-40,20,4794,-566,5343,600
-40,20,4796,-808,6809,400
-40,20,5552,-273,9615,700
-40,20,4668,-651,978,500
-40,20,5840,67,6364,-800
-40,20,6542,811,1263,700
-40,20,2278,-135,6231,-600
-40,20,7236,-83,2350,-600
-40,20,3058,-974,2288,600
-40,20,6019,673,8967,200
-40,20,5873,222,1513,600
-40,20,9910,-992,5675,200
-40,20,6680,650,9997,200
-40,20,7854,-317,7238,-300
-40,20,261,-886,1289,900
-40,20,7918,179,5278,900
-40,20,7072,408,1647,-1000
-40,20,3037,696,8727,500
-40,20,5139,-86,7286,-400
-40,20,8885,-574,3662,0
-40,20,7854,-256,3600,-100
-40,20,1619,-908,4907,-700
-40,20,9642,-591,1589,600
-40,20,2435,917,6770,-1000
-40,20,5208,-219,745,400
-40,20,1224,-374,3790,-1000
-40,20,9294,823,7328,-1000
-40,20,214,-413,4470,-500
-40,20,6639,454,5384,300
-40,20,2706,274,1860,900
-40,20,7689,14,2206,-1000
-40,20,1740,-264,6361,800
-40,20,5662,-863,7737,900
-40,20,9687,-834,4851,800
-40,20,3650,164,9530,-500
-40,20,3100,222,3043,800
-40,30,4437,-781,74,-1000
-40,30,5384,-488,7139,900
-40,30,4169,-390,3438,900
-40,30,6563,506,3589,900
-40,30,3648,-968,1848,700
-40,30,3772,-763,935,300
-40,30,9283,-945,6226,500
-40,30,7617,189,643,-800
-40,30,3199,541,4484,-700
-40,30,5817,419,4269,-500
-40,30,1676,73,1052,-700
-40,30,1389,955,233,-500
-40,30,8270,632,6802,600
-40,30,4697,842,6932,900
-40,30,2807,-514,6701,-1000
-40,30,7953,-451,3229,-400
-40,30,4195,-177,776,-200
-40,30,8062,-118,8184,400
-40,30,1467,770,3513,200
-40,30,5533,-277,2816,400
-40,30,4695,-600,915,100
-40,30,5561,-117,5396,-700
-40,30,7371,-830,3229,0
-40,30,9383,546,3332,900
-40,30,7497,76,358,200
-40,30,1112,856,3542,-300
-40,30,5412,-423,1432,900
-40,30,7194,103,9289,-1000
-40,30,8594,-565,4982,-300
-40,30,1724,-861,7921,500
-40,30,1088,-993,7390,-200
-40,30,62,129,2488,700
-40,30,4737,-103,2411,-700
-40,30,1494,-849,7943,-700
-40,30,3135,854,6668,-700
-40,30,988,-943,44,0
-40,30,159,185,6145,700
-40,30,4233,453,8186,-1000
-40,30,1668,680,4774,100
-40,30,5101,-962,6518,900
-40,30,9193,813,925,500
-40,30,9493,-835,2905,-300
-40,30,6339,-890,5993,-1000
-40,30,33,292,1701,800
-40,30,454,-836,9251,400
-40,30,7750,-926,9613,800
-40,30,5201,86,55,-600
-40,30,528,383,7060,-100
-40,30,3818,548,122,-700
-40,30,6302,-289,2572,900
-40,30,6400,880,4790,-100
-40,30,1263,-701,5365,300
-40,30,3531,-79,8514,-700
-40,30,6709,-149,8572,300
-40,30,350,908,7011,-500
-40,30,9943,-905,3804,-600
-40,30,3093,878,9065,-100
-40,30,153,208,337,200
-40,30,7961,-30,4411,-100
-40,30,8532,725,2182,100
-40,30,3589,-270,5796,200
-40,30,2595,-900,769,100
-40,30,7944,453,5290,300
-40,30,1064,536,1129,600
-40,30,1343,-506,6561,900
-40,30,2721,-13,4072,300
-40,30,5563,655,1784,600
-40,30,9155,120,6617,100
-40,30,1825,-60,2240,600
-40,30,8084,-266,3269,600
-40,30,1827,-989,2968,900
-40,30,3442,-968,6833,-600
-40,30,5620,-964,1571,-1000
-40,30,7512,396,9424,-400
-40,30,700,-975,2463,-700
-40,30,3828,-197,2758,900
-40,30,4721,-853,3323,-200
-40,30,3975,43,4502,700
-40,30,314,625,1765,-800
-40,30,5430,457,7820,-600
-40,30,3187,688,5227,900
-40,30,2468,290,4972,300
-40,30,6959,-887,7769,-200
-40,30,7435,-619,5359,-400
-40,30,4991,-787,174,700
-40,30,75,-308,530,0
-40,30,1826,-201,1206,500
-40,30,870,-211,7024,200
-40,30,9388,-251,3009,-1000
-40,30,9874,-459,7612,-700
-40,30,4164,-59,2398,0
-40,30,4984,810,9447,500
-40,30,1414,-632,679,300
-40,30,8188,-801,6696,-1000
-40,30,6199,641,7889,-300
-40,30,4719,693,8334,300
-40,30,3369,-991,1444,-500
-40,30,5753,-586,411,100
-40,30,3406,-252,6655,700
-40,30,1567,-486,4966,100
-40,40,8990,462,1837,-1000
-40,40,4435,-819,7324,-100
-40,40,7263,728,3533,-1000
-40,40,4114,-911,6601,900
-40,40,8020,-819,1291,-700
-40,40,9938,-456,1129,900
-40,40,3724,-950,3170,100
-40,40,3036,-424,9957,900
-40,40,6763,-807,1131,900
-40,40,1296,675,5227,900
-40,40,6029,799,1323,-900
-40,40,2346,-178,9860,200
-40,40,8130,643,3291,-200
-40,40,8663,-987,5766,500
-40,40,7273,791,2939,-1000
-40,40,2142,-857,2242,900
-40,40,4521,366,8463,-800
-40,40,8104,-497,5824,-1000
-40,40,9731,-397,1741,300
-40,40,758,781,6175,-1000
-40,40,6128,-377,7939,-900
-40,40,3710,-87,6496,100
-40,40,5478,574,5289,-500
-40,40,1511,-921,1427,900
-40,40,3202,793,9665,-100
-40,40,8020,-674,5833,-200
-40,40,8981,74,1573,-700
-40,40,1284,-663,8210,-500
-40,40,7898,595,4476,900
-40,40,2672,-417,5606,300
-40,40,4131,710,8620,200
-40,40,8415,545,9067,0
-40,40,5397,-19,6601,900
-40,40,3545,-833,5966,700
-40,40,6009,814,1716,-200
-40,40,1943,-454,1791,-100
-40,40,123,804,4652,-400
-40,40,24,738,2278,200
-40,40,9327,632,999,400
-40,40,9895,158,7189,900
-40,40,745,898,5966,600
-40,40,5412,943,9389,-800
-40,40,2102,-932,2939,-1000
-40,40,4030,647,7332,100
-40,40,10,193,4652,-800
-40,40,3480,822,3485,900
-40,40,8827,-817,3025,-1000
-40,40,953,-781,7943,-1000
-40,40,8153,-595,1130,800
-40,40,5028,225,4816,800
-40,40,7107,237,583,-1000
-40,40,1609,-979,7874,600
-40,40,7972,739,9088,300
-40,40,8195,-900,2722,-700
-40,40,9582,-286,4473,700
-40,40,576,671,1018,-1000
-40,40,6103,-156,3376,900
-40,40,732,135,7889,900
-40,40,1321,234,8315,900
-40,40,1025,-983,3794,800
-40,40,5022,-961,5227,900
-40,40,5936,623,6998,400
-40,40,9266,420,7571,-300
-40,40,6366,344,737,500
-40,40,2601,183,1939,-1000
-40,40,8799,-858,9213,-900
-40,40,5158,524,5591,-1000
-40,40,4428,955,3469,600
-40,40,5278,-701,4652,-400
-40,40,6105,338,8879,-1000
-40,40,289,-956,3177,-1000
-40,40,760,610,8310,900
-40,40,6218,-56,3922,600
-40,40,902,-352,7325,100
-40,40,3795,-593,8978,900
-40,40,5338,-510,4971,200
-40,40,7836,-970,4577,500
-40,40,6982,158,1131,800
-40,40,3536,-678,2899,500
-40,40,3868,-632,3795,-400
-40,40,4311,-391,1961,600
-40,40,1671,910,3407,-400
-40,40,5507,392,5027,-1000
-40,40,9078,959,1961,900
-40,40,9156,212,2471,800
-40,40,2839,456,7162,-200
-40,40,2450,32,7458,-100
-40,40,8163,-826,1708,0
-40,40,9648,-657,8571,700
-40,40,1175,161,8914,300
-40,40,1585,978,8566,200
-40,40,1888,-504,8731,200
-40,40,6406,370,758,300
-40,40,6553,286,6980,-1000
-40,40,9903,-255,3322,-700
-40,40,325,-774,5227,900
-40,40,1010,544,5695,-700
-40,40,5404,636,4476,900
-40,40,2453,202,9686,-900
-40,40,7893,207,583,-1000
-40,50,7231,377,2899,500
-40,50,9003,942,1131,900
-40,50,7827,705,8467,-300
-40,50,6713,266,1131,900
-40,50,3626,-9,1131,900
-40,50,5438,-564,5227,900
-40,50,2427,611,1131,900
-40,50,7625,-281,8467,-300
-40,50,3854,78,5227,900
-40,50,750,-496,1131,900
-40,50,4571,701,5227,900
-40,50,9004,-267,1131,900
-40,50,6567,746,543,200
-40,50,1320,-172,1131,900
-40,50,9297,877,1131,900
-40,50,1735,95,5227,900
-40,50,6991,-570,1131,900
-40,50,1504,30,1131,900
-40,50,3654,-794,5227,900
-40,50,6297,-731,1131,900
-40,50,2100,-589,1131,900
-40,50,280,-830,7324,100
-40,50,5925,-31,8467,-400
-40,50,5689,289,1131,900
-40,50,5313,781,2900,700
-40,50,1454,-51,1131,900
-40,50,6838,187,1131,900
-40,50,8820,-693,2900,600
-40,50,643,573,1131,900
-40,50,3885,-403,1131,900
-40,50,7408,-415,8466,-200
-40,50,416,397,5227,900
-40,50,5758,77,1131,900
-40,50,175,59,2899,500
-40,50,6586,-35,1131,900
-40,50,5663,446,1131,900
-40,50,9216,699,1131,900
-40,50,3603,698,2899,500
-40,50,1891,-241,1131,900
-40,50,1269,668,2900,600
-40,50,7303,447,5227,900
-40,50,4971,-214,5227,900
-40,50,7773,-204,7324,100
-40,50,1660,-419,5227,900
-40,50,2512,-891,1131,900
-40,50,7339,756,1131,900
-40,50,991,-81,1131,900
-40,50,2721,137,5227,900
-40,50,2090,325,1131,900
-40,50,8990,-949,2901,500
-40,50,2776,272,1131,900
-40,50,1774,-716,6998,400
-40,50,7216,802,5227,900
-40,50,1056,-836,7324,100
-40,50,3307,715,1131,900
-40,50,365,-295,5604,300
-40,50,9091,419,2901,500
-40,50,5804,782,5766,500
-40,50,7346,-73,5227,900
-40,50,5762,-257,5227,900
-40,50,1270,6,1131,900
-40,50,3658,-904,7324,0
-40,50,799,-138,1083,500
-40,50,1795,-178,1131,900
-40,50,3335,-961,1131,900
-40,50,3830,-236,5227,900
-40,50,3038,476,1131,900
-40,50,5387,-701,8823,-700
-40,50,9854,-820,1131,900
-40,50,8606,-82,5227,900
-40,50,5496,27,1131,900
-40,50,3296,829,5227,900
-40,50,8722,791,1131,900
-40,50,4313,-70,1131,900
-40,50,12,-608,1131,900
-40,50,4615,868,5227,900
-40,50,9599,-410,1473,-300
-40,50,1492,-978,1131,900
-40,50,1958,813,5227,900
-40,50,272,14,1611,0
-40,50,6394,672,1131,900
-40,50,8607,721,1131,900
-40,50,3178,905,583,-1000
-40,50,4913,-326,2899,500
-40,50,1966,-780,5227,900
-40,50,3612,906,5604,400
-40,50,9146,701,3229,0
-40,50,7839,-51,1131,900
-40,50,5556,-279,545,0
-40,50,8863,-241,7324,100
-40,50,5243,-844,1131,900
-40,50,889,982,2901,500
-40,50,9381,94,1131,900
-40,50,4112,-761,1131,900
-40,50,737,664,1131,900
-40,50,9431,140,1131,900
-40,50,3049,-59,1131,900
-40,50,8139,66,1131,900
-40,50,476,550,4473,700
-40,50,1784,-494,1131,900
-30,-100,4910,630,2320,200
-30,-100,4211,671,7111,800
-30,-100,29,-639,4331,600
-30,-100,751,82,6786,-1000
-30,-100,8228,312,9003,100
-30,-100,1921,308,6644,400
-30,-100,3071,628,7573,-700
-30,-100,2931,33,6650,0
-30,-100,8593,-143,5964,-600
-30,-100,952,-505,4384,-700
-30,-100,1721,397,5320,-500
-30,-100,6370,-167,4761,900
-30,-100,454,-608,9172,200
-30,-100,3957,356,2581,-400
-30,-100,5780,418,7476,900
-30,-100,4887,-176,6425,0
-30,-100,487,658,9741,-200
-30,-100,3619,117,9289,0
-30,-100,3655,172,3355,-1000
-30,-100,3413,-33,5468,-600
-30,-100,6119,-813,5212,-600
-30,-100,6747,-934,9123,300
-30,-100,6552,-781,7055,-200
-30,-100,6133,-426,8554,800
-30,-100,2852,-57,2295,900
-30,-100,1244,-776,6182,-700
-30,-100,6775,442,4335,-800
-30,-100,2244,383,1702,-600
-30,-100,2436,157,702,100
-30,-100,6,-641,2806,500
-30,-100,5665,-398,2775,-900
-30,-100,124,709,787,-100
-30,-100,640,-940,6519,800
-30,-100,7377,-84,9434,200
-30,-100,4637,-726,7153,-1000
-30,-100,4768,-267,9983,-900
-30,-100,7172,6,1743,-700
-30,-100,2625,593,5780,-500
-30,-100,7715,-682,1805,-400
-30,-100,5850,-913,5892,600
-30,-100,2698,-217,7108,-100
-30,-100,9879,-531,4951,-1000
-30,-100,3607,-581,9777,600
-30,-100,7992,-426,4920,-400
-30,-100,3670,795,4447,-300
-30,-100,7716,-902,5549,-900
-30,-100,1584,-840,1003,0
-30,-100,2072,82,3571,600
-30,-100,5579,49,1383,200
-30,-100,5264,739,1968,600
-30,-100,944,-308,1562,-300
-30,-100,7090,90,6219,-800
-30,-100,7849,-234,9469,500
-30,-100,3679,-932,1464,800
-30,-100,8131,-242,9903,700
-30,-100,8048,461,4991,-800
-30,-100,4286,484,2169,-400
-30,-100,8020,983,9289,500
-30,-100,6886,290,8100,200
-30,-100,2983,-413,5608,100
-30,-100,3416,994,5103,0
-30,-100,9350,-330,9138,0
-30,-100,799,260,7844,-1000
-30,-100,2274,-262,3149,-200
-30,-100,9495,-493,2185,-100
-30,-100,2655,410,3125,-1000
-30,-100,1911,336,2606,200
-30,-100,7402,700,1046,-200
-30,-100,4559,-525,8421,-800
-30,-100,3436,771,3800,800
-30,-100,5641,294,7568,0
-30,-100,9600,260,9271,300
-30,-100,7009,141,3991,500
-30,-100,5711,39,7846,-300
-30,-100,3875,731,2070,700
-30,-100,9755,-302,9251,-500
-30,-100,6313,-562,5916,600
-30,-100,9372,-301,780,200
-30,-100,3238,-619,3218,700
-30,-100,9339,904,1182,0
-30,-100,3827,272,8924,-1000
-30,-100,9314,-740,1361,0
-30,-100,9373,-884,6556,700
-30,-100,246,-217,8215,300
-30,-100,1632,596,1253,-500
-30,-100,1382,-697,1084,-500
-30,-100,4260,960,4528,500
-30,-100,1978,-319,1168,-300
-30,-100,4918,-66,4452,400
-30,-100,2318,128,7476,-200
-30,-100,8020,-786,7037,0
-30,-100,1855,-612,313,-700
-30,-100,1370,-548,5585,-600
-30,-100,8729,-398,6393,-800
-30,-100,1496,-338,7319,0
-30,-100,2545,-905,7008,-200
-30,-100,4474,-434,8517,-100
-30,-100,9295,-49,2529,100
-30,-100,2581,-67,9647,300
-30,-100,2503,293,809,900
-30,-90,3687,-808,4963,-200
-30,-90,414,177,6359,100
-30,-90,9604,-870,2084,700
-30,-90,6648,381,5933,500
-30,-90,3612,842,1367,-500
-30,-90,2082,-405,6437,0
-30,-90,568,-830,8794,-400
-30,-90,9066,579,8167,-1000
-30,-90,5924,505,5651,-600
-30,-90,5786,-918,6158,-400
-30,-90,3855,749,716,900
-30,-90,4353,470,631,-300
-30,-90,1093,-182,2035,-1000
-30,-90,1829,53,7690,-100
-30,-90,884,-643,4539,-700
-30,-90,9870,-791,6971,-600
-30,-90,8181,88,4318,100
-30,-90,3578,-496,7178,300
-30,-90,3626,-126,3028,-200
-30,-90,226,-39,9057,100
-30,-90,3466,-730,3506,900
-30,-90,3297,-175,791,-400
-30,-90,8850,703,874,-500
-30,-90,298,909,7978,700
-30,-90,1218,107,7766,-300
-30,-90,49,932,5971,-700
-30,-90,1022,-679,2007,-600
-30,-90,9735,-289,1593,-400
-30,-90,1898,-344,743,500
-30,-90,8110,860,1765,700
-30,-90,9703,17,2269,400
-30,-90,6871,-752,8553,-700
-30,-90,1950,-876,4340,600
-30,-90,8590,-723,7956,-700
-30,-90,7237,403,8188,200
-30,-90,5062,605,5809,-100
-30,-90,7897,489,434,-1000
-30,-90,7456,-461,502,900
-30,-90,9298,263,9602,-600
-30,-90,4025,-966,1715,700
-30,-90,7464,527,5657,-900
-30,-90,5717,-762,8595,900
-30,-90,1887,254,1591,200
-30,-90,2891,110,5891,900
-30,-90,4777,-291,4070,-800
-30,-90,9898,871,1426,700
-30,-90,8831,61,8483,-800
-30,-90,6801,-820,9288,0
-30,-90,8905,-376,2097,0
-30,-90,1550,-585,114,300
-30,-90,1609,-948,3815,-500
-30,-90,9026,-961,2739,-300
-30,-90,7222,-777,4616,500
-30,-90,5657,270,1123,-700
-30,-90,800,-846,3250,0
-30,-90,1875,-808,3561,-700
-30,-90,3503,677,7960,-1000
-30,-90,9259,-637,488,-1000
-30,-90,7035,-947,4854,-800
-30,-90,7072,-383,6087,700
-30,-90,8932,-406,5133,-200
-30,-90,6176,-743,1493,500
-30,-90,8215,818,4106,-700
-30,-90,8607,-307,7903,300
-30,-90,506,-284,2025,400
-30,-90,3117,-265,3938,500
-30,-90,456,-815,5742,-600
-30,-90,2060,552,712,900
-30,-90,9371,-722,2883,300
-30,-90,4465,-702,4303,-300
-30,-90,4613,-738,6037,-1000
-30,-90,4182,-361,4095,900
-30,-90,816,-518,8705,-600
-30,-90,8709,458,1061,900
-30,-90,489,80,6148,400
-30,-90,367,377,6455,-500
-30,-90,8557,-552,6313,-700
-30,-90,656,4,4854,700
-30,-90,1077,423,2313,800
-30,-90,5060,-14,6963,-600
-30,-90,552,152,6823,-400
-30,-90,3699,-218,8576,400
-30,-90,6145,-748,3374,-800
-30,-90,8950,578,6111,-900
-30,-90,8937,54,8712,-800
-30,-90,7511,-72,3592,0
-30,-90,4314,-517,7150,-200
-30,-90,2389,-796,4047,600
-30,-90,1803,-703,2934,0
-30,-90,7977,-335,1469,200
-30,-90,6537,-894,6894,900
-30,-90,7320,462,4859,-900
-30,-90,9977,49,59,800
-30,-90,5153,-635,3288,-1000
-30,-90,1783,100,1234,-1000
-30,-90,7936,-823,2758,-700
-30,-90,4961,675,5143,-200
-30,-90,9288,-560,235,-400
-30,-90,6840,26,7011,-100
-30,-90,2320,566,1662,-400
-30,-80,91,11,8155,-1000
-30,-80,7690,928,2189,300
-30,-80,393,-239,9182,-600
-30,-80,1103,684,4042,-800
-30,-80,4733,881,6114,400
-30,-80,1587,-429,1761,-700
-30,-80,2872,11,2384,-400
-30,-80,2133,553,8694,-700
-30,-80,6860,438,7456,300
-30,-80,3778,-35,9358,-400
-30,-80,462,185,9606,-600
-30,-80,3131,671,8690,0
-30,-80,9672,-92,2035,100
-30,-80,2437,-806,3988,700
-30,-80,9272,-565,6047,-100
-30,-80,1310,970,1532,0
-30,-80,26,693,3499,-800
-30,-80,8878,568,417,600
-30,-80,631,909,6978,300
-30,-80,9901,240,8549,-800
-30,-80,5456,18,5376,800
-30,-80,2082,-747,2944,-1000
-30,-80,2413,-373,2121,-200
-30,-80,5402,263,7166,-900
-30,-80,1524,920,9585,-500
-30,-80,8200,-368,2442,-700
-30,-80,3480,441,9083,900
-30,-80,9289,472,9736,-700
-30,-80,4681,-164,6373,700
-30,-80,1026,-852,1532,100
-30,-80,1302,483,5218,-900
-30,-80,8170,209,9560,900
-30,-80,7024,958,2337,500
-30,-80,1236,149,8333,-700
-30,-80,9633,441,6313,-200
-30,-80,8478,-724,5958,-1000
-30,-80,8913,-426,5690,-900
-30,-80,9495,860,5859,800
-30,-80,954,-552,5420,-1000
-30,-80,3293,-176,765,-600
-30,-80,4894,-41,7326,-900
-30,-80,9689,-97,7543,-100
-30,-80,2444,-947,3846,-900
-30,-80,4904,862,9780,100
-30,-80,3635,730,2931,-800
-30,-80,9273,273,67,0
-30,-80,0,181,4762,900
-30,-80,8391,-486,2937,-600
-30,-80,7786,969,5656,100
-30,-80,2409,15,6179,500
-30,-80,5691,31,6671,100
-30,-80,2679,378,4174,-900
-30,-80,251,920,2772,-500
-30,-80,8727,174,2602,200
-30,-80,2699,793,1891,-600
-30,-80,9233,-207,1465,-500
-30,-80,8036,-702,7002,500
-30,-80,4344,501,114,-200
-30,-80,6978,457,1445,700
-30,-80,6485,62,4312,600
-30,-80,4996,-181,3651,600
-30,-80,1084,139,2051,200
-30,-80,4672,-652,2622,200
-30,-80,2893,-481,4896,-700
-30,-80,1526,-195,7464,-1000
-30,-80,6602,942,5688,500
-30,-80,7503,-684,9978,900
-30,-80,9742,-724,1977,-800
-30,-80,3522,692,1299,700
-30,-80,3871,751,6812,800
-30,-80,2190,373,946,600
-30,-80,2238,464,6497,800
-30,-80,7829,254,5874,-800
-30,-80,5699,-392,2249,900
-30,-80,9183,-246,3917,-1000
-30,-80,1364,-947,9853,500
-30,-80,3012,751,8961,900
-30,-80,2464,-954,8625,600
-30,-80,1033,918,9992,-700
-30,-80,1324,-770,5846,300
-30,-80,449,-105,3202,900
-30,-80,7722,-513,5418,-500
-30,-80,404,69,5019,0
-30,-80,4006,-602,2172,-400
-30,-80,5090,-734,1978,500
-30,-80,4549,-182,2950,100
-30,-80,4372,766,5454,300
-30,-80,9242,822,6162,400
-30,-80,7192,-75,2328,-100
-30,-80,7234,852,7233,900
-30,-80,4290,610,1079,800
-30,-80,5878,-66,5130,0
-30,-80,4071,445,2540,600
-30,-80,1414,301,1206,-300
-30,-80,4193,-423,4643,0
-30,-80,4020,107,7864,-400
-30,-80,6819,-111,6712,900
-30,-80,9965,96,9143,-100
-30,-80,870,-310,414,-400
-30,-80,5977,598,4956,-300
-30,-70,1530,-299,4878,400
-30,-70,3451,61,3786,100
-30,-70,6388,-867,7772,-400
-30,-70,9692,-542,2535,-600
-30,-70,2650,448,339,900
-30,-70,5760,439,8010,500
-30,-70,120,-305,9219,400
-30,-70,2126,538,7640,-600
-30,-70,7783,-25,91,-700
-30,-70,3399,-14,3370,-700
-30,-70,652,9,8108,500
-30,-70,1006,-958,2130,-800
-30,-70,6965,429,2392,-500
-30,-70,3029,661,3776,100
-30,-70,6638,594,2778,-500
-30,-70,3649,313,7428,-900
-30,-70,4062,-534,1982,-800
-30,-70,9658,404,5766,400
-30,-70,608,-612,262,-1000
-30,-70,9277,-145,2495,-200
-30,-70,7345,767,5301,900
-30,-70,4259,308,364,-200
-30,-70,6209,348,8008,-200
-30,-70,9754,-877,8619,0
-30,-70,5685,345,9772,-800
-30,-70,1471,907,9765,600
-30,-70,180,-544,9441,400
-30,-70,2628,-489,2352,-600
-30,-70,6158,-478,5702,800
-30,-70,4937,-651,8195,-600
-30,-70,8405,483,405,900
-30,-70,5974,-571,5355,-700
-30,-70,7208,-351,7102,-600
-30,-70,4672,696,6136,500
-30,-70,9346,284,2773,-1000
-30,-70,937,-130,1137,-600
-30,-70,9282,600,7947,600
-30,-70,5014,220,1495,700
-30,-70,6646,291,4024,-800
-30,-70,376,928,395,-200
-30,-70,1877,-16,2820,-100
-30,-70,427,-153,3818,300
-30,-70,2552,-891,5592,-1000
-30,-70,2575,679,3347,100
-30,-70,519,-136,6635,900
-30,-70,3893,281,795,-1000
-30,-70,900,251,2622,-400
-30,-70,2326,-948,6947,100
-30,-70,7132,325,53,0
-30,-70,9035,450,1150,500
-30,-70,1475,59,9854,300
-30,-70,7621,537,7454,-1000
-30,-70,9185,460,2140,600
-30,-70,5451,840,6041,-400
-30,-70,2442,-781,8237,-600
-30,-70,1251,511,3972,-1000
-30,-70,1939,868,1524,200
-30,-70,3137,934,5411,-100
-30,-70,6207,849,1418,900
-30,-70,4982,-800,9068,-500
-30,-70,41,-677,1017,900
-30,-70,2318,-131,2434,500
-30,-70,5373,154,6493,-600
-30,-70,7784,959,166,-1000
-30,-70,9993,439,347,700
-30,-70,3393,-168,2978,500
-30,-70,7556,461,5518,600
-30,-70,8817,961,4090,-500
-30,-70,2209,-846,8667,-600
-30,-70,49,307,5616,-1000
-30,-70,8591,-864,2943,-200
-30,-70,2445,-513,1213,-800
-30,-70,8668,-365,4061,300
-30,-70,8297,-858,9859,100
-30,-70,1131,924,4292,800
-30,-70,2194,-892,2147,800
-30,-70,7680,488,7366,-600
-30,-70,4040,-852,2636,-200
-30,-70,1544,-957,9185,-300
-30,-70,3102,-498,7082,-800
-30,-70,1233,390,5217,800
-30,-70,3523,-82,3577,200
-30,-70,2101,-513,4832,-1000
-30,-70,1938,-454,5558,100
-30,-70,8309,-239,8254,-500
-30,-70,702,763,1646,400
-30,-70,2128,998,2109,700
-30,-70,1395,-120,8207,-700
-30,-70,5105,-986,6224,-1000
-30,-70,6659,868,2631,900
-30,-70,2240,621,5856,200
-30,-70,7803,-963,5333,-1000
-30,-70,8195,-522,7230,-300
-30,-70,3671,536,7170,100
-30,-70,2895,340,2148,-800
-30,-70,9659,-797,5164,-100
-30,-70,6483,215,2856,200
-30,-70,4581,-818,2919,600
-30,-70,6734,356,4005,-300
-30,-70,4948,867,3998,-1000
-30,-60,1024,-626,6544,-900
-30,-60,4844,-406,1507,600
-30,-60,3802,555,9113,600
-30,-60,216,-868,9304,-900
-30,-60,2039,300,8156,-400
-30,-60,6875,-327,3992,-700
-30,-60,5900,368,8971,-1000
-30,-60,7500,-64,7786,-900
-30,-60,2143,-775,8598,700
-30,-60,1577,871,9674,0
-30,-60,3950,-837,6996,-700
-30,-60,6507,-946,5284,-1000
-30,-60,3303,-282,4014,400
-30,-60,1169,-703,5556,-100
-30,-60,1626,-958,1509,-1000
-30,-60,626,-459,4948,900
-30,-60,8064,-682,3046,400
-30,-60,4999,655,8059,-1000
-30,-60,7321,-307,8799,-500
-30,-60,4072,-7,9225,700
-30,-60,4967,-960,8895,-200
-30,-60,6556,264,7193,-300
-30,-60,4536,567,5735,-100
-30,-60,8133,898,8937,-500
-30,-60,9970,-271,2869,-800
-30,-60,7867,393,3460,500
-30,-60,4812,-935,2497,-900
-30,-60,4107,-883,9282,-400
-30,-60,9505,-831,7660,700
-30,-60,1822,-213,1151,900
-30,-60,7306,269,5715,-400
-30,-60,4479,-878,7895,900
-30,-60,1213,227,1575,-400
-30,-60,4875,252,8255,500
-30,-60,742,-271,432,0
-30,-60,7682,464,5454,600
-30,-60,2560,915,3709,900
-30,-60,797,655,6692,900
-30,-60,1325,532,1811,500
-30,-60,6713,596,2139,800
-30,-60,7838,-246,1350,-800
-30,-60,2324,747,7196,900
-30,-60,281,188,4684,100
-30,-60,9851,-280,3265,-500
-30,-60,1439,389,9974,-1000
-30,-60,9616,909,7533,600
-30,-60,1086,-478,554,800
-30,-60,8535,-227,1956,-300
-30,-60,5761,-761,3068,800
-30,-60,8831,833,8434,0
-30,-60,5881,272,2247,900
-30,-60,2501,199,2186,500
-30,-60,6072,624,5116,500
-30,-60,6261,-877,9284,-200
-30,-60,690,-986,2993,300
-30,-60,4739,582,6304,400
-30,-60,7154,-697,4513,-400
-30,-60,2569,514,4108,-1000
-30,-60,4654,142,4864,800
-30,-60,7384,-674,7393,800
-30,-60,6753,-263,1686,700
-30,-60,9117,-668,1740,500
-30,-60,3359,-209,6750,700
-30,-60,1231,544,5724,-900
-30,-60,2828,-37,9011,500
-30,-60,9310,-492,3499,100
-30,-60,1170,-236,6062,-100
-30,-60,9507,919,7725,900
-30,-60,7688,-844,8242,800
-30,-60,9436,-458,56,-300
-30,-60,4138,708,3089,800
-30,-60,318,-814,7200,900
-30,-60,5507,448,7121,600
-30,-60,6794,184,6341,0
-30,-60,2554,311,5563,300
-30,-60,1443,-33,3796,-800
-30,-60,5127,-810,7100,900
-30,-60,9146,721,2071,100
-30,-60,8840,-881,3971,-900
-30,-60,7149,-633,2371,-700
-30,-60,9550,853,5178,300
-30,-60,9533,505,315,800
-30,-60,1420,-246,3167,200
-30,-60,8717,-867,6510,900
-30,-60,2866,75,3763,-200
-30,-60,9195,5,6733,-300
-30,-60,679,-709,1400,0
-30,-60,1952,-885,5957,-900
-30,-60,4314,829,3543,-100
-30,-60,3904,303,9232,100
-30,-60,1781,-201,570,200
-30,-60,6198,647,9559,0
-30,-60,1303,30,1099,300
-30,-60,7243,8,8154,800
-30,-60,300,-452,6931,-500
-30,-60,3211,-623,2681,-1000
-30,-60,3881,-874,2108,500
-30,-60,7974,421,5164,700
-30,-60,8566,789,7883,-1000
-30,-60,1575,113,223,-700
-30,-50,603,-297,5933,100
-30,-50,6824,-608,1057,-500
-30,-50,4267,163,2750,900
-30,-50,1271,818,1094,900
-30,-50,7664,-804,6679,-200
-30,-50,5214,-768,6115,-900
-30,-50,3635,-140,5379,300
-30,-50,5999,753,1809,0
-30,-50,8282,892,7851,900
-30,-50,152,450,6298,200
-30,-50,1615,707,9092,900
-30,-50,1973,235,9280,900
-30,-50,7622,-41,2008,-800
-30,-50,3328,-907,6190,-700
-30,-50,9365,613,2895,700
-30,-50,7041,-507,7801,-100
-30,-50,6984,467,7172,-1000
-30,-50,2184,-29,1322,600
-30,-50,4984,842,3063,800
-30,-50,7020,-873,691,500
-30,-50,5908,577,8336,400
-30,-50,1533,-331,3891,-500
-30,-50,6469,-17,9960,-300
-30,-50,7340,-843,4250,900
-30,-50,4867,-628,2847,-1000
-30,-50,4172,568,2241,600
-30,-50,5706,-650,3155,-500
-30,-50,7104,-189,8642,400
-30,-50,2798,665,338,700
-30,-50,9000,-226,8767,-400
-30,-50,8605,273,6295,200
-30,-50,3483,380,5025,-1000
-30,-50,7118,661,8669,-200
-30,-50,3099,-55,1077,-400
-30,-50,7704,961,2481,700
-30,-50,6733,743,1207,400
-30,-50,708,357,4071,-400
-30,-50,875,-833,732,100
-30,-50,7262,691,2567,-700
-30,-50,2162,25,8883,-100
-30,-50,5504,-436,929,-800
-30,-50,3720,449,9922,800
-30,-50,2140,-514,1379,-300
-30,-50,3412,524,3050,900
-30,-50,2535,-577,408,-500
-30,-50,617,-391,603,-600
-30,-50,7539,-738,4309,-200
-30,-50,2113,-226,7278,-300
-30,-50,820,-633,7416,-500
-30,-50,1861,-728,3563,-900
-30,-50,6496,701,5796,-200
-30,-50,8815,808,5938,-1000
-30,-50,7830,718,4921,-700
-30,-50,5359,-410,7777,-200
-30,-50,2499,97,3434,800
-30,-50,5352,-234,7784,-200
-30,-50,4428,776,1708,-200
-30,-50,4399,708,6604,600
-30,-50,4100,126,2431,-300
-30,-50,2094,-472,7879,-600
-30,-50,3982,-989,743,800
-30,-50,3959,-262,1618,-100
-30,-50,1403,-899,1400,-300
-30,-50,8727,-678,4094,-600
-30,-50,7824,437,5916,700
-30,-50,8860,355,2902,-600
-30,-50,2138,-4,3935,700
-30,-50,948,-207,4284,-1000
-30,-50,9240,527,9725,500
-30,-50,820,-661,8817,400
-30,-50,9679,71,4112,-700
-30,-50,3197,-866,3645,-300
-30,-50,5912,809,610,900
-30,-50,4075,-321,7253,-200
-30,-50,5989,815,3531,900
-30,-50,4276,-258,7053,-400
-30,-50,9772,897,1034,100
-30,-50,1630,-250,3435,100
-30,-50,8865,-517,5618,300
-30,-50,8517,-408,8050,-200
-30,-50,6745,-448,1126,400
-30,-50,2430,-20,1601,900
-30,-50,5470,-88,1461,-1000
-30,-50,3712,233,4590,700
-30,-50,6098,-377,5587,200
-30,-50,5080,292,114,-900
-30,-50,4865,0,4309,-600
-30,-50,5556,-248,5579,300
-30,-50,5749,662,3221,-900
-30,-50,9929,13,8410,400
-30,-50,5242,-532,9197,500
-30,-50,1691,656,4955,-1000
-30,-50,9012,-207,3094,-600
-30,-50,7062,237,7238,-1000
-30,-50,2859,-867,6596,-1000
-30,-50,6892,17,7092,700
-30,-50,110,816,3721,200
-30,-50,4270,309,2836,700
-30,-50,5704,-35,1437,-800
-30,-50,9336,640,2231,900
-30,-40,5392,-707,1247,300
-30,-40,9803,-572,9480,-400
-30,-40,4391,2,9559,800
-30,-40,7954,223,817,100
-30,-40,8141,-335,2015,600
-30,-40,6397,951,3914,-1000
-30,-40,5526,-878,9132,900
-30,-40,8804,-551,1804,-700
-30,-40,898,-145,2238,-200
-30,-40,2192,422,162,900
-30,-40,7859,731,1032,-200
-30,-40,8051,325,1993,0
-30,-40,5618,159,2828,500
-30,-40,135,-470,9254,-500
-30,-40,4995,333,8589,0
-30,-40,6064,425,8648,-800
-30,-40,3443,-456,832,0
-30,-40,574,804,673,900
-30,-40,8937,-486,6105,400
-30,-40,5183,-734,6356,-900
-30,-40,5073,-492,4488,300
-30,-40,3606,321,6433,900
-30,-40,4930,-910,1902,0
-30,-40,1318,-286,3033,200
-30,-40,7053,-37,1871,-500
-30,-40,4599,438,5566,-700
-30,-40,6745,100,7207,-700
-30,-40,8205,-540,5677,-1000
-30,-40,8166,534,5846,800
-30,-40,8681,-375,5444,200
-30,-40,5376,475,1854,600
-30,-40,9558,137,8836,700
-30,-40,5549,168,6643,-200
-30,-40,7135,-481,8219,900
-30,-40,4687,-491,2873,200
-30,-40,9184,322,6241,600
-30,-40,7313,-660,9622,-900
-30,-40,1766,814,1144,600
-30,-40,5405,-990,4512,-1000
-30,-40,3169,-499,9483,900
-30,-40,7212,-285,6126,-800
-30,-40,7904,276,7429,900
-30,-40,4852,590,4675,-300
-30,-40,770,854,8816,300
-30,-40,8960,-389,2947,300
-30,-40,4498,-681,5023,-600
-30,-40,7265,725,1970,-200
-30,-40,4966,17,6362,-100
-30,-40,2194,-77,9371,-1000
-30,-40,7294,58,5255,200
-30,-40,2916,713,7343,800
-30,-40,61,-911,8548,-900
-30,-40,9762,-509,6342,-100
-30,-40,8198,-716,7062,-900
-30,-40,324,-433,7631,900
-30,-40,8022,786,8942,-100
-30,-40,8941,-712,9915,100
-30,-40,4032,-395,4976,-800
-30,-40,7282,581,5730,-1000
-30,-40,9654,769,792,200
-30,-40,3304,-487,9690,0
-30,-40,4006,187,5516,300
-30,-40,6030,823,2563,-1000
-30,-40,4156,-493,7221,900
-30,-40,2676,-689,7573,-1000
-30,-40,9284,-330,1982,700
-30,-40,3816,825,4816,-400
-30,-40,8364,-286,7041,-1000
-30,-40,5920,281,6075,900
-30,-40,2276,-201,6317,-1000
-30,-40,8620,-161,3289,900
-30,-40,5614,-58,4182,100
-30,-40,9391,-410,131,-700
-30,-40,1853,-778,2088,-200
-30,-40,6150,636,8140,200
-30,-40,6336,-160,7105,-800
-30,-40,7408,-999,5728,-900
-30,-40,7331,554,1944,900
-30,-40,8132,268,7015,-1000
-30,-40,4662,-220,16,-100
-30,-40,6244,-656,5322,-400
-30,-40,8948,-255,6045,-400
-30,-40,8919,405,8357,-500
-30,-40,2264,-281,5287,0
-30,-40,4537,738,7790,100
-30,-40,3462,192,182,-1000
-30,-40,8381,-880,8178,-100
-30,-40,6641,-195,3286,-300
-30,-40,2389,525,3032,400
-30,-40,7700,-48,9532,100
-30,-40,4743,1000,944,-1000
-30,-40,4670,406,8271,900
-30,-40,1818,65,326,-500
-30,-40,1854,-647,3570,-700
-30,-40,7834,-681,6868,700
-30,-40,688,-387,8722,100
-30,-40,2405,466,1210,-900
-30,-40,5979,-601,628,-200
-30,-40,9769,-796,4842,0
-30,-40,6088,-723,1143,-800
-30,-30,9246,363,5388,0
-30,-30,1305,-183,2687,600
-30,-30,1900,771,1495,-100
-30,-30,9197,-798,322,-800
-30,-30,9406,-967,5747,-400
-30,-30,7508,338,5439,100
-30,-30,5073,752,4447,800
-30,-30,4547,256,1219,200
-30,-30,246,-142,6666,-400
-30,-30,6978,427,5299,800
-30,-30,786,-336,1332,900
-30,-30,3757,90,645,-100
-30,-30,649,227,6834,-100
-30,-30,16,-398,3695,600
-30,-30,4405,-627,8223,-500
-30,-30,7893,230,9452,-300
-30,-30,4247,351,6933,500
-30,-30,3015,-788,471,500
-30,-30,9392,-652,3652,400
-30,-30,9731,363,6279,-500
-30,-30,3647,-516,5177,900
-30,-30,8885,-855,2443,-900
-30,-30,217,923,7016,900
-30,-30,8541,-470,4495,-700
-30,-30,8476,586,4910,200
-30,-30,5843,296,6821,-1000
-30,-30,1362,249,3241,0
-30,-30,8990,811,7799,-100
-30,-30,3596,448,7730,400
-30,-30,7063,-957,9661,-900
-30,-30,6179,-512,1865,900
-30,-30,7675,472,4525,-200
-30,-30,2866,-482,753,900
-30,-30,2305,194,2686,-700
-30,-30,5351,-534,5128,-1000
-30,-30,5081,-702,9320,0
-30,-30,3514,643,8517,-300
-30,-30,4502,-932,6923,-1000
-30,-30,8769,-635,9588,900
-30,-30,399,908,8288,900
-30,-30,4571,612,6561,-1000
-30,-30,8336,4,6615,-300
-30,-30,9049,-176,9528,-300
-30,-30,3218,-537,6008,-600
-30,-30,1653,645,363,100
-30,-30,7173,-116,8032,0
-30,-30,6625,-734,3019,-900
-30,-30,4238,698,3935,-200
-30,-30,8930,-472,6881,-200
-30,-30,8330,-173,8601,900
-30,-30,4958,725,7654,300
-30,-30,911,853,1256,500
-30,-30,6885,392,6329,900
-30,-30,6779,-225,1221,200
-30,-30,1482,703,4950,-700
-30,-30,781,151,141,-500
-30,-30,2999,894,3278,200
-30,-30,1604,850,5628,800
-30,-30,1950,-33,3643,-400
-30,-30,7586,-49,574,-800
-30,-30,2501,-386,6546,-900
-30,-30,1518,630,6719,300
-30,-30,8050,807,2982,400
-30,-30,9321,154,8888,-700
-30,-30,1065,-521,389,-900
-30,-30,2181,-301,3591,400
-30,-30,3624,246,668,500
-30,-30,694,71,4447,700
-30,-30,5777,587,9678,900
-30,-30,393,620,6575,300
-30,-30,1314,-923,6805,-900
-30,-30,9085,247,5093,700
-30,-30,9795,-871,1576,0
-30,-30,8239,610,8510,-100
-30,-30,7431,-414,1549,300
-30,-30,9801,905,7161,-800
-30,-30,7687,-721,6447,-1000
-30,-30,2009,-531,2573,900
-30,-30,7972,-341,2403,-500
-30,-30,7018,296,9225,600
-30,-30,6487,74,7019,500
-30,-30,5952,382,7082,-1000
-30,-30,3756,-603,7127,-700
-30,-30,8528,263,7548,600
-30,-30,574,-208,7044,-800
-30,-30,8293,-26,1932,300
-30,-30,1189,-244,1273,400
-30,-30,5565,-340,2812,-600
-30,-30,3691,-966,9445,-900
-30,-30,7513,455,5591,900
-30,-30,8647,-162,1796,-300
-30,-30,5929,-589,9293,900
-30,-30,5789,773,2258,-1000
-30,-30,236,741,5483,-400
-30,-30,1489,-875,8028,-500
-30,-30,5022,-257,2228,600
-30,-30,8795,-253,5537,300
-30,-30,3687,278,487,-800
-30,-30,9204,835,6782,400
-30,-30,1613,155,6153,-600
-30,-20,8755,650,3252,-400
-30,-20,8768,-2,1519,900
-30,-20,9390,-736,6363,700
-30,-20,1437,-74,7488,-600
-30,-20,7380,-372,5939,500
-30,-20,2806,824,3912,-100
-30,-20,2504,-983,14,100
-30,-20,8451,-562,4685,-800
-30,-20,7648,-400,6413,-1000
-30,-20,6201,-543,1734,-1000
-30,-20,394,192,5904,-500
-30,-20,1567,828,5062,300
-30,-20,6589,-991,4846,200
-30,-20,5997,275,4997,-900
-30,-20,5697,-127,143,-400
-30,-20,766,-278,7360,-100
-30,-20,6150,956,2223,-1000
-30,-20,2286,-552,1356,-500
-30,-20,2856,-28,4553,-900
-30,-20,4361,-944,224,900
-30,-20,5431,-385,3205,-600
-30,-20,2815,676,5668,200
-30,-20,1044,-571,8947,100
-30,-20,1725,-87,9418,100
-30,-20,4692,60,8000,200
-30,-20,2625,623,6878,0
-30,-20,789,554,3810,700
-30,-20,5996,-516,2968,-400
-30,-20,2598,154,9775,-1000
-30,-20,2232,-401,8980,400
-30,-20,5057,752,4811,-400
-30,-20,4772,137,1408,900
-30,-20,7547,253,5590,300
-30,-20,6344,-937,8856,900
-30,-20,6755,-637,2112,700
-30,-20,579,403,6653,500
-30,-20,2035,97,3388,0
-30,-20,2862,744,114,800
-30,-20,9310,-861,4658,100
-30,-20,7081,-640,31,-500
-30,-20,4411,34,5819,200
-30,-20,1659,-673,4097,900
-30,-20,3093,-378,1261,-800
-30,-20,9054,-538,9801,0
-30,-20,5402,-567,1578,100
-30,-20,4527,-894,3522,500
-30,-20,9430,239,4811,-900
-30,-20,4226,748,3348,500
-30,-20,7218,686,6701,900
-30,-20,3699,-519,2011,-200
-30,-20,841,-253,8195,800
-30,-20,9716,542,39,500
-30,-20,7567,626,7413,400
-30,-20,9415,-101,7595,-700
-30,-20,6229,-766,2031,-500
-30,-20,8204,984,5548,500
-30,-20,8778,-30,6562,600
-30,-20,1553,-393,5561,500
-30,-20,9139,692,9911,600
-30,-20,62,-686,1929,100
-30,-20,4757,320,6153,-1000
-30,-20,2119,74,8978,100
-30,-20,9283,808,6948,700
-30,-20,3272,818,9025,-1000
-30,-20,9604,-195,3897,500
-30,-20,6382,-893,1457,-100
-30,-20,2176,-660,3004,-1000
-30,-20,5155,909,2388,700
-30,-20,7862,657,3576,100
-30,-20,4530,-443,9490,-1000
-30,-20,5331,792,4353,400
-30,-20,2416,-205,5631,100
-30,-20,7428,-959,2963,-700
-30,-20,7600,-26,1612,-900
-30,-20,6289,535,5498,300
-30,-20,5832,529,2474,-300
-30,-20,7295,-435,6728,-300
-30,-20,8424,-993,4817,600
-30,-20,9061,204,8172,100
-30,-20,5680,-201,2442,200
-30,-20,4494,972,7094,-300
-30,-20,6013,-947,8566,-900
-30,-20,1018,204,7683,600
-30,-20,3812,372,3040,-600
-30,-20,119,-510,2550,800
-30,-20,8372,95,954,900
-30,-20,8006,910,4921,300
-30,-20,5570,-678,517,-400
-30,-20,4657,228,1868,-200
-30,-20,5966,-786,4582,-800
-30,-20,5933,151,365,200
-30,-20,2968,-704,2456,-1000
-30,-20,2788,700,8010,800
-30,-20,6803,928,6702,800
-30,-20,546,-896,8275,-700
-30,-20,3061,408,3780,500
-30,-20,8312,-383,790,-500
-30,-20,4756,611,2473,500
-30,-20,9774,-335,9354,900
-30,-20,7654,-106,6201,600
-30,-10,1487,-151,8965,-500
-30,-10,5392,774,7095,-1000
-30,-10,8730,-236,789,0
-30,-10,7746,770,3581,600
-30,-10,639,-650,5726,-400
-30,-10,6265,-106,6359,-500
-30,-10,3006,156,127,0
-30,-10,1390,399,8771,-200
-30,-10,2496,463,1264,0
-30,-10,1596,145,9996,700
-30,-10,3336,-764,9800,-900
-30,-10,2103,-318,6163,900
-30,-10,5736,-975,6163,-500
-30,-10,1918,755,9995,-400
-30,-10,4029,-717,9496,-700
-30,-10,455,393,6905,400
-30,-10,6272,-374,4304,-1000
-30,-10,113,332,7428,-800
-30,-10,1399,-220,6689,-900
-30,-10,805,-213,4054,900
-30,-10,7515,-747,9612,0
-30,-10,2360,299,849,500
-30,-10,2191,-491,9277,700
-30,-10,2309,-875,576,0
-30,-10,4510,330,954,100
-30,-10,4507,235,7454,-300
-30,-10,1124,197,258,-1000
-30,-10,8772,117,5298,700
-30,-10,5359,80,6796,700
-30,-10,7349,-590,8075,-700
-30,-10,8942,-903,1985,100
-30,-10,6983,525,8270,-900
-30,-10,9402,599,7877,-1000
-30,-10,4155,-745,8981,-900
-30,-10,2671,209,6842,-600
-30,-10,3865,-870,7660,-100
-30,-10,4506,-88,9094,700
-30,-10,9594,-470,1862,-700
-30,-10,2891,-958,2914,-600
-30,-10,2131,566,8147,-200
-30,-10,7736,-936,2396,-500
-30,-10,9814,-273,3540,-800
-30,-10,3673,-47,2875,-900
-30,-10,464,720,2382,500
-30,-10,5091,-565,1651,-1000
-30,-10,5523,-393,5804,-500
-30,-10,7324,8,5689,-200
-30,-10,2483,167,3413,200
-30,-10,539,-160,9686,900
-30,-10,8993,-650,73,400
-30,-10,1824,-774,5268,-300
-30,-10,5659,583,6374,800
-30,-10,4604,-185,8533,0
-30,-10,6699,156,9013,600
-30,-10,833,376,7329,-700
-30,-10,5923,467,7213,300
-30,-10,4650,438,3167,500
-30,-10,6343,-880,8655,800
-30,-10,9975,-80,7381,900
-30,-10,9932,512,8018,-1000
-30,-10,6687,473,7757,900
-30,-10,4473,-784,2311,-200
-30,-10,9839,-995,2738,-800
-30,-10,3926,-880,8619,700
-30,-10,6635,551,5914,600
-30,-10,2723,-149,3636,-1000
-30,-10,1199,667,9967,500
-30,-10,8585,897,848,100
-30,-10,9743,284,7488,300
-30,-10,4723,-641,8747,-1000
-30,-10,6443,106,8764,-300
-30,-10,1852,746,2584,400
-30,-10,9400,268,325,-900
-30,-10,4780,807,6523,100
-30,-10,9204,354,5793,-1000
-30,-10,7809,-783,1711,-900
-30,-10,9555,-528,9515,300
-30,-10,5434,538,140,-600
-30,-10,2943,-14,6992,200
-30,-10,5891,934,5685,-1000
-30,-10,5056,-532,8080,-400
-30,-10,330,101,9717,-200
-30,-10,4184,571,1070,500
-30,-10,7902,61,1218,-1000
-30,-10,8006,604,225,700
-30,-10,4867,373,7949,-700
-30,-10,7370,-814,4988,500
-30,-10,8734,687,40,-100
-30,-10,5411,-45,4110,-200
-30,-10,1944,558,6280,800
-30,-10,9268,367,2475,-400
-30,-10,1509,-736,1427,-1000
-30,-10,9817,-832,8702,-600
-30,-10,8786,814,6025,-900
-30,-10,1065,-720,2342,900
-30,-10,7385,815,5117,-200
-30,-10,8876,-87,9762,-300
-30,-10,8665,231,9485,300
-30,-10,2426,107,8902,300
-30,-10,5454,-888,6487,0
-30,0,6883,-590,3168,900
-30,0,4554,-889,1370,600
-30,0,3704,595,775,900
-30,0,4588,579,8544,900
-30,0,3414,-568,9076,-1000
-30,0,2837,502,8488,-800
-30,0,3834,741,6163,-800
-30,0,8575,186,2769,100
-30,0,9517,-373,3328,600
-30,0,4852,644,2626,100
-30,0,8964,155,655,-700
-30,0,1014,72,9410,400
-30,0,9555,29,7675,-100
-30,0,5369,356,4148,800
-30,0,1738,791,6634,600
-30,0,7099,-888,3993,-100
-30,0,7826,-488,4807,700
-30,0,8789,883,9178,-900
-30,0,2268,585,9695,500
-30,0,8001,813,9149,900
-30,0,381,-733,5041,-700
-30,0,5556,-356,7581,-100
-30,0,4318,-488,282,-500
-30,0,6516,672,7573,-600
-30,0,5963,-944,7173,-600
-30,0,5334,6,512,900
-30,0,9709,358,8805,0
-30,0,9698,87,1730,-200
-30,0,7385,605,3485,100
-30,0,4987,579,1409,100
-30,0,1381,-137,2147,900
-30,0,9750,109,7425,-900
-30,0,1408,-371,9919,-600
-30,0,3545,-944,1527,-700
-30,0,3137,299,5415,-400
-30,0,1350,-187,5459,-500
-30,0,6092,423,1126,700
-30,0,3193,708,7795,-1000
-30,0,9207,560,8024,800
-30,0,6405,121,8763,-700
-30,0,6025,-44,8088,-200
-30,0,7803,-919,1725,-900
-30,0,2395,-538,1345,500
-30,0,6584,-476,3500,300
-30,0,1719,-366,8679,500
-30,0,1281,-839,850,-700
-30,0,5002,842,8291,0
-30,0,6438,-969,9259,-400
-30,0,9291,26,7941,100
-30,0,5174,514,9163,-800
-30,0,9306,-758,1553,-900
-30,0,1167,-943,8179,900
-30,0,4839,-765,5350,-600
-30,0,2753,-406,32,-900
-30,0,2684,-912,8644,-1000
-30,0,8256,-709,1188,900
-30,0,6480,-661,8260,500
-30,0,7070,35,9371,400
-30,0,765,-506,4658,-400
-30,0,1954,286,1512,-1000
-30,0,6599,-470,2564,300
-30,0,325,-646,3261,-500
-30,0,1039,191,6911,600
-30,0,2202,205,7530,-1000
-30,0,2592,135,1036,200
-30,0,8851,-494,9908,-300
-30,0,6273,700,4419,-1000
-30,0,4614,-754,9879,-1000
-30,0,9141,-332,5558,-200
-30,0,2584,-997,7025,0
-30,0,7715,211,9517,500
-30,0,4596,-294,8461,-1000
-30,0,7265,-820,4909,200
-30,0,8352,48,6004,600
-30,0,4273,-244,8458,-900
-30,0,3241,965,6279,800
-30,0,9291,857,7798,600
-30,0,6549,580,6719,-300
-30,0,6989,618,8072,-200
-30,0,1288,-947,2424,-500
-30,0,6136,682,7537,-700
-30,0,5226,-707,9199,300
-30,0,6366,397,1019,-200
-30,0,8321,794,1199,900
-30,0,1862,823,9723,-400
-30,0,5857,643,2870,-700
-30,0,290,-50,3795,800
-30,0,5297,-122,3472,300
-30,0,7174,211,4695,900
-30,0,2490,-78,375,900
-30,0,5274,558,2640,500
-30,0,2697,52,1632,-600
-30,0,6904,-151,4424,0
-30,0,2122,-176,5269,400
-30,0,1261,879,1479,800
-30,0,3534,939,3152,-200
-30,0,2274,-649,7242,-900
-30,0,1813,990,4510,300
-30,0,4813,971,2478,600
-30,0,654,-278,114,-100
-30,10,2604,-250,5214,-100
-30,10,3473,797,6920,700
-30,10,7340,-974,9679,300
-30,10,1375,402,2363,200
-30,10,4384,707,1740,-100
-30,10,754,553,9711,900
-30,10,6363,-464,5772,100
-30,10,9164,-414,6817,400
-30,10,8231,-370,5874,-600
-30,10,6919,972,3213,-700
-30,10,5579,787,8548,-1000
-30,10,7126,545,3515,600
-30,10,7973,868,9071,700
-30,10,8320,971,5531,900
-30,10,3652,-643,7658,-600
-30,10,518,-850,6839,500
-30,10,6961,-272,8864,300
-30,10,8749,-708,8498,900
-30,10,5440,-991,3159,900
-30,10,2988,923,7022,500
-30,10,2175,-482,6499,-800
-30,10,8154,153,6991,-400
-30,10,3197,286,1474,900
-30,10,171,199,7993,800
-30,10,1085,129,241,0
-30,10,8284,585,3044,600
-30,10,8529,-265,343,-1000
-30,10,1458,-354,8767,500
-30,10,4461,131,4407,-1000
-30,10,2568,204,3859,300
-30,10,7102,702,1196,-600
-30,10,1442,-177,4084,-800
-30,10,6359,422,875,400
-30,10,3627,689,9894,200
-30,10,9050,165,2000,-300
-30,10,2331,522,1051,500
-30,10,2116,762,3475,400
-30,10,9642,106,2287,900
-30,10,3000,-503,1492,800
-30,10,2766,437,9592,900
-30,10,9349,-852,614,600
-30,10,2504,989,5237,-200
-30,10,8980,795,7116,900
-30,10,4453,-429,8684,-100
-30,10,5231,644,3420,-600
-30,10,840,469,2925,-400
-30,10,246,405,6621,-1000
-30,10,8841,964,5497,200
-30,10,1952,-440,9377,-200
-30,10,3582,-516,6356,-800
-30,10,8996,-236,2850,-200
-30,10,8952,-507,568,-500
-30,10,233,-335,894,900
-30,10,7212,667,2188,700
-30,10,262,893,7550,200
-30,10,5056,437,1862,400
-30,10,334,27,5233,200
-30,10,2451,-870,8170,600
-30,10,4028,23,8082,400
-30,10,7908,305,5299,400
-30,10,2776,-323,7291,600
-30,10,1605,716,5879,400
-30,10,1450,825,9798,200
-30,10,8958,555,574,-1000
-30,10,9984,-427,7036,-300
-30,10,4142,846,8165,-300
-30,10,5041,-310,7209,-600
-30,10,2423,106,5953,-400
-30,10,5835,-115,1832,-1000
-30,10,1199,-264,7241,-600
-30,10,2239,-899,8962,-900
-30,10,24,315,9544,200
-30,10,6555,-396,8320,-1000
-30,10,8634,19,1314,-900
-30,10,7051,-563,6375,100
-30,10,7286,-52,2380,600
-30,10,6602,-343,2356,-400
-30,10,6379,32,9761,-400
-30,10,3570,362,7127,-300
-30,10,7327,552,287,-1000
-30,10,3820,-804,5650,-600
-30,10,9586,-522,426,-1000
-30,10,3095,896,6422,200
-30,10,1925,-44,5288,-800
-30,10,8893,939,2214,500
-30,10,9477,189,1147,0
-30,10,8039,-368,147,300
-30,10,8885,22,1028,900
-30,10,3016,105,667,-100
-30,10,4491,-480,6840,-400
-30,10,9912,-840,5555,-1000
-30,10,9376,173,1183,500
-30,10,1306,880,1273,-800
-30,10,1275,476,2052,900
-30,10,7355,127,1746,700
-30,10,239,824,5459,600
-30,10,2959,-753,1153,-600
-30,10,456,-784,6157,-500
-30,10,89,102,9539,900
-30,10,8151,613,741,-600
-30,20,5855,-75,7517,300
-30,20,7036,446,6059,-1000
-30,20,790,174,6841,200
-30,20,7046,-322,4369,-900
-30,20,93,-706,7129,-1000
-30,20,4879,776,2905,-800
-30,20,1933,404,5479,-1000
-30,20,9328,-342,2002,-100
-30,20,4881,625,4367,400
-30,20,5715,-581,7090,-100
-30,20,4993,-955,875,-1000
-30,20,1421,-680,7920,900
-30,20,3533,714,6062,-300
-30,20,5806,-657,6224,-600
-30,20,9715,467,6523,900
-30,20,3132,510,3958,-400
-30,20,9136,-514,334,-600
-30,20,7382,-357,8097,-1000
-30,20,8934,747,7753,0
-30,20,2923,749,4866,-700
-30,20,3537,547,70,-1000
-30,20,5005,-613,1583,-400
-30,20,5353,420,1565,-300
-30,20,6494,909,6641,900
-30,20,1299,-885,2882,-300
-30,20,8063,-589,1319,300
-30,20,4083,-507,4801,500
-30,20,4033,-166,9102,-200
-30,20,9580,-792,7052,-500
-30,20,9874,214,8410,-100
-30,20,3815,-692,9321,-600
-30,20,9438,-778,4210,-300
-30,20,7410,682,1678,-1000
-30,20,4832,-738,5359,-400
-30,20,9036,181,6656,400
-30,20,715,-146,7157,200
-30,20,8576,722,2745,-300
-30,20,4139,31,8903,800
-30,20,883,216,1635,-100
-30,20,3052,167,1188,0
-30,20,5166,813,8483,900
-30,20,8852,341,8006,-1000
-30,20,2609,-661,4093,800
-30,20,5473,397,5622,900
-30,20,5825,690,4750,500
-30,20,6594,-685,7766,500
-30,20,2834,157,9540,200
-30,20,1806,-486,2270,400
-30,20,5136,615,4603,600
-30,20,4430,-695,6901,-600
-30,20,4127,-140,6195,900
-30,20,6264,-811,8936,-1000
-30,20,3304,606,3610,400
-30,20,2920,659,528,900
-30,20,4553,-916,1138,-800
-30,20,3871,-203,6282,600
-30,20,2156,-271,4073,-900
-30,20,2233,-236,7934,200
-30,20,6912,53,2339,900
-30,20,4073,-592,4214,-600
-30,20,2769,89,5713,600
-30,20,4817,-901,1109,700
-30,20,9176,320,6248,300
-30,20,7191,-589,6296,900
-30,20,6299,-900,3981,-500
-30,20,411,893,6163,800
-30,20,2267,265,436,-900
-30,20,8069,241,6855,-600
-30,20,7463,326,5671,200
-30,20,560,260,6674,400
-30,20,9912,984,6034,300
-30,20,1670,401,352,-600
-30,20,5335,-396,1898,-600
-30,20,7985,553,3953,-400
-30,20,4355,-542,9728,-200
-30,20,1388,-21,9739,-200
-30,20,8218,-427,4655,0
-30,20,4208,862,3136,-300
-30,20,6535,270,1904,-900
-30,20,3403,-651,5643,-800
-30,20,1676,257,8462,-1000
-30,20,2719,-459,6957,700
-30,20,5518,-514,5462,-500
-30,20,1519,-554,2408,-300
-30,20,3312,688,204,-400
-30,20,8020,981,9524,-1000
-30,20,5207,-309,8192,-900
-30,20,6482,175,8349,300
-30,20,8424,635,8029,400
-30,20,7279,-933,3333,400
-30,20,5121,-495,3252,800
-30,20,4229,-852,4872,-100
-30,20,9993,497,3252,900
-30,20,6684,396,4945,900
-30,20,8822,476,3297,-900
-30,20,1564,88,101,800
-30,20,7390,613,7320,200
-30,20,2928,412,5083,-700
-30,20,9531,-538,6567,-100
-30,20,4002,887,2255,900
-30,30,2307,-221,7891,400
-30,30,5636,-957,5373,300
-30,30,7027,-248,8210,-500
-30,30,2201,-120,9686,-1000
-30,30,5689,-879,543,100
-30,30,2912,-271,1018,-1000
-30,30,149,-642,5373,900
-30,30,7301,-315,1268,-200
-30,30,716,-813,6497,0
-30,30,5903,105,7325,0
-30,30,7370,706,8466,-200
-30,30,1905,734,1309,100
-30,30,6210,274,1268,-100
-30,30,2895,140,5568,-300
-30,30,9974,-810,7164,-100
-30,30,6930,755,6920,800
-30,30,5100,807,8979,900
-30,30,3736,917,8906,-1000
-30,30,4791,887,4784,400
-30,30,4946,616,3108,-800
-30,30,1788,-510,1081,800
-30,30,8582,744,1131,900
-30,30,2611,394,5605,100
-30,30,8139,-700,948,-100
-30,30,3086,412,1671,700
-30,30,5372,216,5825,-700
-30,30,156,-410,3716,700
-30,30,6860,-889,1920,300
-30,30,7482,468,26,-300
-30,30,4955,881,9700,100
-30,30,5880,590,2255,300
-30,30,2962,-405,5521,-1000
-30,30,3941,874,8467,-300
-30,30,7993,-336,8777,-1000
-30,30,2172,-585,1291,-700
-30,30,6461,445,8823,-800
-30,30,1772,-99,1083,700
-30,30,480,-482,5283,-200
-30,30,8593,-732,1965,300
-30,30,2366,-727,9802,-1000
-30,30,2490,394,8364,900
-30,30,4197,297,9734,-600
-30,30,887,-200,5227,900
-30,30,691,-898,773,-1000
-30,30,6504,-768,994,300
-30,30,8197,-51,1917,600
-30,30,4997,397,9697,100
-30,30,5214,-719,1508,700
-30,30,4815,-861,5914,900
-30,30,3635,392,634,-100
-30,30,183,513,1145,600
-30,30,3097,-63,5227,900
-30,30,7015,-134,584,-1000
-30,30,6899,724,4638,300
-30,30,387,168,4786,-1000
-30,30,1412,128,7914,200
-30,30,3800,97,9702,0
-30,30,7148,993,9703,200
-30,30,5740,762,3804,100
-30,30,5225,893,9745,-1000
-30,30,4142,-675,5097,-400
-30,30,7749,258,3274,700
-30,30,9396,803,1306,-100
-30,30,391,-234,2898,500
-30,30,7514,420,6227,-1000
-30,30,6979,-672,7888,700
-30,30,2478,-929,5607,400
-30,30,1574,-744,585,-1000
-30,30,1812,-916,1321,-1000
-30,30,4148,-695,9856,500
-30,30,2655,-234,3612,600
-30,30,8383,333,6031,-700
-30,30,9471,-159,7614,-500
-30,30,5437,-844,1288,-900
-30,30,1712,826,7889,700
-30,30,9772,773,8186,400
-30,30,5136,505,583,-1000
-30,30,8030,-861,5651,-900
-30,30,6817,-355,791,-600
-30,30,6809,455,6601,900
-30,30,6534,121,8466,-100
-30,30,1933,-107,2572,-200
-30,30,3450,-228,336,800
-30,30,7731,705,2528,400
-30,30,4369,103,1291,-700
-30,30,5130,378,308,-800
-30,30,7393,473,1046,-500
-30,30,9951,643,1921,500
-30,30,3055,-353,5003,200
-30,30,4708,102,9701,-100
-30,30,3154,-420,6462,500
-30,30,1115,-35,9389,-800
-30,30,5979,375,5605,100
-30,30,2476,6,7400,-1000
-30,30,1413,673,5240,600
-30,30,6224,118,1262,-200
-30,30,5612,-363,1147,-1000
-30,30,6706,-550,3485,800
-30,30,6684,-401,9335,400
-30,30,8744,55,3176,-1000
-30,40,3430,846,1131,900
-30,40,747,-906,8467,-300
-30,40,2343,-452,543,200
-30,40,6081,547,9700,100
-30,40,4401,203,8467,-300
-30,40,434,-492,1131,900
-30,40,2873,473,1131,900
-30,40,4850,-1,3108,-900
-30,40,9501,510,7324,100
-30,40,5023,-827,9068,100
-30,40,361,988,2900,600
-30,40,3359,414,1131,900
-30,40,8761,23,1131,900
-30,40,3335,-699,8467,-300
-30,40,2783,-922,1473,-300
-30,40,7877,-688,8467,-300
-30,40,7554,219,1131,900
-30,40,8723,267,1131,900
-30,40,138,916,5227,900
-30,40,4038,-362,1131,900
-30,40,8752,827,1131,900
-30,40,1079,955,2901,500
-30,40,6233,-380,1131,900
-30,40,1391,940,5227,900
-30,40,6787,-814,1131,900
-30,40,1926,-758,1021,-900
-30,40,6977,889,2899,500
-30,40,4157,915,8466,-100
-30,40,1408,-517,1131,900
-30,40,5094,-131,1131,900
-30,40,8766,994,5227,900
-30,40,2795,362,1131,900
-30,40,2560,-615,1131,900
-30,40,474,450,5227,900
-30,40,8258,-566,1131,900
-30,40,6344,683,1131,900
-30,40,4557,-64,2901,500
-30,40,2844,-978,5227,900
-30,40,1462,-737,5227,900
-30,40,4466,-125,1131,900
-30,40,6162,268,1473,-300
-30,40,4447,23,1131,900
-30,40,2947,431,1131,900
-30,40,3514,886,5227,900
-30,40,3504,-750,1131,900
-30,40,8157,-302,7332,100
-30,40,8478,906,8467,-300
-30,40,1599,-605,7324,100
-30,40,8233,-365,1131,900
-30,40,7528,568,8210,-300
-30,40,2615,-757,5227,900
-30,40,6525,657,5227,900
-30,40,9819,80,1131,900
-30,40,4367,897,2901,500
-30,40,7565,647,1131,900
-30,40,3820,168,5227,900
-30,40,9482,102,963,600
-30,40,1587,246,1131,900
-30,40,1331,-115,1131,900
-30,40,5467,-752,1131,900
-30,40,8971,-681,1131,900
-30,40,4790,-591,5227,900
-30,40,8079,905,2901,600
-30,40,8007,-863,4971,0
-30,40,1239,-562,5227,900
-30,40,3425,292,1131,900
-30,40,5641,58,867,-600
-30,40,8682,-345,5227,900
-30,40,716,-936,5227,900
-30,40,8145,-883,1131,900
-30,40,6857,518,1131,900
-30,40,769,29,1131,900
-30,40,3756,568,1131,900
-30,40,7858,-957,8467,-300
-30,40,1153,571,1131,900
-30,40,7872,758,1131,900
-30,40,1338,595,8467,-400
-30,40,5337,648,1131,900
-30,40,2676,118,5227,900
-30,40,6382,654,5227,900
-30,40,9767,52,1131,900
-30,40,3837,334,1131,900
-30,40,8524,275,1131,900
-30,40,199,160,1131,900
-30,40,6076,335,1131,900
-30,40,8598,879,5227,900
-30,40,3327,888,5227,900
-30,40,5153,557,7332,100
-30,40,5162,452,1131,900
-30,40,3876,706,1131,900
-30,40,6302,429,5227,900
-30,40,2469,-634,1131,900
-30,40,5115,-980,1131,900
-30,40,2145,10,7324,200
-30,40,5319,-384,8467,-300
-30,40,6033,801,8467,-300
-30,40,7825,729,1131,900
-30,40,1067,-400,8210,-300
-30,40,7478,284,5227,900
-30,40,9214,-200,8466,-300
-30,50,1864,-659,1131,900
-30,50,9779,-699,1131,900
-30,50,3204,570,1131,900
-30,50,866,858,1131,900
-30,50,5138,-904,1131,900
-30,50,131,-389,1131,900
-30,50,7010,164,1131,900
-30,50,2846,-638,1131,900
-30,50,2345,970,5227,900
-30,50,4361,354,1131,900
-30,50,2143,990,1131,900
-30,50,792,666,1131,900
-30,50,2557,66,1131,900
-30,50,7033,957,1131,900
-30,50,1155,-72,1131,900
-30,50,4159,-750,1131,900
-30,50,5823,-175,1131,900
-30,50,3156,-533,1131,900
-30,50,3192,-263,5227,900
-30,50,3203,-540,1131,900
-30,50,7482,-567,1131,900
-30,50,459,247,1131,900
-30,50,7059,-876,1131,900
-30,50,4614,217,1131,900
-30,50,6763,-737,5227,900
-30,50,8061,-439,1131,900
-30,50,1702,929,1131,900
-30,50,6947,-638,1131,900
-30,50,1613,533,1131,900
-30,50,9728,-570,1131,900
-30,50,4799,719,1131,900
-30,50,6911,-111,1131,900
-30,50,9434,984,1131,900
-30,50,3353,892,1131,900
-30,50,975,994,1131,900
-30,50,4500,-134,1131,900
-30,50,1724,540,1131,900
-30,50,6366,-1000,1131,900
-30,50,2772,114,1131,900
-30,50,5064,-559,5227,900
-30,50,2601,354,5227,900
-30,50,4045,146,1131,900
-30,50,8864,604,1131,900
-30,50,1482,-887,1131,900
-30,50,7198,-495,5227,900
-30,50,7297,-892,1131,900
-30,50,969,-75,1131,900
-30,50,2272,-814,1131,900
-30,50,5648,189,1131,900
-30,50,3820,-776,1131,900
-30,50,9304,120,1131,900
-30,50,6761,159,1131,900
-30,50,9962,544,1131,900
-30,50,2666,-184,1131,900
-30,50,8390,595,1131,900
-30,50,3128,439,1131,900
-30,50,5542,22,1131,900
-30,50,3755,311,1131,900
-30,50,3557,448,1131,900
-30,50,9233,246,1131,900
-30,50,2221,-780,5227,900
-30,50,913,87,1131,900
-30,50,334,446,1131,900
-30,50,1639,862,1131,900
-30,50,3382,495,1131,900
-30,50,852,-323,1131,900
-30,50,6712,810,1131,900
-30,50,7835,-70,1131,900
-30,50,2447,278,1131,900
-30,50,1995,-817,1131,900
-30,50,4770,649,1131,900
-30,50,8186,106,1131,900
-30,50,2608,-717,1131,900
-30,50,972,-706,1131,900
-30,50,6672,-893,1131,900
-30,50,9547,-470,1131,900
-30,50,3908,156,1131,900
-30,50,6874,-237,1131,900
-30,50,7225,913,1131,900
-30,50,5163,-714,1131,900
-30,50,1684,124,1131,900
-30,50,5654,-660,1131,900
-30,50,1321,924,1131,900
-30,50,3467,238,1131,900
-30,50,3340,-982,1131,900
-30,50,6917,-161,1131,900
-30,50,4770,-149,1131,900
-30,50,5384,-873,1131,900
-30,50,843,550,1131,900
-30,50,3918,-957,1131,900
-30,50,8697,-756,1131,900
-30,50,2796,-656,1131,900
-30,50,8791,123,1131,900
-30,50,7979,934,1131,900
-30,50,5708,-418,1131,900
-30,50,4290,124,1131,900
-30,50,5154,-466,1131,900
-30,50,4375,-576,1131,900
-30,50,7636,710,1131,900
-30,50,445,-238,5227,900
-20,-100,5984,-619,3536,-700
-20,-100,6207,-801,3313,-900
-20,-100,2179,-752,5053,-700
-20,-100,3162,783,9974,700
-20,-100,797,-515,531,-500
-20,-100,4940,-901,4580,-900
-20,-100,7933,-277,5203,-200
-20,-100,2615,-652,521,-700
-20,-100,2698,550,8630,600
-20,-100,8108,868,1412,800
-20,-100,527,-931,6705,-900
-20,-100,9800,-718,9720,-700
-20,-100,9185,286,335,300
-20,-100,2298,-413,3126,-400
-20,-100,3984,-267,7344,-200
-20,-100,8516,162,6909,100
-20,-100,9625,30,1702,0
-20,-100,1254,201,1882,200
-20,-100,7798,-384,3530,-300
-20,-100,1403,825,8117,800
-20,-100,4253,-661,2979,-700
-20,-100,793,373,535,400
-20,-100,2834,152,2590,200
-20,-100,8131,922,1389,900
-20,-100,6472,367,3048,400
-20,-100,6068,-99,7068,-200
-20,-100,6598,192,4730,100
-20,-100,7927,824,7497,800
-20,-100,2704,123,8624,100
-20,-100,3385,478,2039,400
-20,-100,6248,-686,6888,-700
-20,-100,2310,665,4922,600
-20,-100,9214,-438,2114,-400
-20,-100,8730,576,2598,500
-20,-100,6395,-465,6741,-500
-20,-100,5697,172,7439,200
-20,-100,1258,-579,1878,-600
-20,-100,6212,4,6924,-100
-20,-100,2054,-580,7466,-500
-20,-100,6060,-541,9364,-600
-20,-100,1633,-391,3791,-400
-20,-100,5100,677,8036,600
-20,-100,9052,735,2276,700
-20,-100,5486,100,1746,100
-20,-100,7611,-92,3717,-100
-20,-100,7232,-69,5904,-100
-20,-100,6007,-497,3513,-600
-20,-100,5770,954,7366,900
-20,-100,1155,860,6077,900
-20,-100,43,-927,1286,-900
-20,-100,6948,-345,2572,-400
-20,-100,4558,-772,866,-800
-20,-100,6553,-503,4775,-500
-20,-100,1929,-789,7591,-800
-20,-100,4002,460,3230,500
-20,-100,3007,509,8321,500
-20,-100,7730,409,3598,500
-20,-100,3742,-60,3490,0
-20,-100,5652,-812,3868,-700
-20,-100,2230,-184,906,-200
-20,-100,8782,-785,4354,-700
-20,-100,441,-90,2695,-100
-20,-100,8576,671,2752,600
-20,-100,7930,263,7494,300
-20,-100,4676,-185,748,-300
-20,-100,1454,89,5778,200
-20,-100,5168,-507,2064,-700
-20,-100,7337,-934,2183,-900
-20,-100,6556,-157,2964,-100
-20,-100,599,-7,8921,0
-20,-100,6587,-122,2933,-200
-20,-100,7232,-208,2287,-200
-20,-100,9914,537,7318,500
-20,-100,818,-27,4606,-100
-20,-100,4578,-838,8558,-800
-20,-100,6724,383,6412,400
-20,-100,1205,99,123,100
-20,-100,7504,230,2016,300
-20,-100,1381,-887,8139,-800
-20,-100,682,-568,6550,-600
-20,-100,6412,394,3108,400
-20,-100,4228,94,3004,200
-20,-100,878,-341,8642,-400
-20,-100,7413,-712,8011,-700
-20,-100,7869,-405,1651,-500
-20,-100,6050,-783,3470,-700
-20,-100,192,751,2944,800
-20,-100,9024,638,4112,700
-20,-100,4298,-119,5222,-100
-20,-100,3170,-908,8158,-900
-20,-100,277,-245,2859,-200
-20,-100,334,880,6898,900
-20,-100,4712,976,8424,900
-20,-100,5142,-312,6186,-300
-20,-100,8200,-955,9032,-900
-20,-100,1086,-416,4338,-400
-20,-100,6212,997,1020,900
-20,-100,3682,299,1742,200
-20,-100,4729,-473,2503,-500
-20,-100,102,632,3034,600
-20,-90,6056,831,1176,900
-20,-90,9569,27,3566,0
-20,-90,2679,-959,6841,-900
-20,-90,4344,-152,2887,-100
-20,-90,327,-806,6905,-700
-20,-90,9467,327,53,300
-20,-90,1311,-247,17,-300
-20,-90,2366,-343,4866,-300
-20,-90,2847,-252,4385,-300
-20,-90,8286,799,1234,700
-20,-90,7496,760,9736,700
-20,-90,292,-320,6941,-400
-20,-90,4852,744,2380,700
-20,-90,4309,-582,8827,-600
-20,-90,8754,767,2574,700
-20,-90,6499,900,8925,900
-20,-90,3581,-388,9555,-400
-20,-90,2716,-536,6804,-500
-20,-90,2369,-454,3055,-500
-20,-90,6428,-328,3092,-300
-20,-90,4663,750,8473,700
-20,-90,1031,518,297,500
-20,-90,4621,945,8515,900
-20,-90,8808,-645,2520,-700
-20,-90,1038,-200,6194,-200
-20,-90,1925,-528,1211,-600
-20,-90,8816,162,6608,200
-20,-90,9766,636,7466,700
-20,-90,2058,39,1078,0
-20,-90,7295,-731,5841,-700
-20,-90,8016,366,5120,400
-20,-90,522,80,806,0
-20,-90,5889,932,3631,900
-20,-90,5373,222,51,300
-20,-90,2696,753,2728,800
-20,-90,8928,16,592,0
-20,-90,9261,-839,2067,-800
-20,-90,1704,-941,7816,-900
-20,-90,7077,932,155,900
-20,-90,3840,-207,9296,-200
-20,-90,1812,173,5420,200
-20,-90,145,-737,9375,-700
-20,-90,235,475,5189,400
-20,-90,5846,-959,7290,-1000
-20,-90,9751,901,1577,900
-20,-90,2456,991,8872,900
-20,-90,6283,991,6853,900
-20,-90,5347,-25,7789,0
-20,-90,8883,-871,637,-1000
-20,-90,7190,86,2329,0
-20,-90,2272,202,4960,100
-20,-90,5692,-673,3828,-500
-20,-90,7657,-888,9575,-900
-20,-90,1227,-762,101,-700
-20,-90,190,-823,7042,-900
-20,-90,9375,-484,6049,-500
-20,-90,7756,293,7668,300
-20,-90,7815,-379,1705,-400
-20,-90,4057,-277,9078,-300
-20,-90,699,-83,8821,0
-20,-90,3924,-716,3308,-700
-20,-90,9016,-785,4120,-800
-20,-90,9481,912,39,900
-20,-90,9010,-411,2318,-400
-20,-90,243,-882,6989,-900
-20,-90,1377,-90,8143,-100
-20,-90,2178,-368,7342,-400
-20,-90,9796,-400,9724,-400
-20,-90,8445,59,4691,100
-20,-90,5700,778,1532,800
-20,-90,6788,-480,2732,-400
-20,-90,3870,-444,9266,-400
-20,-90,5788,860,1444,900
-20,-90,8992,-519,4144,-500
-20,-90,123,-889,3013,-900
-20,-90,7331,655,5805,700
-20,-90,6508,-861,8916,-900
-20,-90,9896,28,7336,0
-20,-90,7711,276,1809,300
-20,-90,8404,-513,7020,-500
-20,-90,5291,817,7845,900
-20,-90,7062,999,6074,900
-20,-90,9163,154,357,200
-20,-90,2493,270,8835,200
-20,-90,1563,-405,1573,-500
-20,-90,1384,-523,8136,-600
-20,-90,6543,-746,6593,-600
-20,-90,1446,-173,3978,-200
-20,-90,9411,-415,1917,-500
-20,-90,3108,99,28,100
-20,-90,2736,695,8592,700
-20,-90,219,843,1109,900
-20,-90,7645,-497,9587,-600
-20,-90,8796,15,724,0
-20,-90,9983,326,5441,300
-20,-90,7056,-673,6080,-500
-20,-90,5945,806,3575,800
-20,-90,83,-637,7149,-700
-20,-90,8956,-76,564,0
-20,-90,3608,-394,5912,-400
-20,-80,7989,169,5147,100
-20,-80,2808,-359,2616,-400
-20,-80,6852,45,6284,-100
-20,-80,7328,-608,2192,-600
-20,-80,2238,-255,7282,-300
-20,-80,3609,238,7719,300
-20,-80,2604,372,4628,300
-20,-80,3642,496,3590,500
-20,-80,2303,866,4929,800
-20,-80,8539,748,2789,800
-20,-80,7353,430,9879,500
-20,-80,6327,692,6809,700
-20,-80,2886,-187,2538,-300
-20,-80,7910,-912,7514,-900
-20,-80,1504,987,3920,900
-20,-80,3907,-345,9229,-400
-20,-80,5195,-567,4325,-600
-20,-80,7685,-383,9547,-400
-20,-80,2976,-592,2448,-600
-20,-80,1683,-158,3741,-100
-20,-80,3557,385,3675,500
-20,-80,2216,982,7304,900
-20,-80,3733,966,3499,900
-20,-80,3659,428,1765,400
-20,-80,7152,-417,5984,-400
-20,-80,3386,664,7942,600
-20,-80,2790,-66,6730,-100
-20,-80,1550,-461,7970,-400
-20,-80,5560,163,9864,100
-20,-80,8089,-418,3239,-500
-20,-80,3117,367,8211,300
-20,-80,115,-265,3021,-300
-20,-80,4356,-112,2876,-200
-20,-80,310,-389,5114,-500
-20,-80,818,244,6414,200
-20,-80,4953,-687,8183,-700
-20,-80,3944,-897,9192,-1000
-20,-80,235,752,5189,700
-20,-80,1483,532,3941,500
-20,-80,8203,968,4933,900
-20,-80,7835,-612,3493,-700
-20,-80,9151,-507,369,-500
-20,-80,9260,966,6164,900
-20,-80,1830,2,3594,0
-20,-80,8303,-719,4833,-700
-20,-80,2154,806,3270,800
-20,-80,2551,56,4680,0
-20,-80,1448,-542,1688,-600
-20,-80,6044,798,1188,800
-20,-80,1746,-956,3678,-900
-20,-80,1669,192,5563,200
-20,-80,2147,-892,3277,-900
-20,-80,98,438,9422,300
-20,-80,642,831,2494,900
-20,-80,4019,932,7309,900
-20,-80,3310,442,6210,500
-20,-80,7969,-36,3359,-200
-20,-80,484,-409,6748,-400
-20,-80,4458,-563,966,-600
-20,-80,302,540,9218,500
-20,-80,3724,967,3508,900
-20,-80,8807,-910,713,-900
-20,-80,2789,79,6731,100
-20,-80,6751,-237,4577,-300
-20,-80,5089,-436,8047,-400
-20,-80,6982,-948,250,-900
-20,-80,9432,-663,5992,-600
-20,-80,716,-984,2420,-1000
-20,-80,9432,-179,7800,-200
-20,-80,177,-862,1151,-900
-20,-80,8408,-583,7016,-600
-20,-80,620,-197,2516,-200
-20,-80,7504,628,9728,600
-20,-80,6597,195,6539,200
-20,-80,4031,572,5489,500
-20,-80,5468,456,5860,500
-20,-80,7618,-642,9614,-600
-20,-80,9301,288,6123,200
-20,-80,6591,-18,6545,0
-20,-80,4916,914,4604,800
-20,-80,6624,-386,6512,-400
-20,-80,6257,398,3263,400
-20,-80,4980,847,6348,900
-20,-80,3246,224,9890,200
-20,-80,8543,592,6881,600
-20,-80,9131,-638,389,-600
-20,-80,757,-736,571,-700
-20,-80,1612,-817,9716,-800
-20,-80,884,530,6348,600
-20,-80,1822,-767,7698,-800
-20,-80,6478,-757,4850,-800
-20,-80,6819,-437,2700,-400
-20,-80,780,249,6452,200
-20,-80,3174,-907,4058,-900
-20,-80,8465,89,6959,100
-20,-80,2491,525,645,500
-20,-80,6055,-758,9369,-800
-20,-80,6915,632,6221,700
-20,-80,4251,360,5269,300
-20,-80,8136,886,7288,900
-20,-70,3968,581,5552,600
-20,-70,2986,857,2438,900
-20,-70,713,302,6519,400
-20,-70,9326,-998,2002,-1000
-20,-70,7220,-859,4108,-800
-20,-70,5047,462,8089,300
-20,-70,5251,-457,1981,-400
-20,-70,4003,291,1421,400
-20,-70,6087,129,7049,200
-20,-70,4839,-993,2393,-1000
-20,-70,9070,964,2258,900
-20,-70,8794,-967,726,-900
-20,-70,4807,-342,8329,-300
-20,-70,2966,-806,4266,-800
-20,-70,1765,-156,9563,-200
-20,-70,6343,503,4985,500
-20,-70,2766,-956,4467,-900
-20,-70,6404,554,9020,500
-20,-70,8204,840,7220,800
-20,-70,6772,131,8652,200
-20,-70,8613,-575,907,-600
-20,-70,7986,781,1534,700
-20,-70,3358,-320,3874,-300
-20,-70,1856,-507,7664,-500
-20,-70,4965,-724,459,-700
-20,-70,8344,-362,8888,-400
-20,-70,6132,-356,3388,-300
-20,-70,5726,559,3794,600
-20,-70,4443,-340,2789,-300
-20,-70,8914,-127,6510,-100
-20,-70,8616,745,4520,700
-20,-70,1294,-359,34,-400
-20,-70,6083,456,3437,400
-20,-70,2270,-572,3154,-500
-20,-70,1583,710,3841,700
-20,-70,8584,-37,8648,-100
-20,-70,3518,745,9618,700
-20,-70,2719,-936,417,-1000
-20,-70,2998,689,6522,600
-20,-70,67,-909,1261,-900
-20,-70,2527,-10,4705,-100
-20,-70,592,-899,4832,-900
-20,-70,5501,-41,9924,-100
-20,-70,1788,711,9540,600
-20,-70,8662,-2,858,100
-20,-70,8198,1000,1322,900
-20,-70,5906,171,7230,300
-20,-70,7367,-312,2153,-300
-20,-70,8593,-15,2735,0
-20,-70,7261,-8,4067,0
-20,-70,8642,210,878,200
-20,-70,3116,776,8212,700
-20,-70,611,928,6621,900
-20,-70,4275,603,7053,500
-20,-70,2580,119,8748,100
-20,-70,3707,612,9429,600
-20,-70,7820,520,1700,400
-20,-70,8754,414,8478,500
-20,-70,6006,986,7130,900
-20,-70,7328,-751,5808,-700
-20,-70,3396,119,6124,200
-20,-70,705,387,6527,400
-20,-70,7915,-10,1605,-100
-20,-70,7751,-488,9481,-500
-20,-70,5435,-361,4085,-400
-20,-70,4461,-597,6867,-700
-20,-70,5287,-856,137,-900
-20,-70,41,-256,3095,-300
-20,-70,5939,579,7197,500
-20,-70,5612,-733,9812,-700
-20,-70,9910,-811,5514,-900
-20,-70,5438,-590,7698,-600
-20,-70,797,757,2339,700
-20,-70,1736,-182,7784,-200
-20,-70,5626,920,9798,900
-20,-70,1077,434,6155,500
-20,-70,6513,276,721,300
-20,-70,8837,394,6587,400
-20,-70,7000,-890,6136,-900
-20,-70,3362,527,7966,500
-20,-70,9112,-341,4024,-300
-20,-70,9960,-303,9560,-300
-20,-70,4408,-544,6920,-600
-20,-70,2042,-701,5190,-700
-20,-70,5154,-91,270,-100
-20,-70,6191,-992,5137,-1000
-20,-70,5370,269,7766,200
-20,-70,8850,-881,2478,-900
-20,-70,7358,-713,2162,-700
-20,-70,6595,-438,2925,-400
-20,-70,5641,-584,9783,-500
-20,-70,6989,525,4339,600
-20,-70,2878,920,258,900
-20,-70,3592,314,1832,300
-20,-70,307,-975,2829,-1000
-20,-70,7964,-999,5172,-900
-20,-70,3999,594,1425,600
-20,-70,2061,-433,1075,-500
-20,-70,7215,-46,2305,0
-20,-70,842,97,2294,100
-20,-60,3881,-565,9255,-600
-20,-60,2314,276,7206,300
-20,-60,6990,662,6146,600
-20,-60,8185,5,4951,0
-20,-60,7473,866,3855,900
-20,-60,536,826,2600,800
-20,-60,7771,981,1749,900
-20,-60,3979,512,7349,800
-20,-60,8709,-84,811,0
-20,-60,2701,-68,8627,0
-20,-60,2737,350,6783,400
-20,-60,9874,819,9646,700
-20,-60,1346,236,1790,300
-20,-60,7486,533,9746,500
-20,-60,3308,141,9828,100
-20,-60,9704,-980,5720,-1000
-20,-60,4835,590,2397,600
-20,-60,4177,-799,8959,-800
-20,-60,8357,-306,8875,-300
-20,-60,1613,599,5619,600
-20,-60,6342,-54,6794,-100
-20,-60,9611,741,5813,600
-20,-60,9707,-903,1621,-1000
-20,-60,2363,-740,8965,-600
-20,-60,883,379,2253,400
-20,-60,7871,740,1649,700
-20,-60,5675,291,1557,200
-20,-60,9576,234,7656,300
-20,-60,6999,-893,6137,-800
-20,-60,3189,954,6331,900
-20,-60,7342,-592,9890,-600
-20,-60,3235,115,3997,200
-20,-60,9109,815,411,800
-20,-60,7243,-51,2277,0
-20,-60,876,786,4548,800
-20,-60,5466,-1,9957,0
-20,-60,6225,-809,6911,-800
-20,-60,4098,-72,9038,-100
-20,-60,5627,-673,9797,-600
-20,-60,1157,885,4267,900
-20,-60,7443,399,2077,300
-20,-60,4653,928,6675,800
-20,-60,1701,768,5531,800
-20,-60,8439,820,4697,800
-20,-60,4432,322,8704,300
-20,-60,8164,108,9068,100
-20,-60,8443,3,8789,-100
-20,-60,85,-455,1242,-400
-20,-60,4308,323,5212,300
-20,-60,9503,384,17,500
-20,-60,1164,-244,1972,-300
-20,-60,2670,205,4562,200
-20,-60,1088,-511,240,-400
-20,-60,5695,505,1537,500
-20,-60,5120,-485,8016,-600
-20,-60,2911,312,6609,300
-20,-60,9141,-742,2187,-800
-20,-60,6120,883,7016,800
-20,-60,9637,-431,3499,-500
-20,-60,2723,-398,8605,-400
-20,-60,3745,-25,1679,-100
-20,-60,4858,309,6470,300
-20,-60,7226,700,2294,800
-20,-60,6101,467,3419,500
-20,-60,517,1000,2619,900
-20,-60,196,-150,9324,-100
-20,-60,9297,953,7935,900
-20,-60,6776,-192,2744,-300
-20,-60,2373,-676,3051,-700
-20,-60,9908,-5,3228,0
-20,-60,8283,539,4853,700
-20,-60,5170,911,7966,900
-20,-60,3998,-160,9138,-200
-20,-60,3393,-252,3839,-300
-20,-60,2870,-383,4362,-300
-20,-60,8326,108,1193,0
-20,-60,3066,-823,2358,-900
-20,-60,2847,-172,289,-200
-20,-60,2156,-903,7364,-900
-20,-60,3184,105,8144,0
-20,-60,129,691,3007,700
-20,-60,2144,-777,9184,-800
-20,-60,7721,-245,9511,-300
-20,-60,993,698,335,700
-20,-60,3747,-821,7581,-700
-20,-60,2760,-330,8568,-400
-20,-60,8476,608,2852,700
-20,-60,3534,572,1890,500
-20,-60,6258,-455,6878,-400
-20,-60,5370,-977,7766,-1000
-20,-60,7460,-396,2060,-400
-20,-60,7888,-479,7536,-500
-20,-60,9036,928,484,900
-20,-60,4990,802,2242,800
-20,-60,2827,-429,6693,-500
-20,-60,9393,-798,6031,-800
-20,-60,2426,-903,4806,-1000
-20,-60,8716,372,804,400
-20,-60,6721,576,6415,500
-20,-60,5058,873,8078,900
-20,-50,8786,756,6638,800
-20,-50,64,585,5360,700
-20,-50,6416,643,3104,600
-20,-50,3763,-957,5757,-1000
-20,-50,5655,-425,7481,-400
-20,-50,7166,-788,5970,-800
-20,-50,2368,-655,3056,-600
-20,-50,9776,-485,7456,-500
-20,-50,6760,-32,2760,0
-20,-50,2445,311,2979,300
-20,-50,6252,321,3268,400
-20,-50,2533,63,6987,100
-20,-50,5223,-685,7913,-800
-20,-50,1255,-935,1881,-900
-20,-50,1074,234,8446,200
-20,-50,6169,903,3351,900
-20,-50,3199,403,4033,500
-20,-50,7466,-216,5670,-200
-20,-50,4626,-451,8510,-600
-20,-50,6238,-296,6898,-300
-20,-50,820,-761,6412,-800
-20,-50,9747,-300,3389,-300
-20,-50,3479,396,6041,500
-20,-50,5596,-317,3924,-400
-20,-50,1402,893,5830,900
-20,-50,8724,159,796,200
-20,-50,3514,-379,7814,-500
-20,-50,656,868,4768,800
-20,-50,4823,-279,4697,-300
-20,-50,3888,390,9248,400
-20,-50,8981,-197,2347,-200
-20,-50,6504,360,6632,400
-20,-50,159,-67,7073,-100
-20,-50,6008,576,5320,500
-20,-50,6908,-109,324,-100
-20,-50,2846,406,290,400
-20,-50,4748,369,2484,300
-20,-50,932,380,2204,300
-20,-50,3847,-669,9289,-700
-20,-50,9060,-596,4076,-600
-20,-50,9538,487,9982,500
-20,-50,9014,-246,2314,-200
-20,-50,9178,536,342,400
-20,-50,4331,235,8805,200
-20,-50,138,708,2998,600
-20,-50,5334,-319,1898,-300
-20,-50,1903,-4,7617,0
-20,-50,4267,641,1157,600
-20,-50,4439,-68,6889,-100
-20,-50,1304,215,1832,200
-20,-50,5503,-810,7633,-800
-20,-50,8876,-687,8356,-700
-20,-50,1741,727,3683,700
-20,-50,8731,-472,2597,-500
-20,-50,7532,-693,1988,-700
-20,-50,1634,912,3790,800
-20,-50,8099,-55,1421,-100
-20,-50,2054,102,3370,100
-20,-50,1876,-767,7644,-700
-20,-50,9725,-752,3411,-800
-20,-50,6580,769,4748,800
-20,-50,2008,-435,1128,-500
-20,-50,5557,-434,3963,-400
-20,-50,7625,32,5511,0
-20,-50,2650,-769,2774,-800
-20,-50,5183,305,241,300
-20,-50,6731,1,501,0
-20,-50,2080,785,3344,900
-20,-50,5022,671,4498,700
-20,-50,4700,-419,724,-400
-20,-50,5516,-936,4004,-1000
-20,-50,2348,202,7172,300
-20,-50,9501,-323,19,-300
-20,-50,2731,-627,8597,-700
-20,-50,400,-484,2736,-500
-20,-50,2879,-1000,8449,-1000
-20,-50,5955,516,5373,500
-20,-50,9040,-651,6384,-700
-20,-50,1290,-557,4134,-700
-20,-50,345,-256,5079,-300
-20,-50,7990,676,5146,700
-20,-50,9629,-706,1699,-600
-20,-50,578,93,8942,100
-20,-50,9675,-152,3461,0
-20,-50,3391,532,3841,500
-20,-50,8022,920,3306,900
-20,-50,4960,-833,6368,-900
-20,-50,4218,-825,1206,-800
-20,-50,7688,-977,3640,-1000
-20,-50,4248,-63,2984,-200
-20,-50,6535,-504,697,-500
-20,-50,8368,-73,4768,-100
-20,-50,9422,-836,7810,-800
-20,-50,7931,-938,1589,-1000
-20,-50,9367,846,153,900
-20,-50,3292,-537,3940,-500
-20,-50,4466,-153,5054,-100
-20,-50,1761,-989,9567,-1000
-20,-50,6047,-678,3473,-800
-20,-50,202,-966,9318,-1000
-20,-40,8890,-556,6534,-600
-20,-40,2212,908,9116,900
-20,-40,3179,-581,9957,-700
-20,-40,5004,575,8132,600
-20,-40,5327,901,97,800
-20,-40,3342,728,7986,800
-20,-40,6433,-564,6703,-600
-20,-40,9183,992,2145,900
-20,-40,506,-742,4918,-700
-20,-40,7964,883,9268,800
-20,-40,8414,-652,1106,-700
-20,-40,4558,-64,2674,-100
-20,-40,9184,770,336,700
-20,-40,5840,-381,3680,-400
-20,-40,4996,393,8140,300
-20,-40,3219,431,8109,400
-20,-40,6217,617,1015,600
-20,-40,6640,564,2880,600
-20,-40,4868,562,4652,600
-20,-40,6639,945,2881,900
-20,-40,4823,906,2409,900
-20,-40,1758,-864,3666,-800
-20,-40,6315,46,9109,100
-20,-40,3383,-257,2041,-200
-20,-40,6948,667,2572,600
-20,-40,4357,210,1067,300
-20,-40,1708,370,3716,400
-20,-40,8717,865,2611,800
-20,-40,5216,603,4304,700
-20,-40,2046,-749,9282,-800
-20,-40,2785,437,6735,500
-20,-40,5038,463,8098,500
-20,-40,4675,-895,8461,-900
-20,-40,543,-874,6689,-900
-20,-40,8925,-504,4211,-500
-20,-40,4182,-938,1242,-1000
-20,-40,9958,-291,9562,-300
-20,-40,4427,-705,6901,-700
-20,-40,8566,438,6858,400
-20,-40,7121,-837,6015,-900
-20,-40,8255,492,3073,500
-20,-40,7771,-830,1749,-800
-20,-40,2033,-223,5199,-200
-20,-40,1726,-864,1410,-800
-20,-40,346,940,2790,900
-20,-40,4061,786,9075,800
-20,-40,581,419,2555,400
-20,-40,6424,-720,4904,-600
-20,-40,3499,562,1925,600
-20,-40,5991,-413,9433,-400
-20,-40,7164,34,2356,100
-20,-40,9185,479,2143,400
-20,-40,6019,39,7117,0
-20,-40,4445,-839,8691,-800
-20,-40,1791,-867,9537,-900
-20,-40,5618,744,3902,800
-20,-40,1305,-426,5927,-500
-20,-40,8122,-799,1398,-700
-20,-40,8484,-984,6940,-900
-20,-40,64,468,9456,400
-20,-40,4843,156,4677,200
-20,-40,697,559,6535,600
-20,-40,9055,-163,4081,-100
-20,-40,3763,-282,9373,-300
-20,-40,2445,-532,7075,-600
-20,-40,4139,757,5381,800
-20,-40,7794,-300,5342,-300
-20,-40,859,-944,4565,-1000
-20,-40,3486,813,6034,800
-20,-40,4121,-866,9015,-900
-20,-40,776,385,6456,400
-20,-40,3741,-995,9394,-1000
-20,-40,3473,30,9663,0
-20,-40,5055,973,8081,900
-20,-40,6456,-390,3064,-300
-20,-40,6080,-105,7056,-100
-20,-40,4618,-748,6710,-800
-20,-40,5238,-544,1994,-500
-20,-40,6720,688,6416,700
-20,-40,3861,-893,9275,-900
-20,-40,8609,-561,6815,-600
-20,-40,3759,30,9377,0
-20,-40,2994,277,4238,200
-20,-40,4510,-837,6817,-900
-20,-40,4054,-99,5467,-100
-20,-40,4719,-891,8417,-900
-20,-40,8297,-612,1223,-600
-20,-40,6711,-372,4617,-400
-20,-40,9586,264,3550,300
-20,-40,8861,-290,6563,-300
-20,-40,8298,807,3030,900
-20,-40,8009,888,3319,900
-20,-40,1623,955,9705,900
-20,-40,1789,-296,1347,-200
-20,-40,3418,-203,9718,-200
-20,-40,6412,-715,3108,-800
-20,-40,3320,-268,6200,-300
-20,-40,235,-290,6997,-200
-20,-40,1848,-574,3576,-600
-20,-40,8380,-88,2948,-100
-20,-30,7597,590,3731,600
-20,-30,8479,-554,8753,-600
-20,-30,3855,116,3377,100
-20,-30,2600,815,6920,900
-20,-30,8256,921,3072,800
-20,-30,1431,-647,9897,-700
-20,-30,3668,149,3564,200
-20,-30,2141,-796,7379,-800
-20,-30,6086,249,3435,200
-20,-30,1914,427,3510,400
-20,-30,4875,-214,8261,-300
-20,-30,363,-138,6868,-200
-20,-30,1161,-583,1975,-600
-20,-30,8195,-645,9037,-600
-20,-30,1527,192,3897,200
-20,-30,9453,-743,67,-800
-20,-30,7870,-218,7554,-300
-20,-30,7742,777,3586,900
-20,-30,9815,-352,5609,-400
-20,-30,3927,148,7402,100
-20,-30,8604,106,916,100
-20,-30,7315,-864,8109,-900
-20,-30,6046,-258,1186,-200
-20,-30,6929,-13,6207,0
-20,-30,9247,112,6177,100
-20,-30,8131,-259,1389,-200
-20,-30,1892,-474,9436,-600
-20,-30,1885,182,1251,100
-20,-30,6541,-636,2979,-600
-20,-30,2471,-293,665,-200
-20,-30,5967,899,5361,900
-20,-30,9068,-697,452,-700
-20,-30,3075,-361,2349,-400
-20,-30,2105,-709,3319,-600
-20,-30,2359,761,3065,800
-20,-30,3810,264,5711,300
-20,-30,3805,575,9331,600
-20,-30,5565,386,1667,400
-20,-30,3389,-382,6131,-400
-20,-30,7807,-944,1713,-900
-20,-30,1949,-702,5283,-700
-20,-30,4774,52,650,0
-20,-30,3797,-199,9339,-200
-20,-30,3461,893,6059,800
-20,-30,9977,-797,9543,-800
-20,-30,9607,-531,1721,-500
-20,-30,6849,186,383,200
-20,-30,5683,645,9741,600
-20,-30,5813,119,5515,100
-20,-30,5423,-278,5905,-300
-20,-30,2882,611,254,600
-20,-30,348,-356,6884,-400
-20,-30,3638,720,1786,600
-20,-30,4232,970,5288,900
-20,-30,2891,-755,2533,-800
-20,-30,324,-298,5100,-300
-20,-30,3844,-223,9292,-100
-20,-30,5930,-92,5398,-100
-20,-30,836,348,2300,300
-20,-30,2808,946,8520,900
-20,-30,428,-843,2708,-900
-20,-30,9371,868,3765,900
-20,-30,5525,-67,9899,-100
-20,-30,9024,480,6400,400
-20,-30,5058,99,366,0
-20,-30,110,359,3026,300
-20,-30,2534,344,6986,400
-20,-30,7571,-32,7853,-100
-20,-30,3432,41,9704,100
-20,-30,8303,823,1217,800
-20,-30,6124,-308,7012,-300
-20,-30,8841,708,8391,700
-20,-30,7217,-57,5919,0
-20,-30,9942,-701,9578,-700
-20,-30,1990,-557,3434,-600
-20,-30,7965,-293,1555,-200
-20,-30,4138,-459,8998,-500
-20,-30,6485,-422,6651,-400
-20,-30,6960,-820,2560,-700
-20,-30,3367,-147,9769,-200
-20,-30,2644,560,6876,600
-20,-30,8888,-862,632,-900
-20,-30,1908,-667,5324,-600
-20,-30,7504,114,7920,200
-20,-30,7603,-904,9629,-900
-20,-30,1076,-947,8444,-800
-20,-30,6857,223,2663,200
-20,-30,7790,-160,9442,-200
-20,-30,4913,182,511,200
-20,-30,1833,-906,5399,-900
-20,-30,73,969,3063,900
-20,-30,5861,467,3659,400
-20,-30,8728,-328,8504,-400
-20,-30,7542,-413,3786,-400
-20,-30,5074,-377,6254,-400
-20,-30,9094,594,426,500
-20,-30,4820,-600,4700,-600
-20,-30,3171,-930,6349,-900
-20,-30,1177,-691,151,-700
-20,-30,1825,1,3599,100
-20,-20,5118,609,8018,600
-20,-20,833,903,2303,900
-20,-20,3023,-868,8305,-900
-20,-20,7242,-144,9990,-200
-20,-20,6649,717,6487,700
-20,-20,2059,363,3365,300
-20,-20,6384,596,4944,600
-20,-20,7218,-590,2302,-600
-20,-20,4166,294,1258,300
-20,-20,8876,-816,6548,-800
-20,-20,3925,933,5595,900
-20,-20,3003,-498,4229,-600
-20,-20,8326,729,8906,700
-20,-20,4911,322,8225,300
-20,-20,7417,925,3911,900
-20,-20,2897,608,8431,600
-20,-20,7862,-114,1658,-100
-20,-20,6351,696,3169,700
-20,-20,8457,225,1063,300
-20,-20,1485,916,1651,900
-20,-20,3331,555,6189,600
-20,-20,2251,-892,4981,-800
-20,-20,5448,-748,7688,-800
-20,-20,8658,-174,862,-200
-20,-20,2377,-18,759,100
-20,-20,6998,-914,6138,-900
-20,-20,1091,461,8429,500
-20,-20,7233,-27,4096,-100
-20,-20,2295,-11,9033,0
-20,-20,6811,426,2708,400
-20,-20,3203,-94,4029,-100
-20,-20,5055,651,6273,600
-20,-20,5587,-479,3933,-400
-20,-20,3566,110,7762,100
-20,-20,5982,47,3538,0
-20,-20,5410,323,7726,400
-20,-20,6060,-587,5268,-600
-20,-20,2627,351,2797,400
-20,-20,2186,-936,950,-900
-20,-20,871,-633,6361,-600
-20,-20,5931,-573,7205,-500
-20,-20,1773,-218,1363,-200
-20,-20,4019,-960,5501,-1000
-20,-20,6536,-744,4792,-800
-20,-20,9376,116,3760,100
-20,-20,2842,349,6678,300
-20,-20,7619,379,5517,300
-20,-20,4646,-959,6682,-1000
-20,-20,5675,855,5653,900
-20,-20,4049,587,9087,600
-20,-20,8352,-309,2976,-300
-20,-20,981,-910,4443,-900
-20,-20,631,484,697,500
-20,-20,6097,409,7039,400
-20,-20,6922,-926,8502,-1000
-20,-20,8962,-115,559,-100
-20,-20,2033,755,1103,800
-20,-20,7897,752,5239,700
-20,-20,8666,-785,6758,-900
-20,-20,7711,-732,3617,-700
-20,-20,3588,-876,9548,-900
-20,-20,6073,539,3447,500
-20,-20,6661,909,6475,900
-20,-20,6873,-296,6263,-400
-20,-20,7188,842,5948,900
-20,-20,2802,-288,4430,-200
-20,-20,2787,-38,2637,0
-20,-20,9337,-792,183,-800
-20,-20,6292,816,6844,900
-20,-20,5298,-148,4222,-200
-20,-20,7867,906,1653,800
-20,-20,1917,-328,9411,-300
-20,-20,531,53,4893,0
-20,-20,2730,-12,4502,0
-20,-20,4621,486,803,500
-20,-20,1837,-254,1299,-300
-20,-20,5692,510,7444,500
-20,-20,341,525,9179,600
-20,-20,7151,536,5985,600
-20,-20,9018,823,8214,900
-20,-20,2560,-865,6960,-800
-20,-20,364,-171,6867,-200
-20,-20,7171,-421,4157,-400
-20,-20,5070,-737,4450,-700
-20,-20,5383,-801,7753,-800
-20,-20,5887,393,7249,400
-20,-20,528,95,800,100
-20,-20,6878,33,6258,0
-20,-20,4175,388,3057,400
-20,-20,4708,-129,2524,-100
-20,-20,8655,-669,8578,-600
-20,-20,658,941,2478,900
-20,-20,8783,147,737,100
-20,-20,142,-875,1186,-1000
-20,-20,5618,678,1614,600
-20,-20,1400,-850,1736,-900
-20,-20,3982,160,1442,200
-20,-20,1883,-266,9445,-200
-20,-20,6725,674,2795,600
-20,-20,6210,-31,6926,-100
-20,-10,4794,-94,2438,0
-20,-10,6043,220,3477,200
-20,-10,8481,631,1039,700
-20,-10,4022,-796,7305,-900
-20,-10,1062,-48,2074,0
-20,-10,2638,41,8690,100
-20,-10,2012,-446,5220,-400
-20,-10,1982,-565,9346,-500
-20,-10,6699,-32,4629,100
-20,-10,49,179,1279,200
-20,-10,656,33,8864,100
-20,-10,8857,878,663,900
-20,-10,6184,-988,3336,-1000
-20,-10,3742,-590,1682,-700
-20,-10,2731,208,2693,200
-20,-10,9542,-258,3594,-300
-20,-10,4720,-297,8416,-400
-20,-10,8611,0,8621,100
-20,-10,4089,778,7239,600
-20,-10,2317,-857,7203,-800
-20,-10,6550,143,2970,100
-20,-10,2024,-467,7496,-500
-20,-10,8170,364,1350,400
-20,-10,1481,-164,8039,-200
-20,-10,4913,-252,8223,-200
-20,-10,9162,-429,6262,-600
-20,-10,7797,511,9435,500
-20,-10,9919,161,1409,200
-20,-10,4903,-226,4617,-200
-20,-10,4605,928,8531,900
-20,-10,8760,262,6664,300
-20,-10,5587,337,3933,300
-20,-10,7647,-714,5489,-700
-20,-10,9682,563,3454,700
-20,-10,2013,-531,3411,-600
-20,-10,5779,-904,7357,-900
-20,-10,1585,-646,1551,-800
-20,-10,7446,994,5690,900
-20,-10,5655,859,3865,800
-20,-10,1022,849,6210,900
-20,-10,4000,216,3232,200
-20,-10,1305,611,8215,600
-20,-10,7947,-539,1573,-500
-20,-10,2908,-512,8420,-700
-20,-10,2161,878,7359,800
-20,-10,4684,478,8452,500
-20,-10,6108,-804,7028,-800
-20,-10,5685,121,1547,100
-20,-10,8793,-707,4343,-700
-20,-10,5386,-242,5942,-400
-20,-10,2635,942,8693,900
-20,-10,8791,-449,729,-500
-20,-10,6384,821,6752,800
-20,-10,5671,-295,7465,-300
-20,-10,4428,-316,8708,-300
-20,-10,4342,35,6986,0
-20,-10,3546,-606,5974,-600
-20,-10,2141,-86,995,0
-20,-10,1085,-838,8435,-800
-20,-10,9532,-206,3604,-200
-20,-10,3495,945,9641,900
-20,-10,8616,162,904,200
-20,-10,80,522,3056,500
-20,-10,4010,19,9125,-100
-20,-10,5523,-699,7613,-600
-20,-10,8107,-161,7317,-200
-20,-10,7902,-185,7522,-200
-20,-10,9305,-664,3831,-700
-20,-10,872,-28,456,0
-20,-10,777,-157,8743,-100
-20,-10,7222,221,5914,300
-20,-10,1197,-556,131,-500
-20,-10,4553,-109,8583,-100
-20,-10,3937,-757,1487,-800
-20,-10,6702,-76,6434,-100
-20,-10,3453,670,7875,700
-20,-10,671,776,8849,700
-20,-10,4382,694,8754,700
-20,-10,4961,-200,8175,-100
-20,-10,3821,-67,9315,0
-20,-10,357,-87,6875,-200
-20,-10,5731,484,7405,400
-20,-10,4263,298,2969,300
-20,-10,9690,998,5734,900
-20,-10,1544,386,9784,300
-20,-10,9854,231,7378,200
-20,-10,9788,-913,1539,-900
-20,-10,828,-763,4596,-800
-20,-10,5182,357,4338,400
-20,-10,2184,709,9144,700
-20,-10,7233,-337,4095,-500
-20,-10,5413,-343,4107,-400
-20,-10,5406,731,7731,700
-20,-10,6206,-62,1026,0
-20,-10,9450,104,70,100
-20,-10,2906,177,2518,200
-20,-10,5895,492,3625,400
-20,-10,2205,290,3219,400
-20,-10,7062,-902,6074,-900
-20,-10,3378,-68,9759,-100
-20,0,6462,807,6674,700
-20,0,7635,-864,1885,-900
-20,0,4024,-337,9112,-400
-20,0,3418,-361,6102,-400
-20,0,9307,133,6117,100
-20,0,1917,-508,3507,-500
-20,0,783,659,4641,500
-20,0,9650,877,3486,900
-20,0,5466,-381,4054,-400
-20,0,7845,64,1675,100
-20,0,8367,-583,7057,-700
-20,0,254,280,1074,200
-20,0,9385,537,6039,500
-20,0,9594,224,1734,300
-20,0,1199,922,8321,900
-20,0,8585,-508,935,-500
-20,0,1685,704,1451,700
-20,0,933,201,6299,200
-20,0,3462,136,3770,200
-20,0,7797,698,9435,700
-20,0,6225,-164,1006,-100
-20,0,2875,-923,261,-900
-20,0,959,-774,2177,-800
-20,0,4737,624,2497,700
-20,0,8898,490,4238,400
-20,0,126,-274,3010,-200
-20,0,5044,-999,6284,-1000
-20,0,2605,-732,8723,-800
-20,0,5216,766,2016,700
-20,0,4056,-837,9080,-800
-20,0,6689,-374,8735,-400
-20,0,4288,-168,7040,-100
-20,0,8722,-578,2606,-600
-20,0,5899,338,3621,300
-20,0,9185,-511,335,-400
-20,0,6621,-712,2899,-700
-20,0,4706,987,6622,900
-20,0,3427,-318,7901,-300
-20,0,747,424,6484,400
-20,0,1381,983,8139,900
-20,0,1372,23,5860,100
-20,0,3023,142,8305,200
-20,0,3801,-106,5719,0
-20,0,2042,-413,3382,-400
-20,0,2901,-78,235,0
-20,0,9269,898,7963,900
-20,0,4247,-452,5273,-400
-20,0,8669,969,4467,900
-20,0,740,-574,588,-600
-20,0,1647,609,3777,700
-20,0,8490,434,1030,500
-20,0,5530,-311,7606,-400
-20,0,5794,574,7342,600
-20,0,7012,-602,6124,-500
-20,0,4057,791,3175,900
-20,0,1224,1,8296,-100
-20,0,2787,671,2637,600
-20,0,1993,-66,7527,-100
-20,0,8378,799,4758,800
-20,0,7285,438,9947,400
-20,0,2036,-58,7484,-100
-20,0,3291,-887,9845,-900
-20,0,9204,924,6220,900
-20,0,6427,-732,6709,-800
-20,0,9782,875,3354,800
-20,0,9271,77,2057,100
-20,0,4316,-57,8820,-200
-20,0,4851,-26,573,0
-20,0,8858,-52,4278,-100
-20,0,400,120,2736,100
-20,0,6688,-664,6448,-600
-20,0,9962,906,3174,900
-20,0,6017,-626,7119,-600
-20,0,6839,-636,6297,-600
-20,0,1172,-121,8348,-200
-20,0,6279,612,953,600
-20,0,6959,-515,2561,-600
-20,0,2420,1,7100,0
-20,0,7752,428,7672,500
-20,0,1453,615,5779,700
-20,0,8641,-574,2687,-500
-20,0,1436,91,3988,100
-20,0,5348,251,7788,200
-20,0,3915,-416,9221,-500
-20,0,6515,879,3005,900
-20,0,3833,305,9303,400
-20,0,7909,439,3419,400
-20,0,6633,843,599,800
-20,0,7928,278,7496,300
-20,0,9682,-348,7550,-400
-20,0,4183,-400,3049,-400
-20,0,5853,539,3667,600
-20,0,683,-347,645,-300
-20,0,1244,-507,84,-500
-20,0,3613,-93,5907,-100
-20,0,3346,761,6174,800
-20,0,8101,941,3227,900
-20,0,5366,-38,7770,-100
-20,0,7367,616,8057,500
-20,0,7473,-886,5663,-800
-20,10,7663,202,1857,100
-20,10,5800,-293,1432,-300
-20,10,9227,604,6197,600
-20,10,6301,-223,6835,-200
-20,10,9788,711,3348,800
-20,10,4130,-942,1294,-1000
-20,10,3302,651,8026,600
-20,10,4895,-600,8241,-700
-20,10,3855,-211,9281,-200
-20,10,4214,-153,8922,-100
-20,10,9189,-577,331,-600
-20,10,7463,-985,3865,-1000
-20,10,522,-540,6710,-500
-20,10,1050,961,4374,800
-20,10,429,625,9091,600
-20,10,122,-202,3014,-200
-20,10,3100,-862,8228,-800
-20,10,3473,486,3759,400
-20,10,5116,-525,2116,-500
-20,10,1543,-305,7977,-400
-20,10,4055,-62,3177,-100
-20,10,5730,430,5598,500
-20,10,6653,63,6483,100
-20,10,926,-312,6306,-300
-20,10,3817,-502,7511,-500
-20,10,7085,-727,2435,-800
-20,10,8325,-319,3003,-400
-20,10,5168,-933,4352,-900
-20,10,8092,837,7332,900
-20,10,3809,576,3423,600
-20,10,1097,-316,6135,-300
-20,10,2247,832,889,700
-20,10,1738,862,7782,900
-20,10,9610,-565,9910,-600
-20,10,7301,5,2219,0
-20,10,7044,-67,6092,0
-20,10,3880,-312,3351,-400
-20,10,881,942,2255,900
-20,10,2644,931,8684,900
-20,10,2901,-630,6619,-600
-20,10,5240,-483,6088,-500
-20,10,1090,195,6142,300
-20,10,3301,-539,2123,-500
-20,10,7067,-336,8357,-300
-20,10,296,-613,2840,-700
-20,10,8342,180,2986,200
-20,10,9393,652,6031,700
-20,10,7367,912,2153,900
-20,10,436,935,6796,900
-20,10,1294,301,34,300
-20,10,7117,-252,6019,-100
-20,10,7003,40,6132,100
-20,10,2737,150,2687,100
-20,10,8371,397,4765,500
-20,10,4449,221,5071,200
-20,10,9714,-205,3422,-100
-20,10,741,513,6491,500
-20,10,3618,838,7710,800
-20,10,118,-400,1210,-400
-20,10,8021,926,1499,900
-20,10,2269,-121,7251,-100
-20,10,8499,876,2829,900
-20,10,8436,786,2892,800
-20,10,4427,549,997,600
-20,10,4616,638,8520,500
-20,10,7621,-687,3707,-800
-20,10,1201,573,8319,600
-20,10,8664,19,8568,0
-20,10,7101,112,6035,100
-20,10,9166,-647,354,-500
-20,10,531,705,8989,700
-20,10,2818,162,2606,200
-20,10,7484,-775,9748,-700
-20,10,7558,-629,3770,-600
-20,10,4669,-609,8467,-500
-20,10,3574,738,5946,700
-20,10,8141,-10,4995,0
-20,10,9107,477,413,500
-20,10,1254,-849,5978,-900
-20,10,794,360,8726,400
-20,10,1655,-266,3769,-200
-20,10,8955,711,8277,700
-20,10,4269,-287,8867,-300
-20,10,6024,849,9400,800
-20,10,7413,-643,9819,-600
-20,10,5755,-46,1477,-100
-20,10,8609,-845,911,-700
-20,10,1107,970,2029,900
-20,10,7018,414,6118,400
-20,10,2835,-866,8493,-800
-20,10,9298,-884,222,-800
-20,10,7988,284,3340,300
-20,10,1425,-246,5807,-200
-20,10,8894,602,4242,600
-20,10,4746,-809,4774,-800
-20,10,9609,58,9911,100
-20,10,6168,533,6968,500
-20,10,5988,-574,7148,-600
-20,10,7381,493,2139,400
-20,10,2277,-279,9051,-300
-20,20,1282,512,8238,500
-20,20,4199,-104,8937,0
-20,20,3673,330,5847,300
-20,20,6360,-736,6776,-600
-20,20,9404,-519,7828,-400
-20,20,8026,714,1494,800
-20,20,936,664,2200,800
-20,20,1339,550,9989,500
-20,20,3718,871,5802,900
-20,20,3048,-426,6472,-400
-20,20,7276,-137,5861,-200
-20,20,6433,-86,6704,-200
-20,20,2308,807,3116,800
-20,20,7191,635,41,500
-20,20,8713,-908,8519,-800
-20,20,771,-51,8749,0
-20,20,6361,-291,3158,-200
-20,20,2912,715,4320,700
-20,20,7937,779,1583,800
-20,20,2349,84,787,200
-20,20,8543,-176,8689,-100
-20,20,3356,-542,9780,-400
-20,20,7197,-593,8227,-600
-20,20,9007,167,4129,100
-20,20,9611,-889,1717,-800
-20,20,7835,269,7589,300
-20,20,3314,731,8014,800
-20,20,7431,977,3898,900
-20,20,9074,-578,446,-600
-20,20,2711,303,8619,200
-20,20,3459,-222,9677,-100
-20,20,3743,19,7586,200
-20,20,7077,563,155,500
-20,20,9354,671,6070,700
-20,20,8560,-832,8671,-800
-20,20,756,-400,4668,-300
-20,20,7574,308,1946,500
-20,20,7405,-492,5731,-600
-20,20,6680,419,6457,400
-20,20,737,730,591,800
-20,20,4082,-640,9054,-700
-20,20,7950,-873,5186,-900
-20,20,8651,406,6773,400
-20,20,9704,617,1624,600
-20,20,5086,-527,338,-500
-20,20,2718,72,8610,200
-20,20,7823,32,5313,100
-20,20,2030,109,5202,0
-20,20,7560,-548,7864,-500
-20,20,7933,211,7491,200
-20,20,6427,254,6709,100
-20,20,2895,-395,8433,-300
-20,20,3686,-597,1739,-500
-20,20,2687,58,449,100
-20,20,5055,528,8081,500
-20,20,4111,959,9025,900
-20,20,3289,128,2135,100
-20,20,2946,875,190,900
-20,20,9451,294,5974,200
-20,20,9712,-499,1616,-500
-20,20,7409,-410,8014,-500
-20,20,3515,638,6006,600
-20,20,3260,565,6260,500
-20,20,268,-128,5156,-100
-20,20,2256,535,7264,700
-20,20,3372,-669,3860,-600
-20,20,4111,186,9025,200
-20,20,884,226,2252,300
-20,20,244,176,1084,300
-20,20,5529,-501,7607,-500
-20,20,7457,-656,2063,-700
-20,20,2187,113,5045,100
-20,20,4988,750,436,600
-20,20,6824,318,2696,300
-20,20,683,-539,646,-800
-20,20,934,243,394,200
-20,20,7909,453,5227,500
-20,20,7593,224,1927,300
-20,20,3878,668,5642,600
-20,20,5670,578,5657,500
-20,20,5103,-363,4417,-400
-20,20,6718,-101,2802,0
-20,20,4213,125,3019,200
-20,20,7559,518,3769,600
-20,20,3643,-227,9493,-200
-20,20,6696,-421,6440,-500
-20,20,4174,-451,8962,-500
-20,20,666,-773,662,-800
-20,20,327,24,9194,200
-20,20,191,-546,9329,-500
-20,20,480,-961,9040,-900
-20,20,6753,116,2766,200
-20,20,2236,276,7284,300
-20,20,2668,265,469,400
-20,20,5359,-50,7777,-100
-20,20,5490,0,7646,0
-20,20,4541,599,8595,600
-20,20,7532,997,1988,900
-20,20,805,582,2331,500
-20,20,8019,578,3309,500
-20,30,1723,311,1131,900
-20,30,6743,-170,5227,900
-20,30,4756,541,5227,900
-20,30,2598,783,1131,900
-20,30,3452,652,7874,600
-20,30,390,530,1131,900
-20,30,8984,176,5604,300
-20,30,677,709,5227,900
-20,30,5041,580,2900,700
-20,30,66,581,1131,900
-20,30,2691,-55,1131,900
-20,30,1,70,1131,900
-20,30,8762,-796,1131,900
-20,30,9658,692,1131,900
-20,30,6211,528,1131,900
-20,30,7077,135,8467,-300
-20,30,1719,315,1131,900
-20,30,3938,69,1131,900
-20,30,6841,-69,9748,-800
-20,30,2978,823,5227,900
-20,30,3696,-218,2899,500
-20,30,159,424,2977,400
-20,30,7363,261,3229,0
-20,30,6714,-155,1131,900
-20,30,6197,239,5227,900
-20,30,9300,-147,5227,900
-20,30,3934,-158,1131,900
-20,30,2267,811,1131,900
-20,30,8000,-505,1131,900
-20,30,9120,-840,1131,900
-20,30,4359,567,1131,900
-20,30,8183,20,5227,900
-20,30,8453,-20,1131,900
-20,30,2513,-906,1021,-1000
-20,30,5672,-123,8467,-300
-20,30,2482,915,1131,900
-20,30,1610,-162,7911,100
-20,30,6234,-811,5227,900
-20,30,2141,814,1131,900
-20,30,9846,23,8467,-300
-20,30,7863,186,1131,900
-20,30,365,-110,5227,900
-20,30,4870,397,1131,900
-20,30,6384,241,4639,300
-20,30,6817,856,3108,-900
-20,30,9820,-290,5227,900
-20,30,4314,217,5227,900
-20,30,7295,312,1131,900
-20,30,8757,-353,763,-600
-20,30,1221,455,1131,900
-20,30,5680,-389,6030,-1000
-20,30,9004,-922,543,200
-20,30,7848,900,1672,700
-20,30,2263,24,5227,900
-20,30,6420,-45,2901,600
-20,30,2995,-206,1131,900
-20,30,1348,-395,2899,500
-20,30,1002,439,4422,600
-20,30,8718,-268,1131,900
-20,30,4846,-116,1131,900
-20,30,7072,-145,5227,900
-20,30,2221,-75,1131,900
-20,30,1324,216,7332,100
-20,30,4275,226,2901,500
-20,30,1957,927,9665,-200
-20,30,6682,-277,5227,900
-20,30,1503,965,5227,900
-20,30,8124,344,4473,800
-20,30,9106,-910,963,700
-20,30,8673,-270,4474,800
-20,30,4894,895,1131,900
-20,30,3771,-312,3485,900
-20,30,5718,-778,1131,900
-20,30,7500,81,8466,-300
-20,30,6805,128,4639,200
-20,30,940,-985,2195,-1000
-20,30,8925,355,1131,900
-20,30,2306,732,1131,900
-20,30,4455,809,1131,900
-20,30,956,385,5227,900
-20,30,2951,-871,8467,-300
-20,30,9817,-49,2899,500
-20,30,7668,-172,6601,900
-20,30,9680,-450,1131,900
-20,30,8129,983,2899,500
-20,30,1768,392,8467,-300
-20,30,1917,-350,5227,900
-20,30,3138,-276,1131,900
-20,30,1581,-670,5227,900
-20,30,4856,-16,5227,900
-20,30,8092,484,7332,200
-20,30,5634,347,2899,500
-20,30,6409,-847,3111,-600
-20,30,6269,650,2901,500
-20,30,3747,713,3484,900
-20,30,108,-478,1131,900
-20,30,231,-533,2899,500
-20,30,8442,964,1131,900
-20,30,4231,-721,8905,-900
-20,30,2883,309,8467,-200
-20,40,1399,224,1131,900
-20,40,4635,327,1131,900
-20,40,172,295,1131,900
-20,40,2518,494,1131,900
-20,40,934,439,1131,900
-20,40,2498,-473,5227,900
-20,40,881,-144,1131,900
-20,40,6328,747,1131,900
-20,40,6881,136,5227,900
-20,40,7563,-608,5227,900
-20,40,6061,-222,1131,900
-20,40,6527,1,5227,900
-20,40,2339,-691,1131,900
-20,40,7511,788,1131,900
-20,40,7813,693,1131,900
-20,40,7878,467,5227,900
-20,40,8836,188,1131,900
-20,40,6592,406,1131,900
-20,40,642,591,1131,900
-20,40,3735,148,1131,900
-20,40,2061,72,1131,900
-20,40,7391,-377,1131,900
-20,40,988,720,1131,900
-20,40,2699,146,1131,900
-20,40,6796,-51,1131,900
-20,40,515,-376,1131,900
-20,40,8406,214,1131,900
-20,40,7871,494,1131,900
-20,40,5406,305,1131,900
-20,40,8568,-656,1131,900
-20,40,2909,14,5227,900
-20,40,8947,119,1131,900
-20,40,1685,-232,1131,900
-20,40,4955,-346,1131,900
-20,40,8744,575,1131,900
-20,40,2176,-625,1131,900
-20,40,983,465,1131,900
-20,40,7522,-85,1131,900
-20,40,4325,630,5227,900
-20,40,5,-687,1131,900
-20,40,4561,-599,1131,900
-20,40,4365,-157,1131,900
-20,40,5255,338,1131,900
-20,40,6314,-643,1131,900
-20,40,7224,514,5227,900
-20,40,9877,-374,5227,900
-20,40,5981,480,1131,900
-20,40,7797,-600,1131,900
-20,40,3863,-465,5227,900
-20,40,938,962,1131,900
-20,40,6262,-51,1131,900
-20,40,4080,631,1131,900
-20,40,3718,92,1131,900
-20,40,9946,-745,1131,900
-20,40,3704,737,1131,900
-20,40,2543,597,1131,900
-20,40,4844,709,1131,900
-20,40,5159,880,1131,900
-20,40,1161,765,1131,900
-20,40,3433,709,1131,900
-20,40,1656,-494,1131,900
-20,40,207,-908,1131,900
-20,40,7328,-986,1131,900
-20,40,9751,679,5227,900
-20,40,2364,-834,1131,900
-20,40,8427,239,1131,900
-20,40,2472,659,1131,900
-20,40,2182,-36,1131,900
-20,40,8161,343,5227,900
-20,40,9604,684,1131,900
-20,40,3257,359,1131,900
-20,40,2115,-367,1131,900
-20,40,2055,-506,1131,900
-20,40,2728,875,1131,900
-20,40,8173,575,1131,900
-20,40,1863,268,1131,900
-20,40,374,-4,1131,900
-20,40,7945,-967,1131,900
-20,40,1750,-446,1131,900
-20,40,1580,286,5227,900
-20,40,2505,-139,1131,900
-20,40,5475,399,1131,900
-20,40,572,-395,1131,900
-20,40,2452,272,1131,900
-20,40,2038,608,1131,900
-20,40,6233,462,5227,900
-20,40,114,336,1131,900
-20,40,8134,677,1131,900
-20,40,9941,425,5227,900
-20,40,8611,-608,1131,900
-20,40,8776,248,1131,900
-20,40,6277,190,1131,900
-20,40,3550,-954,1131,900
-20,40,493,-280,1131,900
-20,40,1204,-604,1131,900
-20,40,1301,-541,1131,900
-20,40,8998,647,1131,900
-20,40,1179,-9,1131,900
-20,40,790,-6,1131,900
-20,40,647,-960,1131,900
-20,50,6503,816,1131,900
-20,50,5861,959,1131,900
-20,50,7235,177,1131,900
-20,50,2404,-46,1131,900
-20,50,1196,984,1131,900
-20,50,2949,-74,1131,900
-20,50,9146,306,1131,900
-20,50,7539,-115,1131,900
-20,50,1882,-373,1131,900
-20,50,2129,-496,1131,900
-20,50,2090,946,1131,900
-20,50,8894,-125,1131,900
-20,50,6392,483,1131,900
-20,50,176,-534,1131,900
-20,50,1021,537,1131,900
-20,50,8818,-408,1131,900
-20,50,4148,-563,1131,900
-20,50,7547,-407,1131,900
-20,50,4197,783,1131,900
-20,50,1866,-916,1131,900
-20,50,2593,956,1131,900
-20,50,9581,956,1131,900
-20,50,336,-588,1131,900
-20,50,5388,216,1131,900
-20,50,8870,-508,1131,900
-20,50,8844,588,1131,900
-20,50,508,-786,1131,900
-20,50,6713,-350,1131,900
-20,50,680,616,1131,900
-20,50,6869,-248,1131,900
-20,50,3951,759,1131,900
-20,50,5353,977,1131,900
-20,50,8496,-236,1131,900
-20,50,6517,890,1131,900
-20,50,7562,883,1131,900
-20,50,9620,248,1131,900
-20,50,4113,-671,1131,900
-20,50,7662,300,1131,900
-20,50,7835,220,1131,900
-20,50,9776,110,1131,900
-20,50,3675,-888,1131,900
-20,50,3894,-86,1131,900
-20,50,1655,216,1131,900
-20,50,2988,-542,1131,900
-20,50,1460,745,1131,900
-20,50,8700,-421,1131,900
-20,50,4324,192,1131,900
-20,50,7183,-3,1131,900
-20,50,9809,123,1131,900
-20,50,1923,685,1131,900
-20,50,9923,-704,1131,900
-20,50,9488,682,1131,900
-20,50,9242,236,1131,900
-20,50,9819,686,1131,900
-20,50,7969,-122,1131,900
-20,50,4731,-258,1131,900
-20,50,643,84,1131,900
-20,50,543,-386,1131,900
-20,50,4239,738,1131,900
-20,50,9616,31,1131,900
-20,50,7680,-392,1131,900
-20,50,6649,-410,1131,900
-20,50,7175,-124,1131,900
-20,50,5037,527,1131,900
-20,50,2756,413,1131,900
-20,50,1294,-366,1131,900
-20,50,3605,-526,1131,900
-20,50,2785,-955,1131,900
-20,50,7624,-28,1131,900
-20,50,7743,-121,1131,900
-20,50,7890,-642,1131,900
-20,50,3391,568,1131,900
-20,50,9177,919,1131,900
-20,50,7409,-912,1131,900
-20,50,5071,536,1131,900
-20,50,6481,570,1131,900
-20,50,7690,-437,1131,900
-20,50,6015,-575,1131,900
-20,50,2877,671,1131,900
-20,50,3930,-190,1131,900
-20,50,5685,979,1131,900
-20,50,849,-518,1131,900
-20,50,5668,-204,1131,900
-20,50,1545,530,1131,900
-20,50,1464,-178,1131,900
-20,50,9286,-336,1131,900
-20,50,8805,-162,1131,900
-20,50,4461,-552,1131,900
-20,50,7881,-691,1131,900
-20,50,2031,164,1131,900
-20,50,6498,116,1131,900
-20,50,6699,28,1131,900
-20,50,5013,-671,1131,900
-20,50,1162,20,1131,900
-20,50,4910,-869,1131,900
-20,50,742,302,1131,900
-20,50,5166,900,1131,900
-20,50,309,-947,1131,900
-20,50,5420,288,1131,900
-20,50,1512,198,1131,900
-10,-100,1788,-651,3636,-600
-10,-100,975,-890,353,-900
-10,-100,3473,71,3759,100
-10,-100,7065,-485,8359,-500
-10,-100,1508,133,5724,100
-10,-100,1914,120,1222,100
-10,-100,5094,628,330,600
-10,-100,7838,946,7586,900
-10,-100,1897,-890,1239,-900
-10,-100,736,115,2400,100
-10,-100,421,214,2715,200
-10,-100,5388,318,7748,300
-10,-100,7822,-212,5314,-200
-10,-100,4258,142,8878,200
-10,-100,1042,-855,6190,-900
-10,-100,1581,-375,3843,-400
-10,-100,1012,334,8508,300
-10,-100,2932,-474,8396,-500
-10,-100,2700,514,2724,500
-10,-100,9920,-870,5504,-900
-10,-100,7215,-167,17,-200
-10,-100,8187,429,1333,400
-10,-100,5023,694,8113,700
-10,-100,1727,203,1409,200
-10,-100,2890,895,2534,900
-10,-100,8799,685,8433,700
-10,-100,9893,-220,3243,-200
-10,-100,9529,-312,5895,-300
-10,-100,13,225,3123,200
-10,-100,2018,-376,9310,-400
-10,-100,5445,379,9979,400
-10,-100,7470,355,7954,400
-10,-100,3111,360,2313,300
-10,-100,3930,-791,5590,-800
-10,-100,3031,-851,8297,-800
-10,-100,498,-914,6734,-1000
-10,-100,314,-110,1014,-100
-10,-100,7142,642,90,700
-10,-100,7087,57,145,100
-10,-100,4859,214,4661,200
-10,-100,2350,443,8978,400
-10,-100,2026,636,7494,600
-10,-100,7228,-972,5908,-1000
-10,-100,5597,425,3923,500
-10,-100,6572,-689,4756,-700
-10,-100,0,836,7232,800
-10,-100,7752,537,9480,500
-10,-100,5782,-192,1450,-200
-10,-100,1049,287,279,300
-10,-100,7100,950,4228,900
-10,-100,1612,480,7908,500
-10,-100,4896,349,528,300
-10,-100,7172,701,2348,700
-10,-100,3417,954,3815,900
-10,-100,3366,-638,7962,-600
-10,-100,7373,-451,9859,-500
-10,-100,4746,-961,6582,-1000
-10,-100,7098,310,8326,300
-10,-100,9064,-643,6360,-600
-10,-100,3805,143,9331,100
-10,-100,5823,-170,7313,-200
-10,-100,9631,112,1697,100
-10,-100,6221,-980,6915,-1000
-10,-100,7638,951,1882,900
-10,-100,748,-343,580,-300
-10,-100,2412,-739,7108,-800
-10,-100,2044,-302,3380,-300
-10,-100,4666,129,4854,100
-10,-100,3196,732,8132,700
-10,-100,6720,581,4608,600
-10,-100,7787,-384,5349,-300
-10,-100,5696,61,9728,100
-10,-100,5208,-533,216,-500
-10,-100,8136,227,1384,200
-10,-100,59,-288,5365,-300
-10,-100,5036,-359,8100,-300
-10,-100,3825,277,5695,300
-10,-100,6521,119,4807,100
-10,-100,7854,-571,7570,-600
-10,-100,884,187,444,200
-10,-100,230,-747,5194,-700
-10,-100,7440,512,2080,500
-10,-100,6444,58,3076,0
-10,-100,7199,238,5937,200
-10,-100,8068,382,5068,400
-10,-100,6298,923,6838,900
-10,-100,7632,162,9600,200
-10,-100,5001,-446,6327,-400
-10,-100,418,132,2718,100
-10,-100,2551,201,6969,200
-10,-100,5792,787,7344,800
-10,-100,3992,526,7336,500
-10,-100,2537,-893,4695,-900
-10,-100,7213,163,4115,200
-10,-100,7649,-806,1871,-800
-10,-100,7546,-992,9686,-1000
-10,-100,2837,-851,6683,-800
-10,-100,6451,-178,781,-200
-10,-100,3756,-749,9380,-700
-10,-100,8723,-866,6701,-900
-10,-90,1401,-953,9927,-1000
-10,-90,2309,2,3115,0
-10,-90,7478,588,5658,600
-10,-90,9690,122,1638,100
-10,-90,1727,-122,5505,-100
-10,-90,7220,172,5916,200
-10,-90,6292,-942,940,-1000
-10,-90,6781,700,451,700
-10,-90,5736,65,1496,100
-10,-90,8461,685,2867,700
-10,-90,4029,-499,7299,-500
-10,-90,7409,-209,2111,-200
-10,-90,3993,-917,9143,-900
-10,-90,6161,365,3359,300
-10,-90,5882,15,1350,0
-10,-90,3516,-933,9620,-1000
-10,-90,2670,-111,466,-100
-10,-90,4279,239,8857,200
-10,-90,2663,-294,8665,-300
-10,-90,1044,-772,2092,-800
-10,-90,6218,736,6918,700
-10,-90,4243,390,5277,400
-10,-90,4379,-932,6949,-1000
-10,-90,8314,-361,1206,-400
-10,-90,3553,-460,1871,-500
-10,-90,4775,51,4745,100
-10,-90,4517,58,8619,100
-10,-90,2288,888,9040,900
-10,-90,4010,568,7318,500
-10,-90,5560,614,7576,600
-10,-90,1531,-459,9797,-500
-10,-90,3639,-555,3593,-500
-10,-90,8972,-970,548,-1000
-10,-90,2864,735,4368,700
-10,-90,1056,290,6176,300
-10,-90,3509,823,9627,800
-10,-90,6693,188,539,200
-10,-90,4871,-561,6457,-600
-10,-90,8406,-673,8826,-700
-10,-90,3416,-365,7912,-400
-10,-90,9283,-540,2045,-500
-10,-90,9362,-421,6062,-400
-10,-90,9259,-344,261,-400
-10,-90,5902,898,3618,900
-10,-90,6516,862,8908,800
-10,-90,1365,406,9963,400
-10,-90,6974,-359,2546,-400
-10,-90,4901,-437,6427,-400
-10,-90,1323,43,4101,0
-10,-90,6680,-762,6456,-800
-10,-90,6204,951,6932,900
-10,-90,2732,-68,404,-100
-10,-90,6188,225,5140,200
-10,-90,6000,524,5328,500
-10,-90,1734,277,1402,300
-10,-90,3918,258,7410,300
-10,-90,1562,-130,1574,-100
-10,-90,5151,-740,4369,-700
-10,-90,5219,463,4301,500
-10,-90,832,946,496,900
-10,-90,3686,-827,7642,-800
-10,-90,8734,-383,8498,-400
-10,-90,7424,-89,2096,-100
-10,-90,5757,970,7379,900
-10,-90,7618,-347,1902,-400
-10,-90,4580,-358,8556,-400
-10,-90,5774,641,3746,600
-10,-90,7725,-935,7699,-900
-10,-90,6300,865,932,900
-10,-90,2827,681,8501,700
-10,-90,9601,-531,3535,-500
-10,-90,6599,-867,633,-900
-10,-90,8260,-919,1260,-900
-10,-90,9826,-574,7406,-600
-10,-90,4686,121,8450,100
-10,-90,3320,979,8008,900
-10,-90,4445,-440,6883,-400
-10,-90,6538,-139,2982,-100
-10,-90,6661,-444,4667,-500
-10,-90,3597,-918,1827,-900
-10,-90,4565,276,6763,300
-10,-90,990,-100,338,-100
-10,-90,3657,125,1767,100
-10,-90,8034,394,3294,400
-10,-90,7394,-720,3934,-700
-10,-90,7888,532,9344,500
-10,-90,3033,-731,4199,-700
-10,-90,9261,631,259,600
-10,-90,5804,-495,5524,-500
-10,-90,4331,263,1093,300
-10,-90,3797,24,9339,0
-10,-90,579,-263,2557,-300
-10,-90,6990,360,2530,300
-10,-90,1148,219,8372,200
-10,-90,131,-869,7101,-900
-10,-90,5110,-9,4410,0
-10,-90,9258,350,262,400
-10,-90,371,573,957,600
-10,-90,8900,341,8332,300
-10,-90,1700,338,7820,300
-10,-80,7555,-519,3773,-500
-10,-80,9171,722,349,700
-10,-80,1505,-435,9823,-400
-10,-80,8365,-668,1155,-700
-10,-80,5643,-475,7493,-500
-10,-80,5038,421,2194,400
-10,-80,6157,-561,1075,-500
-10,-80,8851,235,4285,200
-10,-80,6549,-226,2971,-300
-10,-80,7118,-566,2402,-600
-10,-80,5542,-971,5786,-1000
-10,-80,1697,-133,7823,-100
-10,-80,8345,-465,7079,-500
-10,-80,145,-498,9375,-500
-10,-80,9053,-637,4083,-700
-10,-80,3943,103,1481,200
-10,-80,5706,354,3814,300
-10,-80,4817,-632,8319,-600
-10,-80,6029,715,7107,700
-10,-80,4966,961,8170,900
-10,-80,2296,-760,840,-700
-10,-80,4204,-109,8932,-100
-10,-80,2986,-704,2438,-700
-10,-80,6286,991,6850,900
-10,-80,3275,982,9861,900
-10,-80,2264,564,4968,600
-10,-80,7427,-68,3901,-100
-10,-80,913,-940,415,-1000
-10,-80,3492,-381,3740,-400
-10,-80,8810,439,710,400
-10,-80,8147,217,4989,200
-10,-80,9269,849,7963,900
-10,-80,5310,31,7826,0
-10,-80,9326,-602,2002,-600
-10,-80,8222,-509,1298,-500
-10,-80,8285,845,1235,800
-10,-80,779,-208,8741,-200
-10,-80,207,569,2929,600
-10,-80,4721,631,2511,600
-10,-80,2191,301,9137,300
-10,-80,6307,-513,925,-500
-10,-80,8545,-443,975,-400
-10,-80,9426,-392,1902,-400
-10,-80,2912,861,224,800
-10,-80,6216,-338,3304,-300
-10,-80,4887,-574,8249,-600
-10,-80,2327,192,7193,200
-10,-80,7629,-720,5507,-700
-10,-80,4711,-920,6617,-900
-10,-80,6373,668,3147,600
-10,-80,6346,-83,3174,-100
-10,-80,8115,473,9117,500
-10,-80,8150,-889,3178,-900
-10,-80,9681,677,7551,700
-10,-80,7582,536,7842,600
-10,-80,7287,383,4041,400
-10,-80,2985,-123,151,-100
-10,-80,9632,194,7600,200
-10,-80,6067,436,1165,400
-10,-80,7132,-239,2388,-200
-10,-80,132,481,7100,500
-10,-80,7511,310,2009,300
-10,-80,4318,-884,2914,-900
-10,-80,8039,-528,1481,-500
-10,-80,9071,583,449,600
-10,-80,4243,411,1181,400
-10,-80,959,874,4465,900
-10,-80,1431,708,1705,700
-10,-80,5266,-595,1966,-600
-10,-80,5265,378,1967,300
-10,-80,7777,-949,3551,-900
-10,-80,7444,941,2076,900
-10,-80,8397,180,4739,200
-10,-80,6025,925,3495,900
-10,-80,4923,-468,8213,-400
-10,-80,9053,917,467,900
-10,-80,2125,-919,7395,-1000
-10,-80,4339,-414,6989,-400
-10,-80,6057,31,3463,0
-10,-80,9857,-711,1471,-700
-10,-80,1464,-757,9864,-800
-10,-80,4072,-574,7256,-600
-10,-80,1636,-266,1500,-300
-10,-80,7466,946,5670,900
-10,-80,9160,0,8072,0
-10,-80,7218,657,2302,700
-10,-80,8642,-208,878,-200
-10,-80,4374,-535,1050,-600
-10,-80,6801,963,2719,900
-10,-80,2665,-37,471,0
-10,-80,168,660,2968,700
-10,-80,7665,926,3663,900
-10,-80,5021,643,403,600
-10,-80,7320,907,9912,900
-10,-80,9480,593,3656,600
-10,-80,9747,-622,1581,-600
-10,-80,9613,921,3523,900
-10,-80,3269,-235,9867,-200
-10,-80,2589,834,547,800
-10,-80,2151,176,7369,100
-10,-70,4623,-363,2609,-300
-10,-70,1697,128,9631,100
-10,-70,5845,-840,3675,-900
-10,-70,4022,-607,9114,-600
-10,-70,1259,-458,5973,-500
-10,-70,4590,911,4930,900
-10,-70,2927,834,2497,800
-10,-70,8329,-70,2999,-100
-10,-70,6887,-278,2633,-300
-10,-70,9193,913,327,900
-10,-70,909,722,8611,700
-10,-70,5652,656,3868,700
-10,-70,9137,-892,2191,-900
-10,-70,4303,-144,5217,-100
-10,-70,2809,-725,327,-700
-10,-70,474,-142,6758,-100
-10,-70,1149,-455,1987,-500
-10,-70,7721,490,9511,500
-10,-70,7014,-829,2506,-800
-10,-70,686,535,8834,500
-10,-70,6248,719,5080,700
-10,-70,8921,280,599,300
-10,-70,8558,-805,6866,-800
-10,-70,3702,495,1722,500
-10,-70,5588,-885,7548,-900
-10,-70,478,490,4946,500
-10,-70,5059,-960,4461,-1000
-10,-70,943,-82,4481,-100
-10,-70,3972,98,1452,100
-10,-70,3735,88,3497,100
-10,-70,5813,14,3707,0
-10,-70,5340,-799,4180,-800
-10,-70,4787,-222,8349,-200
-10,-70,2856,206,8472,200
-10,-70,7116,87,2404,100
-10,-70,9936,747,1392,700
-10,-70,7020,-38,6116,0
-10,-70,391,449,6841,400
-10,-70,7055,203,2465,200
-10,-70,3881,416,7447,400
-10,-70,8273,-244,1247,-200
-10,-70,4039,794,7289,800
-10,-70,151,306,2985,300
-10,-70,437,478,2699,500
-10,-70,6374,-375,6762,-400
-10,-70,462,783,2674,800
-10,-70,4247,979,2985,900
-10,-70,7961,637,1559,600
-10,-70,8000,992,5136,900
-10,-70,2134,-650,1002,-700
-10,-70,7005,373,2515,400
-10,-70,6968,654,6168,600
-10,-70,9872,544,9648,500
-10,-70,6691,895,2829,900
-10,-70,1961,-130,9367,-100
-10,-70,5581,652,7555,600
-10,-70,6433,-98,8991,-100
-10,-70,2311,279,9017,300
-10,-70,7095,726,4233,700
-10,-70,830,387,498,400
-10,-70,826,-87,6406,-100
-10,-70,4784,237,8352,200
-10,-70,7101,-428,2419,-400
-10,-70,4983,634,441,700
-10,-70,4185,-626,8951,-600
-10,-70,5314,704,7822,700
-10,-70,7384,510,3944,500
-10,-70,4260,-319,8876,-300
-10,-70,669,-351,2467,-400
-10,-70,5227,265,2005,300
-10,-70,7227,18,4101,0
-10,-70,4768,944,2464,900
-10,-70,6704,70,2816,100
-10,-70,5502,337,9922,300
-10,-70,6252,785,3268,800
-10,-70,8275,-765,4861,-800
-10,-70,6608,236,2912,200
-10,-70,9766,289,9754,300
-10,-70,9171,739,8061,700
-10,-70,1550,-960,7970,-1000
-10,-70,1412,276,9916,300
-10,-70,3063,302,4169,300
-10,-70,4423,390,8713,400
-10,-70,5038,260,4482,300
-10,-70,7034,-3,8390,0
-10,-70,1923,18,3501,0
-10,-70,3192,-231,9944,-200
-10,-70,7045,-874,4283,-900
-10,-70,5104,234,8032,300
-10,-70,1214,-442,1922,-400
-10,-70,2754,111,6766,100
-10,-70,4640,-675,8496,-700
-10,-70,6850,254,382,200
-10,-70,5791,-304,7345,-300
-10,-70,6061,-411,5267,-400
-10,-70,3184,423,9952,400
-10,-70,2932,51,204,0
-10,-70,9015,-768,6409,-800
-10,-70,8197,776,1323,700
-10,-70,6876,212,8548,200
-10,-60,59,-342,1269,-400
-10,-60,6583,-112,2937,-100
-10,-60,3326,150,6194,200
-10,-60,6229,-670,6907,-700
-10,-60,6247,-430,985,-400
-10,-60,2363,-668,4869,-700
-10,-60,8922,-838,2406,-800
-10,-60,7989,-724,5147,-800
-10,-60,7736,-117,5400,-100
-10,-60,6708,660,2812,700
-10,-60,6051,230,7085,200
-10,-60,6567,-432,6569,-500
-10,-60,9669,323,3467,300
-10,-60,276,652,1052,600
-10,-60,902,-495,4522,-500
-10,-60,9783,62,1545,100
-10,-60,4136,-59,5384,-100
-10,-60,6743,946,6393,900
-10,-60,5569,483,9855,500
-10,-60,4861,604,563,600
-10,-60,5769,368,1463,400
-10,-60,364,52,964,100
-10,-60,342,-718,6890,-700
-10,-60,889,-741,439,-800
-10,-60,928,870,6304,900
-10,-60,1103,-428,4321,-400
-10,-60,8490,-388,1030,-400
-10,-60,7884,-500,1636,-500
-10,-60,2329,-235,807,-200
-10,-60,5857,-520,5471,-500
-10,-60,9662,103,3474,100
-10,-60,3254,-632,8074,-600
-10,-60,4199,-573,7129,-600
-10,-60,468,-163,6764,-100
-10,-60,2184,245,3240,200
-10,-60,3609,-452,3623,-400
-10,-60,7509,-261,9723,-200
-10,-60,5420,185,4,200
-10,-60,1882,-154,7638,-100
-10,-60,7332,-658,5804,-700
-10,-60,4121,538,5399,500
-10,-60,2588,638,6932,600
-10,-60,3326,-371,9810,-400
-10,-60,6830,726,8594,700
-10,-60,2971,127,2453,100
-10,-60,285,256,2851,300
-10,-60,2268,-540,868,-500
-10,-60,4698,235,8438,300
-10,-60,6038,906,7098,900
-10,-60,7359,242,3969,200
-10,-60,3482,-898,3750,-900
-10,-60,9798,-44,9722,0
-10,-60,4922,-279,8214,-300
-10,-60,461,-229,9059,-200
-10,-60,4323,-566,2909,-600
-10,-60,6493,-355,739,-300
-10,-60,9286,969,234,900
-10,-60,6875,-924,6261,-900
-10,-60,2100,742,7420,800
-10,-60,5978,-712,9446,-700
-10,-60,9336,113,1992,100
-10,-60,6194,-616,3326,-600
-10,-60,4975,-74,8161,0
-10,-60,1517,809,9811,800
-10,-60,9994,-32,5430,0
-10,-60,6079,55,3441,100
-10,-60,4335,-23,5185,0
-10,-60,1288,542,40,500
-10,-60,1720,-611,9608,-600
-10,-60,5153,-58,2079,-100
-10,-60,7725,-286,1795,-300
-10,-60,6961,160,271,100
-10,-60,1842,-894,7678,-900
-10,-60,5649,448,7487,400
-10,-60,7630,49,7794,100
-10,-60,5402,159,1830,200
-10,-60,7800,915,5336,900
-10,-60,862,546,2274,500
-10,-60,8552,309,4584,300
-10,-60,2114,-405,1022,-400
-10,-60,8637,985,883,900
-10,-60,1454,-908,9874,-900
-10,-60,9653,251,9867,300
-10,-60,5367,829,57,800
-10,-60,4470,456,954,500
-10,-60,4657,703,6671,700
-10,-60,2124,708,1012,700
-10,-60,5889,926,1343,900
-10,-60,6232,-150,3288,-100
-10,-60,3553,-435,1871,-400
-10,-60,4437,462,2795,400
-10,-60,1597,222,3827,200
-10,-60,5328,55,6000,100
-10,-60,6133,193,7003,200
-10,-60,9617,-216,5807,-200
-10,-60,1885,442,7635,500
-10,-60,1862,371,7658,400
-10,-60,8904,1000,616,900
-10,-60,3101,-536,4131,-500
-10,-60,8162,168,1358,200
-10,-50,5479,487,4041,500
-10,-50,9510,203,7722,200
-10,-50,5408,-15,7728,0
-10,-50,3318,254,9818,200
-10,-50,9336,-79,6088,-100
-10,-50,8872,-95,6552,-100
-10,-50,6420,-173,4908,-200
-10,-50,2159,71,7361,100
-10,-50,4373,-195,2859,-200
-10,-50,1299,-981,29,-1000
-10,-50,1318,716,10,700
-10,-50,7730,-482,7694,-500
-10,-50,4034,569,9102,600
-10,-50,5573,-615,5755,-600
-10,-50,74,751,1254,700
-10,-50,6872,345,2648,400
-10,-50,4307,512,2925,500
-10,-50,7535,492,7889,500
-10,-50,4353,-807,1071,-800
-10,-50,7399,-904,5737,-900
-10,-50,3576,813,9560,800
-10,-50,6108,-70,7028,-100
-10,-50,636,-567,6596,-600
-10,-50,4184,-931,8952,-900
-10,-50,4563,-463,8573,-500
-10,-50,5504,-41,7632,-100
-10,-50,2079,-538,5153,-500
-10,-50,2839,-385,6681,-400
-10,-50,6925,-460,2595,-500
-10,-50,18,-935,1310,-1000
-10,-50,7574,-319,1946,-300
-10,-50,4455,878,8681,900
-10,-50,4476,557,8660,600
-10,-50,5040,659,8096,700
-10,-50,9838,87,5586,100
-10,-50,8501,411,8731,400
-10,-50,3995,244,1429,200
-10,-50,8101,515,9131,500
-10,-50,2460,389,4772,400
-10,-50,9139,-713,381,-700
-10,-50,10,-218,1318,-200
-10,-50,4022,966,3210,900
-10,-50,5085,185,8051,200
-10,-50,9169,593,351,600
-10,-50,5072,-292,2160,-300
-10,-50,7789,512,3539,500
-10,-50,9938,181,7294,200
-10,-50,7180,-349,5956,-300
-10,-50,2086,-424,7434,-400
-10,-50,8649,955,8583,900
-10,-50,199,575,1129,600
-10,-50,4489,1,6839,0
-10,-50,4333,979,2899,900
-10,-50,3385,101,2039,100
-10,-50,5271,452,7865,400
-10,-50,2517,-909,2907,-900
-10,-50,8988,-406,532,-400
-10,-50,6946,-926,4382,-900
-10,-50,3733,-665,9403,-700
-10,-50,6613,-839,2907,-800
-10,-50,7148,-839,84,-800
-10,-50,7102,1000,6034,900
-10,-50,2687,107,449,100
-10,-50,1706,518,5526,500
-10,-50,7146,621,5990,600
-10,-50,5824,465,1408,500
-10,-50,8945,756,6479,700
-10,-50,2112,203,1024,200
-10,-50,408,-396,9112,-400
-10,-50,2633,-894,2791,-900
-10,-50,7523,681,3805,700
-10,-50,327,440,1001,400
-10,-50,8327,-413,4809,-400
-10,-50,5954,-668,3566,-700
-10,-50,1977,-514,9351,-500
-10,-50,4793,-816,8343,-800
-10,-50,3730,229,3502,200
-10,-50,9881,15,3255,0
-10,-50,3758,877,9378,900
-10,-50,5138,653,2094,600
-10,-50,3527,516,7801,500
-10,-50,9949,-869,1379,-900
-10,-50,9089,-745,4047,-700
-10,-50,7230,-702,2290,-700
-10,-50,8223,-932,4913,-1000
-10,-50,1380,556,9948,500
-10,-50,6769,216,2751,200
-10,-50,3525,623,7803,600
-10,-50,9514,-936,5910,-900
-10,-50,8247,637,8985,600
-10,-50,2170,8,5062,0
-10,-50,2390,958,4842,900
-10,-50,8746,-776,2582,-800
-10,-50,9375,-83,145,-100
-10,-50,1827,-892,1309,-900
-10,-50,2681,-37,6839,0
-10,-50,8072,-346,5064,-300
-10,-50,8607,-151,4529,-200
-10,-50,2726,-969,6794,-1000
-10,-50,264,-464,6968,-500
-10,-40,7940,-556,9292,-600
-10,-40,8514,983,2814,900
-10,-40,360,-8,9160,0
-10,-40,822,605,4602,600
-10,-40,3059,442,2365,400
-10,-40,312,-476,1016,-500
-10,-40,2582,-285,6938,-300
-10,-40,4438,-742,8698,-700
-10,-40,1417,-820,4007,-800
-10,-40,7874,827,5262,800
-10,-40,1520,-301,3904,-300
-10,-40,4140,-234,3092,-200
-10,-40,2210,-109,9118,-100
-10,-40,1419,-511,4005,-500
-10,-40,2326,209,7194,200
-10,-40,5605,868,3915,900
-10,-40,8257,-927,3071,-900
-10,-40,1298,240,1838,200
-10,-40,4928,348,6400,300
-10,-40,7308,-104,4020,-100
-10,-40,515,-131,6717,-200
-10,-40,7392,72,2128,100
-10,-40,3315,697,9821,700
-10,-40,4724,-989,6604,-1000
-10,-40,4593,122,8543,100
-10,-40,3394,-304,6126,-300
-10,-40,8919,41,601,0
-10,-40,1741,-896,9587,-900
-10,-40,8500,-902,2828,-900
-10,-40,2455,994,2969,900
-10,-40,4004,-345,5516,-400
-10,-40,2762,405,2662,400
-10,-40,4205,487,1219,500
-10,-40,6718,458,8706,500
-10,-40,9448,-485,72,-500
-10,-40,3215,-42,9921,-100
-10,-40,8279,403,8953,400
-10,-40,4149,-175,1275,-200
-10,-40,4963,-647,8173,-600
-10,-40,2446,-642,7074,-600
-10,-40,4542,-414,4978,-400
-10,-40,9224,652,8008,600
-10,-40,6593,354,8831,400
-10,-40,9449,-877,5975,-900
-10,-40,2324,944,7196,900
-10,-40,6749,-163,6387,-200
-10,-40,6678,-619,554,-600
-10,-40,9869,-849,3267,-900
-10,-40,7544,278,9688,300
-10,-40,6102,-433,1130,-400
-10,-40,2024,411,7496,400
-10,-40,6228,745,3292,800
-10,-40,7629,457,3699,400
-10,-40,6649,-76,6487,-100
-10,-40,5576,-479,3944,-500
-10,-40,6925,820,6211,800
-10,-40,8047,-492,3281,-500
-10,-40,9862,731,3274,700
-10,-40,5402,-662,4118,-600
-10,-40,370,978,6862,900
-10,-40,2446,334,7074,300
-10,-40,5780,-692,9644,-700
-10,-40,1912,-184,9416,-200
-10,-40,3503,405,7825,400
-10,-40,4950,962,8186,900
-10,-40,6170,695,6966,700
-10,-40,3093,198,43,200
-10,-40,1024,-520,6208,-500
-10,-40,510,-808,2626,-800
-10,-40,9341,82,1987,100
-10,-40,4450,-885,5070,-900
-10,-40,3805,904,1619,900
-10,-40,4846,945,578,900
-10,-40,3730,219,7598,200
-10,-40,918,791,6314,800
-10,-40,4656,20,768,0
-10,-40,5882,422,3638,400
-10,-40,5874,849,7262,900
-10,-40,8344,811,7080,800
-10,-40,2581,-653,555,-600
-10,-40,5170,-562,4350,-600
-10,-40,8306,28,3022,0
-10,-40,8745,1,775,0
-10,-40,9809,-537,3327,-500
-10,-40,5517,-688,5811,-700
-10,-40,1568,822,1568,800
-10,-40,8457,157,2871,200
-10,-40,9123,461,397,500
-10,-40,7207,-301,25,-300
-10,-40,472,467,6760,500
-10,-40,3958,269,9178,300
-10,-40,2694,-619,6826,-600
-10,-40,5185,-581,6143,-600
-10,-40,4268,-625,2964,-600
-10,-40,4150,-733,3082,-700
-10,-40,1792,6,3632,0
-10,-40,7780,620,3548,600
-10,-40,6535,-868,697,-900
-10,-40,2082,-23,7438,0
-10,-40,3729,-961,5791,-1000
-10,-30,5078,292,346,300
-10,-30,4053,-395,5467,-400
-10,-30,6602,-484,8822,-500
-10,-30,7924,794,1596,800
-10,-30,8921,-745,8311,-800
-10,-30,2753,-675,6767,-700
-10,-30,2861,-5,8467,0
-10,-30,134,925,9386,900
-10,-30,5938,-27,3582,0
-10,-30,5062,510,2170,500
-10,-30,7854,63,1666,100
-10,-30,1756,423,7764,400
-10,-30,8615,143,8617,200
-10,-30,8320,-525,8912,-500
-10,-30,393,140,2743,200
-10,-30,5123,-515,8013,-500
-10,-30,572,668,756,700
-10,-30,6118,57,3402,0
-10,-30,3021,313,4211,300
-10,-30,7065,25,167,0
-10,-30,7671,-317,7753,-300
-10,-30,8440,373,8792,400
-10,-30,4350,975,8786,900
-10,-30,1289,-923,8231,-900
-10,-30,4363,471,2869,500
-10,-30,5252,146,7884,100
-10,-30,4777,-817,8359,-800
-10,-30,1136,-341,6096,-300
-10,-30,8237,314,4899,300
-10,-30,7291,-733,8133,-700
-10,-30,3295,235,8033,300
-10,-30,1612,953,7908,900
-10,-30,2740,-269,396,-300
-10,-30,6436,624,8988,600
-10,-30,9582,-256,3554,-300
-10,-30,7875,264,3453,200
-10,-30,6751,570,6385,600
-10,-30,75,639,7157,600
-10,-30,9026,288,494,300
-10,-30,9490,-320,5934,-300
-10,-30,3012,-5,4220,0
-10,-30,7193,381,4135,400
-10,-30,4879,404,8257,400
-10,-30,704,-211,2432,-200
-10,-30,3387,672,9749,700
-10,-30,6685,-532,2835,-500
-10,-30,8429,436,4707,400
-10,-30,6601,422,2919,400
-10,-30,3400,243,7928,200
-10,-30,3316,28,3916,0
-10,-30,2742,800,394,800
-10,-30,8371,436,4765,400
-10,-30,2460,-795,7060,-800
-10,-30,447,890,4977,900
-10,-30,6301,-171,3219,-200
-10,-30,2626,-20,2798,0
-10,-30,1091,416,237,400
-10,-30,1916,674,1220,700
-10,-30,6272,373,3248,400
-10,-30,1972,631,7548,600
-10,-30,5240,-896,6088,-900
-10,-30,164,1,1164,0
-10,-30,2094,-837,1042,-800
-10,-30,8991,494,4145,500
-10,-30,6072,903,7064,900
-10,-30,2220,3,9108,0
-10,-30,7141,-867,8283,-900
-10,-30,2556,-526,580,-500
-10,-30,6833,49,8591,0
-10,-30,3993,695,9143,700
-10,-30,6593,352,6543,300
-10,-30,2151,585,5081,600
-10,-30,186,-589,2950,-600
-10,-30,5047,560,6281,500
-10,-30,9536,-211,9984,-200
-10,-30,5427,725,9997,700
-10,-30,9788,503,5636,500
-10,-30,5634,-926,1598,-900
-10,-30,5092,-496,2140,-500
-10,-30,5654,-25,7482,0
-10,-30,7306,864,4022,900
-10,-30,3119,-822,8209,-800
-10,-30,1714,763,3710,800
-10,-30,6799,980,433,900
-10,-30,5380,71,4140,100
-10,-30,2605,-842,6915,-800
-10,-30,380,-112,2756,-100
-10,-30,2633,-482,8695,-500
-10,-30,1408,897,4016,900
-10,-30,5699,672,9725,700
-10,-30,1526,-531,5706,-500
-10,-30,5462,792,1770,800
-10,-30,1242,-596,1894,-600
-10,-30,4304,155,5216,100
-10,-30,8379,-27,7045,0
-10,-30,5345,-697,79,-700
-10,-30,8028,-256,1492,-200
-10,-30,6322,822,3198,800
-10,-30,3072,244,6448,300
-10,-30,307,-431,6925,-400
-10,-20,5953,-473,3567,-500
-10,-20,2952,-74,4280,-100
-10,-20,413,625,6819,600
-10,-20,210,313,9310,300
-10,-20,260,333,1068,300
-10,-20,3799,995,7529,900
-10,-20,8410,86,8822,100
-10,-20,1137,997,4287,900
-10,-20,5002,197,6326,200
-10,-20,5330,734,5998,700
-10,-20,2210,-296,9118,-300
-10,-20,4436,-182,988,-200
-10,-20,7927,-388,7497,-400
-10,-20,2278,-978,858,-1000
-10,-20,5364,258,4156,300
-10,-20,1750,619,7770,600
-10,-20,6431,-684,4897,-700
-10,-20,5148,-186,7988,-200
-10,-20,8015,-442,1505,-400
-10,-20,6723,-337,2797,-300
-10,-20,3456,-498,1968,-500
-10,-20,7025,-814,6111,-800
-10,-20,7529,799,5607,800
-10,-20,7405,-900,2115,-900
-10,-20,7976,-584,5160,-600
-10,-20,5841,-966,3679,-1000
-10,-20,5092,-514,332,-500
-10,-20,5303,535,7833,500
-10,-20,4216,370,8920,400
-10,-20,2899,605,6621,600
-10,-20,7934,894,9298,900
-10,-20,4395,223,2837,200
-10,-20,7118,987,8306,900
-10,-20,4297,556,1127,600
-10,-20,6656,536,2864,500
-10,-20,3836,-919,7492,-900
-10,-20,5304,-373,1928,-400
-10,-20,1493,-105,5739,-100
-10,-20,421,297,907,300
-10,-20,2067,198,7453,200
-10,-20,5921,-762,7215,-800
-10,-20,6569,-90,6567,-100
-10,-20,3333,-387,9803,-400
-10,-20,8387,904,4749,900
-10,-20,9715,-221,7517,-200
-10,-20,3716,-28,9420,0
-10,-20,5094,-760,2138,-800
-10,-20,7029,-765,6107,-800
-10,-20,9852,432,7380,400
-10,-20,6397,-767,6739,-800
-10,-20,4114,768,3118,800
-10,-20,5452,728,4068,700
-10,-20,3094,-689,8234,-700
-10,-20,5353,-107,1879,-100
-10,-20,7258,-884,9974,-900
-10,-20,2844,505,2580,500
-10,-20,6814,325,2706,300
-10,-20,3172,-327,8156,-300
-10,-20,4249,-133,2983,-100
-10,-20,6607,-952,6529,-900
-10,-20,7655,512,7769,500
-10,-20,2269,-975,7251,-900
-10,-20,7612,-132,5524,-100
-10,-20,1085,-434,6147,-400
-10,-20,7526,973,7898,900
-10,-20,1701,-857,7819,-900
-10,-20,6558,-170,8866,-200
-10,-20,3047,-183,89,-200
-10,-20,2158,320,9170,300
-10,-20,9628,75,7604,100
-10,-20,7651,942,7773,900
-10,-20,8615,392,2713,400
-10,-20,1135,-882,193,-900
-10,-20,2969,-293,8359,-300
-10,-20,9557,444,3579,400
-10,-20,63,956,7169,900
-10,-20,675,-145,8845,-200
-10,-20,3733,528,9403,500
-10,-20,7933,985,9299,900
-10,-20,4087,170,1337,100
-10,-20,6986,-181,6150,-200
-10,-20,7600,578,9632,600
-10,-20,7917,-635,7507,-600
-10,-20,6849,-247,4479,-200
-10,-20,7397,-538,5739,-600
-10,-20,3181,-581,4051,-600
-10,-20,1993,368,9335,300
-10,-20,4862,-151,4658,-100
-10,-20,6965,484,2555,500
-10,-20,6064,-709,7072,-700
-10,-20,1600,-87,7920,-100
-10,-20,6412,-552,820,-500
-10,-20,5317,708,4203,700
-10,-20,4466,36,2766,0
-10,-20,8984,878,536,900
-10,-20,5850,-125,7286,-100
-10,-20,412,-400,5012,-400
-10,-20,9687,-102,7545,-100
-10,-20,4860,179,8276,200
-10,-20,2430,618,2994,600
-10,-10,787,-776,541,-800
-10,-10,8471,-861,4665,-900
-10,-10,3047,-647,4185,-700
-10,-10,5658,502,7478,500
-10,-10,9217,-165,303,-200
-10,-10,8814,-692,706,-700
-10,-10,3466,262,9670,200
-10,-10,130,-277,5294,-300
-10,-10,1135,-825,2001,-800
-10,-10,8260,450,1260,400
-10,-10,25,-111,1303,-100
-10,-10,6963,-142,2557,-200
-10,-10,7827,432,7597,400
-10,-10,6425,963,3095,900
-10,-10,4358,770,1066,800
-10,-10,7740,-228,1780,-200
-10,-10,1302,241,26,200
-10,-10,9073,568,2255,600
-10,-10,9826,-785,7406,-800
-10,-10,9339,-784,7893,-800
-10,-10,6729,498,8695,500
-10,-10,4028,117,3204,100
-10,-10,4018,-987,9118,-1000
-10,-10,3482,-835,9654,-800
-10,-10,3410,635,3822,600
-10,-10,667,789,661,800
-10,-10,7699,595,1821,600
-10,-10,1340,-313,9988,-300
-10,-10,8487,-694,4649,-700
-10,-10,3658,821,9478,800
-10,-10,5661,658,5667,600
-10,-10,8750,-727,770,-700
-10,-10,2936,-52,2488,-100
-10,-10,8525,-908,2803,-900
-10,-10,4384,-367,8752,-400
-10,-10,9405,233,6019,200
-10,-10,9446,270,1882,300
-10,-10,7172,-179,2348,-200
-10,-10,7102,144,130,200
-10,-10,8518,275,1002,300
-10,-10,4983,-431,8153,-400
-10,-10,7633,-142,1887,-100
-10,-10,2054,-715,9274,-700
-10,-10,1669,-664,5563,-700
-10,-10,2495,-168,2929,-100
-10,-10,8658,346,862,300
-10,-10,8401,-651,8831,-600
-10,-10,7862,-903,3466,-900
-10,-10,6475,-826,757,-800
-10,-10,7848,-90,1672,-100
-10,-10,8654,691,6770,700
-10,-10,2288,-373,848,-400
-10,-10,9772,586,7460,600
-10,-10,4596,811,2636,800
-10,-10,3045,-551,91,-500
-10,-10,1927,-304,1209,-400
-10,-10,2489,817,2935,800
-10,-10,4696,-199,8440,-200
-10,-10,7854,-438,5282,-400
-10,-10,7036,644,2484,600
-10,-10,2407,838,8921,900
-10,-10,4744,-822,8392,-800
-10,-10,4991,140,2241,200
-10,-10,8706,-952,814,-900
-10,-10,1061,659,6171,700
-10,-10,5153,610,271,600
-10,-10,9798,-937,1530,-900
-10,-10,3518,-759,1906,-800
-10,-10,4660,220,2572,200
-10,-10,3501,838,9635,800
-10,-10,5574,92,7562,100
-10,-10,1380,-864,8140,-900
-10,-10,4803,578,8333,600
-10,-10,5617,196,3903,200
-10,-10,144,207,1184,200
-10,-10,3299,681,8029,700
-10,-10,1139,646,6093,600
-10,-10,7403,-488,2117,-500
-10,-10,1511,923,9817,900
-10,-10,1189,913,6043,900
-10,-10,4037,-519,7291,-500
-10,-10,8524,783,996,800
-10,-10,2437,-200,2987,-200
-10,-10,6784,-242,6352,-200
-10,-10,9249,-106,271,-100
-10,-10,4997,628,8139,600
-10,-10,7220,491,5916,500
-10,-10,6912,426,320,400
-10,-10,2905,-207,6615,-200
-10,-10,5195,161,6133,200
-10,-10,2843,485,2581,500
-10,-10,8837,316,683,300
-10,-10,459,-94,9061,-100
-10,-10,3038,932,8290,900
-10,-10,8513,-707,8719,-700
-10,-10,5494,901,4026,900
-10,-10,3765,712,5755,700
-10,-10,9107,47,413,0
-10,-10,4047,-554,5473,-600
-10,-10,4499,-507,6829,-500
-10,0,539,-416,6693,-400
-10,0,8290,774,1230,800
-10,0,1254,775,74,800
-10,0,4145,176,5375,200
-10,0,1023,-172,2113,-100
-10,0,8141,710,1379,700
-10,0,8966,-469,6458,-500
-10,0,3377,-589,9759,-600
-10,0,4277,-355,8859,-300
-10,0,552,452,2584,400
-10,0,9296,709,6128,700
-10,0,3150,816,9986,800
-10,0,1676,41,3748,0
-10,0,9613,728,3523,700
-10,0,2932,47,2492,100
-10,0,374,89,9146,100
-10,0,5966,986,3554,900
-10,0,6400,486,6736,500
-10,0,9405,-584,3731,-600
-10,0,2908,-642,8420,-600
-10,0,8303,322,3025,300
-10,0,9017,-105,503,-100
-10,0,4964,-969,8172,-900
-10,0,9143,-455,8089,-400
-10,0,5520,329,7616,300
-10,0,1717,865,1419,800
-10,0,2256,-651,9072,-700
-10,0,6,147,5418,100
-10,0,4569,-429,8567,-400
-10,0,551,-554,2585,-600
-10,0,8938,485,8294,500
-10,0,6911,187,8513,200
-10,0,2752,-856,8576,-800
-10,0,6969,204,8455,200
-10,0,3610,-754,7718,-800
-10,0,1644,501,3780,500
-10,0,4164,-145,5356,-200
-10,0,2712,-806,2712,-800
-10,0,1274,637,8246,600
-10,0,5931,-614,3589,-600
-10,0,473,-911,4951,-900
-10,0,3008,675,128,700
-10,0,4225,-14,7103,0
-10,0,9633,907,7599,900
-10,0,9470,179,5954,200
-10,0,8279,608,4857,600
-10,0,5000,-909,2232,-900
-10,0,426,587,9094,600
-10,0,3511,-494,9625,-500
-10,0,929,994,6303,900
-10,0,9838,-882,7394,-900
-10,0,1015,594,2121,600
-10,0,163,-953,5261,-1000
-10,0,4446,-336,8690,-300
-10,0,3121,-674,6399,-700
-10,0,7204,810,2316,800
-10,0,1340,811,9988,800
-10,0,2463,476,2961,500
-10,0,9751,-463,5673,-500
-10,0,2470,-537,4762,-500
-10,0,7124,486,8300,500
-10,0,3933,-624,5587,-600
-10,0,6293,-78,939,-100
-10,0,8366,-314,8866,-300
-10,0,9008,213,6416,200
-10,0,779,104,8741,100
-10,0,5886,-837,3634,-800
-10,0,9254,-767,6170,-800
-10,0,5008,-799,416,-800
-10,0,1553,-844,9775,-900
-10,0,2902,-746,2522,-700
-10,0,9377,739,143,700
-10,0,1648,508,1488,500
-10,0,7584,-472,5552,-500
-10,0,6786,-697,6350,-700
-10,0,9816,-816,3320,-800
-10,0,8532,201,4604,200
-10,0,4425,-622,5095,-600
-10,0,268,-588,9252,-600
-10,0,6937,-867,295,-900
-10,0,5192,865,7944,900
-10,0,1467,-369,3957,-400
-10,0,8636,806,4500,800
-10,0,8012,565,3316,600
-10,0,2802,849,6718,800
-10,0,3055,737,2369,700
-10,0,2170,-889,5062,-900
-10,0,9607,-255,9913,-300
-10,0,6321,-604,911,-600
-10,0,3823,736,9313,800
-10,0,7300,826,9932,800
-10,0,9470,328,50,300
-10,0,2666,470,8662,500
-10,0,9633,-94,9887,-100
-10,0,7278,189,5858,200
-10,0,6966,-8,6170,0
-10,0,6147,-728,1085,-700
-10,0,5254,966,170,900
-10,0,386,344,6846,300
-10,0,8971,999,4165,900
-10,10,5157,596,2075,600
-10,10,9087,752,6337,700
-10,10,9944,-292,9576,-300
-10,10,6852,-701,6284,-700
-10,10,845,479,6387,500
-10,10,118,643,7114,700
-10,10,9053,-476,467,-500
-10,10,8876,362,6548,400
-10,10,4602,-81,8534,-100
-10,10,6637,-264,6499,-200
-10,10,6909,-126,6227,-100
-10,10,2080,-333,9248,-300
-10,10,4959,926,8177,900
-10,10,5954,238,3566,200
-10,10,6406,-347,3114,-400
-10,10,9858,649,3278,600
-10,10,6252,154,3268,200
-10,10,2156,826,3268,800
-10,10,8420,617,1100,600
-10,10,4813,71,8323,100
-10,10,4285,-493,2947,-500
-10,10,8126,498,3202,500
-10,10,2202,209,9126,200
-10,10,318,282,6914,300
-10,10,9333,982,7899,900
-10,10,765,-172,4659,-200
-10,10,670,-814,658,-800
-10,10,599,254,729,200
-10,10,1693,831,5539,800
-10,10,5645,561,9779,600
-10,10,5287,-228,7849,-200
-10,10,6389,92,3131,100
-10,10,610,263,8910,300
-10,10,2608,977,528,900
-10,10,5718,627,3802,600
-10,10,7818,-507,1702,-500
-10,10,8314,127,8918,100
-10,10,3542,783,9594,800
-10,10,4047,-867,1377,-900
-10,10,9446,970,74,900
-10,10,4835,-594,2397,-600
-10,10,7760,-469,1760,-500
-10,10,6292,72,3228,100
-10,10,2748,-226,8580,-200
-10,10,333,-294,5091,-300
-10,10,2518,-978,7002,-1000
-10,10,9067,898,4069,900
-10,10,3581,-246,7747,-200
-10,10,4916,650,8220,700
-10,10,3779,-110,9357,-100
-10,10,6863,-79,4465,-100
-10,10,3855,200,1569,200
-10,10,7428,484,7996,500
-10,10,2004,310,3420,300
-10,10,5030,-830,8106,-800
-10,10,1740,539,1396,500
-10,10,667,-145,661,-200
-10,10,7874,-654,1646,-600
-10,10,6398,172,6738,100
-10,10,795,-123,6437,-100
-10,10,1801,490,7719,500
-10,10,5377,43,47,0
-10,10,8025,255,3303,200
-10,10,330,603,6902,600
-10,10,6442,543,6694,600
-10,10,7168,-541,5968,-500
-10,10,9371,205,149,200
-10,10,2931,-493,205,-400
-10,10,4,451,7228,400
-10,10,4118,-853,1306,-800
-10,10,1002,-703,8518,-700
-10,10,2998,-618,8330,-600
-10,10,331,-970,9189,-1000
-10,10,1862,-816,9466,-800
-10,10,9831,840,3305,900
-10,10,2163,864,3261,900
-10,10,6176,-551,6960,-600
-10,10,3425,-871,6095,-900
-10,10,1053,687,6179,700
-10,10,2411,54,725,0
-10,10,9602,380,1726,400
-10,10,4937,102,6391,100
-10,10,8864,733,656,800
-10,10,4157,377,5363,400
-10,10,6489,656,743,700
-10,10,8599,94,2729,100
-10,10,3269,133,2155,100
-10,10,6110,248,3410,300
-10,10,8930,449,4206,400
-10,10,872,664,2264,600
-10,10,1359,780,9969,800
-10,10,1369,798,4055,800
-10,10,3134,918,2,900
-10,10,52,773,7180,800
-10,10,7692,-178,1828,-100
-10,10,4980,869,8156,900
-10,10,4206,726,5314,700
-10,10,5710,-586,7426,-600
-10,10,9684,580,7548,600
-10,10,6346,-471,3174,-400
-10,20,69,667,9451,600
-10,20,9536,12,5888,0
-10,20,4395,450,2837,400
-10,20,2426,841,8902,800
-10,20,6806,533,8618,500
-10,20,5650,66,3870,0
-10,20,6989,373,2531,400
-10,20,6582,-463,2938,-500
-10,20,2279,-842,4953,-800
-10,20,5891,-8,1341,0
-10,20,7626,-6,7798,100
-10,20,9291,-135,2037,0
-10,20,9138,-493,382,-500
-10,20,2362,21,3062,-100
-10,20,2765,-946,6755,-900
-10,20,1577,-354,7943,-400
-10,20,12,-193,5411,-200
-10,20,9064,468,456,500
-10,20,1827,-789,7693,-800
-10,20,2467,-588,4765,-500
-10,20,2261,115,4971,0
-10,20,6155,498,1077,400
-10,20,5857,-637,7279,-700
-10,20,8892,-393,628,-400
-10,20,4368,431,8768,400
-10,20,6374,-832,3146,-800
-10,20,7312,-457,2208,-400
-10,20,5309,-135,7827,-200
-10,20,7307,-796,2213,-900
-10,20,2046,945,3377,800
-10,20,2783,357,2641,400
-10,20,3714,963,9422,900
-10,20,3934,553,7394,600
-10,20,6714,-637,2806,-600
-10,20,7371,-432,3957,-600
-10,20,1736,9,7784,0
-10,20,7135,282,6001,300
-10,20,8106,335,9126,400
-10,20,7849,-708,9383,-900
-10,20,2317,506,7203,500
-10,20,5783,978,9641,900
-10,20,4559,-24,865,0
-10,20,6282,-452,6854,-500
-10,20,6220,10,6916,0
-10,20,2196,180,7324,200
-10,20,9173,-196,2155,-100
-10,20,990,420,338,300
-10,20,5083,302,8053,300
-10,20,1765,-220,9563,-300
-10,20,1814,583,3610,500
-10,20,3085,-864,2339,-900
-10,20,7877,-687,7547,-800
-10,20,6698,-651,8726,-700
-10,20,8559,865,961,800
-10,20,9116,690,6308,700
-10,20,6717,353,6419,300
-10,20,210,630,2929,600
-10,20,1255,-736,8265,-700
-10,20,4931,-766,6397,-800
-10,20,5189,85,7947,100
-10,20,1418,197,8102,200
-10,20,8719,796,2609,800
-10,20,8423,58,8809,0
-10,20,4519,-754,8617,-800
-10,20,8035,264,3293,200
-10,20,1592,345,7928,400
-10,20,6870,203,8554,400
-10,20,9574,170,3562,100
-10,20,5951,225,1281,100
-10,20,1724,-92,5508,-100
-10,20,7991,-763,5145,-800
-10,20,3475,886,9661,800
-10,20,9931,-805,1397,-800
-10,20,4500,642,924,700
-10,20,3961,-376,7367,-300
-10,20,6420,716,3100,700
-10,20,3227,-725,8101,-700
-10,20,7284,940,2236,900
-10,20,5792,-334,7344,-400
-10,20,8173,927,3155,900
-10,20,1861,76,5371,100
-10,20,3455,685,7873,700
-10,20,9358,884,7874,800
-10,20,1942,-874,5290,-800
-10,20,4261,-415,5259,-400
-10,20,4819,-409,8317,-400
-10,20,8708,-716,2620,-700
-10,20,7269,399,4059,500
-10,20,9233,-765,287,-700
-10,20,6199,16,6937,0
-10,20,1082,-793,2054,-700
-10,20,9713,-26,1615,0
-10,20,8823,-475,2505,-400
-10,20,2619,272,8709,300
-10,20,6190,405,9234,400
-10,20,8643,-186,4493,-300
-10,20,9002,468,8230,400
-10,20,4674,-475,750,-400
-10,20,5278,738,7858,800
-10,20,5529,-128,5799,-200
-10,30,172,-209,1131,900
-10,30,4713,-162,1131,900
-10,30,6856,-192,4471,100
-10,30,6184,913,1131,900
-10,30,1306,-821,1131,900
-10,30,3072,57,1131,900
-10,30,4650,127,1131,900
-10,30,9233,609,1131,900
-10,30,3076,-807,1131,900
-10,30,7204,-458,1131,900
-10,30,8738,810,1131,900
-10,30,1724,17,1131,900
-10,30,7046,-100,1131,900
-10,30,9325,-163,1131,900
-10,30,1652,345,1131,900
-10,30,6313,-13,1131,900
-10,30,1118,-509,1131,900
-10,30,9725,881,1131,900
-10,30,8171,-437,1131,900
-10,30,43,-226,1131,900
-10,30,7767,603,9465,700
-10,30,6382,-269,1131,900
-10,30,3248,-603,1131,900
-10,30,2620,164,1131,900
-10,30,9710,-429,1131,900
-10,30,3338,755,1131,900
-10,30,3824,-355,5695,-500
-10,30,6693,25,4635,100
-10,30,9361,282,1131,900
-10,30,3704,-934,1131,900
-10,30,3925,-501,5227,900
-10,30,4776,-309,1131,900
-10,30,6668,353,1131,900
-10,30,8302,-414,1131,900
-10,30,110,-573,1131,900
-10,30,734,-569,1131,900
-10,30,5317,-183,1131,900
-10,30,1347,293,1131,900
-10,30,6524,241,5227,900
-10,30,2585,682,1131,900
-10,30,8875,70,1131,900
-10,30,9286,-831,1131,900
-10,30,95,146,1131,900
-10,30,6411,-626,1131,900
-10,30,4051,209,1131,900
-10,30,3642,-687,1131,900
-10,30,4509,-91,1131,900
-10,30,4296,132,1131,900
-10,30,8230,208,1131,900
-10,30,205,-121,2930,200
-10,30,5934,278,5227,900
-10,30,4918,-956,1131,900
-10,30,9530,-812,1131,900
-10,30,7933,839,1131,900
-10,30,8562,-364,1131,900
-10,30,9922,-847,1131,900
-10,30,8388,128,1131,900
-10,30,7601,584,1131,900
-10,30,2382,170,1131,900
-10,30,6955,249,1131,900
-10,30,1070,645,1131,900
-10,30,4010,956,1131,900
-10,30,5869,-350,1131,900
-10,30,1905,420,1131,900
-10,30,8269,-106,1131,900
-10,30,4049,269,1131,900
-10,30,5622,-165,1611,0
-10,30,5008,-57,5227,900
-10,30,3065,575,5227,900
-10,30,216,177,1131,900
-10,30,7220,79,1131,900
-10,30,5499,911,1131,900
-10,30,2263,851,1131,900
-10,30,8383,893,1131,900
-10,30,150,-479,1131,900
-10,30,4377,-626,1047,-500
-10,30,6557,-479,1131,900
-10,30,5993,181,1131,900
-10,30,7194,349,1131,900
-10,30,1276,-227,1131,900
-10,30,972,-949,5227,900
-10,30,4602,345,1131,900
-10,30,8997,814,8233,900
-10,30,1995,921,1131,900
-10,30,7676,-326,1131,900
-10,30,3542,-162,5227,900
-10,30,2991,750,1131,900
-10,30,4883,537,1131,900
-10,30,3546,-355,1131,900
-10,30,7241,387,1131,900
-10,30,519,-147,1131,900
-10,30,2389,113,1131,900
-10,30,8279,-19,1131,900
-10,30,5993,-776,1131,900
-10,30,344,229,5227,900
-10,30,2408,-128,1131,900
-10,30,7409,373,1131,900
-10,30,2014,979,1131,900
-10,30,1022,478,1131,900
-10,30,3941,662,1131,900
-10,40,6029,814,1131,900
-10,40,2021,676,1131,900
-10,40,1986,335,1131,900
-10,40,6828,-39,1131,900
-10,40,3005,756,1131,900
-10,40,4090,-919,1131,900
-10,40,2549,81,1131,900
-10,40,5225,-204,1131,900
-10,40,4994,-429,1131,900
-10,40,3927,247,1131,900
-10,40,941,-193,1131,900
-10,40,8986,-150,1131,900
-10,40,2104,-560,1131,900
-10,40,1883,-671,1131,900
-10,40,2667,-987,1131,900
-10,40,4275,-919,1131,900
-10,40,3192,-54,1131,900
-10,40,2111,836,1131,900
-10,40,7832,920,1131,900
-10,40,2172,191,1131,900
-10,40,7212,-969,1131,900
-10,40,6437,-950,1131,900
-10,40,8416,-763,1131,900
-10,40,9903,-991,1131,900
-10,40,3630,-709,1131,900
-10,40,9735,30,1131,900
-10,40,5477,371,1131,900
-10,40,7415,-607,1131,900
-10,40,3165,-662,1131,900
-10,40,4431,154,1131,900
-10,40,3575,-274,1131,900
-10,40,9622,-205,1131,900
-10,40,6633,11,1131,900
-10,40,8962,666,1131,900
-10,40,585,-908,1131,900
-10,40,1171,-777,1131,900
-10,40,9416,-46,1131,900
-10,40,4230,-574,1131,900
-10,40,9509,-892,1131,900
-10,40,2413,-87,1131,900
-10,40,2338,-990,1131,900
-10,40,235,128,1131,900
-10,40,4603,-987,1131,900
-10,40,3914,875,1131,900
-10,40,3820,-295,1131,900
-10,40,5426,-86,1131,900
-10,40,3195,-710,1131,900
-10,40,8853,800,1131,900
-10,40,1214,-916,1131,900
-10,40,5203,600,1131,900
-10,40,4518,-989,1131,900
-10,40,6746,621,1131,900
-10,40,7184,-117,1131,900
-10,40,9,700,1131,900
-10,40,1808,201,1131,900
-10,40,1405,816,1131,900
-10,40,9346,-159,1131,900
-10,40,4802,550,1131,900
-10,40,3804,-545,1131,900
-10,40,3318,704,1131,900
-10,40,638,-870,1131,900
-10,40,8020,-530,1131,900
-10,40,1539,-196,1131,900
-10,40,2369,911,1131,900
-10,40,3968,-214,1131,900
-10,40,5649,-560,1131,900
-10,40,8077,709,1131,900
-10,40,6656,669,1131,900
-10,40,4336,-174,1131,900
-10,40,5349,-747,1131,900
-10,40,5255,424,1131,900
-10,40,6464,-346,1131,900
-10,40,9509,83,1131,900
-10,40,6848,256,1131,900
-10,40,1151,475,1131,900
-10,40,5843,-503,1131,900
-10,40,6787,-524,1131,900
-10,40,7539,-24,1131,900
-10,40,7965,554,1131,900
-10,40,2086,226,1131,900
-10,40,8397,-288,1131,900
-10,40,3362,266,1131,900
-10,40,4979,-436,1131,900
-10,40,4608,675,1131,900
-10,40,4701,775,1131,900
-10,40,9872,-10,1131,900
-10,40,774,-69,1131,900
-10,40,3382,967,1131,900
-10,40,5482,90,1131,900
-10,40,3655,729,1131,900
-10,40,6685,-882,1131,900
-10,40,7452,876,1131,900
-10,40,3167,418,1131,900
-10,40,4134,-698,1131,900
-10,40,4256,971,1131,900
-10,40,7355,-711,1131,900
-10,40,5316,-386,1131,900
-10,40,6448,874,1131,900
-10,40,6877,-842,1131,900
-10,40,4791,123,1131,900
-10,50,7898,912,1131,900
-10,50,9366,-947,1131,900
-10,50,1344,536,1131,900
-10,50,9454,671,1131,900
-10,50,4368,501,1131,900
-10,50,3618,629,1131,900
-10,50,3912,-763,1131,900
-10,50,5844,-649,1131,900
-10,50,7599,655,1131,900
-10,50,1420,558,1131,900
-10,50,8771,-642,1131,900
-10,50,2760,-942,1131,900
-10,50,7952,686,1131,900
-10,50,1532,-44,1131,900
-10,50,6616,-594,1131,900
-10,50,2673,-784,1131,900
-10,50,7211,-436,1131,900
-10,50,2778,726,1131,900
-10,50,8861,-699,1131,900
-10,50,2495,-172,1131,900
-10,50,4915,-581,1131,900
-10,50,3045,29,1131,900
-10,50,4206,-653,1131,900
-10,50,9279,784,1131,900
-10,50,6518,772,1131,900
-10,50,8766,363,1131,900
-10,50,6957,-331,1131,900
-10,50,474,-478,1131,900
-10,50,7726,-985,1131,900
-10,50,332,197,1131,900
-10,50,2709,7,1131,900
-10,50,7765,631,1131,900
-10,50,9061,-261,1131,900
-10,50,5632,390,1131,900
-10,50,2874,404,1131,900
-10,50,9763,-656,1131,900
-10,50,6579,-906,1131,900
-10,50,6916,-843,1131,900
-10,50,6401,323,1131,900
-10,50,3093,379,1131,900
-10,50,5595,-363,1131,900
-10,50,822,-635,1131,900
-10,50,50,179,1131,900
-10,50,4821,-689,1131,900
-10,50,2146,125,1131,900
-10,50,4386,-66,1131,900
-10,50,193,536,1131,900
-10,50,7153,-123,1131,900
-10,50,1390,-80,1131,900
-10,50,202,194,1131,900
-10,50,7769,-703,1131,900
-10,50,7357,83,1131,900
-10,50,4893,-355,1131,900
-10,50,5848,571,1131,900
-10,50,9121,-577,1131,900
-10,50,9089,301,1131,900
-10,50,401,569,1131,900
-10,50,9517,-888,1131,900
-10,50,8806,77,1131,900
-10,50,4199,209,1131,900
-10,50,326,-19,1131,900
-10,50,7093,65,1131,900
-10,50,5465,-374,1131,900
-10,50,8992,-943,1131,900
-10,50,2735,-851,1131,900
-10,50,7322,-40,1131,900
-10,50,7260,586,1131,900
-10,50,9464,354,1131,900
-10,50,5041,568,1131,900
-10,50,8276,371,1131,900
-10,50,3405,110,1131,900
-10,50,7676,-793,1131,900
-10,50,345,-207,1131,900
-10,50,3869,260,1131,900
-10,50,4494,-127,1131,900
-10,50,5319,-514,1131,900
-10,50,1800,594,1131,900
-10,50,2593,-483,1131,900
-10,50,5261,-43,1131,900
-10,50,9929,476,1131,900
-10,50,8575,818,1131,900
-10,50,3039,-285,1131,900
-10,50,9567,240,1131,900
-10,50,321,-266,1131,900
-10,50,8674,-499,1131,900
-10,50,4205,721,1131,900
-10,50,2236,-353,1131,900
-10,50,99,436,1131,900
-10,50,4352,-519,1131,900
-10,50,3704,505,1131,900
-10,50,2893,-952,1131,900
-10,50,2506,720,1131,900
-10,50,2839,882,1131,900
-10,50,5889,43,1131,900
-10,50,3269,901,1131,900
-10,50,585,953,1131,900
-10,50,1420,-287,1131,900
-10,50,5432,-756,1131,900
-10,50,1352,-313,1131,900
-10,50,8813,-501,1131,900
0,-100,2122,-875,9206,-900
0,-100,8198,917,4938,900
0,-100,1944,145,9384,100
0,-100,6478,847,6658,900
0,-100,8213,658,4923,700
0,-100,2082,-598,3342,-600
0,-100,1093,-905,8427,-900
0,-100,729,821,2407,800
0,-100,9925,618,7307,600
0,-100,7953,217,9279,200
0,-100,9051,-442,4085,-400
0,-100,3567,283,9569,300
0,-100,5537,356,7599,400
0,-100,3917,-70,7411,-100
0,-100,919,370,8601,400
0,-100,9946,-531,1382,-500
0,-100,4996,220,8140,200
0,-100,4057,930,9079,900
0,-100,7348,-217,3980,-200
0,-100,7508,209,2012,200
0,-100,9872,-242,9648,-200
0,-100,1975,-114,7545,-100
0,-100,8323,873,1197,900
0,-100,7630,-828,1890,-800
0,-100,2972,578,6548,600
0,-100,7532,-518,3796,-500
0,-100,3858,-600,9278,-600
0,-100,6147,54,5181,100
0,-100,5599,142,3921,100
0,-100,1369,864,8151,900
0,-100,605,-905,2531,-900
0,-100,8636,541,6788,500
0,-100,4757,-660,8379,-700
0,-100,1957,554,9371,500
0,-100,2653,-23,6867,0
0,-100,6237,207,3283,200
0,-100,5507,911,5821,900
0,-100,6051,-406,3469,-400
0,-100,4972,-785,8164,-800
0,-100,6314,346,3206,300
0,-100,7959,-114,1561,-100
0,-100,8339,-127,2989,-100
0,-100,780,-169,6452,-200
0,-100,5050,-413,6278,-400
0,-100,3065,924,8263,900
0,-100,4493,778,931,800
0,-100,9470,-784,50,-800
0,-100,2936,988,6584,900
0,-100,1686,212,7834,200
0,-100,6321,-271,3199,-300
0,-100,8944,373,576,400
0,-100,3628,-320,5892,-300
0,-100,3679,536,5841,500
0,-100,2323,191,813,200
0,-100,3543,-171,3689,-200
0,-100,476,848,6756,800
0,-100,9933,-320,3203,-300
0,-100,9466,-196,1862,-200
0,-100,53,-456,7179,-500
0,-100,6113,-649,7023,-600
0,-100,8116,677,3212,700
0,-100,636,822,692,800
0,-100,7784,626,5352,600
0,-100,7818,756,5318,800
0,-100,7063,760,2457,800
0,-100,2757,490,8571,500
0,-100,2343,-200,7177,-200
0,-100,4922,504,8214,500
0,-100,2169,375,967,400
0,-100,3589,-857,1835,-900
0,-100,5389,-223,7747,-200
0,-100,2694,337,2730,300
0,-100,1180,-821,1956,-800
0,-100,270,195,9250,200
0,-100,4643,-697,8493,-700
0,-100,2005,63,9323,100
0,-100,2296,659,7224,700
0,-100,2833,50,8495,100
0,-100,5724,-835,5604,-800
0,-100,5181,342,4339,300
0,-100,6226,-575,5102,-600
0,-100,6059,-146,3461,-200
0,-100,8965,140,4171,100
0,-100,6832,-846,6304,-900
0,-100,3846,270,7482,300
0,-100,8101,809,5035,800
0,-100,3367,-963,9769,-1000
0,-100,5545,562,3975,600
0,-100,4463,-620,5057,-600
0,-100,2834,465,6686,500
0,-100,9300,762,2028,800
0,-100,1144,464,184,500
0,-100,8968,-250,552,-300
0,-100,2955,-106,8373,-100
0,-100,1363,-234,9965,-200
0,-100,4937,496,2295,500
0,-100,3574,447,9562,400
0,-100,20,-674,3116,-700
0,-100,3588,-997,7740,-1000
0,-100,848,-966,8672,-1000
0,-90,6651,-441,2869,-400
0,-90,4676,888,6652,900
0,-90,9599,-438,9921,-400
0,-90,4603,541,4917,500
0,-90,8068,744,3260,700
0,-90,3390,-269,7938,-300
0,-90,3090,-223,8238,-200
0,-90,1083,-429,2053,-400
0,-90,2461,-744,675,-700
0,-90,6815,681,6321,700
0,-90,8381,853,1139,800
0,-90,9160,293,360,300
0,-90,2084,77,3340,100
0,-90,5421,-603,3,-600
0,-90,3970,-856,5550,-900
0,-90,6943,765,6193,800
0,-90,3775,795,5745,800
0,-90,6120,-222,7016,-200
0,-90,3758,408,9378,400
0,-90,4722,-329,702,-300
0,-90,5067,894,357,900
0,-90,7909,-339,1611,-300
0,-90,3777,627,3455,600
0,-90,4607,-882,8529,-900
0,-90,6429,872,3091,900
0,-90,6443,-865,4885,-900
0,-90,600,476,8920,500
0,-90,137,-970,1191,-1000
0,-90,4368,114,5152,100
0,-90,4288,458,2944,500
0,-90,2831,878,8497,900
0,-90,96,612,7136,600
0,-90,9074,-883,446,-900
0,-90,7493,954,3835,900
0,-90,745,-57,6487,-100
0,-90,1944,-883,9384,-900
0,-90,9330,-299,6094,-300
0,-90,422,537,906,500
0,-90,4754,-472,8382,-500
0,-90,4596,-726,2636,-700
0,-90,2656,-421,8672,-400
0,-90,9063,-745,2265,-700
0,-90,4371,544,6957,500
0,-90,9010,-585,2318,-600
0,-90,3144,-946,6376,-900
0,-90,6929,963,2591,900
0,-90,8363,726,7061,700
0,-90,9183,695,337,700
0,-90,8285,455,1235,500
0,-90,1876,-953,5356,-1000
0,-90,1380,166,9948,200
0,-90,678,-578,8842,-600
0,-90,7773,-269,1747,-300
0,-90,2795,-4,341,0
0,-90,2831,-843,2593,-800
0,-90,3172,-84,9964,-100
0,-90,4632,504,792,500
0,-90,6674,-111,6462,-100
0,-90,3371,197,2053,200
0,-90,798,-963,6434,-1000
0,-90,4688,563,8448,600
0,-90,701,334,2435,300
0,-90,5354,527,70,500
0,-90,9415,-372,1913,-400
0,-90,7941,-4,3387,0
0,-90,9989,-724,3147,-700
0,-90,410,649,6822,600
0,-90,6697,-934,4631,-900
0,-90,7428,-914,2092,-900
0,-90,8439,253,2889,300
0,-90,8678,53,8554,100
0,-90,346,996,982,900
0,-90,4970,746,454,700
0,-90,3346,856,6174,900
0,-90,7163,-386,2357,-400
0,-90,1139,-563,1997,-600
0,-90,9050,871,4086,900
0,-90,4970,470,4550,500
0,-90,8694,-783,2634,-800
0,-90,1115,-485,2021,-500
0,-90,4462,-667,5058,-700
0,-90,1027,77,8493,100
0,-90,3597,954,9539,900
0,-90,4598,-353,8538,-300
0,-90,8823,-598,4313,-600
0,-90,2570,-68,8758,-100
0,-90,7990,-747,5146,-700
0,-90,4724,963,4796,900
0,-90,2163,-915,7357,-900
0,-90,7974,-937,1546,-900
0,-90,7165,-505,5971,-500
0,-90,4658,350,4862,400
0,-90,3055,-580,8273,-600
0,-90,235,128,9285,100
0,-90,7839,412,9393,400
0,-90,8927,712,593,700
0,-90,2555,-457,6965,-500
0,-90,1522,744,1614,700
0,-90,3016,-762,6504,-800
0,-90,7145,-125,5991,-100
0,-80,901,432,427,400
0,-80,6625,-800,4703,-800
0,-80,2485,-149,7035,-200
0,-80,8917,-402,8315,-400
0,-80,7674,-257,5462,-300
0,-80,2586,-464,550,-500
0,-80,9436,-429,84,-400
0,-80,8037,-784,1483,-800
0,-80,9138,-770,8094,-800
0,-80,7641,641,5495,600
0,-80,7681,437,5455,400
0,-80,4714,-653,8422,-700
0,-80,5663,327,3857,300
0,-80,109,768,9411,800
0,-80,4534,-317,8602,-300
0,-80,5673,-88,5655,-100
0,-80,9793,-399,1535,-400
0,-80,4196,-865,8940,-900
0,-80,2933,81,4299,100
0,-80,4906,-747,6422,-700
0,-80,4209,346,3023,300
0,-80,4959,-58,6369,-100
0,-80,4586,559,6742,600
0,-80,8160,-995,1360,-1000
0,-80,8031,-116,5105,-100
0,-80,7641,800,3687,800
0,-80,3682,-673,1742,-700
0,-80,8292,863,7132,900
0,-80,1923,-733,7597,-700
0,-80,1836,599,7684,600
0,-80,7337,-326,8087,-300
0,-80,232,-639,1096,-600
0,-80,9707,709,7525,700
0,-80,9316,922,204,900
0,-80,3466,529,3766,500
0,-80,6370,-571,3150,-600
0,-80,1511,-445,3913,-400
0,-80,466,-45,862,0
0,-80,8524,792,996,800
0,-80,7461,453,3867,500
0,-80,9507,824,1821,800
0,-80,394,592,2742,600
0,-80,6549,65,2971,100
0,-80,9275,-576,3861,-600
0,-80,2665,-982,8663,-1000
0,-80,6340,336,6796,400
0,-80,6440,-756,6696,-800
0,-80,8911,-982,609,-1000
0,-80,5768,-483,3752,-500
0,-80,7715,-427,3613,-400
0,-80,2895,149,6625,200
0,-80,8688,-457,8544,-400
0,-80,2409,55,8919,0
0,-80,4518,-125,6810,-100
0,-80,5213,-211,7923,-200
0,-80,3322,-201,9814,-200
0,-80,4472,-399,6856,-400
0,-80,1833,-466,3591,-500
0,-80,7879,414,3449,400
0,-80,9108,167,4028,200
0,-80,4705,318,4815,300
0,-80,9270,-129,3866,-100
0,-80,3711,-523,9425,-500
0,-80,580,869,748,900
0,-80,1803,-590,3621,-600
0,-80,6571,-34,6565,0
0,-80,8388,-284,1132,-300
0,-80,8258,437,3070,400
0,-80,8245,919,7179,900
0,-80,4156,-64,8980,-100
0,-80,6380,637,6756,600
0,-80,8747,525,6677,500
0,-80,6378,-602,4950,-600
0,-80,7639,175,1881,200
0,-80,4982,3,6346,0
0,-80,4685,318,8451,300
0,-80,2072,349,7448,400
0,-80,677,-921,651,-900
0,-80,8205,-208,3123,-200
0,-80,6355,-130,6781,-100
0,-80,6316,-876,3204,-900
0,-80,4922,-722,8214,-700
0,-80,845,-919,2291,-900
0,-80,5523,8,9901,0
0,-80,2418,-160,8910,-200
0,-80,7744,-60,5392,-100
0,-80,8197,812,1323,800
0,-80,3994,-262,7334,-300
0,-80,4380,-771,1044,-800
0,-80,8593,364,4543,400
0,-80,2094,827,3330,800
0,-80,7637,-968,5499,-1000
0,-80,5067,-602,8069,-600
0,-80,3838,140,5682,100
0,-80,2967,39,6553,0
0,-80,1958,930,7562,900
0,-80,6487,-275,3033,-300
0,-80,2093,248,7427,200
0,-80,2675,-208,6845,-200
0,-80,1290,-280,38,-300
0,-70,8903,892,617,900
0,-70,1612,-641,7908,-700
0,-70,6922,-812,6214,-800
0,-70,2572,314,6948,300
0,-70,9166,542,354,500
0,-70,5420,656,5908,700
0,-70,5485,527,7651,500
0,-70,6495,865,3025,900
0,-70,3693,-294,5827,-300
0,-70,2795,215,2629,200
0,-70,6890,15,6246,0
0,-70,6694,475,6442,500
0,-70,8139,627,9093,600
0,-70,2124,443,9204,400
0,-70,4769,328,2463,300
0,-70,9846,-198,1482,-200
0,-70,335,978,993,900
0,-70,7786,956,1734,900
0,-70,1065,-731,2071,-700
0,-70,800,225,6432,200
0,-70,2192,-211,944,-200
0,-70,1536,503,7984,500
0,-70,4403,-502,8733,-500
0,-70,9088,394,432,400
0,-70,6535,-544,4793,-600
0,-70,5900,-826,5428,-800
0,-70,6576,-668,8848,-700
0,-70,9071,-127,449,-100
0,-70,8399,846,4737,900
0,-70,7517,-325,5619,-300
0,-70,9921,248,7311,200
0,-70,8446,762,1074,800
0,-70,9497,-503,1831,-500
0,-70,9870,-621,7362,-600
0,-70,2412,741,724,700
0,-70,4251,7,8885,0
0,-70,2285,-510,7235,-500
0,-70,2906,736,6614,700
0,-70,7950,-801,1570,-800
0,-70,4235,-639,8901,-600
0,-70,8856,-953,664,-900
0,-70,5509,390,4011,400
0,-70,8933,-193,2395,-200
0,-70,2460,-530,8868,-500
0,-70,3516,74,1908,100
0,-70,4073,885,7255,900
0,-70,5421,-181,3,-200
0,-70,9646,-707,1682,-700
0,-70,9376,-774,144,-800
0,-70,1783,-482,9545,-500
0,-70,8986,11,534,0
0,-70,7702,342,7722,300
0,-70,9792,72,1536,100
0,-70,5317,-611,7819,-600
0,-70,846,736,482,700
0,-70,159,95,7073,100
0,-70,1427,-985,3997,-1000
0,-70,3433,-829,9703,-800
0,-70,8350,-643,4786,-600
0,-70,1053,989,275,900
0,-70,6664,-100,6472,-100
0,-70,7084,140,2436,100
0,-70,172,535,1156,500
0,-70,5790,-180,5538,-200
0,-70,4361,455,6967,500
0,-70,9761,846,3375,800
0,-70,1775,756,9553,800
0,-70,2973,-549,8355,-600
0,-70,6646,-618,2874,-600
0,-70,6628,907,4700,900
0,-70,7957,-273,1563,-300
0,-70,4929,562,8207,600
0,-70,1090,799,238,800
0,-70,9022,-28,498,0
0,-70,2503,478,633,500
0,-70,4784,536,4736,500
0,-70,447,-206,9073,-200
0,-70,7946,429,3382,400
0,-70,6298,-969,9126,-1000
0,-70,5486,-295,7650,-300
0,-70,7625,433,7799,400
0,-70,4903,-763,6425,-800
0,-70,8251,629,3077,600
0,-70,7575,448,1945,400
0,-70,8094,308,3234,300
0,-70,7634,539,1886,500
0,-70,9761,20,1567,0
0,-70,3537,746,5983,700
0,-70,2132,560,3292,600
0,-70,6066,-997,7070,-1000
0,-70,5114,-185,4406,-200
0,-70,1598,-998,9730,-1000
0,-70,5582,178,3938,200
0,-70,3757,586,5763,600
0,-70,2433,854,7087,900
0,-70,1645,-498,9683,-500
0,-70,5148,-258,4372,-300
0,-70,8872,891,648,900
0,-70,7401,-169,9831,-200
0,-70,8375,636,2953,600
0,-60,4121,85,5399,100
0,-60,3781,-881,7547,-900
0,-60,1595,688,7925,700
0,-60,4075,269,9061,300
0,-60,3400,-543,6120,-600
0,-60,537,957,8983,900
0,-60,1350,-313,9978,-300
0,-60,7740,-432,3588,-400
0,-60,4016,666,7312,700
0,-60,1751,731,7769,700
0,-60,9769,-601,9751,-600
0,-60,6730,9,6406,0
0,-60,3582,885,7746,900
0,-60,465,424,6767,400
0,-60,3945,167,9191,200
0,-60,1846,811,7674,800
0,-60,6457,-853,6679,-800
0,-60,8713,-352,807,-400
0,-60,3888,-612,1536,-600
0,-60,9265,-603,7967,-600
0,-60,2053,-264,7467,-300
0,-60,5217,244,4303,200
0,-60,4534,650,8602,700
0,-60,256,675,6976,700
0,-60,2663,718,2761,700
0,-60,2138,961,5094,900
0,-60,8941,437,2387,400
0,-60,4577,743,8559,700
0,-60,9294,966,226,900
0,-60,2260,-473,7260,-500
0,-60,9905,519,9615,500
0,-60,285,-284,1043,-300
0,-60,1798,-749,1338,-700
0,-60,3154,110,4078,100
0,-60,3512,-923,9624,-900
0,-60,6582,-585,8842,-600
0,-60,4999,-30,8137,0
0,-60,3332,-224,9804,-200
0,-60,9652,-213,1676,-200
0,-60,3923,-413,7405,-400
0,-60,2115,886,9213,900
0,-60,1453,-117,1683,-100
0,-60,3586,558,9550,600
0,-60,4918,-225,8218,-200
0,-60,6160,747,5168,800
0,-60,7753,-473,1767,-500
0,-60,8510,-781,1010,-800
0,-60,4533,788,8603,800
0,-60,6544,-920,4784,-900
0,-60,8189,380,4947,400
0,-60,9000,-852,6424,-900
0,-60,8487,71,1033,100
0,-60,8053,994,5083,900
0,-60,3425,-164,9711,-200
0,-60,2657,-127,2767,-100
0,-60,2389,-347,7131,-300
0,-60,4664,836,8472,800
0,-60,9017,798,8215,800
0,-60,4493,649,8643,600
0,-60,8698,33,822,0
0,-60,8850,-836,2478,-800
0,-60,8330,-233,2998,-200
0,-60,6250,260,6886,300
0,-60,9619,-422,9901,-400
0,-60,1477,384,1659,400
0,-60,5382,145,7754,100
0,-60,5691,19,5637,0
0,-60,3142,-921,9994,-900
0,-60,5158,963,6170,900
0,-60,6245,-824,9179,-800
0,-60,9028,-769,2300,-800
0,-60,5720,915,3800,900
0,-60,3591,-74,9545,-100
0,-60,5004,-880,2228,-900
0,-60,1829,840,1307,800
0,-60,40,181,9480,200
0,-60,595,600,2541,600
0,-60,2229,-318,3195,-300
0,-60,9045,-202,2283,-200
0,-60,2495,-999,7025,-1000
0,-60,583,-827,8937,-800
0,-60,6723,-873,4605,-900
0,-60,3509,-195,1915,-200
0,-60,4921,-391,2311,-400
0,-60,3958,891,7370,900
0,-60,5235,802,7901,800
0,-60,4836,-383,8300,-400
0,-60,2521,-259,8807,-300
0,-60,6624,962,6512,900
0,-60,3690,-741,5830,-700
0,-60,2166,-29,9162,0
0,-60,9323,67,6101,100
0,-60,5775,-935,5553,-900
0,-60,2595,-167,8733,-200
0,-60,7341,-176,8083,-200
0,-60,8518,404,1002,400
0,-60,3800,-329,7528,-300
0,-60,2379,563,757,600
0,-60,9590,-651,7642,-700
0,-60,5536,-578,9888,-600
0,-50,7386,-678,2134,-700
0,-50,2738,-488,2686,-500
0,-50,9502,-962,7730,-1000
0,-50,1585,-212,9743,-200
0,-50,7031,107,201,100
0,-50,8609,-242,2719,-200
0,-50,8983,-528,4153,-500
0,-50,4947,-243,4573,-200
0,-50,9625,333,7607,300
0,-50,4889,-266,6439,-300
0,-50,3487,-352,6033,-400
0,-50,2037,-569,7483,-600
0,-50,249,184,6983,200
0,-50,5507,-423,7629,-400
0,-50,7721,-879,1799,-900
0,-50,6121,580,3399,600
0,-50,9265,-344,3871,-300
0,-50,7311,718,4017,700
0,-50,6450,567,3070,600
0,-50,314,-16,2822,0
0,-50,9599,304,1729,300
0,-50,7571,731,1949,700
0,-50,7528,343,5608,300
0,-50,1811,273,3613,300
0,-50,8841,643,8391,600
0,-50,3688,-13,5832,0
0,-50,6174,-318,5154,-300
0,-50,5877,-446,7259,-400
0,-50,1854,502,3570,500
0,-50,3424,706,3808,700
0,-50,9973,751,7259,800
0,-50,9276,-986,2052,-1000
0,-50,2484,68,7036,100
0,-50,7026,703,2494,700
0,-50,2187,269,9141,300
0,-50,2105,323,9223,300
0,-50,1185,474,143,500
0,-50,1748,-898,9580,-900
0,-50,8572,-171,948,-200
0,-50,2817,-741,319,-700
0,-50,4568,272,6760,300
0,-50,6232,936,3288,900
0,-50,2926,-570,8402,-600
0,-50,6331,-751,4997,-700
0,-50,1421,648,8099,600
0,-50,158,-497,2978,-500
0,-50,8514,-516,4622,-500
0,-50,1459,-398,8061,-400
0,-50,1939,-164,7581,-200
0,-50,8077,69,9155,100
0,-50,6313,-549,3207,-600
0,-50,7395,-871,9837,-900
0,-50,56,377,3080,400
0,-50,1170,275,1966,300
0,-50,2982,600,2442,600
0,-50,1424,-681,4000,-700
0,-50,2215,15,9113,0
0,-50,2426,286,7094,300
0,-50,4376,159,6952,200
0,-50,2668,789,2756,800
0,-50,9553,244,7679,200
0,-50,2418,-179,3006,-200
0,-50,5241,-402,6087,-400
0,-50,7475,517,5661,500
0,-50,3369,-950,7959,-1000
0,-50,6694,-876,538,-900
0,-50,9372,391,1956,400
0,-50,3427,-518,9709,-500
0,-50,2584,306,552,300
0,-50,2967,-275,2457,-300
0,-50,142,-316,1186,-300
0,-50,8030,5,5106,0
0,-50,8735,322,785,300
0,-50,551,-724,6681,-700
0,-50,8970,-925,550,-900
0,-50,9148,-303,2180,-300
0,-50,8058,-286,5078,-300
0,-50,3268,-861,8060,-900
0,-50,7664,-203,1856,-200
0,-50,7417,975,9815,900
0,-50,820,772,8700,800
0,-50,3016,374,120,400
0,-50,3882,382,9254,400
0,-50,1915,-717,9413,-700
0,-50,1483,713,9845,700
0,-50,8462,501,1058,500
0,-50,6853,642,2667,600
0,-50,3198,-912,9938,-900
0,-50,80,140,3056,100
0,-50,1389,413,1747,400
0,-50,9274,-354,3862,-400
0,-50,2699,-578,6821,-600
0,-50,7478,-753,3850,-800
0,-50,5805,-289,9619,-300
0,-50,998,502,2138,500
0,-50,4556,507,2676,500
0,-50,7968,-815,5168,-800
0,-50,7794,-644,3534,-600
0,-50,2683,999,2741,900
0,-50,449,-966,879,-1000
0,-40,3817,46,1607,0
0,-40,7715,-95,9517,-100
0,-40,799,-42,8721,-100
0,-40,3012,766,8316,800
0,-40,7222,701,2298,700
0,-40,2299,-995,9029,-1000
0,-40,2967,446,169,400
0,-40,6011,-257,9413,-300
0,-40,683,194,645,200
0,-40,1032,-250,2104,-300
0,-40,3498,699,7830,700
0,-40,9612,-892,1716,-900
0,-40,7038,97,194,100
0,-40,922,634,406,600
0,-40,4648,-94,4872,-100
0,-40,9093,-752,4043,-800
0,-40,5641,-644,3879,-600
0,-40,1104,-197,2032,-200
0,-40,6542,-703,4786,-700
0,-40,4906,435,8230,400
0,-40,8584,53,2744,0
0,-40,1753,-625,3671,-600
0,-40,9864,553,7368,600
0,-40,9733,356,7499,400
0,-40,7347,819,3981,800
0,-40,8068,-914,1452,-900
0,-40,3924,-420,7404,-400
0,-40,8099,-371,1421,-400
0,-40,9603,-1000,9917,-1000
0,-40,2273,94,3151,100
0,-40,385,593,2751,600
0,-40,190,459,2946,400
0,-40,5880,459,3640,500
0,-40,4071,-203,7257,-200
0,-40,9682,-499,1646,-500
0,-40,890,480,8630,500
0,-40,4363,-533,8773,-500
0,-40,2756,550,2668,600
0,-40,3402,86,9734,100
0,-40,8448,527,2880,500
0,-40,9188,842,3948,800
0,-40,3322,-220,6198,-200
0,-40,9051,-204,8181,-200
0,-40,1882,-808,7638,-800
0,-40,5262,46,7874,0
0,-40,1390,-56,8130,-100
0,-40,3505,-934,9631,-900
0,-40,3515,137,7813,100
0,-40,5759,438,1473,400
0,-40,2973,-561,6547,-600
0,-40,9340,535,3796,500
0,-40,4488,653,8648,700
0,-40,9138,-896,2190,-900
0,-40,7939,648,3389,600
0,-40,9284,82,6140,100
0,-40,159,-180,2977,-200
0,-40,6040,527,5288,500
0,-40,5773,549,5555,500
0,-40,9105,-502,415,-500
0,-40,6332,113,6804,100
0,-40,9634,945,9886,900
0,-40,7281,-42,2239,0
0,-40,2044,-625,7476,-600
0,-40,9418,-658,1910,-700
0,-40,1087,-189,241,-200
0,-40,6746,-75,4582,-100
0,-40,407,-421,2729,-400
0,-40,6539,-614,4789,-600
0,-40,7110,48,4218,0
0,-40,7864,-32,5272,0
0,-40,1861,-364,1275,-400
0,-40,1675,-322,1461,-300
0,-40,4089,518,5431,500
0,-40,7973,-19,3355,0
0,-40,1128,821,200,800
0,-40,6503,175,6633,200
0,-40,393,-626,2743,-600
0,-40,7937,575,9295,600
0,-40,6936,600,2584,600
0,-40,190,86,2946,100
0,-40,8163,-147,1357,-200
0,-40,2124,613,9204,600
0,-40,1627,-147,9701,-100
0,-40,1665,-364,1471,-400
0,-40,4408,-355,8728,-400
0,-40,822,238,4602,200
0,-40,7189,718,8235,700
0,-40,157,-687,2979,-700
0,-40,3387,-843,9749,-800
0,-40,6682,441,6454,400
0,-40,7836,-293,3492,-300
0,-40,1669,79,7851,100
0,-40,1331,5,9997,0
0,-40,7033,-206,4295,-200
0,-40,2902,-735,2522,-700
0,-40,4360,436,6968,400
0,-40,5523,-719,7613,-700
0,-40,6088,-41,3432,0
0,-40,5169,-208,7967,-200
0,-40,4031,-162,1393,-200
0,-30,5625,-308,5703,-300
0,-30,4358,226,6970,200
0,-30,4882,-235,4638,-200
0,-30,6986,830,6150,800
0,-30,3897,219,9239,200
0,-30,2587,758,2837,800
0,-30,4754,-794,8382,-800
0,-30,661,-175,2475,-200
0,-30,1079,568,2057,600
0,-30,9398,-862,6026,-900
0,-30,9564,-137,1764,-100
0,-30,3740,-345,9396,-400
0,-30,7478,341,5658,300
0,-30,5380,852,5948,800
0,-30,4323,-697,8813,-700
0,-30,8974,307,546,300
0,-30,8623,-829,4513,-800
0,-30,4466,414,5054,400
0,-30,2895,237,6625,200
0,-30,3413,-792,9723,-800
0,-30,4583,-796,4937,-800
0,-30,9839,-678,7393,-700
0,-30,9559,-516,1769,-500
0,-30,5028,892,6300,900
0,-30,3875,-735,5645,-700
0,-30,6866,944,8558,900
0,-30,5927,-963,7209,-1000
0,-30,4769,-210,6559,-200
0,-30,8870,641,8362,600
0,-30,2155,-860,9173,-900
0,-30,3804,-883,5716,-900
0,-30,236,50,2900,100
0,-30,4074,-683,7254,-700
0,-30,3943,269,9193,300
0,-30,756,-356,572,-400
0,-30,9427,-241,93,-200
0,-30,6542,917,4786,900
0,-30,3709,117,5811,100
0,-30,2963,368,6557,400
0,-30,8217,96,7207,100
0,-30,312,254,2824,300
0,-30,718,480,610,500
0,-30,8707,-142,4429,-100
0,-30,9928,-468,1400,-500
0,-30,4773,384,8363,400
0,-30,7912,23,3416,0
0,-30,6380,-340,6756,-300
0,-30,7189,-693,2331,-700
0,-30,8877,157,643,200
0,-30,7619,863,3709,900
0,-30,6315,-335,6821,-300
0,-30,6376,-726,6760,-700
0,-30,9613,-663,1715,-700
0,-30,4227,45,8909,100
0,-30,1028,680,300,700
0,-30,9327,486,6097,500
0,-30,742,-377,8778,-400
0,-30,7894,-108,1626,-100
0,-30,2908,-604,8420,-600
0,-30,4014,3,7314,0
0,-30,9657,-817,1671,-800
0,-30,2630,544,506,500
0,-30,4525,-114,4995,-100
0,-30,8681,748,8551,700
0,-30,2281,181,7239,200
0,-30,7117,545,2403,500
0,-30,5408,-361,7728,-400
0,-30,8308,-427,1212,-400
0,-30,3533,-973,9603,-1000
0,-30,2214,222,7306,200
0,-30,8969,-376,2359,-400
0,-30,2979,-277,6541,-300
0,-30,8408,217,4728,200
0,-30,3190,-546,6330,-500
0,-30,190,576,1138,600
0,-30,3372,508,9764,500
0,-30,1462,-714,8058,-700
0,-30,3481,-885,6039,-900
0,-30,4836,-616,6492,-600
0,-30,931,643,6301,600
0,-30,9523,-454,1805,-500
0,-30,188,92,9332,100
0,-30,5503,790,5825,800
0,-30,4508,-195,6820,-200
0,-30,7032,-678,200,-700
0,-30,1487,326,3937,300
0,-30,6301,-751,6835,-700
0,-30,750,871,2386,900
0,-30,2488,-346,8840,-300
0,-30,8752,188,4384,200
0,-30,7701,746,9531,700
0,-30,1850,136,9478,100
0,-30,9483,608,37,600
0,-30,1505,561,8015,600
0,-30,3154,-474,6366,-500
0,-30,6382,-856,6754,-900
0,-30,9081,7,2247,0
0,-30,8776,-144,8456,-200
0,-30,4963,-776,8173,-800
0,-30,8192,152,3136,200
0,-20,7190,621,8234,600
0,-20,1008,189,8512,200
0,-20,9078,-800,8154,-800
0,-20,9483,-570,7749,-600
0,-20,6192,242,9232,200
0,-20,8390,-822,1130,-800
0,-20,9043,13,2285,0
0,-20,8750,-181,2578,-200
0,-20,8213,-75,4923,-100
0,-20,2332,114,3092,100
0,-20,6942,96,4386,100
0,-20,8245,603,7179,600
0,-20,2440,472,8888,500
0,-20,9682,706,3454,700
0,-20,6635,-429,4693,-400
0,-20,1407,-768,5825,-800
0,-20,7703,983,9529,900
0,-20,6263,168,3257,200
0,-20,1801,-238,9527,-200
0,-20,8217,2,3111,0
0,-20,1720,96,7800,100
0,-20,7126,-142,106,-100
0,-20,6100,699,3420,700
0,-20,8565,-380,8667,-400
0,-20,5179,-440,6149,-400
0,-20,5859,89,7277,100
0,-20,5659,-86,9765,-100
0,-20,438,-725,6794,-700
0,-20,313,-777,1015,-800
0,-20,9018,82,2310,100
0,-20,4331,-295,8805,-300
0,-20,1679,-108,5553,-100
0,-20,898,326,430,300
0,-20,4764,80,660,100
0,-20,3648,-27,1776,0
0,-20,64,808,7168,800
0,-20,884,-300,444,-300
0,-20,2875,291,6645,300
0,-20,8882,80,2446,100
0,-20,5794,12,7342,0
0,-20,5304,-615,7832,-600
0,-20,5071,32,353,0
0,-20,3369,-418,7959,-400
0,-20,4421,-667,1003,-700
0,-20,9207,900,313,900
0,-20,2645,-73,8683,-100
0,-20,5420,-973,7716,-1000
0,-20,1003,364,8517,400
0,-20,7499,-408,2021,-400
0,-20,7506,-351,5630,-300
0,-20,9099,952,421,900
0,-20,2100,951,7420,900
0,-20,7337,622,3991,600
0,-20,3237,23,6283,0
0,-20,8739,897,6685,900
0,-20,1069,529,2067,500
0,-20,7973,-507,3355,-500
0,-20,1139,-399,1997,-400
0,-20,1232,417,6000,400
0,-20,6609,-287,8815,-300
0,-20,8461,687,2867,700
0,-20,9433,640,87,600
0,-20,6328,-783,6808,-800
0,-20,5370,749,7766,800
0,-20,927,-920,6305,-900
0,-20,4350,-969,8786,-1000
0,-20,5437,-24,4083,0
0,-20,5195,-386,7941,-400
0,-20,8834,624,2494,600
0,-20,20,-581,1308,-600
0,-20,3843,156,5677,200
0,-20,4537,-271,4983,-300
0,-20,7584,713,3744,700
0,-20,8683,-369,2645,-400
0,-20,3825,-761,1599,-800
0,-20,7154,948,5982,900
0,-20,5358,290,1874,300
0,-20,9367,140,7865,100
0,-20,9723,-885,3413,-900
0,-20,9644,328,3492,300
0,-20,3950,943,7378,900
0,-20,4355,936,8781,900
0,-20,2442,-383,7078,-400
0,-20,5968,10,3552,0
0,-20,9842,-990,1486,-1000
0,-20,746,354,2390,400
0,-20,9489,61,1839,100
0,-20,4331,777,6997,800
0,-20,9308,623,2020,600
0,-20,8833,902,6591,900
0,-20,8481,-223,8751,-200
0,-20,3281,-540,6239,-500
0,-20,4297,40,5223,0
0,-20,9630,620,3506,600
0,-20,3021,-640,6499,-600
0,-20,5335,882,89,900
0,-20,7782,319,9450,300
0,-20,2109,78,9219,100
0,-20,9057,-221,463,-200
0,-20,5389,-730,7747,-700
0,-10,1588,5,9740,0
0,-10,4658,-3,766,0
0,-10,9951,-763,3185,-800
0,-10,8659,857,2669,900
0,-10,7523,-972,5613,-1000
0,-10,6237,621,995,600
0,-10,5003,-600,4517,-600
0,-10,2444,-93,7076,-100
0,-10,9195,399,3941,400
0,-10,6050,-986,9374,-1000
0,-10,5730,-484,5598,-500
0,-10,8169,936,3159,900
0,-10,683,-543,645,-500
0,-10,9498,238,5926,200
0,-10,2632,2,8696,0
0,-10,7563,-733,1957,-700
0,-10,2452,-954,4780,-1000
0,-10,7718,-338,3610,-300
0,-10,8975,124,545,100
0,-10,168,-278,1160,-300
0,-10,3278,283,2146,300
0,-10,5693,815,5635,800
0,-10,3502,206,1922,200
0,-10,2836,852,4396,900
0,-10,5169,-187,4351,-200
0,-10,4872,811,6456,800
0,-10,2353,495,7167,500
0,-10,3803,-588,7525,-600
0,-10,7750,-538,1770,-500
0,-10,2104,-81,9224,-100
0,-10,5440,951,7696,900
0,-10,6554,935,2966,900
0,-10,9309,-734,6115,-700
0,-10,5326,-551,6002,-600
0,-10,4184,-32,8952,0
0,-10,1301,-328,27,-300
0,-10,442,942,886,900
0,-10,7687,832,1833,800
0,-10,9828,-105,9692,-100
0,-10,9204,-89,8028,-100
0,-10,3115,864,2309,900
0,-10,5489,146,9935,100
0,-10,9548,708,1780,700
0,-10,3908,-467,5612,-500
0,-10,3480,824,9656,800
0,-10,2419,572,8909,600
0,-10,9005,58,2323,100
0,-10,317,668,6915,700
0,-10,5319,554,7817,600
0,-10,3123,-44,6397,0
0,-10,9187,-695,8045,-700
0,-10,4834,146,6494,100
0,-10,6508,183,6628,200
0,-10,2663,-168,8665,-200
0,-10,614,173,8906,200
0,-10,7344,-179,3984,-200
0,-10,5654,33,5674,0
0,-10,2153,26,7367,0
0,-10,5847,-787,7289,-800
0,-10,9007,435,2321,400
0,-10,4728,-823,696,-800
0,-10,6088,-467,7048,-500
0,-10,4663,-243,4857,-200
0,-10,6131,-748,7005,-800
0,-10,3508,734,6012,700
0,-10,3782,624,9354,600
0,-10,3088,-529,2336,-500
0,-10,8206,742,4930,700
0,-10,3178,-996,2246,-1000
0,-10,4967,-704,6361,-700
0,-10,2954,407,8374,400
0,-10,9045,848,4091,800
0,-10,5300,-126,4220,-100
0,-10,944,-557,2192,-600
0,-10,4719,746,8417,700
0,-10,63,318,1265,300
0,-10,2404,43,8924,100
0,-10,4260,150,8876,100
0,-10,2076,362,7444,400
0,-10,8779,881,6645,900
0,-10,6625,61,6511,100
0,-10,6698,-722,6438,-700
0,-10,6566,-268,6570,-300
0,-10,1922,-139,1214,-100
0,-10,8512,562,2816,600
0,-10,204,617,2932,600
0,-10,3146,-248,8182,-300
0,-10,8168,692,9064,700
0,-10,3390,267,7938,300
0,-10,758,-309,6474,-300
0,-10,1092,309,2044,300
0,-10,7812,685,9420,700
0,-10,320,-2,2816,0
0,-10,6550,-238,682,-200
0,-10,6188,-911,9236,-900
0,-10,857,-440,6375,-400
0,-10,9277,-508,3859,-500
0,-10,882,-502,6350,-500
0,-10,2582,-324,6938,-300
0,-10,4078,992,1346,900
0,0,4450,590,8686,600
0,0,6207,862,6929,900
0,0,8217,-795,3111,-800
0,0,7501,-803,9731,-800
0,0,2257,794,9071,800
0,0,6135,939,7001,900
0,0,2307,27,829,0
0,0,7964,-480,1556,-500
0,0,109,-254,9411,-300
0,0,6547,347,6589,300
0,0,1688,984,9640,900
0,0,4047,-469,1377,-500
0,0,1130,-973,198,-1000
0,0,7558,-584,1962,-600
0,0,1256,17,1880,0
0,0,8663,-176,4473,-200
0,0,5558,-900,9866,-900
0,0,9557,437,3579,400
0,0,8887,238,633,200
0,0,7314,-61,8110,-100
0,0,1158,817,8362,800
0,0,2180,-996,956,-1000
0,0,9243,656,277,700
0,0,3329,-929,2095,-900
0,0,6460,-266,4868,-300
0,0,5138,-454,7998,-500
0,0,838,-178,490,-200
0,0,4704,375,720,400
0,0,6277,-493,6859,-500
0,0,3082,-445,4150,-500
0,0,4939,-229,6389,-200
0,0,7638,406,1882,400
0,0,1942,227,7578,200
0,0,8561,-510,959,-500
0,0,603,363,8917,400
0,0,4661,-931,6667,-900
0,0,4201,489,8935,500
0,0,6689,-529,4639,-500
0,0,7837,12,9395,0
0,0,9274,834,6150,800
0,0,4912,-513,4608,-500
0,0,1452,-345,9876,-300
0,0,5114,687,4406,700
0,0,3287,-490,9849,-500
0,0,6457,900,3063,900
0,0,862,-957,466,-1000
0,0,8370,716,4766,700
0,0,1628,609,5604,600
0,0,6005,57,3515,100
0,0,744,568,6488,600
0,0,8272,-65,3056,-100
0,0,7075,159,6061,200
0,0,2624,411,6896,400
0,0,35,-27,9485,0
0,0,3689,-344,1735,-300
0,0,9211,251,2117,200
0,0,7413,907,2107,900
0,0,9957,-51,9563,-100
0,0,4429,552,6899,600
0,0,630,890,8890,900
0,0,1051,-992,8469,-1000
0,0,5700,561,5628,600
0,0,3786,-943,7542,-1000
0,0,7252,-896,5884,-900
0,0,4612,912,4908,900
0,0,3060,206,6460,200
0,0,5932,858,5396,900
0,0,9137,-339,383,-300
0,0,4426,-916,8710,-900
0,0,2888,273,8440,300
0,0,4386,-753,8750,-700
0,0,3281,-291,6239,-300
0,0,5125,556,4395,600
0,0,7637,-13,1883,0
0,0,2550,-753,4682,-800
0,0,3596,-537,7732,-500
0,0,8607,707,913,700
0,0,6089,923,3431,900
0,0,276,-836,6956,-900
0,0,5949,162,3571,200
0,0,102,692,3034,700
0,0,1096,963,232,900
0,0,6645,475,6491,500
0,0,8495,948,2833,900
0,0,6694,869,2826,900
0,0,7881,995,9351,900
0,0,4137,-74,7191,-100
0,0,5651,-898,1581,-900
0,0,7326,-88,2194,-100
0,0,8180,280,9052,300
0,0,261,348,1067,400
0,0,5038,371,8098,400
0,0,7074,20,8350,0
0,0,7074,-759,6062,-800
0,0,3413,296,6107,300
0,0,8691,-495,829,-500
0,0,2371,-778,4861,-800
0,0,8503,-509,2825,-500
0,0,1851,138,3573,100
0,0,4632,864,6696,900
0,10,5934,-890,3586,-900
0,10,7117,776,8307,800
0,10,1595,-12,5637,0
0,10,6567,-522,6569,-500
0,10,1644,454,7876,500
0,10,2938,-823,2486,-800
0,10,5989,-199,7147,-200
0,10,7734,340,1786,400
0,10,3115,806,21,800
0,10,1156,856,172,900
0,10,2846,849,290,800
0,10,8739,-275,8493,-300
0,10,5780,293,5548,300
0,10,6367,-522,865,-500
0,10,8533,-391,2795,-400
0,10,7034,-281,2486,-300
0,10,2875,-109,261,-100
0,10,7003,-123,2517,-100
0,10,4120,-866,5400,-900
0,10,6660,-158,2860,-200
0,10,4600,699,2632,700
0,10,4882,-868,4638,-900
0,10,1303,-116,1833,-100
0,10,4426,-934,998,-900
0,10,705,607,623,600
0,10,5436,-329,7700,-300
0,10,250,-335,2886,-300
0,10,7417,819,5719,800
0,10,7863,-338,9369,-300
0,10,1816,215,3608,200
0,10,8380,-92,4756,-100
0,10,6769,219,6367,200
0,10,6567,-543,6569,-600
0,10,7322,571,2198,600
0,10,1994,-157,9334,-100
0,10,3047,-401,2377,-400
0,10,2915,148,2509,100
0,10,5268,68,156,0
0,10,6131,897,3389,900
0,10,2430,-918,7090,-900
0,10,9342,-757,1986,-800
0,10,543,122,785,100
0,10,982,-729,2154,-700
0,10,9578,879,9942,900
0,10,7194,-615,2326,-600
0,10,1706,302,7814,300
0,10,6548,787,4780,800
0,10,7149,-979,2371,-1000
0,10,8723,618,4413,600
0,10,8424,-451,8808,-500
0,10,6958,60,8466,100
0,10,8660,471,860,500
0,10,8758,-116,2570,-100
0,10,1829,327,9499,300
0,10,6495,-725,6641,-700
0,10,9572,340,5852,300
0,10,9106,-582,4030,-600
0,10,1888,851,3536,900
0,10,8886,-12,8346,0
0,10,9526,855,3610,800
0,10,4651,119,2581,100
0,10,648,597,2488,600
0,10,5551,-186,5777,-200
0,10,4023,-579,9113,-600
0,10,4094,-720,3138,-700
0,10,6004,595,7132,600
0,10,5241,-630,6087,-600
0,10,8213,-10,3115,0
0,10,6555,-341,2965,-400
0,10,5789,-274,9635,-300
0,10,1633,-830,7887,-800
0,10,560,809,6672,800
0,10,7082,860,150,900
0,10,7472,135,5664,100
0,10,5279,-86,7857,-100
0,10,347,-515,6885,-500
0,10,5391,-520,4129,-600
0,10,2180,-395,956,-400
0,10,386,-504,942,-500
0,10,9918,958,3218,900
0,10,2068,805,3356,800
0,10,2987,396,149,400
0,10,8593,858,927,800
0,10,7272,10,8152,0
0,10,5554,643,1678,600
0,10,5341,268,1891,300
0,10,3587,262,9549,200
0,10,6786,-950,446,-1000
0,10,1911,381,9417,400
0,10,8480,28,8752,0
0,10,6519,-47,4809,-100
0,10,1538,-826,9790,-800
0,10,8222,-579,1298,-600
0,10,6261,-52,9163,-100
0,10,4773,153,8363,100
0,10,8346,-933,1174,-1000
0,10,1041,980,6191,900
0,10,5982,-2,9442,0
0,10,7079,238,2441,200
0,10,7094,-390,6042,-400
0,20,6413,-343,6723,-400
0,20,8439,-812,8793,-900
0,20,1639,-981,7881,-900
0,20,5523,815,3997,900
0,20,1078,-518,8442,-500
0,20,4651,-906,2581,-900
0,20,5959,-751,1274,-700
0,20,5881,-432,5447,-400
0,20,5966,440,7170,400
0,20,1924,150,3500,300
0,20,5254,345,7882,300
0,20,8568,794,4568,800
0,20,710,82,2426,100
0,20,8950,221,570,200
0,20,6530,263,2990,200
0,20,4036,459,5484,500
0,20,7601,740,9631,700
0,20,2545,-525,6975,-500
0,20,4775,-675,649,-600
0,20,8128,-65,3200,0
0,20,1226,993,102,900
0,20,2979,529,4253,600
0,20,5514,467,9910,500
0,20,3940,78,3292,0
0,20,6447,-136,6689,-200
0,20,6084,-883,1148,-900
0,20,4721,901,703,900
0,20,2879,-403,8449,-400
0,20,1909,12,3514,0
0,20,2456,266,680,200
0,20,5452,-113,9971,-200
0,20,7657,-963,5479,-900
0,20,8060,586,1460,600
0,20,1130,500,2006,500
0,20,6,181,7226,200
0,20,7026,-749,6110,-700
0,20,5729,-605,5599,-500
0,20,9759,-791,1569,-800
0,20,1422,795,1714,900
0,20,3175,-396,8153,-300
0,20,5416,141,5912,0
0,20,7958,593,7466,600
0,20,8885,441,635,400
0,20,487,-453,6745,-400
0,20,6219,-538,3301,-500
0,20,7248,-296,4080,-300
0,20,3110,-744,2314,-700
0,20,3842,-527,1582,-600
0,20,7454,-387,5682,-400
0,20,4878,-854,4642,-800
0,20,6456,-638,6680,-700
0,20,5505,687,7631,700
0,20,1106,958,2030,900
0,20,120,-101,3016,-200
0,20,9649,546,3487,600
0,20,7354,-65,5782,-100
0,20,5347,-817,1885,-900
0,20,6822,635,2698,600
0,20,6729,-42,2791,0
0,20,2190,194,947,100
0,20,869,-984,6363,-900
0,20,923,-42,405,0
0,20,6902,-125,6233,0
0,20,5158,986,7978,900
0,20,905,-320,423,-300
0,20,6781,313,6355,300
0,20,8977,614,543,500
0,20,2710,335,8618,300
0,20,8142,214,4994,200
0,20,774,-354,4650,-300
0,20,1831,95,1305,100
0,20,5907,243,5421,200
0,20,2897,-781,8431,-800
0,20,8721,188,4415,200
0,20,8477,978,4659,900
0,20,2411,-969,3013,-1000
0,20,7110,-284,2410,-400
0,20,435,-848,2701,-800
0,20,6260,623,3260,600
0,20,3796,933,1628,900
0,20,5321,832,6007,900
0,20,4199,-807,1225,-800
0,20,1917,572,1219,500
0,20,6426,-481,6710,-400
0,20,6904,-293,2616,-300
0,20,6989,312,2531,300
0,20,8233,-512,4903,-600
0,20,9838,-784,9682,-800
0,20,5171,-255,7965,-300
0,20,4438,-187,8698,-200
0,20,9218,-265,302,-300
0,20,1431,948,1705,900
0,20,4418,-680,8718,-700
0,20,6325,698,5003,800
0,20,5031,482,6297,300
0,20,6799,-987,2721,-1000
0,20,4229,-148,5291,-100
0,20,1942,360,5290,300
0,20,8263,-470,7161,-500
0,20,5844,-518,7292,-500
0,30,58,614,1131,900
0,30,1394,-336,1131,900
0,30,9288,420,1131,900
0,30,3329,-92,1131,900
0,30,2409,615,1131,900
0,30,1276,833,1131,900
0,30,6869,215,1131,900
0,30,754,905,1131,900
0,30,929,-545,1131,900
0,30,804,-321,1131,900
0,30,2045,321,1131,900
0,30,1131,750,1131,900
0,30,5487,576,1131,900
0,30,9269,730,1131,900
0,30,7487,-30,1131,900
0,30,981,-890,1131,900
0,30,1562,664,1131,900
0,30,140,161,1131,900
0,30,7077,120,1131,900
0,30,2886,-439,1131,900
0,30,7881,-85,1131,900
0,30,1079,815,1131,900
0,30,6609,594,1131,900
0,30,3857,-108,5666,-100
0,30,734,-189,6497,-200
0,30,1922,-309,1131,900
0,30,5672,-859,1131,900
0,30,4301,343,1131,900
0,30,6803,-688,4525,-400
0,30,8005,486,1131,900
0,30,2467,-837,1131,900
0,30,6386,-224,1131,900
0,30,5211,257,1131,900
0,30,7694,215,1131,900
0,30,3978,353,1131,900
0,30,1382,937,1131,900
0,30,5296,689,1131,900
0,30,7557,-169,1962,200
0,30,8689,261,1131,900
0,30,6678,-101,1131,900
0,30,8074,580,1131,900
0,30,8005,731,1131,900
0,30,4341,-775,1131,900
0,30,6054,-222,1131,900
0,30,8234,793,1131,900
0,30,3408,-120,1131,900
0,30,7507,13,1131,900
0,30,5692,-493,1131,900
0,30,8535,726,1131,900
0,30,7568,87,9665,-100
0,30,5638,926,1131,900
0,30,138,-108,1131,900
0,30,5461,-387,1131,900
0,30,7729,-730,1131,900
0,30,9968,315,1131,900
0,30,7788,-167,1131,900
0,30,6474,483,1131,900
0,30,7829,916,1131,900
0,30,2267,-790,867,-700
0,30,9588,945,1131,900
0,30,9230,32,1131,900
0,30,2844,814,1131,900
0,30,2365,267,1131,900
0,30,3335,-437,1131,900
0,30,3268,-190,1131,900
0,30,4649,-204,1131,900
0,30,2194,-496,1131,900
0,30,9943,-588,1131,900
0,30,5327,72,1131,900
0,30,3543,-642,1131,900
0,30,3077,-811,1131,900
0,30,7553,-427,1131,900
0,30,6180,913,1131,900
0,30,6076,-224,1131,900
0,30,4533,954,1131,900
0,30,2843,-831,1131,900
0,30,694,890,1131,900
0,30,4502,854,1131,900
0,30,1880,-810,1131,900
0,30,1230,-656,1131,900
0,30,4203,377,1131,900
0,30,2542,942,1131,900
0,30,38,440,1131,900
0,30,3031,391,1131,900
0,30,4947,400,1131,900
0,30,1996,-124,1131,900
0,30,7821,-256,1131,900
0,30,4949,-159,1131,900
0,30,6249,-983,1131,900
0,30,4226,-546,1131,900
0,30,7854,462,1131,900
0,30,1946,136,1131,900
0,30,2661,-601,1131,900
0,30,1658,866,1131,900
0,30,870,-806,1131,900
0,30,3953,-956,5227,900
0,30,4154,-712,1131,900
0,30,2211,-808,1131,900
0,30,8016,246,1131,900
0,30,4614,373,1131,900
0,40,5483,614,1131,900
0,40,8133,633,1131,900
0,40,6383,629,1131,900
0,40,9244,-110,1131,900
0,40,4842,168,1131,900
0,40,988,740,1131,900
0,40,6297,-21,1131,900
0,40,7742,-166,1131,900
0,40,642,-199,1131,900
0,40,2728,-411,1131,900
0,40,5278,-479,1131,900
0,40,9391,634,1131,900
0,40,988,366,1131,900
0,40,14,896,1131,900
0,40,5296,-650,1131,900
0,40,8930,271,1131,900
0,40,5149,822,1131,900
0,40,445,-386,1131,900
0,40,17,761,1131,900
0,40,1073,995,1131,900
0,40,6667,678,1131,900
0,40,1667,-591,1131,900
0,40,5480,678,1131,900
0,40,2083,336,1131,900
0,40,5713,29,1131,900
0,40,5646,-152,1131,900
0,40,3945,-48,1131,900
0,40,9232,743,1131,900
0,40,1602,678,1131,900
0,40,6528,394,1131,900
0,40,8877,-426,1131,900
0,40,6905,-217,1131,900
0,40,3533,-86,1131,900
0,40,6622,167,1131,900
0,40,9537,-697,1131,900
0,40,4739,582,1131,900
0,40,5776,341,1131,900
0,40,9439,-111,1131,900
0,40,5125,-260,1131,900
0,40,5354,-768,1131,900
0,40,9354,519,1131,900
0,40,5769,-16,1131,900
0,40,9221,-833,1131,900
0,40,6336,481,1131,900
0,40,9220,265,1131,900
0,40,8183,249,1131,900
0,40,2479,594,1131,900
0,40,6029,271,1131,900
0,40,4120,-309,1131,900
0,40,4795,197,1131,900
0,40,8282,360,1131,900
0,40,8639,227,1131,900
0,40,118,-787,1131,900
0,40,408,-805,1131,900
0,40,9090,-895,1131,900
0,40,8307,374,1131,900
0,40,1815,360,1131,900
0,40,1407,569,1131,900
0,40,9486,-452,1131,900
0,40,3029,-130,1131,900
0,40,2120,106,1131,900
0,40,2224,445,1131,900
0,40,7592,38,1131,900
0,40,6060,127,1131,900
0,40,5350,-934,1131,900
0,40,8572,-81,1131,900
0,40,3180,-846,1131,900
0,40,5287,778,1131,900
0,40,8910,580,1131,900
0,40,1631,444,1131,900
0,40,4287,99,1131,900
0,40,3855,-146,1131,900
0,40,4713,721,1131,900
0,40,8684,-659,1131,900
0,40,9362,495,1131,900
0,40,6938,-771,1131,900
0,40,2538,-731,1131,900
0,40,2175,353,1131,900
0,40,5848,831,1131,900
0,40,1302,-530,1131,900
0,40,1319,-174,1131,900
0,40,9614,190,1131,900
0,40,5403,-222,1131,900
0,40,6206,-211,1131,900
0,40,6964,-580,1131,900
0,40,7574,691,1131,900
0,40,6389,535,1131,900
0,40,9432,21,1131,900
0,40,3245,368,1131,900
0,40,9468,-164,1131,900
0,40,9151,-362,1131,900
0,40,8816,402,1131,900
0,40,5661,447,1131,900
0,40,5905,916,1131,900
0,40,1275,748,1131,900
0,40,7986,-109,1131,900
0,40,7673,395,1131,900
0,40,1909,48,1131,900
0,40,9796,-242,1131,900
0,40,1604,-628,1131,900
0,50,9144,-583,1131,900
0,50,5086,636,1131,900
0,50,3140,-762,1131,900
0,50,6990,304,1131,900
0,50,1112,-232,1131,900
0,50,8016,-485,1131,900
0,50,4193,-643,1131,900
0,50,9535,254,1131,900
0,50,9621,-851,1131,900
0,50,3682,638,1131,900
0,50,4849,-100,1131,900
0,50,4006,259,1131,900
0,50,7370,-385,1131,900
0,50,3825,-761,1131,900
0,50,5906,400,1131,900
0,50,7597,759,1131,900
0,50,3501,-448,1131,900
0,50,1904,-394,1131,900
0,50,7657,129,1131,900
0,50,1684,314,1131,900
0,50,4166,197,1131,900
0,50,1057,575,1131,900
0,50,8720,209,1131,900
0,50,6772,-501,1131,900
0,50,7403,-746,1131,900
0,50,3033,130,1131,900
0,50,7396,-276,1131,900
0,50,8110,-9,1131,900
0,50,856,-229,1131,900
0,50,969,545,1131,900
0,50,4390,-186,1131,900
0,50,2814,-203,1131,900
0,50,812,372,1131,900
0,50,8564,-547,1131,900
0,50,6226,131,1131,900
0,50,1108,99,1131,900
0,50,3707,-983,1131,900
0,50,8923,945,1131,900
0,50,3032,-821,1131,900
0,50,7475,-437,1131,900
0,50,9969,205,1131,900
0,50,28,-215,1131,900
0,50,6879,-151,1131,900
0,50,2575,554,1131,900
0,50,8443,392,1131,900
0,50,2322,416,1131,900
0,50,7988,280,1131,900
0,50,1887,74,1131,900
0,50,8762,247,1131,900
0,50,1284,859,1131,900
0,50,5123,37,1131,900
0,50,2171,-332,1131,900
0,50,5407,-489,1131,900
0,50,8944,947,1131,900
0,50,3827,-984,1131,900
0,50,7183,355,1131,900
0,50,4290,-911,1131,900
0,50,1862,-468,1131,900
0,50,3551,-123,1131,900
0,50,6383,-533,1131,900
0,50,3605,-428,1131,900
0,50,2819,698,1131,900
0,50,9867,771,1131,900
0,50,658,-625,1131,900
0,50,146,173,1131,900
0,50,2347,487,1131,900
0,50,2918,86,1131,900
0,50,7677,956,1131,900
0,50,2677,-144,1131,900
0,50,4338,-210,1131,900
0,50,1218,773,1131,900
0,50,8022,-200,1131,900
0,50,5778,-650,1131,900
0,50,5658,67,1131,900
0,50,1829,364,1131,900
0,50,3282,856,1131,900
0,50,853,-319,1131,900
0,50,4911,369,1131,900
0,50,3511,-202,1131,900
0,50,196,-632,1131,900
0,50,7571,452,1131,900
0,50,1240,172,1131,900
0,50,1783,-400,1131,900
0,50,165,-917,1131,900
0,50,4785,669,1131,900
0,50,5411,-503,1131,900
0,50,6892,-643,1131,900
0,50,4872,-953,1131,900
0,50,5918,-620,1131,900
0,50,9738,-628,1131,900
0,50,3958,-70,1131,900
0,50,9812,320,1131,900
0,50,7763,-380,1131,900
0,50,5341,-243,1131,900
0,50,8528,-123,1131,900
0,50,8150,250,1131,900
0,50,6013,466,1131,900
0,50,2388,-369,1131,900
0,50,1092,-933,1131,900
0,50,8336,120,1131,900
10,-100,3708,-366,7620,-400
10,-100,5628,-844,3892,-800
10,-100,1932,-45,7588,0
10,-100,3687,639,9449,600
10,-100,1040,-817,288,-800
10,-100,7468,-833,2052,-800
10,-100,8740,298,4396,300
10,-100,8027,-985,3301,-1000
10,-100,4065,920,5455,900
10,-100,8253,209,4883,200
10,-100,8693,534,827,500
10,-100,4568,-111,4952,-100
10,-100,7611,-660,5525,-700
10,-100,4614,265,4906,300
10,-100,5944,-950,3576,-900
10,-100,5335,-50,4185,-100
10,-100,2076,-151,7444,-200
10,-100,1823,250,7697,200
10,-100,6805,-188,4523,-200
10,-100,4057,263,5463,300
10,-100,186,801,2950,800
10,-100,8546,-644,974,-600
10,-100,4890,403,8246,400
10,-100,9454,801,1874,800
10,-100,3414,-721,6106,-700
10,-100,4054,963,1370,900
10,-100,7809,-637,3519,-600
10,-100,9360,-635,1968,-600
10,-100,3466,838,7862,800
10,-100,3887,-489,7441,-500
10,-100,4110,605,9026,600
10,-100,1111,832,217,800
10,-100,1452,781,3972,800
10,-100,3006,869,6514,900
10,-100,6060,-648,5268,-700
10,-100,3903,646,1521,600
10,-100,5005,600,419,600
10,-100,7910,-413,5226,-400
10,-100,8700,426,820,400
10,-100,9309,231,2019,200
10,-100,3741,-437,9395,-400
10,-100,821,-966,6411,-1000
10,-100,1182,-939,146,-900
10,-100,7778,-630,3550,-600
10,-100,9097,-678,4039,-700
10,-100,5252,-501,7884,-500
10,-100,1757,-659,3667,-700
10,-100,345,-67,983,-100
10,-100,5356,-574,5972,-600
10,-100,379,-869,949,-900
10,-100,2459,437,7061,400
10,-100,4563,516,6765,500
10,-100,1271,48,1865,0
10,-100,5328,-473,7808,-500
10,-100,8108,801,5028,800
10,-100,6521,779,2999,800
10,-100,6477,981,3043,900
10,-100,9294,-505,226,-500
10,-100,5549,277,5779,300
10,-100,5521,-159,7615,-200
10,-100,6792,-159,6344,-200
10,-100,250,13,1078,0
10,-100,833,196,2303,200
10,-100,1898,-90,9430,-100
10,-100,8316,586,3012,600
10,-100,603,-745,2533,-700
10,-100,8788,873,4348,900
10,-100,2806,-187,6714,-200
10,-100,646,767,6586,800
10,-100,5593,-251,5735,-300
10,-100,3324,943,8004,900
10,-100,958,385,370,400
10,-100,4454,477,5066,500
10,-100,2279,459,9049,500
10,-100,9610,917,3526,900
10,-100,2148,-884,9180,-900
10,-100,5424,-718,5904,-700
10,-100,7580,-78,3748,-100
10,-100,5691,922,7445,900
10,-100,3348,-687,7980,-700
10,-100,8054,-209,3274,-200
10,-100,2594,-711,6926,-700
10,-100,114,7,1214,0
10,-100,3059,190,6461,200
10,-100,1295,529,33,500
10,-100,1240,-694,88,-700
10,-100,715,-410,613,-400
10,-100,9452,926,68,900
10,-100,3517,206,7811,200
10,-100,6815,865,2705,900
10,-100,291,628,2845,600
10,-100,1926,-984,9402,-1000
10,-100,4186,-728,5334,-700
10,-100,7206,363,4122,400
10,-100,5889,-879,5439,-900
10,-100,5304,-628,4216,-600
10,-100,6145,-755,3375,-800
10,-100,9734,201,1594,200
10,-100,7880,428,3448,400
10,-100,8724,814,4412,800
10,-90,9579,-451,9941,-400
10,-90,4523,-727,6805,-700
10,-90,1421,377,8099,400
10,-90,3371,-954,7957,-1000
10,-90,3746,118,9390,100
10,-90,3818,-160,1606,-200
10,-90,4803,99,621,100
10,-90,7161,-707,5975,-700
10,-90,2320,22,7200,0
10,-90,9286,-228,3850,-200
10,-90,7491,344,5645,300
10,-90,4893,-924,8243,-900
10,-90,6304,-355,5024,-400
10,-90,1599,338,7921,300
10,-90,5835,32,7301,0
10,-90,8583,-799,2745,-800
10,-90,629,231,2507,200
10,-90,8909,804,2419,800
10,-90,1374,-226,8146,-200
10,-90,3617,637,9519,600
10,-90,5662,340,5666,300
10,-90,7129,-728,6007,-700
10,-90,2390,722,7130,700
10,-90,5950,-526,5378,-500
10,-90,3516,-107,1908,-100
10,-90,8066,-67,3262,-100
10,-90,4477,476,6851,500
10,-90,5658,919,3862,900
10,-90,8751,866,769,900
10,-90,9685,456,7547,500
10,-90,9678,-406,3458,-400
10,-90,7666,38,1854,0
10,-90,1677,-397,7843,-400
10,-90,5615,-973,5713,-1000
10,-90,8281,-819,1239,-800
10,-90,7563,780,3765,800
10,-90,2403,328,7117,300
10,-90,794,751,2342,800
10,-90,3712,580,9424,600
10,-90,7322,-630,9910,-600
10,-90,3645,748,7683,800
10,-90,9905,-633,1423,-600
10,-90,6389,200,4939,200
10,-90,2319,-397,7201,-400
10,-90,7362,547,2158,500
10,-90,4747,-437,8389,-400
10,-90,2388,-494,8940,-500
10,-90,9051,-587,4085,-600
10,-90,9087,-457,433,-500
10,-90,1825,116,7695,100
10,-90,3292,936,6228,900
10,-90,608,-785,720,-800
10,-90,8456,-671,1064,-700
10,-90,7114,839,4214,800
10,-90,9682,751,3454,800
10,-90,8387,-826,2941,-800
10,-90,5689,133,7447,100
10,-90,3126,968,8202,900
10,-90,9849,-805,3287,-800
10,-90,9525,-527,7707,-500
10,-90,3271,-352,9865,-400
10,-90,2711,-686,8617,-700
10,-90,9603,-816,1725,-800
10,-90,232,-577,7000,-600
10,-90,7465,-689,5671,-700
10,-90,2352,928,7168,900
10,-90,821,362,2315,400
10,-90,2599,951,6921,900
10,-90,3898,-669,5622,-700
10,-90,414,251,914,300
10,-90,1699,-159,7821,-200
10,-90,3834,187,5686,200
10,-90,6352,-282,6784,-300
10,-90,7282,736,4046,700
10,-90,6691,255,4637,300
10,-90,9823,187,1505,200
10,-90,2145,833,9183,800
10,-90,7508,929,3820,900
10,-90,9865,-404,3271,-400
10,-90,9158,-870,362,-900
10,-90,1153,-278,175,-300
10,-90,4501,-794,8635,-800
10,-90,2045,720,9283,700
10,-90,295,-232,2841,-200
10,-90,1971,188,9357,200
10,-90,4350,766,6978,800
10,-90,5102,-188,4418,-200
10,-90,7132,243,2388,200
10,-90,5526,-35,7610,0
10,-90,4841,766,6487,800
10,-90,3322,470,6198,500
10,-90,3628,942,5892,900
10,-90,3993,-857,1431,-900
10,-90,5311,-920,6017,-900
10,-90,2993,-370,2431,-400
10,-90,1208,840,6024,800
10,-90,2247,414,7273,400
10,-90,8054,26,3274,0
10,-90,5500,489,5828,500
10,-90,9394,289,3742,300
10,-80,1634,-514,7886,-500
10,-80,2484,331,8844,300
10,-80,7564,-407,3764,-400
10,-80,2280,-897,9048,-900
10,-80,4831,-320,4689,-300
10,-80,1599,490,9729,500
10,-80,9744,283,3392,300
10,-80,7043,270,6093,300
10,-80,852,235,8668,200
10,-80,1110,991,2026,900
10,-80,92,-190,1236,-200
10,-80,3786,788,9350,800
10,-80,9115,928,4021,900
10,-80,6074,239,7062,200
10,-80,6348,-737,3172,-700
10,-80,4175,-125,8961,-100
10,-80,1857,-148,9471,-100
10,-80,3483,569,7845,600
10,-80,6562,-201,4766,-200
10,-80,5909,-159,7227,-200
10,-80,5636,-142,3884,-100
10,-80,8550,-219,4586,-200
10,-80,585,-356,743,-400
10,-80,3187,560,6333,600
10,-80,7781,262,9451,300
10,-80,1091,794,237,800
10,-80,5615,593,3905,600
10,-80,7121,-540,4207,-500
10,-80,23,988,3113,900
10,-80,211,918,1117,900
10,-80,2407,656,8921,700
10,-80,3360,347,9776,300
10,-80,9956,-625,1372,-600
10,-80,5345,500,4175,500
10,-80,6742,-421,4586,-400
10,-80,3252,161,9884,200
10,-80,6085,-114,3435,-100
10,-80,1789,718,9539,700
10,-80,9617,-730,1711,-700
10,-80,7362,547,5774,500
10,-80,4640,131,8496,100
10,-80,4998,-266,6330,-300
10,-80,6426,-357,6710,-400
10,-80,8471,-365,4665,-400
10,-80,4886,650,6442,700
10,-80,6254,752,3266,700
10,-80,6020,184,7116,200
10,-80,5109,-939,6219,-900
10,-80,121,-160,1207,-200
10,-80,8150,-238,3178,-200
10,-80,7362,738,2158,700
10,-80,5164,478,7972,500
10,-80,4504,-141,6824,-100
10,-80,1880,645,3544,600
10,-80,3918,-365,1506,-400
10,-80,6332,319,3188,300
10,-80,8801,-549,2527,-600
10,-80,734,-846,594,-800
10,-80,5807,-48,7329,0
10,-80,6543,119,4785,100
10,-80,767,871,2369,900
10,-80,832,-185,2304,-200
10,-80,8581,-383,2747,-400
10,-80,2443,134,7077,100
10,-80,4330,-554,6998,-600
10,-80,8009,-950,1511,-1000
10,-80,7972,-670,1548,-700
10,-80,6118,529,5210,500
10,-80,1473,547,9855,500
10,-80,1267,-733,1869,-700
10,-80,6534,516,6602,500
10,-80,838,-366,490,-400
10,-80,7285,68,5851,100
10,-80,4627,-746,797,-700
10,-80,1857,601,3567,600
10,-80,8582,945,938,900
10,-80,1544,189,7976,200
10,-80,1603,-544,7917,-500
10,-80,2103,832,9225,800
10,-80,1510,-77,8010,-100
10,-80,2464,-899,7056,-900
10,-80,1337,343,8183,300
10,-80,6539,961,2981,900
10,-80,2735,343,6785,300
10,-80,165,-554,1163,-600
10,-80,3391,511,6129,500
10,-80,5222,923,7914,900
10,-80,7192,781,5944,800
10,-80,1316,-991,5916,-1000
10,-80,7068,997,2452,900
10,-80,8515,-595,1005,-600
10,-80,2391,141,8937,100
10,-80,9068,-674,452,-700
10,-80,9088,-201,2240,-200
10,-80,4570,-294,6758,-300
10,-80,1541,726,9787,700
10,-80,716,-869,2420,-900
10,-80,5415,725,4105,700
10,-80,7855,597,3473,600
10,-80,261,408,2875,400
10,-70,7367,674,3961,700
10,-70,3964,513,5556,500
10,-70,3329,-963,6191,-1000
10,-70,9879,859,3257,900
10,-70,3676,527,7652,500
10,-70,9531,409,1797,400
10,-70,3746,837,5774,800
10,-70,6613,-53,2907,-100
10,-70,8303,864,1217,900
10,-70,8590,-69,930,-100
10,-70,2569,748,8759,700
10,-70,4793,294,8343,300
10,-70,6929,960,2591,900
10,-70,9884,802,9636,800
10,-70,7260,194,2260,200
10,-70,4302,-490,5218,-500
10,-70,6157,-966,3363,-1000
10,-70,634,913,694,900
10,-70,4034,-343,7294,-300
10,-70,9603,-533,1725,-500
10,-70,4707,84,8429,100
10,-70,7636,990,5500,900
10,-70,1532,-392,9796,-400
10,-70,6948,515,2572,500
10,-70,8387,-1,8845,0
10,-70,571,801,2565,800
10,-70,5240,-534,7896,-500
10,-70,8320,980,4816,900
10,-70,9417,576,3719,600
10,-70,4526,125,6802,100
10,-70,6728,210,4600,200
10,-70,8793,-414,4343,-400
10,-70,9399,-304,7833,-300
10,-70,1441,33,1695,0
10,-70,7690,129,1830,100
10,-70,2628,768,8700,800
10,-70,4198,-177,8938,-200
10,-70,5250,210,4270,200
10,-70,6451,-78,3069,-100
10,-70,9839,-800,1489,-800
10,-70,5741,991,3779,900
10,-70,7554,-893,3774,-900
10,-70,6549,-374,4779,-400
10,-70,4114,1000,7214,900
10,-70,4483,662,6845,700
10,-70,4456,466,8680,500
10,-70,8167,-710,3161,-700
10,-70,3143,-380,9993,-400
10,-70,1895,-543,7625,-500
10,-70,1473,283,8047,300
10,-70,1987,369,9341,400
10,-70,9785,-320,3351,-300
10,-70,9449,-253,71,-300
10,-70,7811,346,1709,300
10,-70,2976,-371,6544,-400
10,-70,4275,441,8861,400
10,-70,4701,858,4819,900
10,-70,8712,451,808,500
10,-70,3682,813,7646,800
10,-70,9510,-506,3626,-500
10,-70,9381,99,7851,100
10,-70,411,-640,2725,-600
10,-70,491,-240,837,-200
10,-70,2441,-279,8887,-300
10,-70,3424,-294,7904,-300
10,-70,770,222,558,200
10,-70,4031,667,5489,700
10,-70,4667,706,6661,700
10,-70,5928,-851,5400,-800
10,-70,1747,328,9581,300
10,-70,8689,-143,831,-100
10,-70,1252,124,1884,100
10,-70,7861,-223,1659,-200
10,-70,8311,-120,1209,-100
10,-70,1248,964,80,900
10,-70,4103,-919,5417,-900
10,-70,7188,-384,4140,-400
10,-70,7949,-54,3379,-100
10,-70,656,492,672,500
10,-70,3361,399,6159,400
10,-70,7450,-601,5686,-600
10,-70,2122,-946,9206,-900
10,-70,964,873,2172,900
10,-70,9410,-335,1918,-300
10,-70,8082,-319,3246,-300
10,-70,5401,-335,4119,-300
10,-70,1500,944,8020,900
10,-70,7806,-810,5330,-800
10,-70,2886,-478,6634,-500
10,-70,7422,458,2098,500
10,-70,3806,-295,9330,-300
10,-70,7714,130,3614,100
10,-70,4808,-65,6520,-100
10,-70,9039,505,481,500
10,-70,8831,747,4305,700
10,-70,9875,553,1453,600
10,-70,3519,-105,9617,-100
10,-70,6058,49,7078,0
10,-70,1631,104,7889,100
10,-70,2695,-825,8633,-800
10,-60,8005,-933,3323,-900
10,-60,8433,-12,8799,0
10,-60,726,-115,2410,-100
10,-60,991,-883,337,-900
10,-60,8952,299,2376,300
10,-60,1548,-188,9780,-200
10,-60,7077,210,6059,200
10,-60,4951,790,6377,800
10,-60,7835,-55,5301,-100
10,-60,7045,862,2475,900
10,-60,5908,247,5420,200
10,-60,7189,-110,5947,-100
10,-60,3140,453,9996,500
10,-60,3216,28,9920,0
10,-60,5483,26,4037,0
10,-60,7067,-433,6069,-400
10,-60,3697,243,9439,200
10,-60,1505,-208,9823,-200
10,-60,1999,-254,7521,-300
10,-60,1827,431,7693,400
10,-60,4185,810,7143,800
10,-60,2818,-62,6702,-100
10,-60,8588,-814,932,-800
10,-60,9760,-150,3376,-100
10,-60,9594,576,3542,600
10,-60,4546,716,6782,700
10,-60,9520,46,1808,0
10,-60,1122,143,2014,100
10,-60,8780,-483,2548,-500
10,-60,3234,314,6286,300
10,-60,4576,720,4944,700
10,-60,1473,521,9855,500
10,-60,7734,632,5402,600
10,-60,182,681,1146,700
10,-60,9090,743,8142,700
10,-60,8289,-543,3039,-500
10,-60,1297,797,1839,800
10,-60,7293,-430,4035,-400
10,-60,6002,116,3518,100
10,-60,4371,684,1053,700
10,-60,6098,-889,3422,-900
10,-60,7402,-173,3926,-200
10,-60,6670,691,2850,700
10,-60,550,620,2586,600
10,-60,4613,927,8523,900
10,-60,6084,-685,3436,-700
10,-60,2996,-260,6524,-300
10,-60,903,-219,425,-200
10,-60,6971,379,2549,400
10,-60,8004,-72,5132,-100
10,-60,3502,271,7826,300
10,-60,5552,-976,3968,-1000
10,-60,1382,-906,8138,-900
10,-60,5587,-898,5741,-900
10,-60,3808,356,7520,400
10,-60,6541,357,2979,400
10,-60,270,-959,9250,-1000
10,-60,3347,697,7981,700
10,-60,7034,189,2486,200
10,-60,8247,152,4889,200
10,-60,3895,-141,9241,-100
10,-60,8584,489,2744,500
10,-60,8906,-421,4230,-400
10,-60,6340,-20,4988,0
10,-60,6684,638,2836,600
10,-60,6132,400,3388,400
10,-60,2405,646,7115,600
10,-60,4440,254,984,300
10,-60,6790,975,6346,900
10,-60,2108,231,9220,200
10,-60,8727,-129,793,-100
10,-60,6428,272,4900,300
10,-60,6898,779,2622,800
10,-60,5928,-40,3592,0
10,-60,4334,608,6994,600
10,-60,4399,-934,5121,-900
10,-60,3733,293,7595,300
10,-60,4868,-234,4652,-200
10,-60,6608,65,6528,100
10,-60,8914,-882,4222,-900
10,-60,578,766,2558,800
10,-60,5219,-190,4301,-200
10,-60,9527,501,1801,500
10,-60,4632,-773,792,-800
10,-60,9852,-176,1476,-200
10,-60,9842,270,1486,300
10,-60,6500,-491,4828,-500
10,-60,3761,766,9375,800
10,-60,9715,122,1613,100
10,-60,9288,-442,3848,-400
10,-60,5995,797,7141,800
10,-60,8265,-970,4871,-1000
10,-60,4993,-751,8143,-700
10,-60,7412,-858,2108,-900
10,-60,2364,656,7156,700
10,-60,6620,404,4708,400
10,-60,7694,-944,3634,-900
10,-60,3842,-615,7486,-600
10,-60,8520,674,2808,700
10,-60,3839,323,7489,300
10,-50,5868,287,5460,300
10,-50,9138,785,3998,800
10,-50,7742,6,3586,0
10,-50,3114,-643,6406,-600
10,-50,9349,-904,3787,-900
10,-50,5623,-362,3897,-400
10,-50,8915,552,2413,600
10,-50,1845,945,7675,900
10,-50,7429,-681,5707,-700
10,-50,9213,-600,307,-600
10,-50,1369,923,9959,900
10,-50,3504,466,6016,500
10,-50,1418,141,9910,100
10,-50,3513,-860,6007,-900
10,-50,4099,346,9037,300
10,-50,4942,-209,8194,-200
10,-50,9552,-887,1776,-900
10,-50,586,-71,2550,-100
10,-50,9935,146,1393,100
10,-50,8446,-266,4690,-300
10,-50,1369,92,8151,100
10,-50,2748,-930,6772,-900
10,-50,6461,735,3059,700
10,-50,2729,-408,6791,-400
10,-50,3705,-769,5815,-800
10,-50,6378,-344,4950,-300
10,-50,2266,-262,7254,-300
10,-50,6830,-583,2690,-600
10,-50,5855,-484,7281,-500
10,-50,8666,763,4470,800
10,-50,5039,-661,4481,-700
10,-50,88,722,3048,700
10,-50,1280,-658,48,-700
10,-50,4132,-498,7196,-500
10,-50,3200,166,8128,200
10,-50,1613,-972,7907,-1000
10,-50,6682,-504,2838,-500
10,-50,2886,404,8442,400
10,-50,3959,-102,9177,-100
10,-50,5395,-780,4125,-800
10,-50,7631,-454,3697,-500
10,-50,4061,-666,9075,-700
10,-50,8206,-533,3122,-500
10,-50,1849,-671,9479,-700
10,-50,1527,-780,9801,-800
10,-50,5708,-652,7428,-700
10,-50,7157,553,5979,600
10,-50,7867,-452,5269,-500
10,-50,3041,-515,6479,-500
10,-50,1021,-685,307,-700
10,-50,1894,133,7626,100
10,-50,6741,927,4587,900
10,-50,3957,-361,7371,-400
10,-50,9926,-738,7306,-700
10,-50,303,813,1025,800
10,-50,7379,397,9853,400
10,-50,7115,-530,6021,-500
10,-50,6623,145,2897,100
10,-50,7024,-623,2496,-600
10,-50,7008,997,2512,900
10,-50,7744,-27,3584,0
10,-50,1058,-87,2078,-100
10,-50,8239,-517,1281,-500
10,-50,3233,-841,8095,-800
10,-50,8107,859,1413,900
10,-50,8895,123,2433,100
10,-50,170,69,2966,100
10,-50,3343,-123,9793,-100
10,-50,1465,82,9863,100
10,-50,876,-752,452,-800
10,-50,3118,-300,8210,-300
10,-50,4473,118,6855,100
10,-50,9661,-125,1667,-100
10,-50,3813,-493,1611,-500
10,-50,6641,112,4687,100
10,-50,977,411,2159,400
10,-50,1411,-2,8109,0
10,-50,606,-799,2530,-800
10,-50,1513,554,8007,600
10,-50,3714,-306,7614,-300
10,-50,5517,255,7619,300
10,-50,983,972,2153,900
10,-50,3584,-864,5936,-900
10,-50,2435,-375,7085,-400
10,-50,3718,495,9418,500
10,-50,8423,-208,4713,-200
10,-50,2122,-406,9206,-400
10,-50,4131,-294,7197,-300
10,-50,6712,347,6424,300
10,-50,8461,-579,4675,-600
10,-50,2941,-613,8387,-600
10,-50,5437,26,5891,0
10,-50,7860,673,1660,700
10,-50,1922,-916,7598,-900
10,-50,4425,-628,8711,-600
10,-50,4476,-799,6852,-800
10,-50,6373,-914,6763,-900
10,-50,3895,728,9241,700
10,-50,7710,-394,5426,-400
10,-50,2572,67,6948,100
10,-40,2853,861,6667,900
10,-40,6184,478,3336,500
10,-40,5678,117,3842,100
10,-40,3583,-978,9553,-1000
10,-40,1200,925,128,900
10,-40,495,239,833,200
10,-40,4222,-306,7106,-300
10,-40,6866,750,4462,700
10,-40,2501,-437,8827,-400
10,-40,6066,-60,3454,-100
10,-40,8505,-446,1015,-400
10,-40,5747,739,5581,700
10,-40,3839,-634,7489,-600
10,-40,2320,439,7200,400
10,-40,2483,-480,653,-500
10,-40,4549,316,8587,300
10,-40,5470,298,4050,300
10,-40,5594,-343,3926,-300
10,-40,2637,-713,8691,-700
10,-40,6358,441,6778,400
10,-40,1690,777,7830,800
10,-40,1035,-946,2101,-900
10,-40,3448,768,9688,800
10,-40,8049,190,1471,200
10,-40,8809,944,711,900
10,-40,6604,-387,4724,-400
10,-40,29,-310,1299,-300
10,-40,3154,904,9982,900
10,-40,2650,848,6870,800
10,-40,3111,-213,6409,-200
10,-40,8988,-81,532,-100
10,-40,26,570,3110,600
10,-40,3352,609,7976,600
10,-40,8337,-859,2991,-900
10,-40,9854,-474,3282,-500
10,-40,6909,96,6227,100
10,-40,7783,412,1737,400
10,-40,3114,-824,6406,-800
10,-40,6044,429,7092,400
10,-40,6646,-779,6490,-800
10,-40,2159,221,9169,200
10,-40,8481,804,2847,800
10,-40,8247,-310,1273,-300
10,-40,4513,-361,911,-400
10,-40,2213,-739,9115,-700
10,-40,7794,236,1726,200
10,-40,4776,-363,4744,-400
10,-40,2250,894,7270,900
10,-40,5501,177,4019,200
10,-40,5134,846,6194,800
10,-40,8767,-451,2561,-400
10,-40,7451,306,3877,300
10,-40,9194,109,326,100
10,-40,3599,-712,1825,-700
10,-40,6400,-624,4928,-600
10,-40,7484,221,2036,200
10,-40,7063,-226,6073,-200
10,-40,8315,-646,1205,-600
10,-40,5817,131,7319,100
10,-40,8234,959,3094,900
10,-40,8856,694,664,700
10,-40,4844,-509,6484,-500
10,-40,1389,-397,8131,-400
10,-40,6709,-14,6427,0
10,-40,3095,-787,8233,-800
10,-40,6798,341,4530,300
10,-40,4583,171,6745,200
10,-40,6673,-74,2847,-100
10,-40,5006,917,4514,900
10,-40,4868,-844,6460,-800
10,-40,9277,958,243,900
10,-40,3466,-707,6054,-700
10,-40,2868,-648,6652,-600
10,-40,5705,-826,5623,-800
10,-40,4454,-787,6874,-800
10,-40,8680,-796,840,-800
10,-40,8112,391,1408,400
10,-40,4440,334,8696,300
10,-40,1382,463,8138,500
10,-40,284,-28,6948,0
10,-40,1595,167,7925,200
10,-40,8576,992,944,900
10,-40,1310,-947,8210,-900
10,-40,509,-78,2627,-100
10,-40,9767,-309,3369,-300
10,-40,2813,-461,8515,-500
10,-40,1611,932,9717,900
10,-40,9238,79,2090,100
10,-40,1636,152,7884,200
10,-40,8373,-234,4763,-200
10,-40,2867,-535,6653,-500
10,-40,4236,-842,8900,-800
10,-40,8198,-167,4938,-200
10,-40,1951,-103,7569,-100
10,-40,1278,-799,50,-800
10,-40,8487,728,1033,700
10,-40,8621,-94,899,-100
10,-40,7384,-749,3944,-700
10,-40,4152,346,7176,300
10,-40,5355,161,4165,200
10,-30,2939,-915,8389,-900
10,-30,120,-928,1208,-900
10,-30,7075,47,2445,0
10,-30,385,187,2751,200
10,-30,7484,-470,2036,-500
10,-30,2835,849,8493,800
10,-30,2816,-998,6704,-1000
10,-30,8015,-385,1505,-400
10,-30,4909,810,4611,800
10,-30,5889,1,7247,0
10,-30,8630,276,2698,300
10,-30,3185,-152,8143,-200
10,-30,4996,-234,8140,-200
10,-30,361,-475,967,-500
10,-30,3286,452,6234,500
10,-30,3349,317,6171,300
10,-30,6796,810,2724,800
10,-30,3254,286,8074,300
10,-30,8203,835,1317,800
10,-30,4434,-331,8702,-300
10,-30,3246,891,8082,900
10,-30,1372,580,9956,600
10,-30,5831,933,3689,900
10,-30,8624,461,896,500
10,-30,1518,-576,8002,-600
10,-30,2111,731,9217,700
10,-30,7347,278,2173,300
10,-30,1592,-70,9736,-100
10,-30,9396,655,3740,700
10,-30,2712,108,2712,100
10,-30,8092,197,5044,200
10,-30,5491,721,7645,700
10,-30,982,83,2154,100
10,-30,9085,-937,435,-900
10,-30,6911,39,4417,0
10,-30,7218,-994,5918,-1000
10,-30,938,-673,6294,-700
10,-30,984,-678,6248,-700
10,-30,575,-182,753,-200
10,-30,130,-911,3006,-900
10,-30,1326,-604,2,-600
10,-30,560,-861,2576,-900
10,-30,686,-672,642,-700
10,-30,715,-234,8805,-200
10,-30,6319,670,6817,700
10,-30,5197,-483,4323,-500
10,-30,6353,-895,6783,-900
10,-30,9796,-207,1532,-200
10,-30,9053,-203,467,-200
10,-30,4544,-143,6784,-100
10,-30,5185,-831,6143,-800
10,-30,4169,294,7159,300
10,-30,7708,-582,5428,-600
10,-30,7528,432,3800,400
10,-30,5512,-607,4008,-600
10,-30,6630,114,4698,100
10,-30,3905,274,5615,300
10,-30,7982,-679,3346,-700
10,-30,8675,-515,2653,-500
10,-30,4493,679,8643,700
10,-30,5699,-300,3821,-300
10,-30,6039,-638,5289,-600
10,-30,7402,461,3926,500
10,-30,1695,-75,7825,-100
10,-30,9048,-884,2280,-900
10,-30,8702,-152,818,-200
10,-30,4492,947,6836,900
10,-30,8916,-482,2412,-500
10,-30,9426,-507,94,-500
10,-30,9884,-553,1444,-600
10,-30,2282,-985,9046,-1000
10,-30,5210,-269,4310,-300
10,-30,9168,-300,3968,-300
10,-30,6869,533,6267,500
10,-30,8072,148,5064,100
10,-30,2366,82,3058,100
10,-30,5855,160,3665,200
10,-30,9099,-582,421,-600
10,-30,1617,-726,7903,-700
10,-30,8676,-218,2652,-200
10,-30,7030,995,4298,900
10,-30,296,-883,1032,-900
10,-30,1498,-257,1638,-300
10,-30,6154,261,3366,300
10,-30,4084,601,9052,600
10,-30,8922,219,4214,200
10,-30,6279,821,5049,800
10,-30,2071,238,9257,200
10,-30,9009,-317,2319,-300
10,-30,3593,753,9543,800
10,-30,1662,-646,9666,-600
10,-30,118,-788,1210,-800
10,-30,4737,560,6591,600
10,-30,4344,-896,6984,-900
10,-30,9001,544,519,500
10,-30,1911,-937,7609,-900
10,-30,759,871,569,900
10,-30,500,566,828,600
10,-30,4493,345,6835,300
10,-30,4523,644,6805,600
10,-20,4217,230,8919,200
10,-20,718,-221,610,-200
10,-20,3888,955,5632,900
10,-20,8889,106,631,100
10,-20,1580,-884,9748,-900
10,-20,9889,458,3247,500
10,-20,9006,635,2322,600
10,-20,6620,-702,2900,-700
10,-20,6281,-698,5047,-700
10,-20,6645,371,2875,400
10,-20,9986,47,3150,0
10,-20,9747,-90,3389,-100
10,-20,5210,-928,7926,-900
10,-20,5878,-951,5450,-1000
10,-20,3619,-953,7709,-1000
10,-20,7612,-892,3716,-900
10,-20,7220,573,2300,600
10,-20,5416,327,8,300
10,-20,172,563,2964,600
10,-20,1096,124,232,100
10,-20,523,571,2613,600
10,-20,9123,64,4013,100
10,-20,2470,978,2954,900
10,-20,4734,-113,8402,-100
10,-20,7287,-889,5849,-900
10,-20,4835,-413,4685,-400
10,-20,723,-465,2413,-500
10,-20,6780,950,6356,900
10,-20,9673,820,3463,800
10,-20,1797,-748,7723,-700
10,-20,5208,852,7928,900
10,-20,1574,-890,7946,-900
10,-20,593,-661,2543,-700
10,-20,3098,-621,6422,-600
10,-20,8955,793,565,800
10,-20,2294,818,3130,800
10,-20,1429,-449,3995,-500
10,-20,9616,647,3520,600
10,-20,34,-43,3102,0
10,-20,6283,667,5045,700
10,-20,2863,-406,6657,-400
10,-20,1602,113,7918,100
10,-20,2144,-483,7376,-500
10,-20,4574,15,8562,0
10,-20,2445,-786,7075,-800
10,-20,3364,884,6156,900
10,-20,857,-187,471,-200
10,-20,9967,621,1361,600
10,-20,5284,687,4236,700
10,-20,1219,-916,109,-900
10,-20,6821,-452,6315,-500
10,-20,5858,480,7278,500
10,-20,1206,-547,122,-500
10,-20,4804,-743,8332,-700
10,-20,9732,500,3404,500
10,-20,8744,924,776,900
10,-20,7883,476,5253,500
10,-20,8295,-84,1225,-100
10,-20,5860,921,3660,900
10,-20,8601,242,4535,200
10,-20,7246,807,2274,800
10,-20,2820,-310,6700,-300
10,-20,6732,139,4596,100
10,-20,8159,955,1361,900
10,-20,6889,757,6247,800
10,-20,6934,509,2586,500
10,-20,1458,27,8062,0
10,-20,2762,204,8566,200
10,-20,6863,965,6273,900
10,-20,8483,222,4653,200
10,-20,8334,-851,2994,-900
10,-20,6798,295,6338,300
10,-20,9361,-347,3775,-300
10,-20,8032,315,1488,300
10,-20,8653,-125,867,-100
10,-20,1643,-275,7877,-300
10,-20,6761,81,2759,100
10,-20,2031,15,9297,0
10,-20,6264,652,3256,700
10,-20,9780,-607,7452,-600
10,-20,2403,-840,7117,-800
10,-20,304,-694,2832,-700
10,-20,1102,106,226,100
10,-20,407,-802,921,-800
10,-20,9110,754,2218,800
10,-20,4027,-204,7301,-200
10,-20,2669,-323,8659,-300
10,-20,9452,632,3684,600
10,-20,1212,-906,1924,-900
10,-20,6095,747,3425,700
10,-20,7847,-30,1673,0
10,-20,2832,-382,304,-400
10,-20,3942,-466,5578,-500
10,-20,6509,-834,4819,-800
10,-20,6651,-138,2869,-100
10,-20,2281,-88,7239,-100
10,-20,609,238,2527,200
10,-20,2949,855,6571,900
10,-20,1700,-359,1436,-400
10,-20,3019,43,8309,0
10,-10,8465,699,8767,700
10,-10,5401,418,7735,400
10,-10,5700,-269,5628,-300
10,-10,6865,305,2655,300
10,-10,144,-655,1184,-700
10,-10,8601,263,4535,300
10,-10,6815,884,6321,900
10,-10,2167,68,9161,100
10,-10,3210,-682,2214,-700
10,-10,8688,-6,832,0
10,-10,7527,865,5609,900
10,-10,9527,-722,1801,-700
10,-10,7913,386,9319,400
10,-10,4672,388,6656,400
10,-10,5142,-292,7994,-300
10,-10,7356,37,2164,0
10,-10,435,-273,893,-300
10,-10,4995,937,4525,900
10,-10,9757,569,3379,600
10,-10,5961,-608,7175,-600
10,-10,3876,-83,5644,-100
10,-10,8303,-79,3025,-100
10,-10,4548,-595,8588,-600
10,-10,1600,-436,7920,-400
10,-10,5141,798,6187,800
10,-10,7633,-445,3695,-400
10,-10,1252,313,76,300
10,-10,1981,-380,1155,-400
10,-10,96,587,1232,600
10,-10,1182,827,1954,800
10,-10,8175,-297,1345,-300
10,-10,3792,-791,9344,-800
10,-10,5961,654,5367,700
10,-10,6956,-192,6180,-200
10,-10,7256,836,5880,800
10,-10,326,-501,2810,-500
10,-10,5271,-295,6057,-300
10,-10,4469,-585,6859,-600
10,-10,2006,220,9322,200
10,-10,9661,-98,3475,-100
10,-10,7239,457,5897,500
10,-10,4547,218,6781,200
10,-10,7389,634,2131,600
10,-10,9428,-381,1900,-400
10,-10,5984,-772,3536,-800
10,-10,8658,-352,4478,-300
10,-10,8900,912,4236,900
10,-10,5921,3,7215,0
10,-10,1963,-600,9365,-600
10,-10,9511,-366,3625,-400
10,-10,3379,-546,9757,-500
10,-10,1624,671,7896,700
10,-10,6625,-337,4703,-300
10,-10,5415,613,9,600
10,-10,5021,215,4499,200
10,-10,3212,959,9924,900
10,-10,568,-797,760,-800
10,-10,900,974,428,900
10,-10,9478,-512,1850,-500
10,-10,5557,528,7579,500
10,-10,9189,689,331,700
10,-10,2025,-534,9303,-500
10,-10,8540,389,980,400
10,-10,2452,561,7068,600
10,-10,453,-347,875,-300
10,-10,9210,-411,3926,-400
10,-10,3807,70,7521,100
10,-10,2298,200,7222,200
10,-10,7395,289,3933,300
10,-10,6821,-152,6315,-200
10,-10,7139,650,2381,700
10,-10,2111,913,7409,900
10,-10,1155,-872,1981,-900
10,-10,4981,865,8155,900
10,-10,6453,-531,3067,-500
10,-10,4294,208,5226,200
10,-10,7889,-721,3439,-700
10,-10,346,-538,982,-500
10,-10,6551,819,4777,800
10,-10,4536,842,888,800
10,-10,792,187,2344,200
10,-10,7068,-765,164,-800
10,-10,3104,-393,2320,-400
10,-10,4901,272,8235,300
10,-10,2435,853,7085,900
10,-10,6156,-998,3364,-1000
10,-10,1555,-226,9773,-200
10,-10,6366,-203,3154,-200
10,-10,8583,851,4553,900
10,-10,5614,755,5714,800
10,-10,6964,-928,6172,-900
10,-10,2965,-990,6555,-1000
10,-10,111,-941,3025,-900
10,-10,3836,-690,7492,-700
10,-10,3184,-78,9952,-100
10,-10,3096,538,6424,500
10,-10,6402,-346,6734,-300
10,-10,6115,806,7021,800
10,-10,8478,-638,1042,-600
10,-10,8951,194,2377,200
10,0,3912,752,5608,700
10,0,5518,-891,5810,-900
10,0,5111,-562,6217,-600
10,0,6919,34,4409,0
10,0,7858,695,5278,700
10,0,1615,-904,1521,-900
10,0,7778,460,5358,500
10,0,9106,820,414,800
10,0,4294,-96,5226,-100
10,0,2615,402,6905,400
10,0,3281,-680,9855,-700
10,0,8899,738,621,700
10,0,717,271,611,300
10,0,1512,-684,9816,-700
10,0,5318,-884,4202,-900
10,0,4768,104,6560,100
10,0,2585,723,551,700
10,0,24,-774,1304,-800
10,0,8275,-669,7149,-700
10,0,5796,626,9628,600
10,0,5331,-893,7805,-900
10,0,7087,17,4241,0
10,0,557,773,771,800
10,0,1419,-489,1717,-500
10,0,7771,-295,1749,-300
10,0,9,-300,1319,-300
10,0,5994,-365,1238,-400
10,0,6621,-251,6515,-300
10,0,714,-597,614,-600
10,0,9948,-87,7284,-100
10,0,4893,288,4627,300
10,0,549,-169,4875,-200
10,0,1783,573,1353,600
10,0,3798,983,7530,900
10,0,1196,255,6036,300
10,0,7168,-279,5968,-300
10,0,9210,267,2118,300
10,0,9490,-697,3646,-700
10,0,5182,590,7954,600
10,0,2422,-892,8906,-900
10,0,4014,-458,9122,-500
10,0,8623,-307,897,-300
10,0,7403,-445,9829,-400
10,0,5590,-818,7546,-800
10,0,4132,-811,1292,-800
10,0,853,-187,6379,-200
10,0,3631,-976,7697,-1000
10,0,4314,-242,5206,-200
10,0,5699,-359,3821,-400
10,0,7419,-308,2101,-300
10,0,6215,205,5113,200
10,0,3085,848,8243,800
10,0,8754,-670,766,-700
10,0,492,-371,6740,-400
10,0,6511,-27,3009,0
10,0,6147,572,1085,600
10,0,3951,-263,5569,-300
10,0,2939,-711,8389,-700
10,0,3804,594,1620,600
10,0,8099,-370,5037,-400
10,0,6792,-92,2728,-100
10,0,8702,995,4434,900
10,0,1614,-365,9714,-400
10,0,489,-353,9031,-400
10,0,7414,-225,5722,-200
10,0,3546,901,9590,900
10,0,9681,709,1647,700
10,0,8525,-344,995,-300
10,0,5427,148,7709,100
10,0,2374,986,8954,900
10,0,1711,-15,9617,0
10,0,988,670,340,700
10,0,2927,954,209,900
10,0,1778,407,7742,400
10,0,8328,472,3000,500
10,0,1706,811,3718,800
10,0,9200,-817,2128,-800
10,0,2060,-435,3364,-400
10,0,113,570,3023,600
10,0,7821,-167,9411,-200
10,0,4235,653,8901,700
10,0,1164,-839,164,-800
10,0,8244,682,3084,700
10,0,3904,-832,3328,-800
10,0,9997,67,1331,100
10,0,9136,-940,384,-900
10,0,3222,705,8106,700
10,0,104,-130,1224,-100
10,0,3447,-782,9689,-800
10,0,9786,-107,1542,-100
10,0,4943,682,8193,700
10,0,1571,-354,1565,-400
10,0,8132,127,3196,100
10,0,1502,298,9826,300
10,0,369,-727,959,-700
10,0,2989,-810,8339,-800
10,0,6329,-376,903,-400
10,0,155,838,1173,800
10,0,7991,189,1529,200
10,0,7425,37,7999,0
10,10,1443,154,3981,100
10,10,6824,-42,408,0
10,10,3075,-935,4157,-900
10,10,7357,583,9875,600
10,10,3827,736,1597,700
10,10,6185,594,6951,600
10,10,7423,-175,3905,-200
10,10,9541,400,5883,400
10,10,7300,-189,5836,-200
10,10,9016,-895,6408,-900
10,10,4440,347,984,300
10,10,6423,455,6713,500
10,10,5901,46,5427,0
10,10,9956,615,5468,600
10,10,4870,157,4650,200
10,10,6155,74,3365,100
10,10,4431,-239,8705,-200
10,10,7092,674,6044,700
10,10,6888,-443,2632,-400
10,10,5583,872,7553,800
10,10,7512,-208,9720,-200
10,10,7415,339,5721,400
10,10,5873,241,7263,200
10,10,8183,-662,1337,-700
10,10,3835,-48,9301,0
10,10,956,74,372,100
10,10,7972,256,5164,200
10,10,9562,547,1766,600
10,10,6667,994,6469,900
10,10,811,401,6421,400
10,10,5550,-20,3970,0
10,10,5594,552,7542,600
10,10,8529,845,991,800
10,10,5539,-997,9885,-1000
10,10,7794,-568,3534,-500
10,10,1230,-906,1906,-900
10,10,2761,996,2663,900
10,10,8364,216,1156,200
10,10,7691,858,9541,900
10,10,5071,209,6257,200
10,10,5604,668,3916,600
10,10,7824,759,3504,800
10,10,571,764,6661,800
10,10,6508,-338,6628,-300
10,10,2677,-222,2747,-200
10,10,517,886,2619,900
10,10,3769,-997,1655,-1000
10,10,5319,-46,4201,0
10,10,6845,758,387,800
10,10,9161,721,2167,700
10,10,821,845,2315,800
10,10,1972,428,7548,400
10,10,640,-800,4784,-800
10,10,1249,490,1887,500
10,10,6782,-262,6354,-200
10,10,6283,705,949,700
10,10,2860,561,6660,600
10,10,6688,775,6448,800
10,10,8998,-466,522,-500
10,10,6874,-26,2646,0
10,10,7634,-630,3694,-600
10,10,2950,-317,8378,-300
10,10,2555,22,4677,0
10,10,3483,711,6037,700
10,10,1813,-355,5419,-300
10,10,323,-111,9197,-100
10,10,9818,856,7414,900
10,10,356,973,9164,900
10,10,3933,-738,5587,-700
10,10,4315,-610,8821,-600
10,10,8023,-263,3305,-300
10,10,5658,-875,3862,-900
10,10,507,360,6725,300
10,10,5693,282,3827,300
10,10,610,-654,8910,-600
10,10,3873,182,9263,200
10,10,780,-638,6452,-600
10,10,155,990,5269,900
10,10,4954,577,2278,600
10,10,7049,-226,6087,-200
10,10,7844,-933,5292,-900
10,10,3592,-683,7736,-700
10,10,792,-793,8728,-800
10,10,322,-409,9198,-400
10,10,9439,-257,81,-200
10,10,9062,-720,2266,-700
10,10,7009,-784,8415,-800
10,10,3658,848,9478,800
10,10,7111,480,6025,500
10,10,1226,557,102,600
10,10,6844,720,6292,700
10,10,4923,-21,8213,0
10,10,4666,-9,758,0
10,10,2336,191,3088,200
10,10,9675,-145,7557,-200
10,10,4016,507,9120,500
10,10,8588,337,932,300
10,10,1978,241,7542,200
10,10,6941,845,8483,800
10,10,8430,-989,1090,-1000
10,20,4388,-105,8748,-100
10,20,411,958,6821,900
10,20,5713,966,1519,900
10,20,7358,91,8066,100
10,20,4813,-35,611,0
10,20,885,725,443,700
10,20,8434,993,2894,900
10,20,5676,108,7460,100
10,20,1403,-63,1733,-100
10,20,9761,667,1567,700
10,20,4358,873,1066,900
10,20,8662,-387,8570,-400
10,20,9977,-830,3159,-800
10,20,3579,-921,3653,-800
10,20,6516,430,4812,500
10,20,9581,-240,7651,-300
10,20,1642,263,3782,300
10,20,1083,62,244,100
10,20,3938,599,3294,600
10,20,1776,41,3648,100
10,20,6615,-255,6521,-200
10,20,4211,-34,3021,0
10,20,9845,-845,3291,-1000
10,20,8247,-626,7177,-600
10,20,5195,256,2037,200
10,20,8848,912,6576,900
10,20,4664,-574,8472,-500
10,20,4059,209,9077,200
10,20,5037,206,8099,200
10,20,8832,-285,6592,-300
10,20,4664,-710,2568,-800
10,20,9185,646,3951,600
10,20,2951,-459,8377,-400
10,20,5126,167,8009,200
10,20,9070,849,2258,800
10,20,4587,121,4933,200
10,20,5929,214,5399,200
10,20,7388,-95,8036,-100
10,20,1104,149,2032,200
10,20,980,68,4444,0
10,20,3074,274,6446,200
10,20,8259,-659,4877,-700
10,20,3419,-694,9717,-800
10,20,1087,522,6145,500
10,20,265,601,2871,500
10,20,9255,-333,265,-300
10,20,5362,-916,7774,-900
10,20,6940,-703,292,-700
10,20,8173,-626,7252,-600
10,20,2912,-853,8416,-800
10,20,5933,441,7203,500
10,20,6824,255,2696,200
10,20,1590,-658,9738,-700
10,20,3069,393,8259,500
10,20,6632,-834,600,-800
10,20,2286,-911,3138,-900
10,20,6945,693,2576,600
10,20,9519,345,1,400
10,20,4345,164,1079,100
10,20,7348,240,8076,300
10,20,855,-2,6377,-100
10,20,337,746,991,700
10,20,1018,296,2118,300
10,20,6953,-384,2567,-500
10,20,9144,-192,2184,-300
10,20,5572,354,3948,300
10,20,9874,266,5550,200
10,20,7545,501,3783,600
10,20,985,106,4439,100
10,20,1067,379,2069,400
10,20,2537,610,6983,600
10,20,5801,407,3719,400
10,20,750,619,6482,600
10,20,162,347,9358,400
10,20,5556,140,5772,200
10,20,3162,558,2262,500
10,20,9177,-424,3959,-500
10,20,957,-133,6275,-100
10,20,2284,399,7236,500
10,20,7468,-93,7956,-100
10,20,596,282,6636,400
10,20,4763,622,8373,600
10,20,7111,-168,8313,-100
10,20,1091,609,2045,600
10,20,555,788,6677,800
10,20,7717,-586,1803,-600
10,20,8966,875,2362,900
10,20,6303,777,3217,600
10,20,2367,-207,4865,-200
10,20,2175,99,3249,0
10,20,9403,455,1925,500
10,20,4083,-178,1341,-100
10,20,3265,-261,9871,-200
10,20,7474,599,5662,500
10,20,5517,-669,7619,-600
10,20,3498,-764,9638,-800
10,20,1456,338,1680,400
10,20,2239,750,4993,800
10,20,6345,660,6791,700
10,20,9029,-977,491,-1000
10,30,8624,-210,1131,900
10,30,1624,134,5606,300
10,30,5320,-233,1131,900
10,30,3225,971,1131,900
10,30,992,914,1131,900
10,30,2601,797,1131,900
10,30,2854,370,1131,900
10,30,1388,151,1131,900
10,30,7958,122,1131,900
10,30,6807,685,1131,900
10,30,5464,-210,1131,900
10,30,9496,726,1131,900
10,30,9039,226,1131,900
10,30,6676,290,1131,900
10,30,5749,174,1131,900
10,30,1592,206,1131,900
10,30,9647,-836,1131,900
10,30,5386,767,1131,900
10,30,2920,795,1131,900
10,30,4023,932,1131,900
10,30,9889,474,1131,900
10,30,6501,-280,1131,900
10,30,6348,-476,1131,900
10,30,2074,-270,1131,900
10,30,3253,459,1131,900
10,30,296,-905,1131,900
10,30,1843,-500,1131,900
10,30,1992,-510,1131,900
10,30,6932,482,1131,900
10,30,710,993,1131,900
10,30,7122,-757,1131,900
10,30,9757,-97,1131,900
10,30,6423,993,1131,900
10,30,8093,-491,1131,900
10,30,5823,723,1131,900
10,30,218,415,1131,900
10,30,1947,731,1131,900
10,30,5790,-335,1131,900
10,30,7971,653,1131,900
10,30,2733,-953,1131,900
10,30,1501,-480,1131,900
10,30,3409,-253,1131,900
10,30,5167,975,1131,900
10,30,3425,125,1131,900
10,30,6109,-949,1131,900
10,30,9514,927,1131,900
10,30,2886,17,1131,900
10,30,2352,-701,1131,900
10,30,86,673,1131,900
10,30,8419,-543,1131,900
10,30,3731,-338,1131,900
10,30,952,652,4473,700
10,30,8637,887,1131,900
10,30,5093,395,1131,900
10,30,3762,537,1131,900
10,30,9901,834,1131,900
10,30,6728,-601,1131,900
10,30,6529,-98,1131,900
10,30,1375,565,1131,900
10,30,1609,-687,1131,900
10,30,5274,664,1131,900
10,30,5585,407,1131,900
10,30,8047,-886,1473,-600
10,30,3092,139,1131,900
10,30,3550,202,1131,900
10,30,4825,121,1131,900
10,30,1537,-137,1131,900
10,30,3573,-892,1131,900
10,30,7734,552,9498,400
10,30,6614,-148,1131,900
10,30,1640,-247,1131,900
10,30,7549,641,1131,900
10,30,9932,1,1131,900
10,30,7199,-284,1131,900
10,30,6438,-867,1131,900
10,30,3705,-832,1131,900
10,30,2398,-556,1131,900
10,30,9598,221,1131,900
10,30,156,30,1131,900
10,30,7018,-508,1131,900
10,30,76,-91,1131,900
10,30,5141,-644,1131,900
10,30,203,458,1131,900
10,30,3141,-875,1131,900
10,30,9950,-827,1131,900
10,30,1085,-754,1131,900
10,30,9038,810,1131,900
10,30,2744,-539,1131,900
10,30,5666,-188,1131,900
10,30,1931,-240,1131,900
10,30,3449,-196,1131,900
10,30,7627,107,1131,900
10,30,6635,-534,1131,900
10,30,7899,-31,1131,900
10,30,5668,-666,1131,900
10,30,439,79,887,0
10,30,7639,-418,1131,900
10,30,9933,568,1131,900
10,30,2656,-857,1131,900
10,30,5914,-653,3606,-700
10,40,7889,516,1131,900
10,40,3411,-511,1131,900
10,40,1300,-168,1131,900
10,40,5936,-822,1131,900
10,40,3028,639,1131,900
10,40,5434,-78,1131,900
10,40,5640,-261,1131,900
10,40,1150,337,1131,900
10,40,6955,-273,1131,900
10,40,5379,-938,1131,900
10,40,4011,-161,1131,900
10,40,7492,167,1131,900
10,40,1584,401,1131,900
10,40,3778,923,1131,900
10,40,9531,-623,1131,900
10,40,5981,-308,1131,900
10,40,1407,-977,1131,900
10,40,7959,433,1131,900
10,40,6556,714,1131,900
10,40,1405,-356,1131,900
10,40,6436,309,1131,900
10,40,2813,761,1131,900
10,40,5826,37,1131,900
10,40,7490,-69,1131,900
10,40,8188,-805,1131,900
10,40,6178,771,1131,900
10,40,9916,293,1131,900
10,40,2023,798,1131,900
10,40,7566,896,1131,900
10,40,6206,237,1131,900
10,40,5997,618,1131,900
10,40,8684,-397,1131,900
10,40,1956,-692,1131,900
10,40,4146,-688,1131,900
10,40,3564,783,1131,900
10,40,1811,-173,1131,900
10,40,8630,-898,1131,900
10,40,4080,798,1131,900
10,40,9416,59,1131,900
10,40,6821,-481,1131,900
10,40,965,-877,1131,900
10,40,9228,919,1131,900
10,40,313,-709,1131,900
10,40,8310,695,1131,900
10,40,1379,-65,1131,900
10,40,4480,195,1131,900
10,40,7005,-141,1131,900
10,40,7298,835,1131,900
10,40,2230,926,1131,900
10,40,4037,-682,1131,900
10,40,4136,-717,1131,900
10,40,8614,189,1131,900
10,40,2357,291,1131,900
10,40,9855,65,1131,900
10,40,1673,-872,1131,900
10,40,5294,210,1131,900
10,40,6827,581,1131,900
10,40,3700,912,1131,900
10,40,8466,456,1131,900
10,40,1497,-626,1131,900
10,40,5831,-206,1131,900
10,40,2739,-973,1131,900
10,40,4748,104,1131,900
10,40,5490,-717,1131,900
10,40,2840,749,1131,900
10,40,7207,10,1131,900
10,40,6571,455,1131,900
10,40,5821,606,1131,900
10,40,9604,-424,1131,900
10,40,4341,423,1131,900
10,40,3525,576,1131,900
10,40,9227,-337,1131,900
10,40,6393,-769,1131,900
10,40,3748,-542,1131,900
10,40,1687,-772,1131,900
10,40,7683,103,1131,900
10,40,5953,-10,1131,900
10,40,9754,735,1131,900
10,40,4206,8,1131,900
10,40,7937,-328,1131,900
10,40,2184,70,1131,900
10,40,3242,655,1131,900
10,40,4490,104,1131,900
10,40,4882,-858,1131,900
10,40,9418,474,1131,900
10,40,5807,-355,1131,900
10,40,7977,-369,1131,900
10,40,93,-978,1131,900
10,40,5532,294,1131,900
10,40,4723,589,1131,900
10,40,898,-908,1131,900
10,40,4663,31,1131,900
10,40,7090,-221,1131,900
10,40,4577,-550,1131,900
10,40,5447,230,1131,900
10,40,5847,-64,1131,900
10,40,5610,636,1131,900
10,40,8912,-257,1131,900
10,40,851,-683,1131,900
10,40,7391,-809,1131,900
10,50,2509,-88,1131,900
10,50,5791,-163,1131,900
10,50,412,80,1131,900
10,50,4273,-875,1131,900
10,50,7515,-211,1131,900
10,50,9984,100,1131,900
10,50,9105,699,1131,900
10,50,4574,710,1131,900
10,50,8911,328,1131,900
10,50,7182,739,1131,900
10,50,7975,801,1131,900
10,50,3334,-144,1131,900
10,50,8376,152,1131,900
10,50,4384,748,1131,900
10,50,2687,-896,1131,900
10,50,565,-850,1131,900
10,50,1556,-104,1131,900
10,50,9889,-110,1131,900
10,50,5687,912,1131,900
10,50,7569,-842,1131,900
10,50,4578,-743,1131,900
10,50,2485,609,1131,900
10,50,8155,441,1131,900
10,50,5168,-21,1131,900
10,50,8472,516,1131,900
10,50,5034,418,1131,900
10,50,6850,958,1131,900
10,50,1984,225,1131,900
10,50,9450,-99,1131,900
10,50,5942,-926,1131,900
10,50,2867,170,1131,900
10,50,580,-503,1131,900
10,50,8590,-364,1131,900
10,50,7595,-869,1131,900
10,50,5984,-378,1131,900
10,50,3354,985,1131,900
10,50,8978,-184,1131,900
10,50,6992,-501,1131,900
10,50,1922,240,1131,900
10,50,126,161,1131,900
10,50,4794,227,1131,900
10,50,7406,-759,1131,900
10,50,7028,-247,1131,900
10,50,1280,-120,1131,900
10,50,1925,590,1131,900
10,50,5100,873,1131,900
10,50,1287,-945,1131,900
10,50,1526,778,1131,900
10,50,6359,-769,1131,900
10,50,5583,159,1131,900
10,50,4291,893,1131,900
10,50,9385,150,1131,900
10,50,7320,-895,1131,900
10,50,9899,101,1131,900
10,50,9212,671,1131,900
10,50,9612,392,1131,900
10,50,4310,590,1131,900
10,50,8363,430,1131,900
10,50,5547,-946,1131,900
10,50,6522,-423,1131,900
10,50,1849,371,1131,900
10,50,8453,762,1131,900
10,50,501,-313,1131,900
10,50,2783,-559,1131,900
10,50,6426,-341,1131,900
10,50,3688,-285,1131,900
10,50,1647,663,1131,900
10,50,9406,109,1131,900
10,50,7053,51,1131,900
10,50,4618,-71,1131,900
10,50,3986,191,1131,900
10,50,9423,873,1131,900
10,50,3161,945,1131,900
10,50,5437,665,1131,900
10,50,7189,-867,1131,900
10,50,1498,-145,1131,900
10,50,9503,-244,1131,900
10,50,8830,187,1131,900
10,50,5460,-40,1131,900
10,50,7753,-966,1131,900
10,50,5942,-368,1131,900
10,50,8293,55,1131,900
10,50,777,-797,1131,900
10,50,3648,909,1131,900
10,50,6917,-481,1131,900
10,50,407,789,1131,900
10,50,3171,226,1131,900
10,50,9822,-651,1131,900
10,50,4906,-115,1131,900
10,50,8527,355,1131,900
10,50,7978,404,1131,900
10,50,7379,-444,1131,900
10,50,6725,139,1131,900
10,50,7528,-478,1131,900
10,50,1908,-433,1131,900
10,50,2817,545,1131,900
10,50,5651,-768,1131,900
10,50,9162,573,1131,900
10,50,2069,44,1131,900
10,50,7802,750,1131,900
20,-100,9133,749,2195,700
20,-100,1918,-535,9410,-500
20,-100,4771,367,4749,400
20,-100,4264,373,5256,400
20,-100,6017,-162,5311,-200
20,-100,1321,360,8199,400
20,-100,958,313,2178,300
20,-100,8695,363,825,400
20,-100,6609,-641,2911,-600
20,-100,7354,-31,3974,0
20,-100,734,658,594,700
20,-100,7882,937,1638,900
20,-100,5138,-863,6190,-900
20,-100,3122,-653,6398,-700
20,-100,5564,-266,3956,-300
20,-100,9561,401,3575,400
20,-100,7178,-718,4150,-700
20,-100,346,-346,2790,-300
20,-100,1817,137,9511,100
20,-100,6551,-355,2969,-400
20,-100,1645,720,7875,700
20,-100,5475,-572,5853,-600
20,-100,9783,430,3353,400
20,-100,6695,-821,6441,-800
20,-100,4675,-864,6653,-900
20,-100,8692,120,4444,100
20,-100,5317,-291,7819,-300
20,-100,1001,280,327,300
20,-100,2936,705,6584,700
20,-100,6017,-883,7119,-900
20,-100,4041,-694,9095,-700
20,-100,1995,902,9333,900
20,-100,5671,-65,7465,-100
20,-100,9,790,1319,800
20,-100,9358,-710,162,-700
20,-100,1530,-953,7990,-1000
20,-100,5863,-195,3657,-200
20,-100,6189,488,3331,500
20,-100,469,-304,859,-300
20,-100,6119,-724,7017,-700
20,-100,870,-544,458,-500
20,-100,3151,-682,8177,-700
20,-100,6251,-725,5077,-700
20,-100,5563,741,7573,700
20,-100,346,445,982,400
20,-100,7967,-219,5169,-200
20,-100,7892,-36,5244,0
20,-100,3799,551,9337,600
20,-100,7457,-879,3871,-900
20,-100,9829,503,3307,500
20,-100,9790,486,3346,500
20,-100,6190,-455,6946,-500
20,-100,4318,210,5202,200
20,-100,7453,-775,2067,-800
20,-100,6524,253,4804,300
20,-100,4135,787,9001,800
20,-100,8140,-557,3188,-600
20,-100,8738,-129,2590,-100
20,-100,8270,-417,4866,-400
20,-100,1974,480,9354,500
20,-100,2839,421,8489,400
20,-100,3517,307,7811,300
20,-100,9809,700,3327,700
20,-100,7773,457,1747,500
20,-100,1164,688,164,700
20,-100,553,-389,775,-400
20,-100,6932,74,6204,100
20,-100,3046,106,6474,100
20,-100,1137,118,191,100
20,-100,5566,224,7570,200
20,-100,7995,-418,5141,-400
20,-100,5100,-293,8036,-300
20,-100,2899,613,8429,600
20,-100,4896,-819,6432,-800
20,-100,7110,-943,4218,-900
20,-100,6419,493,4909,500
20,-100,1557,-65,9771,-100
20,-100,2453,104,8875,100
20,-100,9039,937,4097,900
20,-100,450,178,878,200
20,-100,9574,230,1754,200
20,-100,517,-393,811,-400
20,-100,7116,445,4212,400
20,-100,3474,694,7854,700
20,-100,6434,282,6702,300
20,-100,8476,323,2852,300
20,-100,1659,-41,9669,0
20,-100,5285,764,7851,800
20,-100,9509,-684,1819,-700
20,-100,8105,83,5031,100
20,-100,24,-668,1304,-700
20,-100,1285,393,1851,400
20,-100,93,819,1235,800
20,-100,6100,-295,5228,-300
20,-100,3376,23,9760,0
20,-100,6282,-853,3238,-900
20,-100,9078,-325,442,-300
20,-100,8026,826,1494,800
20,-100,9661,505,3475,500
20,-100,9263,-887,2065,-900
20,-90,2059,-112,9269,-100
20,-90,5614,584,5714,600
20,-90,1167,-896,1969,-900
20,-90,4673,669,4847,700
20,-90,101,-589,3035,-600
20,-90,9898,324,1430,300
20,-90,8837,859,2491,900
20,-90,8816,641,2512,600
20,-90,7561,952,3767,900
20,-90,1040,923,2096,900
20,-90,7908,-141,1612,-100
20,-90,9094,-271,2234,-300
20,-90,8365,-296,1155,-300
20,-90,7510,-373,5626,-400
20,-90,880,309,2256,300
20,-90,4298,-298,7030,-300
20,-90,7583,-528,1937,-500
20,-90,8294,329,3034,300
20,-90,320,-720,1008,-700
20,-90,7295,501,5841,500
20,-90,6405,-186,4923,-200
20,-90,2271,463,9057,500
20,-90,8791,65,2537,100
20,-90,7092,-969,4236,-1000
20,-90,2872,578,6648,600
20,-90,9733,-514,3403,-500
20,-90,7044,-2,4284,0
20,-90,6434,-591,3086,-600
20,-90,3024,-941,8304,-900
20,-90,5729,7,7407,0
20,-90,3746,-253,5774,-300
20,-90,4655,-474,6673,-500
20,-90,5733,-304,5595,-300
20,-90,4591,658,8545,700
20,-90,3615,-47,5905,0
20,-90,9508,919,12,900
20,-90,9500,-833,1828,-800
20,-90,2950,190,8378,200
20,-90,9782,374,1546,400
20,-90,8976,847,2352,800
20,-90,1899,611,7621,600
20,-90,8705,-781,4431,-800
20,-90,9422,844,1906,800
20,-90,1448,903,9880,900
20,-90,3738,-213,5782,-200
20,-90,3448,-522,9688,-500
20,-90,183,-473,2953,-500
20,-90,9418,141,102,100
20,-90,402,-365,926,-400
20,-90,1458,-745,8062,-700
20,-90,2644,113,6876,100
20,-90,5018,-649,4502,-600
20,-90,7359,-90,2161,-100
20,-90,1259,-67,69,-100
20,-90,4203,-763,5317,-800
20,-90,2933,-607,8395,-600
20,-90,7449,41,5687,0
20,-90,2308,-486,9020,-500
20,-90,458,402,870,400
20,-90,5375,-518,4145,-500
20,-90,1447,534,9881,500
20,-90,5456,-993,7680,-1000
20,-90,6911,-542,6225,-500
20,-90,7180,-392,5956,-400
20,-90,277,-217,2859,-200
20,-90,1958,-373,9370,-400
20,-90,5013,-680,4507,-700
20,-90,6586,-502,2934,-500
20,-90,3056,-297,6464,-300
20,-90,1601,81,7919,100
20,-90,2056,309,7464,300
20,-90,9516,887,1812,900
20,-90,8597,-463,2731,-500
20,-90,5104,126,8032,100
20,-90,2800,-486,6720,-500
20,-90,9015,-64,4121,-100
20,-90,3897,144,7431,100
20,-90,3074,755,6446,800
20,-90,7987,867,3341,900
20,-90,8352,-216,1168,-200
20,-90,2369,-472,7151,-500
20,-90,2151,-431,9177,-400
20,-90,965,424,363,400
20,-90,1904,-414,9424,-400
20,-90,9741,397,1587,400
20,-90,5037,-164,8099,-200
20,-90,5844,-141,7292,-100
20,-90,998,235,330,200
20,-90,6549,-838,6587,-800
20,-90,2614,-709,6906,-700
20,-90,3585,-497,7743,-500
20,-90,8913,-86,2415,-100
20,-90,9708,-674,1620,-700
20,-90,2266,831,7254,800
20,-90,6462,-939,3058,-900
20,-90,7910,33,3418,0
20,-90,9557,781,1771,800
20,-90,2096,-438,9232,-400
20,-90,6536,-766,4792,-800
20,-90,993,715,335,700
20,-80,654,269,2482,300
20,-80,5289,597,4231,600
20,-80,9907,259,1421,300
20,-80,5729,296,3791,300
20,-80,3925,724,7403,700
20,-80,6664,-398,2856,-400
20,-80,9,-156,3127,-200
20,-80,4810,354,8326,400
20,-80,1852,452,7668,500
20,-80,3162,-855,9974,-900
20,-80,5182,419,6146,400
20,-80,7261,-460,2259,-500
20,-80,2765,362,6755,400
20,-80,2446,-461,7074,-500
20,-80,7607,-92,1913,-100
20,-80,4557,178,8579,200
20,-80,1716,-295,9612,-300
20,-80,6298,291,5030,300
20,-80,8550,-236,970,-200
20,-80,1299,358,29,400
20,-80,6342,388,3178,400
20,-80,2406,431,8922,400
20,-80,9248,-735,272,-700
20,-80,877,-158,451,-200
20,-80,8790,-161,730,-200
20,-80,5907,-254,5421,-300
20,-80,2220,-346,7300,-300
20,-80,9705,544,1623,500
20,-80,1929,850,7591,800
20,-80,3565,-65,7763,-100
20,-80,1925,29,7595,0
20,-80,2420,-815,7100,-800
20,-80,7266,-520,5870,-500
20,-80,7775,446,5361,400
20,-80,4041,934,7287,900
20,-80,7800,-378,3528,-400
20,-80,2218,-358,7302,-400
20,-80,1931,-980,7589,-1000
20,-80,3254,350,8074,300
20,-80,6330,-639,3190,-600
20,-80,1776,920,7744,900
20,-80,6504,464,3016,500
20,-80,4663,930,6665,900
20,-80,4937,-444,8199,-400
20,-80,6431,711,6705,700
20,-80,3788,-244,5732,-200
20,-80,1364,450,9964,500
20,-80,4886,333,6442,300
20,-80,4235,486,8901,500
20,-80,3448,286,7880,300
20,-80,8772,-76,4364,-100
20,-80,1580,-134,9748,-100
20,-80,2618,-256,6902,-300
20,-80,357,668,2779,700
20,-80,273,-64,1055,-100
20,-80,9705,-293,3431,-300
20,-80,8985,-879,2343,-900
20,-80,1337,-97,9991,-100
20,-80,4186,900,5334,900
20,-80,8620,-276,900,-300
20,-80,9253,-776,3883,-800
20,-80,8985,-569,535,-600
20,-80,6201,586,6935,600
20,-80,3574,737,7754,700
20,-80,4755,398,8381,400
20,-80,4834,307,6494,300
20,-80,599,-83,2537,-100
20,-80,1707,897,9621,900
20,-80,2618,-849,8710,-800
20,-80,2880,-253,6640,-300
20,-80,6792,795,2728,800
20,-80,3846,-936,7482,-900
20,-80,9404,193,116,200
20,-80,2466,-169,8862,-200
20,-80,4475,-421,8661,-400
20,-80,5198,-782,6130,-800
20,-80,3946,-64,9190,-100
20,-80,7335,-58,5801,-100
20,-80,9860,488,1468,500
20,-80,2972,-925,8356,-900
20,-80,3245,208,8083,200
20,-80,6124,-908,7012,-900
20,-80,8451,-145,4685,-100
20,-80,389,-967,939,-1000
20,-80,5218,-186,6110,-200
20,-80,7138,991,2382,900
20,-80,1287,-273,1849,-300
20,-80,7244,174,5892,200
20,-80,4965,874,4555,900
20,-80,8090,474,3238,500
20,-80,8244,-661,4892,-700
20,-80,8079,-32,1441,0
20,-80,2509,-459,8819,-500
20,-80,4854,-381,6474,-400
20,-80,2858,-244,6662,-200
20,-80,7406,-496,3922,-500
20,-80,698,-757,630,-800
20,-80,7343,-418,3985,-400
20,-80,710,-730,618,-700
20,-80,7689,-130,5447,-100
20,-70,2458,283,8870,300
20,-70,7922,443,5214,400
20,-70,3310,207,9826,200
20,-70,6528,-29,6608,0
20,-70,4137,854,5383,900
20,-70,5206,-246,4314,-200
20,-70,4783,74,4737,100
20,-70,5579,-571,7557,-600
20,-70,6878,753,6258,800
20,-70,7799,134,3529,100
20,-70,498,-198,830,-200
20,-70,8248,377,8984,400
20,-70,635,-763,2501,-800
20,-70,4811,732,6517,700
20,-70,7693,505,3635,500
20,-70,8685,796,2643,800
20,-70,6996,187,2524,200
20,-70,7593,-970,1927,-1000
20,-70,2452,-162,7068,-200
20,-70,7074,754,4254,800
20,-70,9126,898,4010,900
20,-70,2803,-790,8525,-800
20,-70,9766,-650,3370,-600
20,-70,4328,-639,5192,-600
20,-70,6561,-274,6575,-300
20,-70,3302,-841,8026,-800
20,-70,1997,-163,9331,-200
20,-70,2746,-578,8582,-600
20,-70,4576,572,6752,600
20,-70,5191,655,7945,700
20,-70,5647,214,5681,200
20,-70,3698,775,7630,800
20,-70,2946,-765,8382,-800
20,-70,764,130,564,100
20,-70,2778,-346,8550,-300
20,-70,7565,-350,5571,-300
20,-70,469,-50,2667,-100
20,-70,316,179,2820,200
20,-70,5134,569,6194,600
20,-70,4674,-921,4846,-900
20,-70,3866,-629,5654,-600
20,-70,6143,200,5185,200
20,-70,7260,-992,5876,-1000
20,-70,366,984,962,900
20,-70,932,-765,2204,-800
20,-70,7716,598,5420,600
20,-70,6771,611,2749,600
20,-70,4326,964,5194,900
20,-70,6027,905,5301,900
20,-70,5743,418,5585,400
20,-70,804,-523,2332,-500
20,-70,5826,-775,7310,-800
20,-70,2769,-87,6751,-100
20,-70,4053,-822,5467,-800
20,-70,9434,-329,1894,-300
20,-70,6682,710,2838,700
20,-70,9080,-470,440,-500
20,-70,1366,54,9962,100
20,-70,4776,-627,6552,-600
20,-70,2377,-940,7143,-900
20,-70,3687,-188,7641,-200
20,-70,7561,282,1959,300
20,-70,8174,595,3154,600
20,-70,9848,124,3288,100
20,-70,4201,-812,7127,-800
20,-70,8675,129,845,100
20,-70,37,-425,3099,-400
20,-70,2216,-615,9112,-600
20,-70,3878,344,5642,300
20,-70,5413,-20,4107,0
20,-70,1288,34,40,0
20,-70,8055,196,1465,200
20,-70,2684,74,8644,100
20,-70,1908,-630,7612,-600
20,-70,3475,161,7853,200
20,-70,8346,-886,4790,-900
20,-70,6758,637,2762,600
20,-70,1181,251,1955,300
20,-70,869,455,2267,500
20,-70,9283,149,2045,100
20,-70,5159,-83,4361,-100
20,-70,5380,-42,4140,0
20,-70,4294,237,8842,200
20,-70,7796,874,5340,900
20,-70,7113,898,4215,900
20,-70,354,398,974,400
20,-70,9891,516,1437,500
20,-70,4063,79,5457,100
20,-70,5060,911,8076,900
20,-70,7958,-758,5178,-800
20,-70,584,664,744,700
20,-70,6007,28,7129,0
20,-70,9202,-658,318,-700
20,-70,7363,-646,5773,-600
20,-70,3385,-342,9751,-300
20,-70,3395,-154,6125,-200
20,-70,8665,-87,4471,-100
20,-70,9059,186,461,200
20,-70,4360,554,6968,600
20,-70,6218,-119,5110,-100
20,-60,2584,51,8744,100
20,-60,1548,150,7972,200
20,-60,2089,715,7431,700
20,-60,3609,-947,7719,-900
20,-60,9634,888,3502,900
20,-60,5405,368,7731,400
20,-60,7621,-642,5515,-600
20,-60,3268,560,6252,600
20,-60,4650,-714,6678,-700
20,-60,8272,-720,4864,-700
20,-60,9905,210,3231,200
20,-60,3688,458,5832,500
20,-60,8371,746,1149,700
20,-60,6101,-482,7035,-500
20,-60,5874,-504,3646,-500
20,-60,2275,-94,9053,-100
20,-60,5996,-991,3524,-1000
20,-60,9463,-138,3673,-100
20,-60,5846,110,7290,100
20,-60,283,-330,2853,-300
20,-60,4759,468,8377,500
20,-60,9937,637,1391,600
20,-60,5555,513,5773,500
20,-60,2949,-372,8379,-400
20,-60,9578,841,1750,800
20,-60,4770,-174,8366,-200
20,-60,1485,127,8035,100
20,-60,8632,965,4504,900
20,-60,574,916,754,900
20,-60,2978,415,6542,400
20,-60,3527,-918,9609,-900
20,-60,7744,677,5392,700
20,-60,2563,500,8765,500
20,-60,862,-875,466,-900
20,-60,6387,175,3133,200
20,-60,255,777,1073,800
20,-60,1052,376,2084,400
20,-60,2699,532,8629,500
20,-60,4599,395,4921,400
20,-60,2420,-808,8908,-800
20,-60,9358,609,162,600
20,-60,8430,-321,2898,-300
20,-60,5874,591,7262,600
20,-60,705,673,2431,700
20,-60,4736,73,6592,100
20,-60,6042,-897,7094,-900
20,-60,6591,53,4737,100
20,-60,2499,-278,8829,-300
20,-60,5520,950,4000,900
20,-60,902,-519,2234,-500
20,-60,8377,760,1143,800
20,-60,1361,-772,9967,-800
20,-60,5959,429,7177,400
20,-60,5564,-317,7572,-300
20,-60,7405,-108,5731,-100
20,-60,244,-393,1084,-400
20,-60,3834,746,9302,700
20,-60,998,-716,2138,-700
20,-60,1666,-571,9662,-600
20,-60,2259,910,7261,900
20,-60,4021,-348,5499,-300
20,-60,782,-643,546,-600
20,-60,1689,-187,7831,-200
20,-60,9448,-225,1880,-200
20,-60,425,289,903,300
20,-60,5866,-334,7270,-300
20,-60,1006,-655,322,-700
20,-60,8419,-730,4717,-700
20,-60,2651,-293,6869,-300
20,-60,3061,-384,6459,-400
20,-60,7287,48,5849,0
20,-60,3936,-448,9200,-400
20,-60,1317,-858,11,-900
20,-60,3567,-405,9569,-400
20,-60,3288,775,6232,800
20,-60,9097,-307,2231,-300
20,-60,3497,387,9639,400
20,-60,7730,-468,5406,-500
20,-60,2125,589,9203,600
20,-60,2600,-999,6920,-1000
20,-60,2619,932,8709,900
20,-60,1246,23,82,0
20,-60,2516,37,7004,0
20,-60,5407,338,5921,300
20,-60,6148,-262,3372,-300
20,-60,7346,517,3982,500
20,-60,7770,314,1750,300
20,-60,9635,-374,3501,-400
20,-60,9325,81,195,100
20,-60,2808,234,8520,200
20,-60,8221,678,3107,700
20,-60,8812,-103,4324,-100
20,-60,3538,766,7790,800
20,-60,9277,-258,2051,-300
20,-60,3845,-890,5675,-900
20,-60,4231,151,8905,200
20,-60,9372,-545,1956,-500
20,-60,7816,-984,1704,-1000
20,-60,3508,121,7820,100
20,-60,9693,-146,3443,-100
20,-50,9646,891,1682,900
20,-50,5930,744,3590,700
20,-50,7795,-294,1725,-300
20,-50,7464,928,3864,900
20,-50,7697,-989,5439,-1000
20,-50,5044,-827,6284,-800
20,-50,6028,842,7108,800
20,-50,8424,-92,4712,-100
20,-50,9889,-813,3247,-800
20,-50,1393,734,8127,700
20,-50,2004,-871,7516,-900
20,-50,6296,-943,6840,-900
20,-50,7401,364,3927,400
20,-50,5971,-523,5357,-500
20,-50,939,-815,2197,-800
20,-50,2972,-869,8356,-900
20,-50,9159,-2,2169,0
20,-50,5652,459,5676,500
20,-50,2650,-980,8678,-1000
20,-50,2103,-584,9225,-600
20,-50,3129,734,6391,700
20,-50,8826,203,694,200
20,-50,2273,-1000,9055,-1000
20,-50,9885,-295,1443,-300
20,-50,4016,814,5504,800
20,-50,9610,-279,3526,-300
20,-50,1615,174,9713,200
20,-50,6892,663,2628,700
20,-50,7421,54,3907,100
20,-50,1411,-672,9917,-700
20,-50,9688,-989,1640,-1000
20,-50,5133,465,8003,500
20,-50,5216,166,4304,200
20,-50,6088,-172,7048,-200
20,-50,692,350,636,300
20,-50,233,-302,1095,-300
20,-50,6661,20,2859,0
20,-50,6365,-571,6771,-600
20,-50,7468,-751,5668,-800
20,-50,2928,-95,8400,-100
20,-50,2500,610,8828,600
20,-50,1359,451,8161,500
20,-50,4627,923,4893,900
20,-50,9985,-831,1343,-800
20,-50,5359,-532,7777,-500
20,-50,4820,-937,4700,-900
20,-50,2083,-679,9245,-700
20,-50,3481,537,7847,500
20,-50,4368,66,6960,100
20,-50,4011,-527,9125,-500
20,-50,6410,717,4918,700
20,-50,8387,149,4749,100
20,-50,630,-851,698,-800
20,-50,8691,-508,2637,-500
20,-50,2959,444,8369,400
20,-50,3767,470,5753,500
20,-50,8596,-27,2732,0
20,-50,5146,-403,6182,-400
20,-50,2540,779,6980,800
20,-50,2228,497,7292,500
20,-50,36,133,1292,100
20,-50,7529,610,3799,600
20,-50,2603,-239,6917,-200
20,-50,4301,-941,8835,-900
20,-50,5006,-88,6322,-100
20,-50,9222,-995,2106,-1000
20,-50,7762,-257,1758,-300
20,-50,2602,728,6918,700
20,-50,4481,-810,6847,-800
20,-50,1322,190,6,200
20,-50,1217,-821,111,-800
20,-50,8772,747,4364,700
20,-50,7982,-799,3346,-800
20,-50,5720,-288,7416,-300
20,-50,6589,584,4739,600
20,-50,7815,-935,5321,-900
20,-50,6651,-82,4677,-100
20,-50,5471,665,4049,700
20,-50,5046,88,6282,100
20,-50,9391,696,129,700
20,-50,5247,785,4273,800
20,-50,6972,-734,4356,-700
20,-50,3365,-648,7963,-600
20,-50,6575,-98,6561,-100
20,-50,603,-918,2533,-900
20,-50,4113,6,7215,0
20,-50,6352,842,3168,800
20,-50,7801,-210,1719,-200
20,-50,5240,842,7896,800
20,-50,188,-786,1140,-800
20,-50,2769,-416,6751,-400
20,-50,8709,6,4427,0
20,-50,1551,796,9777,800
20,-50,9338,709,3798,700
20,-50,3276,-583,9860,-600
20,-50,6553,-708,6583,-700
20,-50,2431,-707,7089,-700
20,-50,2620,-245,8708,-200
20,-50,5614,950,5714,900
20,-50,6014,785,5314,800
20,-40,659,-456,2477,-500
20,-40,2694,-730,6826,-700
20,-40,6690,-781,6446,-800
20,-40,8755,389,765,400
20,-40,314,310,1014,300
20,-40,3474,-7,6046,0
20,-40,1445,574,8075,600
20,-40,6390,78,4938,100
20,-40,7804,515,5332,500
20,-40,1500,-996,9828,-1000
20,-40,3669,-923,7659,-900
20,-40,3108,545,8220,500
20,-40,1913,-266,7607,-300
20,-40,8278,-631,3050,-600
20,-40,3162,899,9974,900
20,-40,5772,340,5556,300
20,-40,4210,892,8926,900
20,-40,8953,636,567,600
20,-40,1250,-946,78,-900
20,-40,7283,860,2237,900
20,-40,2884,-632,8444,-600
20,-40,4689,606,6639,600
20,-40,972,-193,356,-200
20,-40,1447,-536,9881,-500
20,-40,5796,368,3724,400
20,-40,3121,849,8207,800
20,-40,8779,-24,4357,0
20,-40,8240,-472,1280,-500
20,-40,4367,749,6961,800
20,-40,9523,-534,3613,-500
20,-40,3927,-236,7401,-200
20,-40,2385,-841,8943,-800
20,-40,9914,434,1414,400
20,-40,9757,230,3379,200
20,-40,2010,-454,9318,-500
20,-40,8488,920,4648,900
20,-40,8049,94,1471,100
20,-40,1299,-806,1837,-800
20,-40,5426,698,5902,700
20,-40,614,-452,714,-500
20,-40,2610,-961,6910,-1000
20,-40,2612,278,6908,300
20,-40,3623,100,9513,100
20,-40,5133,-6,6195,0
20,-40,6817,-375,6319,-400
20,-40,633,968,695,900
20,-40,1157,-416,171,-400
20,-40,787,-583,2349,-600
20,-40,3861,213,7467,200
20,-40,5726,631,7410,600
20,-40,6948,544,6188,500
20,-40,3962,-730,9174,-700
20,-40,8446,-895,4690,-900
20,-40,5620,-502,7516,-500
20,-40,5131,707,4389,700
20,-40,4376,-887,8760,-900
20,-40,6012,649,5316,600
20,-40,8174,-972,3154,-1000
20,-40,167,-317,2969,-300
20,-40,1499,405,9829,400
20,-40,4514,982,6814,900
20,-40,2027,-473,9301,-500
20,-40,6478,-666,3042,-700
20,-40,5331,-604,4189,-600
20,-40,4908,-129,6420,-100
20,-40,8861,241,4275,200
20,-40,7520,-153,2000,-200
20,-40,5372,-918,7764,-900
20,-40,5559,-689,5769,-700
20,-40,9496,-389,3640,-400
20,-40,5754,317,3766,300
20,-40,8913,-844,2415,-800
20,-40,2722,-111,8606,-100
20,-40,3142,87,8186,100
20,-40,5929,-6,3591,0
20,-40,6383,549,3137,500
20,-40,5870,-478,5458,-500
20,-40,1685,-268,9643,-300
20,-40,9130,-310,4006,-300
20,-40,2385,430,7135,400
20,-40,5543,390,7593,400
20,-40,9599,-731,3537,-700
20,-40,4816,-804,6512,-800
20,-40,9518,691,1810,700
20,-40,7532,954,3796,900
20,-40,7955,871,3373,900
20,-40,6141,-482,6995,-500
20,-40,8006,625,5130,600
20,-40,1217,808,111,800
20,-40,6927,955,2593,900
20,-40,962,-248,2174,-200
20,-40,4410,-528,8726,-500
20,-40,6080,-166,3440,-200
20,-40,1050,-289,278,-300
20,-40,7661,577,1859,600
20,-40,4995,680,4525,700
20,-40,9961,-548,3175,-500
20,-40,1087,836,241,800
20,-40,2213,510,9115,500
20,-40,7246,-534,5890,-500
20,-30,6086,-665,5242,-700
20,-30,2127,-682,9201,-700
20,-30,4968,-528,4552,-500
20,-30,3030,66,8298,100
20,-30,2127,878,9201,900
20,-30,4816,945,4704,900
20,-30,5591,-658,5737,-700
20,-30,6530,972,6606,900
20,-30,5530,440,5798,400
20,-30,4097,-591,7231,-600
20,-30,8882,804,4254,800
20,-30,6702,-400,2818,-400
20,-30,2802,-936,8526,-900
20,-30,7000,738,6136,700
20,-30,8688,852,2640,900
20,-30,7373,93,3955,100
20,-30,2867,-686,6653,-700
20,-30,6522,-666,4806,-700
20,-30,6216,-740,6920,-700
20,-30,2511,-494,8817,-500
20,-30,7191,-119,4137,-100
20,-30,5819,43,5509,0
20,-30,3563,-718,5957,-700
20,-30,383,-334,2753,-300
20,-30,7629,159,1891,200
20,-30,9689,139,1639,100
20,-30,8576,968,4560,900
20,-30,5473,267,4047,300
20,-30,5254,-890,7882,-900
20,-30,8587,-171,933,-200
20,-30,8853,-165,667,-200
20,-30,7509,875,3819,900
20,-30,3364,-540,7964,-500
20,-30,1600,-853,9728,-900
20,-30,6731,631,6405,600
20,-30,4604,676,8532,700
20,-30,8014,-169,1506,-200
20,-30,8859,216,2469,200
20,-30,8546,-570,974,-600
20,-30,3338,817,7990,800
20,-30,2703,-441,8625,-400
20,-30,481,-157,2655,-200
20,-30,2704,908,6816,900
20,-30,7161,-460,4167,-500
20,-30,8174,-5,1346,0
20,-30,4120,-894,5400,-900
20,-30,1439,99,9889,100
20,-30,6754,-555,6382,-600
20,-30,9965,316,1363,300
20,-30,517,96,811,100
20,-30,6234,-724,3286,-700
20,-30,3679,-683,7649,-700
20,-30,7042,264,2478,300
20,-30,2210,819,7310,800
20,-30,5829,-539,3691,-500
20,-30,1557,-639,9771,-600
20,-30,3422,-297,6098,-300
20,-30,5590,-226,7546,-200
20,-30,8531,-304,989,-300
20,-30,9704,-285,3432,-300
20,-30,4900,457,8236,500
20,-30,7940,-335,1580,-300
20,-30,7914,688,1606,700
20,-30,1961,637,9367,600
20,-30,1510,-866,9818,-900
20,-30,8461,-870,4675,-900
20,-30,6469,-231,4859,-200
20,-30,7278,25,5858,0
20,-30,2810,-175,8518,-200
20,-30,9430,432,1898,400
20,-30,3796,406,5724,400
20,-30,2751,-426,6769,-400
20,-30,7055,44,4273,0
20,-30,2224,243,7296,200
20,-30,8791,-989,4345,-1000
20,-30,5084,220,6244,200
20,-30,8713,-873,4423,-900
20,-30,8467,-633,2861,-600
20,-30,420,-770,908,-800
20,-30,6495,392,3025,400
20,-30,9270,708,3866,700
20,-30,5826,-439,7310,-400
20,-30,2542,182,6978,200
20,-30,7569,-546,3759,-500
20,-30,1202,350,8318,400
20,-30,1362,979,8158,900
20,-30,8754,-872,2574,-900
20,-30,5032,-630,8104,-600
20,-30,2088,152,9240,200
20,-30,9384,860,1944,900
20,-30,9772,541,1556,500
20,-30,4109,-103,9027,-100
20,-30,480,387,2656,400
20,-30,1449,-48,8071,0
20,-30,595,-486,733,-500
20,-30,8,-485,3128,-500
20,-30,9262,766,258,800
20,-30,2495,273,8833,300
20,-30,5284,-209,6044,-200
20,-30,5940,-118,5388,-100
20,-20,1151,-174,1985,-200
20,-20,7372,-592,2148,-600
20,-20,3087,-284,8241,-300
20,-20,5147,344,4373,300
20,-20,738,-79,2398,-100
20,-20,4429,3,8707,0
20,-20,7180,-545,4148,-500
20,-20,3255,-219,8073,-200
20,-20,4504,-621,5016,-600
20,-20,7557,-617,3771,-600
20,-20,9829,407,1499,400
20,-20,6734,446,6402,400
20,-20,7175,-358,5961,-400
20,-20,6356,-757,3164,-800
20,-20,5466,-985,5862,-1000
20,-20,6601,-639,6535,-600
20,-20,2270,-195,9058,-200
20,-20,2111,697,7409,700
20,-20,961,462,2175,500
20,-20,7702,-143,1818,-100
20,-20,400,-455,928,-500
20,-20,1737,-352,9591,-400
20,-20,4329,-129,8807,-100
20,-20,2670,-992,8658,-1000
20,-20,9946,-395,1382,-400
20,-20,1133,-945,2003,-900
20,-20,986,330,342,300
20,-20,1806,-380,7714,-400
20,-20,8570,-546,4566,-500
20,-20,8564,523,4572,500
20,-20,8289,511,4847,500
20,-20,9123,977,397,900
20,-20,3300,443,9836,400
20,-20,3069,12,6451,0
20,-20,5986,450,5342,400
20,-20,472,-756,2664,-800
20,-20,4880,-846,8256,-800
20,-20,4351,211,6977,200
20,-20,8725,385,8507,400
20,-20,2162,103,7358,100
20,-20,1475,408,9853,400
20,-20,4811,450,8325,400
20,-20,166,-102,2970,-100
20,-20,3376,-36,9760,0
20,-20,1812,-567,7708,-600
20,-20,964,949,364,900
20,-20,7739,-76,5397,-100
20,-20,5930,668,7206,700
20,-20,5433,10,7703,0
20,-20,1688,-450,7832,-400
20,-20,2370,570,7150,600
20,-20,9276,619,3860,600
20,-20,4847,-483,8289,-500
20,-20,3794,932,5726,900
20,-20,3484,-176,7844,-200
20,-20,82,-342,3054,-300
20,-20,7201,-33,5935,0
20,-20,9037,762,2291,800
20,-20,5395,-706,5933,-700
20,-20,5931,812,7205,800
20,-20,2723,917,8605,900
20,-20,4127,-806,5393,-800
20,-20,3631,560,7697,600
20,-20,757,496,571,500
20,-20,5776,286,5552,300
20,-20,531,735,797,700
20,-20,7984,620,1536,600
20,-20,5486,942,5842,900
20,-20,8880,351,4256,400
20,-20,6435,538,4893,500
20,-20,2599,773,8729,800
20,-20,3980,402,5540,400
20,-20,6751,828,4577,800
20,-20,9688,55,1640,100
20,-20,8424,-858,4712,-900
20,-20,2664,970,8664,900
20,-20,2767,-791,6753,-800
20,-20,8239,723,1281,700
20,-20,6984,408,6152,400
20,-20,4906,-981,4614,-1000
20,-20,8377,-522,2951,-500
20,-20,373,-556,955,-600
20,-20,3155,137,9981,100
20,-20,389,-166,2747,-200
20,-20,1969,-323,7551,-300
20,-20,3499,-521,7829,-500
20,-20,8979,-5,4157,0
20,-20,3133,-894,8195,-900
20,-20,9193,278,327,300
20,-20,5840,996,7296,900
20,-20,7955,-787,1565,-800
20,-20,9099,139,2229,100
20,-20,5045,523,6283,500
20,-20,4140,813,7188,800
20,-20,7667,991,3661,900
20,-20,5820,726,7316,700
20,-20,4059,-487,7269,-500
20,-20,992,-392,2144,-400
20,-20,4300,-427,7028,-400
20,-20,6418,-87,6718,-100
20,-10,4414,242,6914,200
20,-10,9395,600,125,600
20,-10,1231,-99,97,-100
20,-10,4972,-231,8164,-200
20,-10,9866,-564,3270,-600
20,-10,5013,468,6315,500
20,-10,6825,777,4503,800
20,-10,5764,-770,5564,-800
20,-10,6560,-629,4768,-600
20,-10,8268,544,3060,500
20,-10,1161,257,1975,300
20,-10,3975,892,5545,900
20,-10,6245,334,3275,300
20,-10,1728,-237,7792,-200
20,-10,2257,-559,7263,-600
20,-10,9165,139,355,100
20,-10,1314,790,14,800
20,-10,2455,355,7065,400
20,-10,1008,-743,320,-700
20,-10,4096,485,9040,500
20,-10,7644,699,9588,700
20,-10,7925,-65,3403,-100
20,-10,8354,288,1166,300
20,-10,1384,-801,8136,-800
20,-10,5533,780,5795,800
20,-10,1148,78,1988,100
20,-10,3836,838,7492,800
20,-10,9949,624,1379,600
20,-10,4744,-562,8392,-600
20,-10,8209,-135,3119,-100
20,-10,4175,-933,5345,-900
20,-10,4270,-608,7058,-600
20,-10,495,-731,2641,-700
20,-10,8810,-748,2518,-700
20,-10,2227,-474,7293,-500
20,-10,7768,-641,1752,-600
20,-10,5949,943,7187,900
20,-10,8368,-33,2960,0
20,-10,5283,-963,6045,-1000
20,-10,2893,750,8435,800
20,-10,6814,119,2706,100
20,-10,4269,329,7059,300
20,-10,8116,-452,1404,-500
20,-10,7894,-692,3434,-700
20,-10,8255,821,1265,800
20,-10,3829,-658,7499,-700
20,-10,4066,430,9070,400
20,-10,9298,-524,222,-500
20,-10,8397,-440,2931,-400
20,-10,8835,-26,8397,0
20,-10,371,721,957,700
20,-10,8,657,1320,700
20,-10,2213,347,7307,300
20,-10,4696,667,8440,700
20,-10,7352,455,5784,500
20,-10,8520,-421,1000,-400
20,-10,3568,908,9568,900
20,-10,9765,256,1563,300
20,-10,3276,-738,8052,-700
20,-10,4583,999,6745,900
20,-10,6539,551,4789,600
20,-10,1135,276,2001,300
20,-10,6935,-236,2585,-200
20,-10,5931,-876,3589,-900
20,-10,5126,-781,8010,-800
20,-10,9559,-259,3577,-300
20,-10,9309,-287,3827,-300
20,-10,5180,-594,6148,-600
20,-10,7370,-755,3958,-800
20,-10,3105,377,6415,400
20,-10,7289,-887,4039,-900
20,-10,5973,-604,7163,-600
20,-10,3485,573,9651,600
20,-10,3827,-346,9309,-300
20,-10,5085,188,8051,200
20,-10,4394,-743,6934,-700
20,-10,5645,672,3875,700
20,-10,2771,-893,8557,-900
20,-10,4099,455,7229,500
20,-10,9488,-679,32,-700
20,-10,4084,-35,7244,0
20,-10,931,905,397,900
20,-10,2616,145,6904,100
20,-10,667,-810,661,-800
20,-10,4026,823,9110,800
20,-10,6005,915,7131,900
20,-10,9563,373,1765,400
20,-10,9118,-608,402,-600
20,-10,9679,532,1649,500
20,-10,4922,502,4598,500
20,-10,2203,-752,7317,-800
20,-10,1848,-494,7672,-500
20,-10,8653,590,867,600
20,-10,2502,-218,634,-200
20,-10,7603,-543,1917,-500
20,-10,9508,797,1820,800
20,-10,1732,416,9596,400
20,-10,1365,-558,8155,-600
20,-10,830,-517,2306,-500
20,-10,61,600,1267,600
20,0,9960,271,1368,300
20,0,1362,432,9966,400
20,0,2973,576,2451,600
20,0,8105,-996,5031,-1000
20,0,7261,392,2259,400
20,0,9731,291,1597,300
20,0,2101,-964,7419,-1000
20,0,1868,724,7652,700
20,0,8691,678,4445,700
20,0,3222,958,2202,900
20,0,9782,201,9738,200
20,0,8873,493,2455,500
20,0,9228,326,3908,300
20,0,2178,-57,958,-100
20,0,9662,615,1666,600
20,0,4678,-416,746,-400
20,0,3050,74,8278,100
20,0,7718,481,5418,500
20,0,3664,875,9472,900
20,0,1497,424,3927,400
20,0,3104,175,2320,200
20,0,4594,-194,8542,-200
20,0,633,-641,8887,-600
20,0,4718,236,8418,200
20,0,6749,-137,6387,-100
20,0,1949,133,5283,100
20,0,1964,385,9364,400
20,0,8644,368,2684,400
20,0,7681,566,5455,600
20,0,3391,95,9745,100
20,0,9376,311,7856,300
20,0,7552,386,1968,400
20,0,9055,-270,4081,-300
20,0,5730,957,7406,900
20,0,7022,460,2498,500
20,0,2896,59,2528,100
20,0,5213,285,6115,300
20,0,869,-172,2267,-200
20,0,8749,132,2579,100
20,0,3289,472,6231,500
20,0,9479,614,41,600
20,0,845,597,483,600
20,0,6791,-575,2729,-600
20,0,2603,-594,2821,-600
20,0,2340,-4,7180,0
20,0,2007,-384,1129,-400
20,0,914,-896,8606,-900
20,0,1359,342,9969,300
20,0,4316,550,7012,600
20,0,5729,-542,3791,-500
20,0,8907,-516,613,-500
20,0,6501,235,6635,200
20,0,8091,124,5045,100
20,0,9866,136,3270,100
20,0,7590,-405,3738,-400
20,0,2061,-103,1075,-100
20,0,1189,643,1947,700
20,0,3936,225,1488,200
20,0,516,-341,812,-300
20,0,2125,461,9203,500
20,0,5700,-338,3820,-300
20,0,8597,-574,923,-600
20,0,1887,-676,1249,-700
20,0,2163,-517,3261,-500
20,0,8062,239,1458,200
20,0,4645,860,2587,900
20,0,8844,-34,4292,0
20,0,7467,-858,2053,-900
20,0,5832,626,3688,600
20,0,4877,873,2355,900
20,0,6666,-29,2854,0
20,0,9567,497,9953,500
20,0,4260,-29,2972,0
20,0,3148,556,8180,600
20,0,9795,-299,3341,-300
20,0,4665,-72,6663,-100
20,0,8040,879,3288,900
20,0,4437,225,8699,200
20,0,575,-891,6657,-900
20,0,5698,-143,7438,-100
20,0,4037,-96,7291,-100
20,0,8210,-157,3118,-200
20,0,7338,-958,2182,-1000
20,0,5791,-935,9633,-900
20,0,2123,929,9205,900
20,0,6821,857,6315,900
20,0,5181,-215,4339,-200
20,0,9820,-577,1508,-600
20,0,3620,585,3612,600
20,0,1833,933,7687,900
20,0,3329,286,9807,300
20,0,9047,797,4089,800
20,0,3025,-757,2399,-800
20,0,9499,456,21,400
20,0,4654,667,770,700
20,0,8834,559,686,600
20,0,4568,-229,8568,-200
20,0,5211,424,2021,400
20,0,3416,89,7912,100
20,0,1930,690,7590,700
20,10,8083,-461,1437,-500
20,10,5640,194,7496,200
20,10,7671,277,5465,300
20,10,1017,690,311,700
20,10,153,114,2983,100
20,10,8079,344,9153,400
20,10,3291,-900,8037,-900
20,10,6142,872,9282,900
20,10,8795,483,725,500
20,10,4117,-185,5403,-200
20,10,7202,-167,4126,-200
20,10,6551,-862,6585,-900
20,10,2196,-16,9132,0
20,10,6004,218,3516,200
20,10,1291,-223,8229,-200
20,10,6356,86,9068,100
20,10,1194,726,6038,700
20,10,330,-562,5094,-500
20,10,5582,612,7554,600
20,10,2648,-399,2776,-400
20,10,5741,149,9683,200
20,10,2564,-516,4668,-500
20,10,6808,349,6328,400
20,10,801,-975,6431,-900
20,10,3011,-258,4221,-200
20,10,8238,55,8994,100
20,10,5765,802,7371,800
20,10,5423,-469,7713,-500
20,10,8466,873,1054,900
20,10,3810,138,1614,200
20,10,4201,-970,1223,-1000
20,10,1535,987,7985,900
20,10,903,-700,2233,-700
20,10,8899,878,8333,900
20,10,5906,-260,3614,-300
20,10,4646,951,778,900
20,10,1059,350,4365,400
20,10,6870,-391,362,-400
20,10,9330,288,7902,300
20,10,7203,-157,5933,-100
20,10,5467,-695,1765,-700
20,10,355,372,6877,400
20,10,6205,476,6931,500
20,10,4099,351,3133,300
20,10,7542,-433,5594,-400
20,10,3563,920,9573,900
20,10,6779,-484,8645,-500
20,10,707,3,4717,0
20,10,2561,-160,8767,-200
20,10,4752,-492,672,-500
20,10,3449,-378,9687,-400
20,10,2669,22,8659,0
20,10,8352,-971,1168,-1000
20,10,9262,-276,2066,-300
20,10,3532,334,9604,400
20,10,9953,-290,9567,-300
20,10,7647,611,5489,600
20,10,5169,823,255,800
20,10,7679,56,5457,0
20,10,4589,668,8547,700
20,10,7362,656,2158,700
20,10,9779,370,7453,400
20,10,7012,-645,2508,-600
20,10,1904,-823,5328,-800
20,10,4764,-223,660,-200
20,10,2152,-782,7368,-800
20,10,4635,696,6693,700
20,10,9362,131,1966,100
20,10,9899,-772,3237,-800
20,10,4002,810,9134,800
20,10,4304,-31,2928,0
20,10,6847,-23,2673,0
20,10,3905,412,3327,400
20,10,8998,-120,8234,-100
20,10,6276,962,9148,900
20,10,7767,-960,1753,-1000
20,10,7854,-346,5282,-300
20,10,8380,590,1140,600
20,10,7509,-297,7915,-300
20,10,9289,746,3847,700
20,10,4022,960,3210,900
20,10,7891,-825,7533,-800
20,10,4047,-930,9089,-900
20,10,7372,-960,3956,-1000
20,10,827,731,2309,700
20,10,7109,-591,2411,-600
20,10,35,724,9485,700
20,10,8638,226,882,200
20,10,2677,-236,6843,-200
20,10,9913,-453,3223,-400
20,10,1900,-407,9428,-400
20,10,2047,916,3377,900
20,10,4821,-231,8315,-200
20,10,232,-526,1096,-500
20,10,2400,226,3024,200
20,10,6903,430,6233,400
20,10,8597,325,923,400
20,10,2561,619,6959,600
20,10,1087,0,8433,0
20,10,9300,-722,2028,-700
20,20,2648,859,4584,800
20,20,4005,649,9130,700
20,20,9356,-438,3780,-400
20,20,773,-575,4651,-600
20,20,7318,-143,2202,-200
20,20,2552,-586,4680,-500
20,20,910,732,2226,700
20,20,8645,-552,875,-600
20,20,9881,-303,7352,-400
20,20,9268,-178,6155,-200
20,20,2282,624,4950,600
20,20,7100,993,6036,900
20,20,2339,906,3085,900
20,20,8329,228,1191,300
20,20,3051,-293,2373,-200
20,20,4861,-51,4659,0
20,20,7035,-617,2485,-700
20,20,9921,-72,9599,-100
20,20,459,416,4965,400
20,20,3760,744,1664,800
20,20,5627,360,3893,400
20,20,4059,936,5461,900
20,20,3111,-251,25,-200
20,20,1896,-781,5336,-900
20,20,2797,-812,339,-700
20,20,4301,-905,5219,-900
20,20,6514,-772,8910,-800
20,20,8805,-216,2523,-200
20,20,9658,66,5766,100
20,20,7298,884,5838,800
20,20,1091,-262,6141,-300
20,20,3713,567,5807,500
20,20,4062,-7,9074,0
20,20,3656,-527,9480,-400
20,20,7242,-62,2278,-100
20,20,8302,-181,8930,-100
20,20,3830,-686,7498,-700
20,20,7410,650,9822,600
20,20,7800,799,5336,800
20,20,2125,172,1011,100
20,20,4524,-516,4996,-500
20,20,6294,460,9130,500
20,20,7800,897,3528,900
20,20,1802,832,5430,800
20,20,4249,189,8887,200
20,20,2759,49,4473,-100
20,20,6839,619,8585,600
20,20,7201,959,31,900
20,20,9822,686,5602,800
20,20,1697,-769,7823,-700
20,20,6197,-385,5131,-300
20,20,3813,808,9323,800
20,20,3097,-494,8231,-400
20,20,9320,-486,7912,-400
20,20,161,410,9359,500
20,20,1806,-786,7714,-700
20,20,5147,-319,6181,-300
20,20,7515,-518,2005,-300
20,20,672,678,656,700
20,20,1607,199,7913,200
20,20,6906,-978,6230,-1000
20,20,6403,-24,3117,0
20,20,8365,7,8867,0
20,20,3028,-310,4203,-400
20,20,4948,230,4572,300
20,20,9443,334,3693,300
20,20,4796,57,8340,100
20,20,2180,-137,9148,-200
20,20,6013,496,1219,500
20,20,5091,993,333,900
20,20,1281,963,1855,900
20,20,3293,149,2131,200
20,20,4057,36,5463,100
20,20,2543,546,2881,500
20,20,2610,-274,8718,-200
20,20,7312,-407,9920,-400
20,20,8944,502,6480,500
20,20,1979,766,1157,700
20,20,1051,798,6181,800
20,20,9005,-201,515,-200
20,20,7427,-12,7997,-100
20,20,9211,224,2117,200
20,20,6386,344,3134,400
20,20,1302,523,26,500
20,20,5612,966,1620,900
20,20,9274,-417,7958,-400
20,20,2339,805,3085,800
20,20,2608,15,6912,0
20,20,6099,-799,7037,-800
20,20,240,-391,6991,-400
20,20,2048,-370,5184,-400
20,20,9696,-58,3440,0
20,20,6015,407,5313,400
20,20,7730,-513,3598,-500
20,20,5570,659,9854,600
20,20,6,106,1322,100
20,20,4967,674,2265,600
20,20,5875,626,1358,600
20,20,3911,-159,7417,-100
20,20,3194,-365,8134,-500
20,30,1370,-11,1131,900
20,30,8631,-732,1131,900
20,30,9293,-86,1131,900
20,30,4998,-405,1131,900
20,30,4278,-639,1131,900
20,30,1304,-23,1131,900
20,30,8288,0,1131,900
20,30,1017,162,1131,900
20,30,1248,-887,1131,900
20,30,7887,402,1131,900
20,30,3700,147,1131,900
20,30,7758,945,1131,900
20,30,143,610,1131,900
20,30,5455,302,1131,900
20,30,5687,847,1131,900
20,30,6817,-521,1131,900
20,30,2764,783,1131,900
20,30,248,633,1131,900
20,30,8287,-292,1131,900
20,30,6058,232,1131,900
20,30,9572,897,1131,900
20,30,8596,-229,1131,900
20,30,3033,268,1131,900
20,30,8116,-985,1131,900
20,30,323,205,1131,900
20,30,5233,-22,1131,900
20,30,1375,302,1131,900
20,30,359,190,1131,900
20,30,3067,-645,1131,900
20,30,5484,615,1131,900
20,30,7643,989,1131,900
20,30,2831,-950,1131,900
20,30,794,151,1131,900
20,30,4505,-244,1131,900
20,30,6447,-236,1131,900
20,30,5756,-527,1131,900
20,30,1339,186,1131,900
20,30,8825,472,6601,700
20,30,169,-858,1131,900
20,30,5678,702,1131,900
20,30,1384,-623,1131,900
20,30,2261,263,1131,900
20,30,2630,795,1131,900
20,30,56,353,1131,900
20,30,5245,388,1131,900
20,30,1502,-529,1131,900
20,30,9214,759,1131,900
20,30,1801,-41,1131,900
20,30,5164,-345,1131,900
20,30,5834,-783,1131,900
20,30,3539,478,1131,900
20,30,6294,594,1131,900
20,30,358,564,1131,900
20,30,5127,-296,1131,900
20,30,3628,-222,1131,900
20,30,7603,-942,1131,900
20,30,522,-160,1131,900
20,30,6217,-200,1131,900
20,30,7802,-256,1131,900
20,30,1163,449,1131,900
20,30,9147,396,372,300
20,30,8607,-915,1131,900
20,30,3617,245,1131,900
20,30,7726,-524,1131,900
20,30,8530,969,1131,900
20,30,3815,982,1131,900
20,30,4949,783,1131,900
20,30,1945,-164,1131,900
20,30,1639,714,1131,900
20,30,2282,-881,1131,900
20,30,1459,974,1131,900
20,30,8814,395,1131,900
20,30,3286,864,1131,900
20,30,9629,996,5227,900
20,30,7085,119,1131,900
20,30,6889,-957,1131,900
20,30,4751,-504,1131,900
20,30,2794,699,1131,900
20,30,3690,-999,1131,900
20,30,1409,-853,5824,-900
20,30,8170,-679,1131,900
20,30,7600,671,1921,500
20,30,1232,273,1131,900
20,30,806,6,1131,900
20,30,7937,-590,1131,900
20,30,5085,826,1131,900
20,30,6260,-391,1131,900
20,30,9019,-966,8212,-600
20,30,4873,71,1131,900
20,30,5837,669,1131,900
20,30,6127,-499,1131,900
20,30,7003,635,1131,900
20,30,7432,-266,1131,900
20,30,8695,400,1131,900
20,30,2651,131,1131,900
20,30,5732,436,1131,900
20,30,6505,-542,1131,900
20,30,3365,-108,1131,900
20,30,9009,-677,1131,900
20,30,8702,737,1131,900
20,40,8225,-754,1131,900
20,40,3074,927,1131,900
20,40,2465,539,1131,900
20,40,5037,-8,1131,900
20,40,5789,566,1131,900
20,40,9571,53,1131,900
20,40,8402,-817,1131,900
20,40,4968,265,1131,900
20,40,4355,-425,1131,900
20,40,4261,-38,1131,900
20,40,7959,-879,1131,900
20,40,1914,238,1131,900
20,40,4413,935,1131,900
20,40,8976,48,1131,900
20,40,571,817,1131,900
20,40,5132,-339,1131,900
20,40,2166,213,1131,900
20,40,9430,640,1131,900
20,40,1276,-893,1131,900
20,40,3330,-722,1131,900
20,40,9909,321,1131,900
20,40,4280,-854,1131,900
20,40,2984,-698,1131,900
20,40,6058,-52,1131,900
20,40,3623,68,1131,900
20,40,1910,701,1131,900
20,40,6378,713,1131,900
20,40,7151,558,1131,900
20,40,2074,-796,1131,900
20,40,8036,-467,1131,900
20,40,1745,820,1131,900
20,40,9388,-380,1131,900
20,40,2590,773,1131,900
20,40,1704,136,1131,900
20,40,1807,367,1131,900
20,40,2189,-991,1131,900
20,40,41,694,1131,900
20,40,186,-819,1131,900
20,40,523,644,1131,900
20,40,7700,-30,1131,900
20,40,1567,91,1131,900
20,40,9815,346,1131,900
20,40,8473,31,1131,900
20,40,4075,133,1131,900
20,40,8741,-894,1131,900
20,40,6381,-614,1131,900
20,40,562,118,1131,900
20,40,9983,-436,1131,900
20,40,235,668,1131,900
20,40,3568,971,1131,900
20,40,7654,-97,1131,900
20,40,4123,518,1131,900
20,40,7179,-254,1131,900
20,40,3390,307,1131,900
20,40,8310,-709,1131,900
20,40,7474,-538,1131,900
20,40,9030,710,1131,900
20,40,4861,601,1131,900
20,40,5288,-219,1131,900
20,40,7183,-730,1131,900
20,40,3693,204,1131,900
20,40,7891,-870,1131,900
20,40,9826,-14,1131,900
20,40,7665,318,1131,900
20,40,3281,-380,1131,900
20,40,9842,-148,1131,900
20,40,5767,430,1131,900
20,40,5824,-857,1131,900
20,40,9050,-327,1131,900
20,40,5860,555,1131,900
20,40,972,-782,1131,900
20,40,5380,497,1131,900
20,40,5751,-559,1131,900
20,40,2600,592,1131,900
20,40,6051,472,1131,900
20,40,2995,-763,1131,900
20,40,7512,-469,1131,900
20,40,8297,-861,1131,900
20,40,7848,-572,1131,900
20,40,7887,706,1131,900
20,40,1733,-976,1131,900
20,40,1711,-798,1131,900
20,40,1836,-375,1131,900
20,40,2737,971,1131,900
20,40,1615,680,1131,900
20,40,8848,-120,1131,900
20,40,3549,706,1131,900
20,40,9854,-545,1131,900
20,40,1744,-44,1131,900
20,40,943,-506,1131,900
20,40,8211,569,1131,900
20,40,6634,910,1131,900
20,40,8146,-587,1131,900
20,40,330,-448,1131,900
20,40,4719,-8,1131,900
20,40,4436,335,1131,900
20,40,673,99,1131,900
20,40,4058,80,1131,900
20,40,9869,683,1131,900
20,40,6524,-362,1131,900
20,50,6149,-331,1131,900
20,50,8242,150,1131,900
20,50,6030,616,1131,900
20,50,6929,255,1131,900
20,50,7742,-863,1131,900
20,50,6193,-364,1131,900
20,50,7131,975,1131,900
20,50,5575,-502,1131,900
20,50,7596,-675,1131,900
20,50,9335,-151,1131,900
20,50,5219,678,1131,900
20,50,3100,50,1131,900
20,50,2139,-523,1131,900
20,50,5681,-942,1131,900
20,50,1273,699,1131,900
20,50,4941,78,1131,900
20,50,9905,176,1131,900
20,50,7784,920,1131,900
20,50,779,-101,1131,900
20,50,3591,-797,1131,900
20,50,2141,671,1131,900
20,50,1360,-465,1131,900
20,50,144,416,1131,900
20,50,391,-168,1131,900
20,50,1695,-737,1131,900
20,50,2593,-463,1131,900
20,50,2215,-586,1131,900
20,50,9480,712,1131,900
20,50,4459,-803,1131,900
20,50,394,195,1131,900
20,50,5599,-239,1131,900
20,50,7162,-663,1131,900
20,50,2938,773,1131,900
20,50,752,-804,1131,900
20,50,9273,959,1131,900
20,50,989,255,1131,900
20,50,2896,346,1131,900
20,50,3311,899,1131,900
20,50,4427,928,1131,900
20,50,528,-222,1131,900
20,50,5049,-696,1131,900
20,50,1376,-437,1131,900
20,50,8000,106,1131,900
20,50,8736,-474,1131,900
20,50,3159,-654,1131,900
20,50,5581,-761,1131,900
20,50,1125,902,1131,900
20,50,9331,633,1131,900
20,50,9903,237,1131,900
20,50,8836,-60,1131,900
20,50,5402,-889,1131,900
20,50,112,-518,1131,900
20,50,7539,-618,1131,900
20,50,9370,-674,1131,900
20,50,9918,499,1131,900
20,50,8574,578,1131,900
20,50,9192,888,1131,900
20,50,7246,-365,1131,900
20,50,9421,-704,1131,900
20,50,4052,270,1131,900
20,50,6471,-846,1131,900
20,50,6791,41,1131,900
20,50,1048,-531,1131,900
20,50,4015,-33,1131,900
20,50,4002,474,1131,900
20,50,2314,-694,1131,900
20,50,6991,232,1131,900
20,50,5431,-637,1131,900
20,50,5963,302,1131,900
20,50,11,89,1131,900
20,50,9570,-925,1131,900
20,50,251,-277,1131,900
20,50,8087,-135,1131,900
20,50,476,338,1131,900
20,50,1703,-677,1131,900
20,50,7348,8,1131,900
20,50,6265,-926,1131,900
20,50,660,-828,1131,900
20,50,6185,334,1131,900
20,50,6329,350,1131,900
20,50,1489,-956,1131,900
20,50,3843,-460,1131,900
20,50,747,521,1131,900
20,50,5472,933,1131,900
20,50,7304,-118,1131,900
20,50,6948,474,1131,900
20,50,286,828,1131,900
20,50,6415,756,1131,900
20,50,4710,892,1131,900
20,50,9595,374,1131,900
20,50,9598,-410,1131,900
20,50,1507,328,1131,900
20,50,232,-950,1131,900
20,50,8509,-323,1131,900
20,50,5671,-277,1131,900
20,50,1934,-454,1131,900
20,50,8564,499,1131,900
20,50,5635,-821,1131,900
20,50,5263,250,1131,900
20,50,1826,710,1131,900
30,-100,1773,-958,7747,-1000
30,-100,7890,410,3438,400
30,-100,9152,983,368,900
30,-100,8550,426,4586,400
30,-100,5042,689,6286,700
30,-100,3842,-783,5678,-800
30,-100,5600,-477,3920,-500
30,-100,3955,-847,5565,-800
30,-100,387,401,941,400
30,-100,7876,-293,3452,-300
30,-100,6952,0,6184,0
30,-100,4878,-870,8258,-900
30,-100,1886,978,7634,900
30,-100,5287,437,4233,400
30,-100,4895,634,6433,600
30,-100,661,-637,667,-600
30,-100,8718,-785,802,-800
30,-100,702,-379,626,-400
30,-100,4920,-526,6408,-500
30,-100,3680,893,7648,900
30,-100,5173,-847,6155,-800
30,-100,4238,728,7090,700
30,-100,7051,-806,4277,-800
30,-100,772,-368,556,-400
30,-100,9986,-756,1342,-800
30,-100,6482,-583,6654,-600
30,-100,5506,-130,5822,-100
30,-100,6997,-878,4331,-900
30,-100,12,-75,1316,-100
30,-100,8066,947,1454,900
30,-100,2180,-631,9148,-600
30,-100,1091,275,2045,300
30,-100,2968,-375,6552,-400
30,-100,818,869,510,900
30,-100,6812,-796,4516,-800
30,-100,90,-512,1238,-500
30,-100,6108,923,7028,900
30,-100,9913,-302,1415,-300
30,-100,4416,-689,6912,-700
30,-100,3652,786,7676,800
30,-100,6006,589,7130,600
30,-100,5964,492,5364,500
30,-100,1579,-965,9749,-1000
30,-100,8644,-401,2684,-400
30,-100,9888,374,1440,400
30,-100,698,22,630,0
30,-100,8343,-69,1177,-100
30,-100,2985,634,8343,600
30,-100,5840,-85,5488,-100
30,-100,9332,407,3804,400
30,-100,1180,-15,148,0
30,-100,3318,-247,6202,-200
30,-100,3655,-851,7673,-900
30,-100,9005,-916,515,-900
30,-100,8248,662,3080,700
30,-100,3493,548,9643,500
30,-100,9426,-327,1902,-300
30,-100,6912,693,2608,700
30,-100,7525,128,3803,100
30,-100,102,19,1226,0
30,-100,5116,-317,4404,-300
30,-100,4121,81,9015,100
30,-100,9207,598,2121,600
30,-100,6331,610,3189,600
30,-100,4971,179,4549,200
30,-100,3091,21,6429,0
30,-100,2703,351,8625,400
30,-100,8251,325,1269,300
30,-100,3150,94,8178,100
30,-100,2638,344,8690,300
30,-100,6025,623,5303,600
30,-100,9447,-13,1881,0
30,-100,3629,-514,5891,-500
30,-100,8275,-121,1245,-100
30,-100,9221,857,2107,900
30,-100,1877,-70,9451,-100
30,-100,312,236,2824,200
30,-100,3068,-757,6452,-800
30,-100,6912,878,6224,900
30,-100,5415,-932,5913,-900
30,-100,6767,-664,2753,-700
30,-100,5804,-805,5524,-800
30,-100,8051,-970,1469,-1000
30,-100,1203,553,125,600
30,-100,6317,293,5011,300
30,-100,8799,-749,4337,-700
30,-100,0,606,1328,600
30,-100,3094,-363,8234,-400
30,-100,2037,279,9291,300
30,-100,8896,-18,624,0
30,-100,3301,710,9835,700
30,-100,1666,-592,7854,-600
30,-100,6638,412,4690,400
30,-100,5017,-620,8119,-600
30,-100,2656,11,6864,0
30,-100,6112,786,7024,800
30,-100,5438,-451,7698,-500
30,-100,7166,-563,5970,-600
30,-100,9220,574,2108,600
30,-100,4174,106,7154,100
30,-90,3187,662,6333,700
30,-90,6903,391,6233,400
30,-90,6817,366,6319,400
30,-90,3465,-701,7863,-700
30,-90,7885,871,3443,900
30,-90,1865,-497,7655,-500
30,-90,4700,-95,6628,-100
30,-90,8820,-960,2508,-1000
30,-90,2493,232,7027,200
30,-90,5020,836,6308,800
30,-90,2037,460,7483,500
30,-90,7679,783,3649,800
30,-90,489,838,2647,800
30,-90,7561,615,1959,600
30,-90,7060,-26,4268,0
30,-90,9319,-506,3817,-500
30,-90,8571,770,2757,800
30,-90,2255,205,7265,200
30,-90,9346,-295,3790,-300
30,-90,7819,369,3509,400
30,-90,2720,-145,8608,-100
30,-90,1577,-25,9751,0
30,-90,88,-891,1240,-900
30,-90,8180,-736,4956,-700
30,-90,4510,-771,5010,-800
30,-90,6280,871,5048,900
30,-90,85,-515,1243,-500
30,-90,8689,-580,4447,-600
30,-90,7842,-864,3486,-900
30,-90,2227,338,7293,300
30,-90,6847,659,4481,700
30,-90,2769,910,6751,900
30,-90,8945,288,4191,300
30,-90,3068,174,8260,200
30,-90,5431,-737,5897,-700
30,-90,5835,-712,5493,-700
30,-90,6487,638,6649,600
30,-90,868,-602,460,-600
30,-90,242,804,1086,800
30,-90,5899,-886,7237,-900
30,-90,8732,-288,788,-300
30,-90,8172,457,1348,500
30,-90,2425,591,8903,600
30,-90,9577,684,1751,700
30,-90,9942,-898,1386,-900
30,-90,6632,367,4696,400
30,-90,4656,501,6672,500
30,-90,1882,-886,9446,-900
30,-90,9568,-832,1760,-800
30,-90,1227,195,6005,200
30,-90,3426,254,9710,300
30,-90,4831,619,6497,600
30,-90,7414,307,3914,300
30,-90,4348,261,8788,300
30,-90,4640,-41,6688,0
30,-90,5363,-942,5965,-900
30,-90,8358,21,2970,0
30,-90,526,841,802,800
30,-90,5623,159,7513,200
30,-90,1477,-169,9851,-200
30,-90,9633,-342,3503,-300
30,-90,7343,-274,3985,-300
30,-90,5038,411,6290,400
30,-90,3941,539,9195,500
30,-90,9875,-271,1453,-300
30,-90,4219,461,7109,500
30,-90,7811,-904,3517,-900
30,-90,6687,-917,4641,-900
30,-90,5059,149,6269,100
30,-90,9114,799,2214,800
30,-90,5684,-41,5644,0
30,-90,1744,-218,7776,-200
30,-90,6588,388,4740,400
30,-90,4504,-55,5016,-100
30,-90,1285,-524,1851,-500
30,-90,1806,878,7714,900
30,-90,6674,222,6462,200
30,-90,88,-843,1240,-800
30,-90,8338,-724,2990,-700
30,-90,6264,-775,5064,-800
30,-90,9454,-611,66,-600
30,-90,2474,-651,7046,-700
30,-90,9054,81,466,100
30,-90,3593,-859,7735,-900
30,-90,2206,-3,9122,0
30,-90,8498,-100,2830,-100
30,-90,4715,722,4805,700
30,-90,2137,549,7383,500
30,-90,1801,-53,9527,-100
30,-90,9902,-772,1426,-800
30,-90,2554,-541,8774,-500
30,-90,5940,844,5388,800
30,-90,7832,-225,3496,-200
30,-90,4066,80,9070,100
30,-90,3946,-151,5574,-200
30,-90,3893,-897,7435,-900
30,-90,9164,-888,3972,-900
30,-90,5355,58,7781,100
30,-90,6086,-594,7050,-600
30,-90,8120,-1000,1400,-1000
30,-80,6968,608,2552,600
30,-80,2718,-437,6802,-400
30,-80,8981,-563,2347,-600
30,-80,8968,-926,552,-900
30,-80,3573,366,9563,400
30,-80,4046,-853,7282,-900
30,-80,8275,-466,4861,-500
30,-80,2646,-357,8682,-400
30,-80,7709,-800,5427,-800
30,-80,3049,114,8279,100
30,-80,3880,-531,7448,-500
30,-80,2168,134,9160,100
30,-80,7259,-344,5877,-300
30,-80,4780,-94,8356,-100
30,-80,4081,206,7247,200
30,-80,6676,560,4652,600
30,-80,5512,972,4008,900
30,-80,3770,-274,9366,-300
30,-80,8753,-955,2575,-1000
30,-80,237,-187,2899,-200
30,-80,9352,449,1976,400
30,-80,2378,640,8950,600
30,-80,2951,96,8377,100
30,-80,3627,-313,9509,-300
30,-80,2803,-467,8525,-500
30,-80,2564,259,8764,300
30,-80,4943,-300,6385,-300
30,-80,7929,919,3399,900
30,-80,8638,336,2690,300
30,-80,1195,-722,133,-700
30,-80,7818,-176,5318,-200
30,-80,4560,776,6768,800
30,-80,5873,-909,7263,-900
30,-80,6481,593,6655,600
30,-80,5212,59,4308,100
30,-80,1717,-526,9611,-500
30,-80,9833,-512,3303,-500
30,-80,2855,-449,8473,-400
30,-80,9093,-869,2235,-900
30,-80,6430,-990,4898,-1000
30,-80,6312,-849,3208,-800
30,-80,1076,-566,252,-600
30,-80,2315,-373,9013,-400
30,-80,7272,755,2248,800
30,-80,719,304,2417,300
30,-80,9827,-539,3309,-500
30,-80,76,980,3060,900
30,-80,2824,378,8504,400
30,-80,5841,872,7295,900
30,-80,2209,25,7311,0
30,-80,1630,-716,9698,-700
30,-80,6209,95,5119,100
30,-80,405,-240,923,-200
30,-80,9382,391,1946,400
30,-80,3052,744,8276,700
30,-80,6613,-892,6523,-900
30,-80,991,-998,337,-1000
30,-80,3635,994,7693,900
30,-80,3930,551,7398,600
30,-80,2373,394,7147,400
30,-80,8659,421,861,400
30,-80,1041,-268,287,-300
30,-80,4600,278,6728,300
30,-80,4926,829,6402,800
30,-80,8338,-510,2990,-500
30,-80,9484,533,36,500
30,-80,7653,-84,5483,-100
30,-80,2002,-124,9326,-100
30,-80,9425,-548,1903,-500
30,-80,2868,850,8460,800
30,-80,9372,990,1956,900
30,-80,2265,-226,7255,-200
30,-80,5375,623,5953,600
30,-80,5227,192,4293,200
30,-80,6108,-42,7028,0
30,-80,6363,464,4965,500
30,-80,9608,-34,1720,0
30,-80,4626,407,6702,400
30,-80,4622,375,8514,400
30,-80,2347,556,8981,600
30,-80,6162,-699,3358,-700
30,-80,3397,-490,7931,-500
30,-80,5391,489,4129,500
30,-80,4673,-716,8463,-700
30,-80,1729,-695,9599,-700
30,-80,5777,536,5551,500
30,-80,6071,299,5257,300
30,-80,3890,803,5630,800
30,-80,4317,-268,5203,-300
30,-80,15,966,3121,900
30,-80,7928,-387,1592,-400
30,-80,1669,806,9659,800
30,-80,6225,471,5103,500
30,-80,5160,699,6168,700
30,-80,3415,-605,6105,-600
30,-80,7098,-304,4230,-300
30,-80,949,-628,2187,-600
30,-80,5827,-491,7309,-500
30,-80,9532,-694,9988,-700
30,-80,5056,-266,6272,-300
30,-70,6043,-146,7093,-100
30,-70,5107,140,6221,100
30,-70,1013,995,315,900
30,-70,7562,732,1958,700
30,-70,1619,547,9709,500
30,-70,4616,-176,6712,-200
30,-70,3578,404,5942,400
30,-70,5431,596,5897,600
30,-70,6349,-166,4979,-200
30,-70,7697,844,5439,800
30,-70,3504,686,6016,700
30,-70,6810,802,4518,800
30,-70,1530,977,7990,900
30,-70,424,-70,904,-100
30,-70,8150,-179,4986,-200
30,-70,2466,-4,7054,0
30,-70,4681,-148,8455,-100
30,-70,5040,-223,4480,-200
30,-70,6072,938,7064,900
30,-70,5819,-560,7317,-600
30,-70,1222,251,106,300
30,-70,5205,979,6123,900
30,-70,4999,-93,6329,-100
30,-70,9470,413,1858,400
30,-70,8598,-921,922,-900
30,-70,7118,-777,6018,-800
30,-70,6646,280,6490,300
30,-70,5737,-10,7399,0
30,-70,4951,842,6377,800
30,-70,553,-15,775,0
30,-70,2400,-776,8928,-800
30,-70,8354,760,4782,800
30,-70,5362,954,4158,900
30,-70,7410,-565,5726,-600
30,-70,5909,-126,7227,-100
30,-70,7165,606,4163,600
30,-70,97,-166,1231,-200
30,-70,2281,21,9047,0
30,-70,7803,121,5333,100
30,-70,953,847,2183,800
30,-70,7893,795,3435,800
30,-70,9145,611,3991,600
30,-70,3506,-144,6014,-100
30,-70,8818,63,702,100
30,-70,5681,-800,3839,-800
30,-70,6013,-411,5315,-400
30,-70,4837,-844,6491,-800
30,-70,35,-800,1293,-800
30,-70,7056,-296,6080,-300
30,-70,5084,-547,6244,-500
30,-70,4399,353,6929,400
30,-70,2749,32,8579,0
30,-70,5200,458,6128,500
30,-70,8988,44,2340,0
30,-70,9951,788,3185,800
30,-70,2579,22,8749,0
30,-70,8212,-289,3116,-300
30,-70,7903,413,3425,400
30,-70,1366,147,9962,100
30,-70,8838,989,2490,900
30,-70,6564,49,2956,0
30,-70,2428,-722,8900,-700
30,-70,3311,-105,8017,-100
30,-70,4773,218,6555,200
30,-70,1077,805,251,800
30,-70,3437,-287,7891,-300
30,-70,2343,740,8985,700
30,-70,7302,664,4026,700
30,-70,6977,128,6159,100
30,-70,6236,-659,6900,-700
30,-70,1059,-910,2077,-900
30,-70,9809,801,1519,800
30,-70,7670,57,1850,100
30,-70,4673,750,8463,800
30,-70,2961,582,8367,600
30,-70,6889,-458,6247,-500
30,-70,7561,561,5575,600
30,-70,9377,-690,1951,-700
30,-70,9542,-988,3594,-1000
30,-70,4642,570,8494,600
30,-70,8053,-304,1467,-300
30,-70,8552,-246,2776,-200
30,-70,6716,544,4612,500
30,-70,7571,89,3757,100
30,-70,4994,-722,6334,-700
30,-70,5696,-280,3824,-300
30,-70,4596,569,4924,600
30,-70,8037,-691,3291,-700
30,-70,1331,-103,9997,-100
30,-70,481,369,847,400
30,-70,8203,257,4933,300
30,-70,5170,817,6158,800
30,-70,9388,91,1940,100
30,-70,3907,-585,7421,-600
30,-70,1374,811,8146,800
30,-70,2741,578,8587,600
30,-70,4077,-293,5443,-300
30,-70,7567,929,1953,900
30,-70,853,188,475,200
30,-70,5524,123,7612,100
30,-60,889,372,439,400
30,-60,9833,-554,1495,-600
30,-60,9754,-742,1574,-700
30,-60,2760,355,6760,400
30,-60,5402,738,5926,700
30,-60,8777,189,743,200
30,-60,5342,-848,5986,-800
30,-60,8883,-538,637,-500
30,-60,7796,-804,1724,-800
30,-60,9426,-538,1902,-500
30,-60,6179,-298,3341,-300
30,-60,8079,-586,3249,-600
30,-60,5118,-858,8018,-900
30,-60,3090,967,6430,900
30,-60,3084,-713,6436,-700
30,-60,8268,36,1252,0
30,-60,9180,559,2148,600
30,-60,6713,994,4615,900
30,-60,1388,-85,9940,-100
30,-60,3243,-380,6277,-400
30,-60,488,-467,840,-500
30,-60,8136,374,3192,400
30,-60,6350,270,3170,300
30,-60,345,-685,2791,-700
30,-60,9726,969,3410,900
30,-60,2445,142,8883,100
30,-60,2506,715,7014,700
30,-60,2735,758,6785,800
30,-60,1596,391,7924,400
30,-60,7449,-935,2071,-900
30,-60,3210,-28,8118,0
30,-60,5217,-298,6111,-300
30,-60,6549,215,2971,200
30,-60,2889,-599,8439,-600
30,-60,7712,51,5424,100
30,-60,8664,-162,856,-200
30,-60,6969,-9,4359,0
30,-60,636,-178,2500,-200
30,-60,5227,-533,7909,-500
30,-60,5051,-784,6277,-800
30,-60,2561,807,8767,800
30,-60,5296,-583,7840,-600
30,-60,7163,771,2357,800
30,-60,1890,691,9438,700
30,-60,6698,209,2822,200
30,-60,3578,11,7750,0
30,-60,7482,428,5654,400
30,-60,3783,-573,7545,-600
30,-60,5714,371,3806,400
30,-60,7593,446,1927,400
30,-60,8615,562,2713,600
30,-60,2419,617,8909,600
30,-60,6183,603,5145,600
30,-60,8654,639,2674,600
30,-60,1665,76,7855,100
30,-60,3666,-362,5854,-400
30,-60,2235,-148,7285,-100
30,-60,4066,-77,9070,-100
30,-60,6588,-299,4740,-300
30,-60,3638,-105,7690,-100
30,-60,4303,696,7025,700
30,-60,5903,767,7233,800
30,-60,85,-981,1243,-1000
30,-60,5371,-910,7765,-900
30,-60,4915,426,8221,400
30,-60,2146,-773,7374,-800
30,-60,8280,882,4856,900
30,-60,9607,-392,1721,-400
30,-60,3648,-835,7680,-800
30,-60,3025,-310,8303,-300
30,-60,5346,-52,4174,-100
30,-60,9888,-848,1440,-800
30,-60,7900,-530,3428,-500
30,-60,6896,-211,4432,-200
30,-60,2729,112,8599,100
30,-60,4233,765,5287,800
30,-60,7505,160,5631,200
30,-60,1808,-62,9520,-100
30,-60,6757,500,6379,500
30,-60,1893,895,7627,900
30,-60,6420,678,6716,700
30,-60,8181,-436,3147,-400
30,-60,1250,-546,78,-500
30,-60,8724,-70,796,-100
30,-60,24,-837,3112,-800
30,-60,2445,-92,8883,-100
30,-60,7813,-784,1707,-800
30,-60,1299,81,29,100
30,-60,3681,206,5839,200
30,-60,324,638,1004,600
30,-60,6755,-154,4573,-200
30,-60,8521,-391,999,-400
30,-60,5797,192,7339,200
30,-60,1594,-72,9734,-100
30,-60,6713,60,4615,100
30,-60,7218,-689,4110,-700
30,-60,401,373,2735,400
30,-60,3531,-51,7797,-100
30,-60,3743,188,5777,200
30,-60,3705,-767,5815,-800
30,-50,5062,378,4458,400
30,-50,7976,623,3352,600
30,-50,3869,-834,9267,-800
30,-50,2992,-897,8336,-900
30,-50,6992,-983,2528,-1000
30,-50,3051,-293,6469,-300
30,-50,9237,551,2091,600
30,-50,9869,-286,1459,-300
30,-50,6440,-260,6696,-300
30,-50,3415,180,6105,200
30,-50,9262,-876,2066,-900
30,-50,1951,-957,7569,-1000
30,-50,9683,888,3453,900
30,-50,1208,943,120,900
30,-50,6613,-832,4715,-800
30,-50,8409,-824,1111,-800
30,-50,8576,-46,944,0
30,-50,7934,798,5202,800
30,-50,4117,-967,7211,-1000
30,-50,3516,663,7812,700
30,-50,2133,464,7387,500
30,-50,3043,48,6477,0
30,-50,3402,-341,6118,-300
30,-50,9398,387,1930,400
30,-50,9865,-729,1463,-700
30,-50,8089,200,3239,200
30,-50,9131,883,389,900
30,-50,5509,-456,5819,-500
30,-50,270,600,2866,600
30,-50,1730,-788,7790,-800
30,-50,8386,-620,2942,-600
30,-50,6281,462,5047,500
30,-50,2311,416,7209,400
30,-50,3364,-570,9772,-600
30,-50,7909,873,5227,900
30,-50,8399,700,1121,700
30,-50,3424,940,6096,900
30,-50,4877,-528,8259,-500
30,-50,6850,594,4478,600
30,-50,8225,194,4911,200
30,-50,1964,561,7556,600
30,-50,7495,987,3833,900
30,-50,9396,-539,1932,-500
30,-50,336,-457,992,-500
30,-50,3402,-783,7926,-800
30,-50,7794,-932,5342,-900
30,-50,6932,850,2588,900
30,-50,4056,991,7272,900
30,-50,4855,877,6473,900
30,-50,9240,68,3896,100
30,-50,4705,585,6623,600
30,-50,8575,53,2753,100
30,-50,1564,-439,9764,-400
30,-50,3561,945,7767,900
30,-50,9393,-716,127,-700
30,-50,292,202,1036,200
30,-50,1621,908,9707,900
30,-50,1164,818,164,800
30,-50,7645,394,1875,400
30,-50,4430,-440,8706,-400
30,-50,5961,-925,5367,-900
30,-50,8334,390,1186,400
30,-50,4399,958,6929,900
30,-50,8906,465,2422,500
30,-50,7395,736,5741,700
30,-50,4117,-915,7211,-900
30,-50,5802,-945,7334,-900
30,-50,762,-604,566,-600
30,-50,9536,-897,3600,-900
30,-50,2843,-412,6677,-400
30,-50,6657,-863,4671,-900
30,-50,6806,-458,6330,-500
30,-50,2354,558,8974,600
30,-50,9011,-120,4125,-100
30,-50,8559,142,961,100
30,-50,1574,-781,9754,-800
30,-50,528,744,2608,700
30,-50,4255,-98,8881,-100
30,-50,4238,182,7090,200
30,-50,8167,-259,1353,-300
30,-50,2916,-202,6604,-200
30,-50,4756,-394,8380,-400
30,-50,1680,202,9648,200
30,-50,9487,748,33,700
30,-50,7822,518,5314,500
30,-50,6541,-203,4787,-200
30,-50,2963,-799,6557,-800
30,-50,1047,-371,281,-400
30,-50,6864,400,2656,400
30,-50,5583,-504,3937,-500
30,-50,2180,-712,9148,-700
30,-50,5828,-539,3692,-500
30,-50,8418,-892,2910,-900
30,-50,8040,377,3288,400
30,-50,3792,842,9344,800
30,-50,105,-833,1223,-800
30,-50,1435,-520,9893,-500
30,-50,5498,121,5830,100
30,-50,1608,-36,7912,0
30,-50,8219,-41,3109,0
30,-40,3402,33,6118,0
30,-40,4942,329,6386,300
30,-40,4645,-708,8491,-700
30,-40,5807,113,3713,100
30,-40,8182,642,3146,600
30,-40,7144,-127,4184,-100
30,-40,5965,-397,5363,-400
30,-40,3103,821,8225,800
30,-40,1495,324,9833,300
30,-40,1011,-696,2125,-700
30,-40,1575,-713,9753,-700
30,-40,1767,699,7753,700
30,-40,2100,720,7420,700
30,-40,2243,686,9085,700
30,-40,2376,114,8952,100
30,-40,7056,-845,4272,-800
30,-40,5682,-974,3838,-1000
30,-40,299,609,1029,600
30,-40,8923,-384,4213,-400
30,-40,4507,-236,8629,-200
30,-40,900,-552,428,-600
30,-40,3011,-177,8317,-200
30,-40,6434,-369,6702,-400
30,-40,1272,-691,1864,-700
30,-40,9300,-984,220,-1000
30,-40,5926,-188,7210,-200
30,-40,1125,-400,203,-400
30,-40,5891,-875,7245,-900
30,-40,6309,-160,6827,-200
30,-40,1649,-821,9679,-800
30,-40,2563,-56,8765,-100
30,-40,9589,787,1739,800
30,-40,5138,499,7998,500
30,-40,5056,246,6272,200
30,-40,1188,654,140,700
30,-40,7301,887,4027,900
30,-40,7622,-457,1898,-500
30,-40,8790,-31,4346,0
30,-40,3247,-615,8081,-600
30,-40,7073,332,4255,300
30,-40,185,-777,1143,-800
30,-40,5142,-682,7994,-700
30,-40,5224,-71,4296,-100
30,-40,1685,-272,9643,-300
30,-40,5967,-217,3553,-200
30,-40,454,511,874,500
30,-40,8976,28,544,0
30,-40,2182,-842,7338,-800
30,-40,9506,-962,1822,-1000
30,-40,785,83,543,100
30,-40,267,622,2869,600
30,-40,8733,452,2595,500
30,-40,8931,-785,589,-800
30,-40,6374,70,6762,100
30,-40,3451,-522,7877,-500
30,-40,1282,-45,46,0
30,-40,8729,-175,2599,-200
30,-40,3655,-653,7673,-700
30,-40,7455,-203,2065,-200
30,-40,1409,-572,8111,-600
30,-40,8631,-126,2697,-100
30,-40,6708,-893,6428,-900
30,-40,7531,-936,5605,-900
30,-40,6350,-19,3170,0
30,-40,7459,-307,2061,-300
30,-40,3940,586,9196,600
30,-40,8975,351,2353,400
30,-40,6018,409,5310,400
30,-40,1289,-877,39,-900
30,-40,5691,791,5637,800
30,-40,318,325,1010,300
30,-40,9004,-157,2324,-200
30,-40,9214,-128,2114,-100
30,-40,9203,184,317,200
30,-40,1808,-702,9520,-700
30,-40,5535,-465,5793,-500
30,-40,1770,-328,9558,-300
30,-40,8578,338,2750,300
30,-40,5578,-63,5750,-100
30,-40,7274,391,4054,400
30,-40,8137,-354,3191,-400
30,-40,2631,923,8697,900
30,-40,2843,-343,8485,-300
30,-40,432,-423,896,-400
30,-40,1174,793,154,800
30,-40,1011,541,2125,500
30,-40,9269,-656,2059,-700
30,-40,8295,-762,4841,-800
30,-40,796,299,532,300
30,-40,487,258,2649,300
30,-40,527,-458,2609,-500
30,-40,3636,887,7692,900
30,-40,1519,-942,9809,-900
30,-40,271,70,1057,100
30,-40,9021,-153,2307,-200
30,-40,8520,352,1000,400
30,-40,9778,334,1550,300
30,-40,9414,-375,3722,-400
30,-40,6759,700,6377,700
30,-40,3944,-341,5576,-300
30,-30,6543,-417,4785,-400
30,-30,6202,302,6934,300
30,-30,6661,-441,4667,-400
30,-30,3125,-223,8203,-200
30,-30,5387,662,5941,700
30,-30,7830,444,5306,400
30,-30,3145,-493,8183,-500
30,-30,9106,-236,414,-200
30,-30,9865,538,1463,500
30,-30,9369,729,1959,700
30,-30,1589,-772,7931,-800
30,-30,2339,800,7181,800
30,-30,7243,625,4085,600
30,-30,9506,769,3630,800
30,-30,8478,-404,4658,-400
30,-30,7510,498,5626,500
30,-30,3136,550,8192,500
30,-30,5932,-266,3588,-300
30,-30,4232,-153,7096,-200
30,-30,8618,-291,2710,-300
30,-30,3653,-380,9483,-400
30,-30,9053,702,467,700
30,-30,1264,-380,1872,-400
30,-30,6009,704,5319,700
30,-30,6921,703,4407,700
30,-30,8279,993,1241,900
30,-30,8418,-290,4718,-300
30,-30,4243,549,7085,500
30,-30,9280,-144,2048,-100
30,-30,4259,7,5261,0
30,-30,9329,-795,191,-800
30,-30,549,558,779,600
30,-30,4400,-356,5120,-400
30,-30,9256,-287,2072,-300
30,-30,8279,935,1241,900
30,-30,4468,351,8668,400
30,-30,2438,464,7082,500
30,-30,5118,-503,8018,-500
30,-30,8469,-850,4667,-800
30,-30,2569,-329,8759,-300
30,-30,8930,883,2398,900
30,-30,6510,420,3010,400
30,-30,8248,389,1272,400
30,-30,4928,626,6400,600
30,-30,9524,514,1804,500
30,-30,1992,-782,7528,-800
30,-30,5334,795,7802,800
30,-30,3676,739,7652,700
30,-30,2938,209,8390,200
30,-30,3376,8,9760,0
30,-30,8507,-396,2821,-400
30,-30,3503,-674,7825,-700
30,-30,5503,525,4017,500
30,-30,4775,-652,6553,-700
30,-30,8072,-913,1448,-900
30,-30,2624,151,6896,200
30,-30,8528,-966,2800,-1000
30,-30,5093,971,8043,900
30,-30,3144,-427,8184,-400
30,-30,4757,-946,8379,-900
30,-30,8172,-824,1348,-800
30,-30,8506,163,1014,200
30,-30,1447,868,9881,900
30,-30,7607,192,3721,200
30,-30,4251,-736,7077,-700
30,-30,1776,-233,9552,-200
30,-30,7898,-594,3430,-600
30,-30,8292,66,1228,100
30,-30,3000,732,6520,700
30,-30,3115,401,6405,400
30,-30,3022,-519,8306,-500
30,-30,2182,108,9146,100
30,-30,5140,-545,6188,-500
30,-30,1273,698,1863,700
30,-30,6894,874,6242,900
30,-30,9815,754,3321,800
30,-30,713,963,2423,900
30,-30,7394,-104,5742,-100
30,-30,5056,337,6272,300
30,-30,6722,230,2798,200
30,-30,970,-952,358,-1000
30,-30,2080,784,9248,800
30,-30,2337,156,8991,200
30,-30,7780,307,1740,300
30,-30,1370,-565,9958,-600
30,-30,3455,333,7873,300
30,-30,6373,694,3147,700
30,-30,8892,-403,628,-400
30,-30,5688,-484,7448,-500
30,-30,5155,-303,4365,-300
30,-30,6132,-690,7004,-700
30,-30,8447,558,4689,600
30,-30,4269,-534,7059,-500
30,-30,9227,256,3909,300
30,-30,4141,192,8995,200
30,-30,1739,847,9589,800
30,-30,2238,-329,7282,-300
30,-30,3530,705,7798,700
30,-30,1662,-636,7858,-600
30,-30,8149,-245,1371,-200
30,-20,2856,-42,6664,0
30,-20,9899,-350,1429,-300
30,-20,8689,807,2639,800
30,-20,1161,15,167,0
30,-20,5906,-300,7230,-300
30,-20,1608,178,7912,200
30,-20,9818,861,3318,900
30,-20,2263,560,7257,600
30,-20,1418,-858,9910,-900
30,-20,5162,-132,4358,-100
30,-20,2739,-955,8589,-1000
30,-20,4722,-329,8414,-300
30,-20,612,422,716,400
30,-20,246,-659,1082,-700
30,-20,1085,-853,243,-900
30,-20,5469,-446,4051,-400
30,-20,8158,112,4978,100
30,-20,6179,-597,3341,-600
30,-20,6132,453,7004,500
30,-20,7560,23,1960,0
30,-20,1871,-746,9457,-700
30,-20,2896,-50,6624,0
30,-20,8033,376,3295,400
30,-20,3954,126,7374,100
30,-20,209,-147,2927,-100
30,-20,7172,-978,4156,-1000
30,-20,1410,-402,8110,-400
30,-20,5385,-925,7751,-900
30,-20,2092,-162,9236,-200
30,-20,8213,-691,1307,-700
30,-20,3591,862,9545,900
30,-20,6360,-24,3160,0
30,-20,9909,950,1419,900
30,-20,9005,-704,4131,-700
30,-20,7551,-446,5585,-400
30,-20,2193,-664,7327,-700
30,-20,2016,208,7504,200
30,-20,4673,262,6655,300
30,-20,4464,-537,6864,-500
30,-20,8408,-994,4728,-1000
30,-20,8061,-449,5075,-400
30,-20,4395,685,8741,700
30,-20,4010,374,9126,400
30,-20,9039,-675,2289,-700
30,-20,3909,288,7419,300
30,-20,7776,-288,1744,-300
30,-20,9150,990,2178,900
30,-20,1032,396,296,400
30,-20,4657,-62,4863,-100
30,-20,944,435,384,400
30,-20,8161,913,1359,900
30,-20,3187,-170,6333,-200
30,-20,7659,-961,3669,-1000
30,-20,7258,496,4070,500
30,-20,6362,876,3158,900
30,-20,2539,895,8789,900
30,-20,350,-922,978,-900
30,-20,4600,-685,6728,-700
30,-20,4260,950,5260,900
30,-20,5552,331,7584,300
30,-20,8175,-118,3153,-100
30,-20,7942,-665,3386,-700
30,-20,4302,-898,5218,-900
30,-20,3404,-284,7924,-300
30,-20,7083,-912,6053,-900
30,-20,9242,-532,2086,-500
30,-20,6286,-977,3234,-1000
30,-20,1915,-415,9413,-400
30,-20,9211,460,309,500
30,-20,9364,657,1964,700
30,-20,8105,898,1415,900
30,-20,9962,-400,3174,-400
30,-20,745,-528,583,-500
30,-20,9020,44,2308,0
30,-20,494,-588,2642,-600
30,-20,4527,213,4993,200
30,-20,965,-438,363,-400
30,-20,3475,-146,6045,-100
30,-20,4551,687,6777,700
30,-20,8523,-174,4613,-200
30,-20,1221,729,107,700
30,-20,8834,-417,2494,-400
30,-20,5167,679,7969,700
30,-20,7800,-367,1720,-400
30,-20,5443,870,5885,900
30,-20,1859,-110,9469,-100
30,-20,4674,-942,6654,-900
30,-20,5123,-52,6205,-100
30,-20,8564,801,2764,800
30,-20,8595,-538,925,-500
30,-20,922,764,406,800
30,-20,1689,358,9639,400
30,-20,4502,155,8634,200
30,-20,331,430,2805,400
30,-20,8399,-523,1121,-500
30,-20,5696,-55,3824,-100
30,-20,163,-239,1165,-200
30,-20,9340,-497,1988,-500
30,-20,1207,878,1929,900
30,-20,1820,766,9508,800
30,-10,797,12,531,0
30,-10,498,-68,2638,-100
30,-10,1242,914,1894,900
30,-10,855,-888,473,-900
30,-10,5262,935,7874,900
30,-10,621,916,707,900
30,-10,3148,-835,9988,-800
30,-10,1181,-351,1955,-400
30,-10,375,953,6857,900
30,-10,8022,-20,1498,0
30,-10,9504,498,16,500
30,-10,2013,-367,7507,-400
30,-10,2737,780,6783,800
30,-10,8140,-438,3188,-400
30,-10,4066,336,5454,300
30,-10,5035,137,6293,100
30,-10,5824,-109,3696,-100
30,-10,3520,184,6000,200
30,-10,1565,-496,9763,-500
30,-10,6207,-656,6929,-700
30,-10,3797,-427,7531,-400
30,-10,6825,-934,2695,-900
30,-10,6021,-372,5307,-400
30,-10,2500,-461,8828,-500
30,-10,1058,-634,270,-600
30,-10,8699,-75,821,-100
30,-10,2444,74,8884,100
30,-10,8584,135,936,100
30,-10,4885,850,6443,800
30,-10,6366,-840,4962,-800
30,-10,8844,329,4292,300
30,-10,5109,108,8027,100
30,-10,2368,13,7152,0
30,-10,2618,-517,6902,-500
30,-10,5584,-490,5744,-500
30,-10,667,-961,661,-1000
30,-10,9935,849,3201,800
30,-10,8490,-765,1030,-800
30,-10,8031,237,1489,200
30,-10,8473,-70,1047,-100
30,-10,9326,467,3810,500
30,-10,1895,341,9433,300
30,-10,7162,-913,4166,-900
30,-10,3491,443,9645,400
30,-10,873,-858,455,-900
30,-10,4683,313,4837,300
30,-10,6409,830,6727,800
30,-10,9528,727,3608,700
30,-10,9191,-716,329,-700
30,-10,5047,-920,8089,-900
30,-10,7125,375,6011,400
30,-10,5267,607,7869,600
30,-10,6548,32,6588,0
30,-10,259,329,6973,300
30,-10,7794,483,3534,500
30,-10,7455,946,5681,900
30,-10,3091,688,6429,700
30,-10,3479,726,9657,700
30,-10,5740,876,7396,900
30,-10,7040,405,6096,400
30,-10,8496,-951,4640,-1000
30,-10,6255,194,6881,200
30,-10,8953,-645,2375,-600
30,-10,2473,-561,7047,-600
30,-10,5913,-930,5415,-900
30,-10,4197,-409,7131,-400
30,-10,753,-260,8767,-300
30,-10,1994,677,9334,700
30,-10,9519,211,1,200
30,-10,8405,-835,4731,-800
30,-10,2317,-308,7203,-300
30,-10,1246,651,1890,600
30,-10,7117,146,4211,100
30,-10,695,378,633,400
30,-10,1952,-25,7568,0
30,-10,4437,895,6891,900
30,-10,4445,247,5075,200
30,-10,57,-69,1271,-100
30,-10,2148,-817,9180,-800
30,-10,4322,-151,7006,-200
30,-10,3647,908,5873,900
30,-10,4922,-960,6406,-1000
30,-10,5990,-250,7146,-200
30,-10,808,-5,6424,0
30,-10,2461,-625,8867,-600
30,-10,7344,855,5792,900
30,-10,4408,795,6920,800
30,-10,7558,-581,3770,-600
30,-10,7756,-407,5380,-400
30,-10,9727,90,1601,100
30,-10,639,735,2497,700
30,-10,8543,782,2785,800
30,-10,2132,-738,9196,-700
30,-10,3213,-733,6307,-700
30,-10,5734,-529,3786,-500
30,-10,2744,-213,6776,-200
30,-10,5677,-204,7459,-200
30,-10,5954,-441,5374,-400
30,-10,8688,-864,832,-900
30,-10,5066,892,8070,900
30,0,1460,-833,8060,-800
30,0,3580,-997,5940,-1000
30,0,3006,-959,2418,-1000
30,0,8905,461,8327,500
30,0,4094,152,5426,100
30,0,220,-255,7012,-300
30,0,9970,-267,3166,-300
30,0,3791,-230,5729,-200
30,0,9301,342,2027,300
30,0,5981,-828,7155,-800
30,0,7641,571,7783,600
30,0,3244,415,9892,400
30,0,2418,-855,8910,-900
30,0,83,762,1245,800
30,0,4348,381,1076,400
30,0,3279,597,9857,600
30,0,8511,184,2817,200
30,0,5459,879,4061,900
30,0,9240,859,280,900
30,0,1244,-94,5988,-100
30,0,2716,-627,2708,-600
30,0,1164,-520,6068,-500
30,0,9125,-298,4011,-300
30,0,6101,955,3419,900
30,0,7477,-738,5659,-700
30,0,645,989,2491,900
30,0,7460,117,3868,100
30,0,1435,-228,3989,-200
30,0,8891,610,2437,600
30,0,8151,-923,4985,-900
30,0,9217,441,2111,400
30,0,3768,-365,9368,-400
30,0,3074,-180,62,-200
30,0,9345,740,7887,700
30,0,9494,-689,3642,-700
30,0,2515,-839,621,-800
30,0,7405,-458,5731,-500
30,0,444,767,2692,800
30,0,1162,951,6070,900
30,0,255,750,1073,700
30,0,5297,108,7839,100
30,0,5847,-151,7289,-100
30,0,2955,250,181,300
30,0,9200,793,8032,800
30,0,956,160,372,200
30,0,2853,-358,2571,-400
30,0,7128,532,6008,500
30,0,7157,-191,4171,-200
30,0,5163,-525,261,-500
30,0,1122,571,206,600
30,0,6934,864,6202,900
30,0,5237,230,4283,200
30,0,4033,131,3199,100
30,0,3080,-332,56,-300
30,0,7465,-989,2055,-1000
30,0,3049,873,4183,900
30,0,962,-365,366,-400
30,0,8191,-652,3137,-600
30,0,463,-606,865,-600
30,0,8054,767,7370,800
30,0,2955,-668,6565,-700
30,0,2531,-674,2893,-700
30,0,9185,-193,335,-200
30,0,473,815,2663,800
30,0,7341,-659,8083,-700
30,0,2797,-316,8531,-300
30,0,7306,844,5830,800
30,0,8967,-249,8265,-300
30,0,3185,-408,9951,-400
30,0,1671,-353,5561,-300
30,0,2812,-725,8516,-700
30,0,4802,839,8334,800
30,0,8217,-930,1303,-900
30,0,8543,808,2785,800
30,0,7884,-505,1636,-500
30,0,7350,513,3978,500
30,0,1596,-946,3828,-1000
30,0,1536,-789,9792,-800
30,0,8893,-878,627,-900
30,0,7466,-353,7958,-300
30,0,4707,-264,4813,-300
30,0,122,-225,7110,-200
30,0,1718,-496,9610,-500
30,0,6941,714,6195,700
30,0,5030,-909,8106,-900
30,0,6302,-955,6834,-900
30,0,4731,-663,6597,-700
30,0,5441,-233,1791,-200
30,0,5017,-556,8119,-600
30,0,9195,644,2133,600
30,0,7957,-558,7467,-600
30,0,4729,655,695,700
30,0,1962,-620,3462,-600
30,0,8127,511,5009,500
30,0,1247,-140,1889,-100
30,0,9124,358,2204,400
30,0,1355,198,1781,200
30,0,2179,-243,9149,-200
30,0,1425,803,8095,800
30,0,7344,-55,2176,-100
30,10,9152,-984,368,-900
30,10,84,356,5340,300
30,10,4707,182,2525,200
30,10,8096,417,9136,400
30,10,1907,21,9421,0
30,10,757,725,8763,700
30,10,6008,-231,1224,-200
30,10,448,251,2688,300
30,10,2672,-385,8656,-400
30,10,9875,-28,7357,0
30,10,3676,804,7652,800
30,10,4108,-942,1316,-900
30,10,6240,801,3280,800
30,10,1541,-188,7979,-200
30,10,912,843,8608,800
30,10,8563,977,957,900
30,10,4958,973,2274,900
30,10,8065,-515,5071,-500
30,10,2777,439,6743,400
30,10,9020,-919,2308,-900
30,10,4869,-861,8267,-800
30,10,4339,0,6989,0
30,10,7138,248,5998,200
30,10,2171,-735,7349,-700
30,10,3357,617,2067,600
30,10,7445,507,7979,500
30,10,644,-249,8876,-200
30,10,3050,-888,86,-900
30,10,831,734,8689,700
30,10,8730,-93,2598,-100
30,10,7494,61,9738,100
30,10,1774,978,5458,900
30,10,9766,-45,1562,0
30,10,5801,582,7335,500
30,10,5873,622,7263,600
30,10,97,-801,3039,-800
30,10,6649,171,6487,100
30,10,3198,702,9938,700
30,10,8510,121,2818,100
30,10,4162,218,7166,200
30,10,678,-87,650,-100
30,10,1371,458,1765,500
30,10,8660,603,860,600
30,10,2575,-411,2849,-400
30,10,7715,-877,5421,-900
30,10,2655,-839,2769,-900
30,10,4382,-146,5138,-100
30,10,79,-609,7153,-600
30,10,667,-680,2469,-700
30,10,4546,651,2686,700
30,10,1888,-316,7632,-300
30,10,2825,447,311,500
30,10,6034,-986,3486,-1000
30,10,5954,792,9470,800
30,10,1537,615,7983,600
30,10,1397,770,8123,800
30,10,8835,-17,4301,0
30,10,8174,-671,3154,-700
30,10,1287,-618,5945,-600
30,10,3783,-415,1641,-400
30,10,6507,829,6629,800
30,10,9426,545,1902,500
30,10,9531,807,9989,800
30,10,7061,166,2459,200
30,10,6719,-787,2801,-800
30,10,5199,404,7937,400
30,10,9811,946,9709,900
30,10,6584,-968,8840,-1000
30,10,7121,-942,4207,-1000
30,10,634,-441,2502,-400
30,10,5544,917,7592,900
30,10,6864,417,2656,400
30,10,1657,-509,9671,-500
30,10,8912,-310,8320,-300
30,10,6015,-988,7121,-1000
30,10,8708,-906,812,-900
30,10,1,258,1327,200
30,10,7536,-616,5600,-600
30,10,2210,883,3214,900
30,10,1200,-434,1936,-500
30,10,3680,-202,3552,-200
30,10,8966,999,8266,900
30,10,9074,825,446,800
30,10,7443,995,2077,900
30,10,8536,435,4600,500
30,10,5924,326,7212,300
30,10,2351,-224,7169,-200
30,10,1162,-19,4262,0
30,10,80,-470,9440,-500
30,10,6669,-909,6467,-900
30,10,5413,135,5915,200
30,10,2806,934,330,900
30,10,2490,867,4742,900
30,10,8913,-66,4223,-100
30,10,6754,-568,6382,-600
30,10,6922,-181,6214,-200
30,10,1437,-750,1699,-800
30,10,1501,-512,5731,-500
30,10,7206,302,2314,300
30,10,8115,16,5021,0
30,20,7862,98,3466,200
30,20,8094,180,5042,100
30,20,2335,352,3089,400
30,20,715,-424,6517,-500
30,20,1156,881,8364,900
30,20,4295,-267,8841,-300
30,20,2740,695,4492,700
30,20,8787,-814,8445,-700
30,20,2683,-392,2741,-400
30,20,4680,-279,8456,-200
30,20,650,-888,2486,-900
30,20,6890,-198,2630,-200
30,20,7383,426,2137,400
30,20,6019,-418,1213,-500
30,20,1718,787,9610,800
30,20,4286,-220,1138,-300
30,20,9232,475,6192,400
30,20,3769,-666,9367,-600
30,20,571,60,2565,100
30,20,6954,-765,8470,-800
30,20,9274,588,246,500
30,20,492,-635,836,-500
30,20,8798,-929,722,-800
30,20,3502,-568,7826,-600
30,20,79,-863,7153,-900
30,20,5360,-949,7776,-900
30,20,4363,-594,8773,-700
30,20,7841,942,5295,900
30,20,2435,-843,2989,-800
30,20,8964,-651,556,-700
30,20,3024,-212,6496,-100
30,20,5716,189,3804,100
30,20,7730,183,5406,100
30,20,9209,-223,6215,-300
30,20,3251,-14,9885,0
30,20,3057,-186,79,-200
30,20,7727,-814,5409,-800
30,20,8559,-958,961,-900
30,20,6924,-429,2596,-500
30,20,1389,733,9939,700
30,20,4038,127,5482,100
30,20,5886,-460,7250,-400
30,20,6489,535,743,600
30,20,8410,-865,8822,-800
30,20,2924,581,6596,700
30,20,7502,40,5634,0
30,20,3236,575,9900,600
30,20,4946,-755,2286,-800
30,20,8190,-848,4946,-900
30,20,1892,-667,1244,-500
30,20,7069,333,6067,400
30,20,7604,-901,9628,-900
30,20,6155,-90,3365,-100
30,20,9209,-410,6215,-400
30,20,3631,-782,5889,-900
30,20,4725,-333,2507,-400
30,20,198,-530,2938,-700
30,20,3662,460,3570,500
30,20,4173,-902,8963,-900
30,20,3094,-513,4138,-500
30,20,2207,-46,7313,0
30,20,8653,305,6771,200
30,20,287,650,9233,600
30,20,5445,-792,7691,-900
30,20,2262,610,7258,700
30,20,2227,-337,7293,-200
30,20,612,186,2524,200
30,20,198,-210,1130,-200
30,20,4404,335,8732,300
30,20,1120,312,8400,300
30,20,9645,375,7587,300
30,20,1829,-189,5403,-100
30,20,6495,-587,737,-600
30,20,9524,-799,7708,-800
30,20,3114,957,8214,900
30,20,1879,64,9449,100
30,20,5943,644,5385,800
30,20,3105,-431,2319,-500
30,20,1693,111,5539,100
30,20,5567,622,7569,600
30,20,630,-887,4794,-1000
30,20,7025,-172,6111,-100
30,20,4020,194,5500,200
30,20,5016,-939,408,-900
30,20,8173,599,1347,700
30,20,2453,-393,7067,-500
30,20,3044,973,6476,900
30,20,4087,-995,1337,-1000
30,20,151,-434,7081,-500
30,20,1356,202,8164,200
30,20,5574,-92,5754,-100
30,20,7508,184,2012,200
30,20,4059,-470,9077,-400
30,20,196,896,1132,900
30,20,8491,801,1029,800
30,20,9746,34,1582,100
30,20,7569,230,3759,200
30,20,8910,-574,6514,-500
30,20,7215,-934,2305,-1000
30,20,5234,-32,7902,100
30,30,5662,430,1131,900
30,30,8464,732,1131,900
30,30,994,-894,1131,900
30,30,3555,673,5966,700
30,30,7622,-160,1131,900
30,30,6437,-737,795,-800
30,30,1444,-410,1131,900
30,30,2951,-763,1131,900
30,30,3020,-216,8308,-300
30,30,4644,393,1131,900
30,30,2393,595,1131,900
30,30,644,-879,1131,900
30,30,4387,744,1131,900
30,30,3248,-945,1131,900
30,30,2493,446,1131,900
30,30,5721,558,1131,900
30,30,1543,-460,1131,900
30,30,3076,-566,1131,900
30,30,3919,-243,1131,900
30,30,1043,255,1131,900
30,30,6717,877,1131,900
30,30,4085,129,1131,900
30,30,6164,-140,1131,900
30,30,5685,-771,1131,900
30,30,5491,539,1131,900
30,30,1287,-462,1131,900
30,30,414,423,1131,900
30,30,2765,786,1131,900
30,30,516,802,1131,900
30,30,59,496,1131,900
30,30,7862,620,1131,900
30,30,2150,121,1131,900
30,30,2156,-797,1131,900
30,30,5097,302,1131,900
30,30,1433,554,1131,900
30,30,7521,-385,1131,900
30,30,5550,899,1131,900
30,30,1572,844,1131,900
30,30,3262,-53,1131,900
30,30,6416,-706,1131,900
30,30,6684,390,1131,900
30,30,6944,-962,1131,900
30,30,6610,849,1131,900
30,30,8695,-137,1131,900
30,30,6144,882,1131,900
30,30,713,469,1131,900
30,30,2174,-449,1131,900
30,30,4546,-816,1131,900
30,30,1719,-656,1131,900
30,30,7990,204,1131,900
30,30,5715,-239,3804,-100
30,30,3255,129,1131,900
30,30,6753,-836,1131,900
30,30,1204,828,1131,900
30,30,3739,-269,1131,900
30,30,7082,460,1131,900
30,30,5237,-451,1131,900
30,30,2806,222,1131,900
30,30,4320,385,1131,900
30,30,4983,-288,1131,900
30,30,2288,-926,1131,900
30,30,549,673,1131,900
30,30,3220,-277,1131,900
30,30,4727,714,1131,900
30,30,3457,-785,1131,900
30,30,1432,940,1131,900
30,30,7872,144,1131,900
30,30,314,89,1131,900
30,30,1860,488,1131,900
30,30,718,-297,1131,900
30,30,3505,943,1131,900
30,30,3232,-835,1131,900
30,30,6948,902,1131,900
30,30,3649,-11,1131,900
30,30,1326,768,1131,900
30,30,2632,823,1131,900
30,30,6359,595,1131,900
30,30,9308,-298,1131,900
30,30,1079,-227,1131,900
30,30,1665,722,1131,900
30,30,9221,995,1131,900
30,30,3452,-101,1131,900
30,30,1757,-46,5475,0
30,30,2403,-319,1131,900
30,30,5991,-686,1131,900
30,30,4965,852,1131,900
30,30,7023,523,1131,900
30,30,4929,851,1131,900
30,30,449,-303,9068,0
30,30,6413,859,1131,900
30,30,7737,700,1131,900
30,30,4875,325,8261,500
30,30,4992,483,1131,900
30,30,3487,-478,1131,900
30,30,4177,715,1131,900
30,30,601,-137,1131,900
30,30,5148,306,1131,900
30,30,2362,842,1131,900
30,30,2240,989,5227,900
30,30,2380,208,7140,200
30,40,2628,269,1131,900
30,40,1819,717,1131,900
30,40,2222,-95,1131,900
30,40,9232,424,1131,900
30,40,4798,-394,1131,900
30,40,9038,417,1131,900
30,40,8876,206,1131,900
30,40,4566,-387,1131,900
30,40,4598,400,1131,900
30,40,9500,-638,1131,900
30,40,3152,-407,1131,900
30,40,823,-465,1131,900
30,40,1640,338,1131,900
30,40,5881,-995,1131,900
30,40,6651,681,1131,900
30,40,7659,622,1131,900
30,40,2991,376,1131,900
30,40,7670,-758,1131,900
30,40,3589,526,1131,900
30,40,5890,803,1131,900
30,40,2820,-144,1131,900
30,40,4921,-169,1131,900
30,40,7760,-492,1131,900
30,40,2195,446,1131,900
30,40,1233,779,1131,900
30,40,8853,337,1131,900
30,40,1378,570,1131,900
30,40,4919,-82,1131,900
30,40,8504,-671,1131,900
30,40,9415,-924,1131,900
30,40,6447,473,1131,900
30,40,2024,534,1131,900
30,40,7135,-391,1131,900
30,40,2627,644,1131,900
30,40,8407,573,1131,900
30,40,5303,378,1131,900
30,40,9215,914,1131,900
30,40,6456,509,1131,900
30,40,3424,833,1131,900
30,40,9713,-780,1131,900
30,40,7852,-795,1131,900
30,40,4984,45,1131,900
30,40,857,-371,1131,900
30,40,4507,-323,1131,900
30,40,1363,-855,1131,900
30,40,790,-78,1131,900
30,40,1420,-345,1131,900
30,40,7733,32,1131,900
30,40,6684,-337,1131,900
30,40,2878,545,1131,900
30,40,7123,334,1131,900
30,40,4911,-106,1131,900
30,40,8081,-834,1131,900
30,40,2224,-859,1131,900
30,40,9475,-23,1131,900
30,40,9998,607,1131,900
30,40,4303,250,1131,900
30,40,2044,580,1131,900
30,40,4082,338,1131,900
30,40,3242,660,1131,900
30,40,6974,-240,1131,900
30,40,8794,584,1131,900
30,40,1742,969,1131,900
30,40,6045,518,1131,900
30,40,549,-545,1131,900
30,40,792,294,1131,900
30,40,1171,-402,1131,900
30,40,5883,-416,1131,900
30,40,8520,-381,1131,900
30,40,7980,-653,1131,900
30,40,4395,-173,1131,900
30,40,2060,798,1131,900
30,40,5644,82,1131,900
30,40,5508,646,1131,900
30,40,9029,-321,1131,900
30,40,9924,-622,1131,900
30,40,6736,-993,1131,900
30,40,1436,-113,1131,900
30,40,8048,-530,1131,900
30,40,8897,-756,1131,900
30,40,9615,-813,1131,900
30,40,8403,438,1131,900
30,40,4481,-353,1131,900
30,40,3288,726,1131,900
30,40,46,-957,1131,900
30,40,1569,77,1131,900
30,40,6064,438,1131,900
30,40,4394,294,1131,900
30,40,477,478,1131,900
30,40,1973,837,1131,900
30,40,4294,868,1131,900
30,40,421,709,1131,900
30,40,7230,14,1131,900
30,40,8246,293,1131,900
30,40,1233,-167,1131,900
30,40,5532,-515,1131,900
30,40,3638,-300,1131,900
30,40,4437,-447,1131,900
30,40,4623,-186,1131,900
30,40,8282,-428,1131,900
30,50,5162,-394,1131,900
30,50,3258,358,1131,900
30,50,2322,999,1131,900
30,50,9369,-475,1131,900
30,50,7796,-604,1131,900
30,50,2295,879,1131,900
30,50,5138,846,1131,900
30,50,8649,-996,1131,900
30,50,1368,903,1131,900
30,50,5758,-832,1131,900
30,50,9178,995,1131,900
30,50,2121,-124,1131,900
30,50,8928,840,1131,900
30,50,4869,277,1131,900
30,50,1190,805,1131,900
30,50,6161,-589,1131,900
30,50,6981,-212,1131,900
30,50,1621,-690,1131,900
30,50,5821,-805,1131,900
30,50,6854,248,1131,900
30,50,6870,968,1131,900
30,50,1438,-390,1131,900
30,50,2132,-185,1131,900
30,50,8094,-456,1131,900
30,50,7218,-525,1131,900
30,50,4496,-518,1131,900
30,50,7191,-547,1131,900
30,50,5868,-666,1131,900
30,50,8593,294,1131,900
30,50,2121,-111,1131,900
30,50,2131,-504,1131,900
30,50,8618,23,1131,900
30,50,670,840,1131,900
30,50,7449,534,1131,900
30,50,915,549,1131,900
30,50,8615,873,1131,900
30,50,605,-898,1131,900
30,50,7682,-618,1131,900
30,50,4474,547,1131,900
30,50,4042,54,1131,900
30,50,7564,300,1131,900
30,50,5332,732,1131,900
30,50,9787,-31,1131,900
30,50,1577,176,1131,900
30,50,388,494,1131,900
30,50,9006,80,1131,900
30,50,1693,434,1131,900
30,50,6993,792,1131,900
30,50,1481,-632,1131,900
30,50,6650,850,1131,900
30,50,5341,-554,1131,900
30,50,7829,797,1131,900
30,50,3689,-602,1131,900
30,50,5544,868,1131,900
30,50,475,-100,1131,900
30,50,6693,150,1131,900
30,50,3128,-830,1131,900
30,50,2182,-385,1131,900
30,50,498,-766,1131,900
30,50,461,-311,1131,900
30,50,3348,94,1131,900
30,50,1550,-27,1131,900
30,50,6382,-879,1131,900
30,50,5147,-430,1131,900
30,50,6120,-543,1131,900
30,50,7902,188,1131,900
30,50,408,-708,1131,900
30,50,2515,325,1131,900
30,50,4681,43,1131,900
30,50,7154,990,1131,900
30,50,4950,79,1131,900
30,50,238,231,1131,900
30,50,3733,548,1131,900
30,50,7521,-500,1131,900
30,50,261,916,1131,900
30,50,2793,626,1131,900
30,50,1995,-52,1131,900
30,50,4372,813,1131,900
30,50,8851,-317,1131,900
30,50,9003,332,1131,900
30,50,6529,223,1131,900
30,50,3873,-507,1131,900
30,50,9536,321,1131,900
30,50,1018,633,1131,900
30,50,7636,-571,1131,900
30,50,4092,674,1131,900
30,50,6868,981,1131,900
30,50,4752,-221,1131,900
30,50,2820,346,1131,900
30,50,4851,-83,1131,900
30,50,6824,713,1131,900
30,50,3968,-642,1131,900
30,50,9651,67,1131,900
30,50,5348,-137,1131,900
30,50,6152,-766,1131,900
30,50,1175,-898,1131,900
30,50,6615,-965,1131,900
30,50,4406,-103,1131,900
30,50,1241,520,1131,900
30,50,9220,902,1131,900
40,-100,2584,953,8744,900
40,-100,8835,-610,2493,-600
40,-100,8147,-727,4989,-700
40,-100,4415,-834,6913,-800
40,-100,7448,-678,3880,-700
40,-100,1233,729,95,700
40,-100,8736,-688,4400,-700
40,-100,2326,907,9002,900
40,-100,1430,-500,9898,-500
40,-100,8254,422,3074,400
40,-100,6709,715,4619,700
40,-100,9462,758,1866,800
40,-100,1350,647,9978,600
40,-100,7995,-779,1525,-800
40,-100,1273,-603,55,-600
40,-100,2939,-859,8389,-900
40,-100,9329,222,191,200
40,-100,1379,-443,9949,-400
40,-100,8855,-503,2473,-500
40,-100,1876,773,7644,800
40,-100,4976,833,6352,800
40,-100,4009,632,7319,600
40,-100,6620,-893,4708,-900
40,-100,1976,-771,7544,-800
40,-100,3375,501,7953,500
40,-100,496,-417,832,-400
40,-100,5512,98,5816,100
40,-100,4686,-388,6642,-400
40,-100,2788,118,8540,100
40,-100,6544,877,4784,900
40,-100,1448,-508,9880,-500
40,-100,3408,600,9728,600
40,-100,368,698,960,700
40,-100,4883,421,6445,400
40,-100,6386,-456,4942,-500
40,-100,7799,956,5337,900
40,-100,5642,776,7494,800
40,-100,5134,-940,6194,-900
40,-100,7974,-11,3354,0
40,-100,3329,-372,6191,-400
40,-100,8460,-141,2868,-100
40,-100,7964,-46,3364,0
40,-100,2834,-32,8494,0
40,-100,5731,958,5597,900
40,-100,4142,690,7186,700
40,-100,6364,695,4964,700
40,-100,6981,882,4347,900
40,-100,1214,-470,114,-500
40,-100,4887,-647,6441,-600
40,-100,4080,-331,7248,-300
40,-100,6086,943,5242,900
40,-100,4619,-277,6709,-300
40,-100,1692,-895,9636,-900
40,-100,5324,797,6004,800
40,-100,9084,713,436,700
40,-100,7864,-338,3464,-300
40,-100,4445,832,6883,800
40,-100,7687,476,3641,500
40,-100,8256,224,4880,200
40,-100,2645,794,8683,800
40,-100,6276,54,5052,100
40,-100,4922,-641,6406,-600
40,-100,7552,431,3776,400
40,-100,9208,846,2120,800
40,-100,9020,260,2308,300
40,-100,6704,-254,2816,-300
40,-100,1656,675,9672,700
40,-100,5746,-85,7390,-100
40,-100,7180,-504,4148,-500
40,-100,2054,-908,9274,-900
40,-100,2120,-213,7400,-200
40,-100,3264,675,6256,700
40,-100,1518,-3,9810,0
40,-100,1800,-287,9528,-300
40,-100,1634,-984,7886,-1000
40,-100,4998,-887,6330,-900
40,-100,2900,-158,8428,-200
40,-100,5757,-387,5571,-400
40,-100,7746,-622,3582,-600
40,-100,4710,-622,6618,-600
40,-100,9392,-899,1936,-900
40,-100,1331,-74,9997,-100
40,-100,1487,356,8033,400
40,-100,5484,54,4036,100
40,-100,9145,-187,2183,-200
40,-100,8715,-386,4421,-400
40,-100,8058,504,3270,500
40,-100,2092,-787,7428,-800
40,-100,7070,-920,4258,-900
40,-100,6816,-941,6320,-900
40,-100,6248,-852,5080,-900
40,-100,8936,-459,4200,-500
40,-100,8941,-449,579,-400
40,-100,856,-883,472,-900
40,-100,6856,-435,4472,-400
40,-100,3388,130,7940,100
40,-100,381,-650,947,-700
40,-100,5390,-370,4130,-400
40,-100,7452,-345,3876,-300
40,-100,2504,386,8824,400
40,-90,9035,-356,2293,-400
40,-90,3840,-685,7488,-700
40,-90,4769,-268,4751,-300
40,-90,4129,239,7199,200
40,-90,3507,-952,7821,-1000
40,-90,3229,-898,8099,-900
40,-90,3218,-649,6302,-600
40,-90,3733,74,5787,100
40,-90,7299,951,4029,900
40,-90,1616,-770,7904,-800
40,-90,3748,-452,7580,-500
40,-90,5986,686,5342,700
40,-90,9350,292,1978,300
40,-90,8590,-673,2738,-700
40,-90,2793,577,8535,600
40,-90,3608,974,7720,900
40,-90,6178,682,5150,700
40,-90,6091,279,5237,300
40,-90,1887,847,9441,800
40,-90,4992,-102,6336,-100
40,-90,355,-475,973,-500
40,-90,9184,687,2144,700
40,-90,5707,996,5621,900
40,-90,4056,-50,7272,0
40,-90,5013,-813,4507,-800
40,-90,1006,-908,2130,-900
40,-90,634,-213,694,-200
40,-90,3024,-809,8304,-800
40,-90,1758,-351,7762,-400
40,-90,6537,459,4791,500
40,-90,5689,-197,5639,-200
40,-90,7990,-462,3338,-500
40,-90,6507,-443,4821,-400
40,-90,713,-103,615,-100
40,-90,5348,900,7788,900
40,-90,3854,672,7474,700
40,-90,7301,-128,4027,-100
40,-90,815,842,2321,800
40,-90,457,213,871,200
40,-90,9368,403,152,400
40,-90,7083,631,4245,600
40,-90,3366,-676,7962,-700
40,-90,9191,-588,329,-600
40,-90,842,-670,486,-700
40,-90,8067,-979,1453,-1000
40,-90,5236,-636,6092,-600
40,-90,8457,-103,4679,-100
40,-90,5295,227,7841,200
40,-90,1258,543,70,500
40,-90,986,-352,342,-400
40,-90,559,510,769,500
40,-90,6750,836,4578,800
40,-90,761,-1000,567,-1000
40,-90,43,-700,1285,-700
40,-90,3800,786,7528,800
40,-90,9684,245,3452,200
40,-90,7042,-602,2478,-600
40,-90,6578,-802,2942,-800
40,-90,6364,923,3156,900
40,-90,4283,996,7045,900
40,-90,9027,751,4109,800
40,-90,7950,570,1570,600
40,-90,2833,6,8495,0
40,-90,935,264,393,300
40,-90,1424,-353,8096,-400
40,-90,5944,294,5384,300
40,-90,2453,640,8875,600
40,-90,1474,873,9854,900
40,-90,1443,-872,9885,-900
40,-90,1435,764,8085,800
40,-90,3539,534,7789,500
40,-90,6089,851,5239,900
40,-90,4241,468,7087,500
40,-90,7745,-554,3583,-600
40,-90,1777,975,9551,900
40,-90,6738,144,4590,100
40,-90,3839,-360,5681,-400
40,-90,3810,-365,5710,-400
40,-90,7369,-543,3959,-500
40,-90,9600,582,1728,600
40,-90,6089,-274,3431,-300
40,-90,9030,34,2298,0
40,-90,8300,862,3028,900
40,-90,1353,666,8167,700
40,-90,5360,14,5968,0
40,-90,8134,415,3194,400
40,-90,1338,685,9990,700
40,-90,578,-144,750,-100
40,-90,4487,-227,6841,-200
40,-90,7505,-290,3823,-300
40,-90,8932,-30,2396,0
40,-90,7982,-98,5154,-100
40,-90,7283,56,4045,100
40,-90,6161,597,5167,600
40,-90,8835,-141,2493,-100
40,-90,216,229,1112,200
40,-90,4818,-951,8318,-1000
40,-90,3555,-756,5965,-800
40,-90,8083,169,3245,200
40,-90,6932,529,4396,500
40,-80,6482,-218,4846,-200
40,-80,4853,711,6475,700
40,-80,2305,-280,9023,-300
40,-80,1088,339,2048,300
40,-80,613,148,715,100
40,-80,8905,-959,2423,-1000
40,-80,3807,-49,7521,0
40,-80,421,843,907,800
40,-80,5895,965,7241,900
40,-80,829,-575,499,-600
40,-80,502,297,826,300
40,-80,7529,372,3799,400
40,-80,8597,998,2731,900
40,-80,9562,151,1766,200
40,-80,9141,-583,2187,-600
40,-80,6817,-499,4511,-500
40,-80,6520,64,4808,100
40,-80,5449,-833,5879,-800
40,-80,657,-847,671,-800
40,-80,9586,963,1742,900
40,-80,2992,849,8336,800
40,-80,2637,446,8691,400
40,-80,3872,613,7456,600
40,-80,6744,719,2776,700
40,-80,5754,-545,5574,-500
40,-80,1464,43,9864,0
40,-80,4287,484,7041,500
40,-80,7446,21,3882,0
40,-80,538,882,790,900
40,-80,9251,931,2077,900
40,-80,2514,-96,8814,-100
40,-80,7296,-265,4032,-300
40,-80,6322,-253,6814,-300
40,-80,7227,258,5909,300
40,-80,1760,951,9568,900
40,-80,9628,719,1700,700
40,-80,6911,60,4417,100
40,-80,2757,-271,8571,-300
40,-80,1725,184,7795,200
40,-80,3284,-700,8044,-700
40,-80,2963,-631,8365,-600
40,-80,2140,-57,9188,-100
40,-80,9901,197,1427,200
40,-80,5678,-142,5650,-100
40,-80,6812,-362,4516,-400
40,-80,8833,370,2495,400
40,-80,5617,-724,5711,-700
40,-80,2626,-957,8702,-1000
40,-80,7829,-777,1691,-800
40,-80,3131,-239,6389,-200
40,-80,5253,934,6075,900
40,-80,6456,-107,4872,-100
40,-80,2628,888,6892,900
40,-80,8500,-91,2828,-100
40,-80,6285,761,6851,800
40,-80,3681,358,9455,400
40,-80,566,330,2570,300
40,-80,2054,3,9274,0
40,-80,1079,2,2057,0
40,-80,6684,-34,4644,0
40,-80,88,-45,1240,0
40,-80,5195,637,6133,600
40,-80,8528,478,2800,500
40,-80,6520,-526,4808,-500
40,-80,6120,214,3400,200
40,-80,1636,548,9692,500
40,-80,6352,-88,4976,-100
40,-80,2231,-364,9097,-400
40,-80,8156,-104,4980,-100
40,-80,7771,831,3557,800
40,-80,584,-646,744,-600
40,-80,8110,996,3218,900
40,-80,2860,309,8468,300
40,-80,2716,-686,8612,-700
40,-80,3383,-722,7945,-700
40,-80,5786,806,5542,800
40,-80,2539,176,6981,200
40,-80,7882,-148,3446,-100
40,-80,1552,546,7968,500
40,-80,4100,933,7228,900
40,-80,4128,358,7200,400
40,-80,931,568,2205,600
40,-80,7429,385,5707,400
40,-80,5817,548,5511,500
40,-80,9410,924,1918,900
40,-80,4383,292,6945,300
40,-80,5462,836,5866,800
40,-80,5455,132,5873,100
40,-80,9300,304,2028,300
40,-80,7605,302,3723,300
40,-80,8344,-755,4792,-800
40,-80,574,312,2562,300
40,-80,9463,353,57,400
40,-80,1589,-690,9739,-700
40,-80,971,-252,357,-300
40,-80,6126,906,5202,900
40,-80,611,379,717,400
40,-80,1422,-213,9906,-200
40,-80,9667,702,1661,700
40,-80,2330,-522,8998,-500
40,-70,9858,-335,1470,-300
40,-70,2465,-856,8863,-900
40,-70,7473,-853,3855,-900
40,-70,6724,-493,4604,-500
40,-70,3861,355,5659,400
40,-70,2979,-868,8349,-900
40,-70,3384,-660,6136,-700
40,-70,6047,-176,5281,-200
40,-70,570,12,758,0
40,-70,5083,727,6245,700
40,-70,5367,502,5961,500
40,-70,2224,-551,9104,-600
40,-70,7433,602,3895,600
40,-70,5574,192,3946,200
40,-70,6367,-799,3153,-800
40,-70,1399,361,9929,400
40,-70,3665,455,7663,500
40,-70,6121,-99,7015,-100
40,-70,7442,705,3886,700
40,-70,8076,-462,3252,-500
40,-70,2133,783,7387,800
40,-70,432,-830,896,-800
40,-70,9288,605,2040,600
40,-70,9691,194,3445,200
40,-70,9446,-914,3690,-900
40,-70,1867,-801,7653,-800
40,-70,536,-389,792,-400
40,-70,5543,-222,5785,-200
40,-70,3130,700,8198,700
40,-70,7710,-786,1810,-800
40,-70,2099,-816,9229,-800
40,-70,2130,-719,9198,-700
40,-70,4806,514,6522,500
40,-70,280,-100,1048,-100
40,-70,7627,759,1893,800
40,-70,5700,-849,5628,-800
40,-70,1880,-837,9448,-800
40,-70,8038,-361,1482,-400
40,-70,6064,-616,5264,-600
40,-70,2728,482,8600,500
40,-70,9732,-926,3404,-900
40,-70,5315,649,6013,600
40,-70,6533,-633,2987,-600
40,-70,642,-528,686,-500
40,-70,6852,320,4476,300
40,-70,1782,506,7738,500
40,-70,3614,-94,5906,-100
40,-70,8066,-773,1454,-800
40,-70,557,-654,771,-700
40,-70,8546,-537,2782,-500
40,-70,5923,-142,5405,-100
40,-70,2577,769,8751,800
40,-70,4898,388,6430,400
40,-70,7583,-843,3745,-800
40,-70,2347,-698,8981,-700
40,-70,6304,576,6832,600
40,-70,4271,-533,7057,-500
40,-70,1699,819,7821,800
40,-70,9896,-468,3240,-500
40,-70,3449,631,7879,600
40,-70,1118,686,210,700
40,-70,3023,558,8305,600
40,-70,2636,-64,8692,-100
40,-70,7874,242,1646,200
40,-70,1785,-400,7735,-400
40,-70,5509,437,5819,400
40,-70,1574,-775,7946,-800
40,-70,8443,731,4693,700
40,-70,7833,973,3495,900
40,-70,4683,-663,6645,-700
40,-70,6056,-410,5272,-400
40,-70,1983,-831,9345,-800
40,-70,1664,810,9664,800
40,-70,2174,757,7346,800
40,-70,5730,552,3790,600
40,-70,3808,893,7520,900
40,-70,8094,-373,3234,-400
40,-70,3511,-436,7817,-400
40,-70,2480,-827,8848,-800
40,-70,1727,426,7793,400
40,-70,3005,866,8323,900
40,-70,672,-478,2464,-500
40,-70,478,991,850,900
40,-70,4147,21,7181,0
40,-70,6899,-659,4429,-700
40,-70,4472,-742,8664,-700
40,-70,6629,125,4699,100
40,-70,2660,-666,8668,-700
40,-70,3606,-887,7722,-900
40,-70,4880,914,6448,900
40,-70,4718,596,8418,600
40,-70,9516,354,1812,400
40,-70,1619,-52,7901,-100
40,-70,8660,-182,2668,-200
40,-70,4397,114,6931,100
40,-70,2548,-735,6972,-700
40,-70,1533,740,7987,700
40,-70,1537,-627,9791,-600
40,-70,2225,-754,7295,-800
40,-70,2077,963,9251,900
40,-60,988,191,340,200
40,-60,6703,144,4625,100
40,-60,7700,206,1820,200
40,-60,6467,627,4861,600
40,-60,2184,-544,9144,-500
40,-60,8030,-913,5106,-900
40,-60,9442,545,78,500
40,-60,135,630,1193,600
40,-60,2769,877,8559,900
40,-60,7735,-915,5401,-900
40,-60,9854,-653,1474,-700
40,-60,511,519,2625,500
40,-60,1204,301,124,300
40,-60,1291,647,1845,600
40,-60,3338,664,7990,700
40,-60,4790,7,6538,0
40,-60,8052,166,3276,200
40,-60,6036,-647,5292,-600
40,-60,2198,-205,9130,-200
40,-60,6090,998,5238,900
40,-60,7535,-183,3793,-200
40,-60,5010,842,6318,800
40,-60,5993,-819,5335,-800
40,-60,3189,-499,9947,-500
40,-60,3106,51,8222,100
40,-60,8757,997,2571,900
40,-60,8702,-125,2626,-100
40,-60,5485,-787,4035,-800
40,-60,5350,92,5978,100
40,-60,211,-646,1117,-600
40,-60,9306,-849,2022,-800
40,-60,590,-413,738,-400
40,-60,9589,-413,1739,-400
40,-60,885,-758,443,-800
40,-60,2846,-332,8482,-300
40,-60,8083,143,3245,100
40,-60,4106,605,9030,600
40,-60,5193,-431,6135,-400
40,-60,8760,-44,2568,0
40,-60,3668,561,7660,600
40,-60,7885,-980,3443,-1000
40,-60,709,-119,619,-100
40,-60,7702,741,1818,700
40,-60,6492,251,4836,300
40,-60,2796,-977,6724,-1000
40,-60,4205,926,7123,900
40,-60,5400,321,5928,300
40,-60,9434,402,3702,400
40,-60,6618,793,2902,800
40,-60,6499,521,4829,500
40,-60,3357,791,7971,800
40,-60,9895,148,1433,100
40,-60,3389,563,9747,600
40,-60,4856,-735,8280,-700
40,-60,4019,-105,7309,-100
40,-60,9243,116,2085,100
40,-60,3862,-462,7466,-500
40,-60,6982,838,4346,800
40,-60,740,-195,588,-200
40,-60,8427,546,1093,500
40,-60,3612,-46,7716,0
40,-60,8565,-369,2763,-400
40,-60,5975,-733,7161,-700
40,-60,6346,178,4982,200
40,-60,3136,-883,8192,-900
40,-60,5467,319,5861,300
40,-60,1904,468,9424,500
40,-60,4287,102,7041,100
40,-60,5505,643,5823,600
40,-60,9252,-330,2076,-300
40,-60,4085,539,7243,500
40,-60,247,-706,1081,-700
40,-60,6139,967,5189,900
40,-60,2069,-334,9259,-300
40,-60,1339,-533,9989,-500
40,-60,5143,153,6185,200
40,-60,645,-966,683,-1000
40,-60,5202,-135,7934,-100
40,-60,9624,409,1704,400
40,-60,1952,715,9376,700
40,-60,2288,979,9040,900
40,-60,5065,965,6263,900
40,-60,8662,572,2666,600
40,-60,9942,-667,1386,-700
40,-60,2168,553,9160,600
40,-60,8719,562,801,600
40,-60,8053,965,3275,900
40,-60,6572,-85,4756,-100
40,-60,3981,-473,7347,-500
40,-60,6517,-91,3003,-100
40,-60,9985,917,1343,900
40,-60,854,19,474,0
40,-60,457,-213,871,-200
40,-60,9632,-922,3504,-900
40,-60,1201,356,1935,400
40,-60,1639,-635,9689,-600
40,-60,3628,163,5892,200
40,-60,7976,596,3352,600
40,-60,8389,178,1131,200
40,-60,6518,265,4810,300
40,-50,651,862,677,900
40,-50,9060,22,2268,0
40,-50,2766,410,8562,400
40,-50,7367,-582,3961,-600
40,-50,1124,-90,2012,-100
40,-50,3110,154,8218,200
40,-50,2380,-810,7140,-800
40,-50,6849,-692,4479,-700
40,-50,9577,568,1751,600
40,-50,8559,-48,2769,0
40,-50,6073,622,5255,600
40,-50,7360,56,3968,100
40,-50,8867,-572,2461,-600
40,-50,8593,-619,2735,-600
40,-50,222,-852,2914,-900
40,-50,8218,-858,3110,-900
40,-50,4199,425,8937,400
40,-50,4674,-786,4846,-800
40,-50,13,111,1315,100
40,-50,178,-941,1150,-900
40,-50,9844,-961,1484,-1000
40,-50,6633,319,4695,300
40,-50,3196,438,8132,400
40,-50,891,589,437,600
40,-50,3060,396,8268,400
40,-50,7459,527,3869,500
40,-50,8906,294,2422,300
40,-50,568,-760,760,-800
40,-50,8749,207,2579,200
40,-50,8964,-385,2364,-400
40,-50,2287,-681,9041,-700
40,-50,2020,-359,9308,-400
40,-50,7235,43,2285,0
40,-50,7494,-105,3834,-100
40,-50,4820,-925,8316,-900
40,-50,1534,-737,7986,-700
40,-50,605,-844,2531,-800
40,-50,9882,39,1446,0
40,-50,1606,356,7914,400
40,-50,8738,814,2590,800
40,-50,9807,-293,1521,-300
40,-50,9959,-3,1369,0
40,-50,3232,850,8096,800
40,-50,7242,-213,4086,-200
40,-50,3339,214,6181,200
40,-50,8209,-617,4927,-600
40,-50,3229,783,9907,800
40,-50,8594,-29,2734,0
40,-50,647,-245,681,-200
40,-50,5666,-3,5662,0
40,-50,5405,408,5923,400
40,-50,6076,-351,5252,-400
40,-50,2923,195,6597,200
40,-50,1616,484,7904,500
40,-50,7532,149,3796,100
40,-50,5346,-106,7790,-100
40,-50,6636,-353,4692,-400
40,-50,2228,334,9100,300
40,-50,5899,768,5429,800
40,-50,2966,-891,8362,-900
40,-50,3490,388,7838,400
40,-50,4831,592,6497,600
40,-50,2303,964,9025,900
40,-50,3096,284,8232,300
40,-50,4558,897,4962,900
40,-50,6789,916,6347,900
40,-50,102,158,1226,200
40,-50,5672,-895,7464,-900
40,-50,2623,408,8705,400
40,-50,7813,915,1707,900
40,-50,9853,461,1475,500
40,-50,2331,-489,8997,-500
40,-50,5129,16,6199,0
40,-50,5100,460,6228,500
40,-50,4862,747,4658,700
40,-50,1653,80,9675,100
40,-50,9502,927,1826,900
40,-50,2157,499,7363,500
40,-50,9842,13,1486,0
40,-50,3005,-516,8323,-500
40,-50,9151,-473,2177,-500
40,-50,5573,-203,5755,-200
40,-50,3547,429,9589,400
40,-50,596,-73,732,-100
40,-50,6146,-950,3374,-1000
40,-50,2331,-417,8997,-400
40,-50,238,-887,2898,-900
40,-50,7138,-920,5998,-900
40,-50,2655,-545,8673,-500
40,-50,7878,-650,3450,-700
40,-50,6384,795,4944,800
40,-50,5742,828,5586,800
40,-50,7088,335,4240,300
40,-50,4557,-329,6771,-300
40,-50,1254,-904,74,-900
40,-50,3289,73,8039,100
40,-50,6388,-13,4940,0
40,-50,833,-263,495,-300
40,-50,2319,-579,9009,-600
40,-50,6302,31,5026,0
40,-40,305,989,1023,900
40,-40,6128,750,7008,800
40,-40,1922,-271,9406,-300
40,-40,1165,110,163,100
40,-40,7219,-557,4109,-600
40,-40,9808,-376,3328,-400
40,-40,5417,-168,5911,-200
40,-40,7248,-958,4080,-1000
40,-40,8586,-145,4550,-100
40,-40,8434,-550,2894,-600
40,-40,4739,-480,8397,-500
40,-40,5397,270,5931,300
40,-40,6533,-663,4795,-700
40,-40,7199,-225,4129,-200
40,-40,4202,-960,7126,-1000
40,-40,3905,-764,9231,-800
40,-40,6403,-301,4925,-300
40,-40,3576,328,7752,300
40,-40,7273,-238,2247,-200
40,-40,8768,-77,752,-100
40,-40,8583,-704,4553,-700
40,-40,9654,435,1674,400
40,-40,137,-834,2999,-800
40,-40,8950,546,4186,500
40,-40,6351,345,4977,300
40,-40,6125,16,5203,0
40,-40,1455,-985,9873,-1000
40,-40,5966,-794,3554,-800
40,-40,2436,-318,8892,-300
40,-40,8332,963,4804,900
40,-40,5374,-702,5954,-700
40,-40,9128,229,4008,200
40,-40,8149,322,3179,300
40,-40,740,-639,588,-600
40,-40,6433,-173,4895,-200
40,-40,4890,756,4630,800
40,-40,5486,476,4034,500
40,-40,9554,-250,1774,-300
40,-40,387,350,941,400
40,-40,8053,422,3275,400
40,-40,6423,-43,4905,0
40,-40,8582,834,2746,800
40,-40,1412,-950,8108,-900
40,-40,8156,431,3172,400
40,-40,9919,236,3217,200
40,-40,5860,-560,5468,-600
40,-40,5128,-348,6200,-300
40,-40,8460,613,2868,600
40,-40,2543,-157,8785,-200
40,-40,995,-253,2141,-300
40,-40,6830,-538,4498,-500
40,-40,4606,910,6722,900
40,-40,5875,-675,7261,-700
40,-40,5196,-385,4324,-400
40,-40,193,-169,1135,-200
40,-40,3010,436,8318,400
40,-40,0,205,1328,200
40,-40,6828,-491,4500,-500
40,-40,7803,-660,3525,-700
40,-40,1886,285,9442,300
40,-40,3525,305,7803,300
40,-40,5137,-331,6191,-300
40,-40,5524,22,7612,0
40,-40,3424,-632,9712,-600
40,-40,8281,96,3047,100
40,-40,5824,-82,3696,-100
40,-40,5443,801,5885,800
40,-40,5634,352,3886,400
40,-40,7744,-897,5392,-900
40,-40,7391,732,5745,700
40,-40,6854,-537,4474,-500
40,-40,8539,-850,2789,-800
40,-40,3779,-30,7549,0
40,-40,889,325,2247,300
40,-40,1473,719,9855,700
40,-40,2279,-541,9049,-500
40,-40,4040,-585,9096,-600
40,-40,2248,231,7272,200
40,-40,4532,-675,8604,-700
40,-40,7177,763,2343,800
40,-40,3394,159,7934,200
40,-40,7654,557,5482,600
40,-40,4941,915,6387,900
40,-40,8381,-717,4755,-700
40,-40,8233,-723,3095,-700
40,-40,9495,-197,1833,-200
40,-40,5932,395,3588,400
40,-40,4573,57,8563,100
40,-40,8266,-73,3062,-100
40,-40,358,-66,970,-100
40,-40,9278,-71,3858,-100
40,-40,3767,-911,9369,-900
40,-40,5128,-895,6200,-900
40,-40,1012,-578,316,-600
40,-40,8804,-320,4332,-300
40,-40,9732,-934,1596,-900
40,-40,1549,-67,9779,-100
40,-40,1260,555,68,600
40,-40,2817,597,6703,600
40,-40,5983,157,5345,200
40,-30,2698,-973,6822,-1000
40,-30,9883,915,3253,900
40,-30,3591,772,5929,800
40,-30,9995,570,1333,600
40,-30,6028,-729,3492,-700
40,-30,9089,715,4047,700
40,-30,7196,-391,5940,-400
40,-30,2781,-836,8547,-800
40,-30,5375,327,5953,300
40,-30,4619,706,4901,700
40,-30,8455,955,2873,900
40,-30,8210,-599,1310,-600
40,-30,4326,752,5194,800
40,-30,9429,571,3707,600
40,-30,4351,449,8785,400
40,-30,1263,-749,65,-700
40,-30,3680,-724,7648,-700
40,-30,1039,-17,289,0
40,-30,2462,433,7058,400
40,-30,9564,-725,1764,-700
40,-30,8794,457,2534,500
40,-30,9789,-569,1539,-600
40,-30,9393,-790,127,-800
40,-30,4959,-967,8177,-1000
40,-30,1277,-692,51,-700
40,-30,6419,-916,4909,-900
40,-30,5879,4,5449,0
40,-30,4651,-741,8485,-700
40,-30,1112,797,216,800
40,-30,9955,798,1373,800
40,-30,9352,-834,1976,-800
40,-30,503,396,2633,400
40,-30,4808,-574,6520,-600
40,-30,8202,746,1318,700
40,-30,9912,-688,1416,-700
40,-30,7931,-737,5205,-700
40,-30,8862,-311,2466,-300
40,-30,1442,-371,8078,-400
40,-30,3717,716,7611,700
40,-30,6366,-511,6770,-500
40,-30,4662,-584,6666,-600
40,-30,3411,-553,9725,-600
40,-30,5290,-769,4230,-800
40,-30,7076,129,4252,100
40,-30,7440,525,3888,500
40,-30,9965,-765,3171,-800
40,-30,3053,606,6467,600
40,-30,5645,533,7491,500
40,-30,4011,-763,7317,-800
40,-30,7993,165,3335,200
40,-30,4004,940,7324,900
40,-30,5814,851,7322,900
40,-30,8294,-544,4842,-500
40,-30,1029,-743,299,-700
40,-30,1316,-958,1820,-1000
40,-30,636,-249,2500,-200
40,-30,6874,-47,2646,0
40,-30,2389,310,8939,300
40,-30,6697,583,2823,600
40,-30,6443,-442,4885,-400
40,-30,4759,-448,6569,-400
40,-30,7339,148,3989,100
40,-30,4336,529,8800,500
40,-30,6419,882,4909,900
40,-30,158,633,1170,600
40,-30,4942,435,8194,400
40,-30,3191,51,8137,100
40,-30,7849,-449,3479,-400
40,-30,4990,483,6338,500
40,-30,1729,471,7791,500
40,-30,1055,956,273,900
40,-30,9539,794,1789,800
40,-30,8475,742,2853,700
40,-30,9655,-406,1673,-400
40,-30,7821,-909,5315,-900
40,-30,4731,-439,6597,-400
40,-30,6897,577,4431,600
40,-30,6929,728,2591,700
40,-30,1232,549,1904,500
40,-30,2442,374,8886,400
40,-30,1259,485,1877,500
40,-30,1266,-390,1870,-400
40,-30,799,-812,529,-800
40,-30,1606,302,9722,300
40,-30,6683,-88,6453,-100
40,-30,6537,370,4791,400
40,-30,2296,452,7224,500
40,-30,4515,823,8621,800
40,-30,4374,-837,6954,-800
40,-30,7437,-725,2083,-700
40,-30,8021,-484,3307,-500
40,-30,5216,286,6112,300
40,-30,6584,-771,6552,-800
40,-30,6973,-645,6163,-600
40,-30,9193,303,327,300
40,-30,4527,-7,6801,0
40,-30,7068,-6,6068,0
40,-30,5311,-879,7825,-900
40,-30,6362,917,4966,900
40,-30,9627,153,1701,200
40,-20,7457,-727,5679,-700
40,-20,3071,154,8257,200
40,-20,2060,-940,7460,-900
40,-20,1775,528,9553,500
40,-20,1464,586,9864,600
40,-20,5536,421,7600,400
40,-20,4458,5,6870,0
40,-20,9237,485,2091,500
40,-20,1052,678,276,700
40,-20,5950,-261,3570,-300
40,-20,3317,-885,8011,-900
40,-20,4833,-968,8303,-1000
40,-20,1970,812,9358,800
40,-20,790,835,2346,800
40,-20,2643,285,8685,300
40,-20,9419,562,101,600
40,-20,5783,809,3737,800
40,-20,5683,-625,3837,-600
40,-20,8517,386,8715,400
40,-20,7574,-669,3754,-700
40,-20,8934,-290,2394,-300
40,-20,8473,-785,1047,-800
40,-20,5476,-716,5852,-700
40,-20,4646,716,8490,700
40,-20,3408,358,6112,400
40,-20,3664,429,9472,400
40,-20,123,-136,1205,-100
40,-20,1779,-885,9549,-900
40,-20,5610,-894,3910,-900
40,-20,5444,-554,5884,-600
40,-20,4224,639,8912,600
40,-20,8026,112,1494,100
40,-20,6911,675,2609,700
40,-20,4318,360,7010,400
40,-20,7261,363,2259,400
40,-20,1620,137,9708,100
40,-20,136,-23,3000,0
40,-20,807,0,2329,0
40,-20,6890,-900,6246,-900
40,-20,4825,-596,4695,-600
40,-20,8725,838,4411,800
40,-20,8747,-675,2581,-700
40,-20,8148,127,4988,100
40,-20,2537,-345,6983,-300
40,-20,160,-711,1168,-700
40,-20,5958,328,3562,300
40,-20,8186,585,1334,600
40,-20,7386,428,5750,400
40,-20,2982,-472,6538,-500
40,-20,4446,302,6882,300
40,-20,6315,-936,5013,-900
40,-20,4321,85,7007,100
40,-20,2431,-798,7089,-800
40,-20,5178,-509,6150,-500
40,-20,690,-600,638,-600
40,-20,5078,-853,6250,-900
40,-20,9055,-394,2273,-400
40,-20,8066,-652,3262,-700
40,-20,9804,923,3332,900
40,-20,5680,-684,3840,-700
40,-20,3949,492,5571,500
40,-20,6880,-255,4448,-300
40,-20,6765,-158,6371,-200
40,-20,9477,287,43,300
40,-20,5541,93,7595,100
40,-20,8760,-824,760,-800
40,-20,8824,921,2504,900
40,-20,9910,-637,3226,-600
40,-20,1448,-678,8072,-700
40,-20,5490,-850,5838,-900
40,-20,2343,674,8985,700
40,-20,984,-782,344,-800
40,-20,8510,-895,2818,-900
40,-20,5884,117,3636,100
40,-20,6190,407,5138,400
40,-20,4762,365,8374,400
40,-20,4733,304,4787,300
40,-20,8551,489,969,500
40,-20,7838,938,3490,900
40,-20,4289,122,8847,100
40,-20,3618,896,5902,900
40,-20,951,-227,2185,-200
40,-20,4319,759,7009,800
40,-20,5710,307,7426,300
40,-20,7857,771,5279,800
40,-20,1346,653,9982,700
40,-20,9307,334,2021,300
40,-20,7340,-612,3988,-600
40,-20,2143,-188,9185,-200
40,-20,3195,471,9941,500
40,-20,872,-812,456,-800
40,-20,338,304,2798,300
40,-20,7856,-867,5280,-900
40,-20,1873,555,9455,600
40,-20,3951,-142,5569,-100
40,-20,2424,-296,7096,-300
40,-20,3934,-83,9202,-100
40,-20,1095,909,2041,900
40,-20,4323,96,7005,100
40,-20,2535,275,6985,300
40,-10,2877,-784,6643,-800
40,-10,9392,929,128,900
40,-10,2952,-24,8376,0
40,-10,5063,-504,4457,-500
40,-10,7099,-231,4229,-200
40,-10,7856,-872,5280,-900
40,-10,1955,-269,7565,-300
40,-10,5896,496,5432,500
40,-10,9605,39,3531,0
40,-10,3045,-607,8283,-600
40,-10,9024,587,4112,600
40,-10,7538,-651,1982,-600
40,-10,4729,476,8407,500
40,-10,8910,957,610,900
40,-10,1194,304,1942,300
40,-10,8934,297,4202,300
40,-10,5012,-639,8124,-600
40,-10,385,733,2751,700
40,-10,5219,-754,7917,-800
40,-10,6428,396,3092,400
40,-10,9305,793,215,800
40,-10,9013,-2,4123,0
40,-10,8202,416,4934,400
40,-10,5298,877,7838,900
40,-10,7055,984,4273,900
40,-10,9059,524,461,500
40,-10,2441,540,7079,500
40,-10,2841,-340,6679,-300
40,-10,1699,803,7821,800
40,-10,4222,-944,8914,-900
40,-10,3760,-653,9376,-700
40,-10,9467,884,3669,900
40,-10,9557,349,1771,300
40,-10,569,586,759,600
40,-10,4410,893,6918,900
40,-10,9611,620,7621,600
40,-10,2203,-147,7317,-100
40,-10,5983,-262,3537,-300
40,-10,872,823,6360,800
40,-10,7647,113,3681,100
40,-10,8438,-585,2890,-600
40,-10,9259,-309,261,-300
40,-10,9114,-72,4022,-100
40,-10,2093,463,9235,500
40,-10,6376,-268,4952,-300
40,-10,3926,34,9210,0
40,-10,1950,-872,9378,-900
40,-10,8733,-419,4403,-400
40,-10,3092,369,8236,400
40,-10,8235,629,3093,600
40,-10,6966,-874,2554,-900
40,-10,5468,-552,7668,-600
40,-10,5070,-201,8066,-200
40,-10,285,617,2851,600
40,-10,6365,709,4963,700
40,-10,5480,-975,5848,-1000
40,-10,6600,937,4728,900
40,-10,3160,78,9976,100
40,-10,9823,-135,3313,-100
40,-10,7072,-366,4256,-400
40,-10,7624,953,3704,900
40,-10,5378,600,5950,600
40,-10,2355,295,8973,300
40,-10,798,941,530,900
40,-10,8661,354,4475,400
40,-10,2016,33,9312,0
40,-10,6694,295,4634,300
40,-10,8524,59,8708,100
40,-10,4140,455,8996,500
40,-10,3264,927,6256,900
40,-10,3088,366,6432,400
40,-10,6232,-101,3288,-100
40,-10,8565,251,2763,300
40,-10,8469,-154,1051,-200
40,-10,7214,127,2306,100
40,-10,922,-635,2214,-600
40,-10,7561,-758,5575,-800
40,-10,2899,-154,8429,-200
40,-10,2873,383,8455,400
40,-10,4485,-146,5035,-100
40,-10,9518,315,2,300
40,-10,6137,-260,3383,-300
40,-10,5410,325,4110,300
40,-10,5828,559,3692,600
40,-10,7530,-99,3798,-100
40,-10,3378,911,9758,900
40,-10,2934,-325,8394,-300
40,-10,2129,673,9199,700
40,-10,8995,180,4141,200
40,-10,2057,923,7463,900
40,-10,9640,888,3496,900
40,-10,8862,58,2466,100
40,-10,5133,-27,6195,0
40,-10,3908,678,7420,700
40,-10,8658,312,4478,300
40,-10,3768,-40,9368,0
40,-10,1193,597,135,600
40,-10,6002,-285,3518,-300
40,-10,9894,-606,1434,-600
40,-10,7532,636,3796,600
40,0,9655,2,9865,0
40,0,1183,-265,6049,-300
40,0,9739,-287,7493,-300
40,0,1080,362,8440,400
40,0,9716,-92,1612,-100
40,0,5720,-77,3800,-100
40,0,7511,896,5625,900
40,0,6405,631,6731,600
40,0,7109,-622,2411,-600
40,0,4854,786,570,800
40,0,5614,739,5714,700
40,0,9013,16,8219,0
40,0,8496,627,4640,600
40,0,532,-913,2604,-900
40,0,1990,-508,3434,-500
40,0,5139,556,6189,600
40,0,1622,-267,3802,-300
40,0,6782,-756,2738,-700
40,0,4550,-667,6778,-700
40,0,9841,-141,3295,-100
40,0,8700,-674,2628,-700
40,0,8512,-356,8720,-300
40,0,8790,-333,730,-300
40,0,7984,48,3344,0
40,0,8173,-919,1347,-900
40,0,7709,-142,3619,-100
40,0,3228,686,8100,700
40,0,7539,-252,7885,-300
40,0,2884,329,6636,300
40,0,974,-280,8546,-300
40,0,5189,-219,4331,-200
40,0,3778,-502,1646,-500
40,0,1979,-518,3445,-500
40,0,5187,172,7949,200
40,0,6265,-268,6871,-300
40,0,2839,-839,2585,-800
40,0,2985,986,6535,900
40,0,6522,938,6614,900
40,0,1109,-660,8411,-700
40,0,7599,-880,3729,-900
40,0,576,396,4848,400
40,0,1600,817,3824,800
40,0,9679,-25,1649,0
40,0,1854,-648,1282,-600
40,0,3598,235,5922,200
40,0,931,156,6301,200
40,0,4717,-118,4803,-100
40,0,229,-102,1099,-100
40,0,6185,45,3335,0
40,0,5625,679,7511,700
40,0,9463,904,57,900
40,0,8479,-672,6945,-700
40,0,3115,963,8213,900
40,0,18,450,1310,400
40,0,3691,-221,1733,-200
40,0,3852,-877,9284,-900
40,0,6486,304,3034,300
40,0,8664,-605,856,-600
40,0,2172,588,5060,600
40,0,8576,157,2752,200
40,0,6672,-197,6464,-200
40,0,1980,-434,1156,-400
40,0,4156,801,8980,800
40,0,2205,-381,7315,-400
40,0,1509,-379,9819,-400
40,0,1673,-674,1463,-700
40,0,4052,302,9084,300
40,0,1310,878,5922,900
40,0,9492,476,28,500
40,0,4839,-312,4681,-300
40,0,4749,10,2483,0
40,0,6430,409,6706,400
40,0,9960,-616,1368,-600
40,0,1413,-509,4011,-500
40,0,9484,-656,3652,-700
40,0,2987,-285,6533,-300
40,0,2632,84,6888,100
40,0,5434,626,5894,600
40,0,7370,-624,5766,-600
40,0,4052,662,5468,700
40,0,1159,755,6073,800
40,0,7797,234,1723,200
40,0,7072,937,2448,900
40,0,7574,-460,5562,-500
40,0,7548,80,3780,100
40,0,4996,-681,4524,-700
40,0,2516,422,8812,400
40,0,7207,866,5929,900
40,0,5809,-362,1423,-400
40,0,8311,95,4825,100
40,0,659,451,6573,400
40,0,8738,-978,782,-1000
40,0,1593,-808,3831,-800
40,0,7624,866,9608,900
40,0,4127,204,7201,200
40,0,5384,742,7752,700
40,0,7957,-872,1563,-900
40,0,984,-578,8536,-600
40,0,2254,62,9074,100
40,0,5231,-628,4289,-600
40,10,733,900,2403,900
40,10,430,-587,9090,-600
40,10,6147,-69,6989,-100
40,10,3500,-388,6020,-400
40,10,7723,-984,3605,-1000
40,10,474,408,854,400
40,10,764,-909,6468,-900
40,10,3982,796,9154,800
40,10,8584,-848,4552,-800
40,10,570,50,2566,0
40,10,3571,-483,5949,-500
40,10,6934,662,298,700
40,10,540,-472,2596,-500
40,10,6462,883,770,900
40,10,3906,423,3326,400
40,10,2513,-238,2911,-200
40,10,8165,-110,1355,-100
40,10,4728,-142,8408,-100
40,10,2574,937,4658,900
40,10,6790,570,2730,600
40,10,3751,-621,9385,-600
40,10,482,355,9038,400
40,10,3147,-369,4085,-400
40,10,1843,-75,5389,-100
40,10,4426,-85,8710,-100
40,10,6113,-250,3407,-200
40,10,4837,972,8299,900
40,10,1738,664,7782,600
40,10,9016,-227,4120,-300
40,10,4954,-420,470,-400
40,10,4428,333,996,400
40,10,7026,3,206,0
40,10,4722,-852,8414,-800
40,10,4504,-120,6824,-200
40,10,2567,-323,2857,-300
40,10,6706,-750,2814,-700
40,10,9085,-142,4051,-200
40,10,4651,581,8485,600
40,10,8893,-168,6531,-200
40,10,9576,-452,1752,-400
40,10,1172,702,1964,700
40,10,5249,-831,1983,-800
40,10,785,-42,543,0
40,10,5248,854,6080,800
40,10,5932,792,7204,800
40,10,9622,-256,3514,-200
40,10,984,325,8536,300
40,10,3132,-205,6388,-200
40,10,2384,-893,752,-900
40,10,7411,951,2109,900
40,10,1555,-710,3869,-700
40,10,5606,-670,9818,-700
40,10,2846,784,8482,800
40,10,6529,-952,703,-900
40,10,3623,-375,7705,-400
40,10,1578,-862,9750,-900
40,10,2555,-137,4677,-100
40,10,530,-472,6702,-500
40,10,1864,108,7656,100
40,10,7307,51,2213,0
40,10,941,-987,2195,-1000
40,10,5718,864,9706,900
40,10,2020,629,7500,600
40,10,3027,-321,6493,-300
40,10,24,133,3112,100
40,10,4475,804,8661,800
40,10,7993,-874,5143,-900
40,10,9421,128,1907,100
40,10,337,-95,5087,-100
40,10,5799,677,7337,700
40,10,2881,856,6639,900
40,10,4830,-234,8306,-200
40,10,22,720,9498,700
40,10,4187,-124,1237,-100
40,10,6841,-716,2679,-700
40,10,6804,267,6332,300
40,10,8245,67,3083,0
40,10,9411,-477,6013,-500
40,10,5411,733,5917,700
40,10,5177,-612,7959,-600
40,10,3043,354,8285,400
40,10,142,522,2994,500
40,10,3642,-876,5878,-900
40,10,2380,-19,756,0
40,10,9156,-301,364,-300
40,10,6260,-833,6876,-800
40,10,6819,-671,413,-700
40,10,3384,-442,9752,-400
40,10,2549,280,2875,200
40,10,7494,-130,2026,-100
40,10,7061,780,6075,800
40,10,6029,411,3491,400
40,10,6447,46,785,0
40,10,6962,723,6174,700
40,10,9448,-127,72,-100
40,10,2379,-83,7141,-100
40,10,8363,377,1157,400
40,10,9910,-391,5514,-400
40,10,3854,-299,1570,-300
40,10,3471,972,1953,900
40,20,9855,882,1473,900
40,20,3429,-563,1995,-600
40,20,2195,-337,3229,-200
40,20,5728,842,3792,700
40,20,5614,762,1618,800
40,20,7911,363,1609,300
40,20,7989,-514,1531,-600
40,20,73,-93,9447,-200
40,20,9414,205,3722,200
40,20,8391,781,1129,900
40,20,9106,-865,6318,-700
40,20,5288,-120,6040,-200
40,20,5587,754,9837,700
40,20,5958,-435,3562,-300
40,20,6836,-162,6300,-200
40,20,2528,-548,608,-500
40,20,7135,409,2385,500
40,20,3824,780,7504,800
40,20,5847,790,3673,900
40,20,1423,-595,4001,-600
40,20,4387,157,2845,100
40,20,2289,792,4943,800
40,20,5594,-392,1638,-500
40,20,6465,918,6672,900
40,20,1898,-505,7624,-600
40,20,4486,704,5034,700
40,20,9,-860,1319,-900
40,20,2182,849,3242,800
40,20,5949,-46,9475,-100
40,20,496,899,832,800
40,20,7290,743,5847,700
40,20,9682,845,3454,800
40,20,5538,-502,9886,-500
40,20,3937,-974,5583,-1000
40,20,7933,-727,1587,-800
40,20,5873,-101,3647,-100
40,20,1175,-650,153,-600
40,20,5809,370,5519,300
40,20,1075,815,253,900
40,20,8323,-394,8909,-400
40,20,5686,-606,9738,-600
40,20,3079,36,4153,100
40,20,2154,-291,3270,-200
40,20,4209,460,7119,500
40,20,9161,801,2167,800
40,20,5294,905,130,900
40,20,9531,-420,9989,-400
40,20,9102,-339,4034,-400
40,20,4567,816,8569,800
40,20,8397,-517,7027,-500
40,20,4197,495,3035,500
40,20,9054,19,4082,0
40,20,7868,-52,1652,0
40,20,3496,710,9640,700
40,20,3793,-244,3440,-200
40,20,9492,236,5932,300
40,20,2665,-690,2759,-700
40,20,6726,389,2794,400
40,20,7897,242,9335,200
40,20,3323,755,6197,800
40,20,5548,752,7588,800
40,20,8573,347,2755,300
40,20,4835,-556,2397,-600
40,20,3670,671,9466,700
40,20,2230,365,9098,400
40,20,6014,396,1218,400
40,20,2751,623,6769,600
40,20,881,-502,447,-500
40,20,2746,-262,6774,-200
40,20,1968,791,9360,800
40,20,8058,-193,5078,-200
40,20,9067,976,4069,900
40,20,1794,522,1342,500
40,20,1650,-218,3774,-200
40,20,5684,-55,3836,0
40,20,1739,115,1397,100
40,20,4504,-322,8632,-300
40,20,6522,718,8902,700
40,20,3224,218,4008,300
40,20,1096,900,4328,800
40,20,7222,-810,2298,-800
40,20,4305,927,7023,900
40,20,9745,348,5679,400
40,20,8403,-97,2925,-200
40,20,5339,433,1893,400
40,20,2712,-606,424,-500
40,20,9763,526,7469,500
40,20,2636,741,6884,800
40,20,1357,-430,9971,-500
40,20,7079,-171,6058,-200
40,20,6218,930,9206,900
40,20,8518,-910,2810,-900
40,20,8980,-428,8252,-400
40,20,6213,-288,1019,-500
40,20,3226,-1,6294,-100
40,20,8224,479,4912,500
40,20,2220,693,7300,700
40,20,7628,-512,7796,-500
40,20,6239,394,993,400
40,20,569,610,759,600
40,30,4928,481,1131,900
40,30,888,-283,1131,900
40,30,9786,653,1131,900
40,30,9542,-223,1131,900
40,30,2708,800,1131,900
40,30,4692,630,1131,900
40,30,4076,-966,1131,900
40,30,9798,-33,1131,900
40,30,2032,-664,1131,900
40,30,6484,1,1131,900
40,30,5485,823,1131,900
40,30,254,-626,1131,900
40,30,5120,-813,1131,900
40,30,8305,-483,1131,900
40,30,8868,407,1131,900
40,30,3084,-633,1131,900
40,30,9935,-511,1131,900
40,30,9386,-946,1131,900
40,30,3681,118,1743,0
40,30,4290,-981,1131,900
40,30,8331,-530,1131,900
40,30,6584,-754,1131,900
40,30,7716,264,1131,900
40,30,1754,110,1131,900
40,30,66,-40,7167,100
40,30,9501,-851,1131,900
40,30,9965,431,5459,600
40,30,6949,504,1131,900
40,30,453,-897,1131,900
40,30,5542,183,1131,900
40,30,2542,-566,1131,900
40,30,1601,536,1131,900
40,30,9229,162,1131,900
40,30,9703,637,1131,900
40,30,3331,-926,1131,900
40,30,8456,-468,1131,900
40,30,6565,897,1131,900
40,30,5110,442,1131,900
40,30,1945,361,1131,900
40,30,7947,406,1131,900
40,30,5245,899,7889,800
40,30,2801,-496,1131,900
40,30,5019,-835,1131,900
40,30,3801,-904,1131,900
40,30,5230,326,1131,900
40,30,4919,-84,1131,900
40,30,7241,-439,1131,900
40,30,497,-962,1131,900
40,30,4153,761,1131,900
40,30,8941,868,4194,800
40,30,6698,801,1131,900
40,30,1191,761,1131,900
40,30,5419,-321,1131,900
40,30,8252,36,1268,-100
40,30,1107,-319,1131,900
40,30,8200,190,1131,900
40,30,5989,-925,1131,900
40,30,2793,-547,1131,900
40,30,1265,-534,1131,900
40,30,541,176,1131,900
40,30,2687,-371,1131,900
40,30,4042,38,1131,900
40,30,1086,-748,1131,900
40,30,5828,609,3692,500
40,30,8066,160,1131,900
40,30,3286,727,1131,900
40,30,5318,-120,1131,900
40,30,1469,949,1131,900
40,30,9736,444,1131,900
40,30,8951,-344,1131,900
40,30,3501,-357,1131,900
40,30,6196,982,1131,900
40,30,6433,-186,1131,900
40,30,1963,108,1131,900
40,30,7141,230,1131,900
40,30,281,817,1131,900
40,30,2487,674,1131,900
40,30,1537,449,1131,900
40,30,5795,-275,1131,900
40,30,7435,-958,1131,900
40,30,3323,713,6197,900
40,30,626,968,1131,900
40,30,4022,625,1131,900
40,30,393,-978,1131,900
40,30,2423,-928,8905,-1000
40,30,5416,402,1131,900
40,30,7399,154,1131,900
40,30,6486,373,1131,900
40,30,3895,-728,1131,900
40,30,304,166,1131,900
40,30,3795,-487,1131,900
40,30,9737,218,1131,900
40,30,1303,-229,1131,900
40,30,1031,-736,1131,900
40,30,5065,-161,1131,900
40,30,5391,-66,1131,900
40,30,3893,918,5227,900
40,30,9079,201,1131,900
40,30,9768,-595,1131,900
40,30,1386,932,1131,900
40,40,2017,572,1131,900
40,40,9302,-600,1131,900
40,40,4937,950,1131,900
40,40,3302,812,1131,900
40,40,7472,483,1131,900
40,40,9735,-549,1131,900
40,40,8736,540,1131,900
40,40,1806,-264,1131,900
40,40,3704,-554,1131,900
40,40,3585,-499,1131,900
40,40,419,58,1131,900
40,40,3002,-854,1131,900
40,40,8268,-567,1131,900
40,40,2456,-838,1131,900
40,40,3364,961,1131,900
40,40,1210,772,1131,900
40,40,4782,-865,1131,900
40,40,8091,380,1131,900
40,40,2058,-43,1131,900
40,40,7213,-828,1131,900
40,40,6775,986,1131,900
40,40,2931,912,1131,900
40,40,1802,158,1131,900
40,40,1327,614,1131,900
40,40,9089,606,1131,900
40,40,2193,584,1131,900
40,40,4773,848,1131,900
40,40,2671,-363,1131,900
40,40,8136,-615,1131,900
40,40,6003,-550,1131,900
40,40,4868,508,1131,900
40,40,357,60,1131,900
40,40,4611,-837,1131,900
40,40,6193,-99,1131,900
40,40,7367,835,1131,900
40,40,1280,640,1131,900
40,40,9769,812,1131,900
40,40,5005,-184,1131,900
40,40,3895,278,1131,900
40,40,8141,-267,1131,900
40,40,9131,278,1131,900
40,40,2109,366,1131,900
40,40,320,-42,1131,900
40,40,662,89,1131,900
40,40,1239,743,1131,900
40,40,4122,-9,1131,900
40,40,6942,882,1131,900
40,40,7861,843,1131,900
40,40,3866,-566,1131,900
40,40,960,-314,1131,900
40,40,2911,-233,1131,900
40,40,5321,554,1131,900
40,40,9602,-875,1131,900
40,40,2570,-831,1131,900
40,40,6580,-266,1131,900
40,40,2036,847,1131,900
40,40,6370,-61,1131,900
40,40,3645,-721,1131,900
40,40,4825,-801,1131,900
40,40,8226,27,1131,900
40,40,1811,945,1131,900
40,40,6478,848,1131,900
40,40,4240,-248,1131,900
40,40,3356,-939,1131,900
40,40,1548,127,1131,900
40,40,3872,759,1131,900
40,40,547,-195,1131,900
40,40,2560,-611,1131,900
40,40,4966,201,1131,900
40,40,8053,995,1131,900
40,40,969,-588,1131,900
40,40,6733,-547,1131,900
40,40,2243,-906,1131,900
40,40,5053,-871,1131,900
40,40,6713,418,1131,900
40,40,8616,-334,1131,900
40,40,6952,-820,1131,900
40,40,2565,-239,1131,900
40,40,4758,-376,1131,900
40,40,270,-577,1131,900
40,40,3805,369,1131,900
40,40,9965,78,1131,900
40,40,4313,-773,1131,900
40,40,9725,-132,1131,900
40,40,4415,-211,1131,900
40,40,5957,117,1131,900
40,40,8534,-441,1131,900
40,40,2566,-725,1131,900
40,40,3492,339,1131,900
40,40,9637,156,1131,900
40,40,3744,945,1131,900
40,40,2091,-69,1131,900
40,40,8011,-898,1131,900
40,40,5155,-994,1131,900
40,40,159,172,1131,900
40,40,4603,602,1131,900
40,40,4234,240,1131,900
40,40,5338,135,1131,900
40,40,2880,809,1131,900
40,40,8267,438,1131,900
40,50,8281,-735,1131,900
40,50,5774,452,1131,900
40,50,80,-872,1131,900
40,50,7078,-439,1131,900
40,50,8584,19,1131,900
40,50,1278,-273,1131,900
40,50,7701,-814,1131,900
40,50,1160,590,1131,900
40,50,4228,-931,1131,900
40,50,10,241,1131,900
40,50,3210,385,1131,900
40,50,9471,-462,1131,900
40,50,7974,81,1131,900
40,50,3389,-644,1131,900
40,50,9049,-279,1131,900
40,50,5457,-678,1131,900
40,50,6239,602,1131,900
40,50,3540,-222,1131,900
40,50,8377,131,1131,900
40,50,4268,846,1131,900
40,50,7611,-962,1131,900
40,50,362,703,1131,900
40,50,7764,-990,1131,900
40,50,9784,-686,1131,900
40,50,1517,655,1131,900
40,50,1512,357,1131,900
40,50,1360,296,1131,900
40,50,7859,-945,1131,900
40,50,1473,-680,1131,900
40,50,3228,-280,1131,900
40,50,7477,-817,1131,900
40,50,2980,-171,1131,900
40,50,5338,787,1131,900
40,50,7142,969,1131,900
40,50,8257,549,1131,900
40,50,8596,-508,1131,900
40,50,8898,458,1131,900
40,50,1832,617,1131,900
40,50,5317,414,1131,900
40,50,6498,33,1131,900
40,50,452,-157,1131,900
40,50,1051,236,1131,900
40,50,7640,-331,1131,900
40,50,4501,-687,1131,900
40,50,2896,563,1131,900
40,50,8310,-452,1131,900
40,50,4231,194,1131,900
40,50,7612,-966,1131,900
40,50,47,-908,1131,900
40,50,2057,179,1131,900
40,50,3026,551,1131,900
40,50,5034,-988,1131,900
40,50,1289,852,1131,900
40,50,7658,-503,1131,900
40,50,7333,126,1131,900
40,50,3736,-1,1131,900
40,50,6900,-180,1131,900
40,50,743,397,1131,900
40,50,6892,511,1131,900
40,50,3031,254,1131,900
40,50,670,-571,1131,900
40,50,7251,477,1131,900
40,50,4351,847,1131,900
40,50,1079,-939,1131,900
40,50,5881,-212,1131,900
40,50,8829,-828,1131,900
40,50,4182,-423,1131,900
40,50,3079,545,1131,900
40,50,5437,392,1131,900
40,50,9237,-250,1131,900
40,50,3129,-440,1131,900
40,50,8081,-619,1131,900
40,50,5148,-434,1131,900
40,50,1530,914,1131,900
40,50,9040,-872,1131,900
40,50,5429,-267,1131,900
40,50,6311,-861,1131,900
40,50,3867,103,1131,900
40,50,6745,606,1131,900
40,50,1869,78,1131,900
40,50,8832,-162,1131,900
40,50,13,-362,1131,900
40,50,2323,729,1131,900
40,50,4729,-745,1131,900
40,50,8710,-678,1131,900
40,50,4394,-680,1131,900
40,50,2791,-970,1131,900
40,50,1285,626,1131,900
40,50,2035,144,1131,900
40,50,4253,53,1131,900
40,50,2309,-698,1131,900
40,50,4060,922,1131,900
40,50,8755,771,1131,900
40,50,9964,995,1131,900
40,50,5916,-510,1131,900
40,50,5497,308,1131,900
40,50,9536,522,1131,900
40,50,7099,-846,1131,900
40,50,4559,-505,1131,900
40,50,2740,479,1131,900
50,-100,6418,404,4910,400
50,-100,420,6,908,0
50,-100,1235,-827,93,-800
50,-100,9737,-141,1591,-100
50,-100,9795,966,1533,900
50,-100,9702,-544,1626,-500
50,-100,4399,332,6929,300
50,-100,893,907,435,900
50,-100,6348,634,4980,600
50,-100,8290,471,3038,500
50,-100,4341,-259,5179,-300
50,-100,4828,-449,6500,-400
50,-100,4208,-998,7120,-1000
50,-100,4232,-424,7096,-400
50,-100,7778,970,3550,900
50,-100,4826,182,4694,200
50,-100,8207,466,3121,500
50,-100,2186,305,9142,300
50,-100,8881,-250,639,-300
50,-100,8651,464,2677,500
50,-100,4129,-373,7199,-400
50,-100,4064,235,5456,200
50,-100,4807,-604,6521,-600
50,-100,1268,-512,60,-500
50,-100,3055,-34,8273,0
50,-100,8449,-861,2879,-900
50,-100,7783,711,3545,700
50,-100,3462,601,7866,600
50,-100,4689,-576,6639,-600
50,-100,1125,-431,203,-400
50,-100,1797,943,9531,900
50,-100,6686,-245,2834,-200
50,-100,2963,33,8365,0
50,-100,7469,74,3859,100
50,-100,8593,662,2735,700
50,-100,8628,986,2700,900
50,-100,4904,460,6424,500
50,-100,3728,-952,9408,-1000
50,-100,5537,783,5791,800
50,-100,7185,-845,4143,-800
50,-100,646,329,2490,300
50,-100,6091,-855,5237,-900
50,-100,9903,514,1425,500
50,-100,5678,231,3842,200
50,-100,398,845,2738,800
50,-100,6475,733,3045,700
50,-100,3329,-762,6191,-800
50,-100,5843,-15,5485,0
50,-100,8554,481,2774,500
50,-100,7043,-801,2477,-800
50,-100,8358,284,2970,300
50,-100,5375,380,5953,400
50,-100,3225,-599,8103,-600
50,-100,5204,193,4316,200
50,-100,8928,48,2400,0
50,-100,6998,-955,4330,-1000
50,-100,1922,-387,9406,-400
50,-100,6585,-297,4743,-300
50,-100,95,684,1233,700
50,-100,1722,425,9606,400
50,-100,4462,725,5058,700
50,-100,2493,-492,8835,-500
50,-100,8335,-628,2993,-600
50,-100,2090,-430,9238,-400
50,-100,1009,-357,319,-400
50,-100,3276,-751,9860,-800
50,-100,4690,917,6638,900
50,-100,5638,-346,5690,-300
50,-100,8550,-5,2778,0
50,-100,8341,-967,2987,-1000
50,-100,2882,-685,8446,-700
50,-100,9320,100,2008,100
50,-100,147,749,1181,700
50,-100,4944,840,6384,800
50,-100,6180,48,5148,0
50,-100,4232,683,7096,700
50,-100,1376,-809,8144,-800
50,-100,8003,-105,3325,-100
50,-100,9831,427,1497,400
50,-100,9044,614,2284,600
50,-100,9385,979,1943,900
50,-100,9931,-604,1397,-600
50,-100,318,-719,1010,-700
50,-100,5067,996,6261,900
50,-100,544,685,784,700
50,-100,5378,36,5950,0
50,-100,9737,909,1591,900
50,-100,8063,634,3265,600
50,-100,4779,330,6549,300
50,-100,5038,254,6290,300
50,-100,780,269,548,300
50,-100,8233,963,3095,900
50,-100,3753,-525,7575,-500
50,-100,920,841,408,800
50,-100,5898,753,3622,800
50,-100,2492,-830,8836,-800
50,-100,514,958,814,900
50,-100,3111,-77,8217,-100
50,-100,8995,-885,2333,-900
50,-100,4060,-875,7268,-900
50,-90,308,-941,2828,-900
50,-90,2,865,1326,900
50,-90,8021,-490,3307,-500
50,-90,7220,-118,4108,-100
50,-90,2258,-437,9070,-400
50,-90,5990,385,5338,400
50,-90,6745,64,4583,100
50,-90,9792,511,1536,500
50,-90,6360,-354,4968,-400
50,-90,5043,359,6285,400
50,-90,5936,-336,5392,-300
50,-90,2716,-32,8612,0
50,-90,6113,-720,7023,-700
50,-90,1534,354,9794,400
50,-90,6985,252,4343,300
50,-90,3971,-412,7357,-400
50,-90,4969,161,6359,200
50,-90,7582,583,3746,600
50,-90,8153,-623,3175,-600
50,-90,1737,952,9591,900
50,-90,7534,-345,3794,-300
50,-90,4069,135,7259,100
50,-90,8274,-30,3054,0
50,-90,2628,-445,8700,-400
50,-90,2719,508,8609,500
50,-90,7916,-273,3412,-300
50,-90,1114,-845,214,-800
50,-90,8206,-491,3122,-500
50,-90,4833,-21,6495,0
50,-90,9169,-880,2159,-900
50,-90,5857,-344,5471,-300
50,-90,1653,-958,9675,-1000
50,-90,1278,-556,50,-600
50,-90,9525,-725,3611,-700
50,-90,6329,-362,6807,-400
50,-90,579,-681,749,-700
50,-90,1053,-308,275,-300
50,-90,6275,-179,5053,-200
50,-90,2601,-17,8727,0
50,-90,4917,-80,6411,-100
50,-90,4655,726,4865,700
50,-90,8856,-647,2472,-600
50,-90,8041,341,3287,300
50,-90,6196,-850,5132,-800
50,-90,2199,894,9129,900
50,-90,1487,-644,9841,-600
50,-90,1487,504,9841,500
50,-90,1635,-842,9693,-800
50,-90,5475,-195,5853,-200
50,-90,6790,793,4538,800
50,-90,587,-772,741,-800
50,-90,7558,887,3770,900
50,-90,8112,-919,5024,-900
50,-90,1404,952,9924,900
50,-90,5552,506,5776,500
50,-90,3353,-783,6167,-800
50,-90,2612,-217,6908,-200
50,-90,7454,10,3874,0
50,-90,7397,430,3931,400
50,-90,6130,-546,5198,-500
50,-90,6946,860,4382,900
50,-90,6047,275,5281,300
50,-90,6711,589,4617,600
50,-90,6861,-32,4467,0
50,-90,6967,530,4361,500
50,-90,6579,396,4749,400
50,-90,3050,56,8278,100
50,-90,3182,893,8146,900
50,-90,1167,627,1969,600
50,-90,3369,-57,7959,-100
50,-90,8563,-487,2765,-500
50,-90,1844,37,9484,0
50,-90,5507,-402,5821,-400
50,-90,7628,-136,3700,-100
50,-90,9256,341,2072,300
50,-90,6805,-614,4523,-600
50,-90,4691,293,6637,300
50,-90,6195,875,5133,900
50,-90,1702,501,9626,500
50,-90,5370,-607,5958,-600
50,-90,3754,97,7574,100
50,-90,7993,-313,3335,-300
50,-90,1930,-27,9398,0
50,-90,3374,159,7954,200
50,-90,7151,724,2369,700
50,-90,8007,-29,3321,0
50,-90,832,-107,496,-100
50,-90,3847,-649,7481,-600
50,-90,3750,-882,7578,-900
50,-90,8678,-235,842,-200
50,-90,3996,-299,7332,-300
50,-90,3712,605,7616,600
50,-90,2225,11,9103,0
50,-90,1824,65,9504,100
50,-90,2514,-1000,8814,-1000
50,-90,7228,-386,4100,-400
50,-90,291,-944,1037,-900
50,-90,691,-677,637,-700
50,-90,132,-301,1196,-300
50,-90,360,559,968,600
50,-80,6338,-55,4990,-100
50,-80,9745,-79,1583,-100
50,-80,2593,381,8735,400
50,-80,5026,-197,6302,-200
50,-80,8611,602,2717,600
50,-80,6440,-2,4888,0
50,-80,8022,-872,3306,-900
50,-80,282,215,1046,200
50,-80,5026,838,6302,800
50,-80,4783,-560,6545,-600
50,-80,6950,871,4378,900
50,-80,6117,-53,3403,-100
50,-80,4751,834,6577,800
50,-80,6404,238,6732,200
50,-80,6459,939,4869,900
50,-80,3865,-23,7463,0
50,-80,7246,-739,5890,-700
50,-80,7415,404,3913,400
50,-80,9387,896,3749,900
50,-80,2536,890,8792,900
50,-80,6586,-637,4742,-600
50,-80,8389,-911,2939,-900
50,-80,4178,918,7150,900
50,-80,1000,930,328,900
50,-80,5336,405,5992,400
50,-80,2041,-218,9287,-200
50,-80,3406,877,7922,900
50,-80,7077,771,2443,800
50,-80,7136,-33,4192,0
50,-80,5104,-868,6224,-900
50,-80,6118,357,5210,400
50,-80,9924,-711,9596,-700
50,-80,1158,-721,170,-700
50,-80,1280,0,48,0
50,-80,7748,63,3580,100
50,-80,8131,304,3197,300
50,-80,4016,978,7312,900
50,-80,5554,-332,5774,-300
50,-80,5955,-648,5373,-600
50,-80,6033,-685,5295,-700
50,-80,9843,-202,1485,-200
50,-80,87,-598,1241,-600
50,-80,5385,57,5943,100
50,-80,1457,-150,9871,-200
50,-80,7335,395,3993,400
50,-80,6013,-147,5315,-100
50,-80,4702,757,4818,800
50,-80,6561,-70,2959,-100
50,-80,8329,624,2999,600
50,-80,3213,928,8115,900
50,-80,3860,-348,7468,-300
50,-80,9409,-603,1919,-600
50,-80,605,52,723,100
50,-80,4118,791,7210,800
50,-80,5770,-722,5558,-700
50,-80,3911,726,5609,700
50,-80,2017,853,9311,900
50,-80,390,738,938,700
50,-80,7090,664,4238,700
50,-80,3807,997,7521,900
50,-80,7484,-614,3844,-600
50,-80,577,-342,751,-300
50,-80,1117,528,211,500
50,-80,5516,850,5812,800
50,-80,6916,301,4412,300
50,-80,1887,-678,9441,-700
50,-80,4530,445,6798,400
50,-80,8260,496,3068,500
50,-80,4824,-49,6504,0
50,-80,3967,-519,7361,-500
50,-80,7502,-961,3826,-1000
50,-80,7114,584,4214,600
50,-80,5648,-850,5680,-800
50,-80,3478,-833,7850,-800
50,-80,2028,-657,9300,-700
50,-80,421,540,907,500
50,-80,2634,-399,8694,-400
50,-80,7951,394,3377,400
50,-80,2070,-589,9258,-600
50,-80,5916,-965,5412,-1000
50,-80,5336,-468,5992,-500
50,-80,4591,690,6737,700
50,-80,1684,-722,9644,-700
50,-80,5286,588,6042,600
50,-80,4288,349,7040,300
50,-80,6809,661,4519,700
50,-80,2821,-278,8507,-300
50,-80,9290,112,2038,100
50,-80,875,566,453,600
50,-80,678,-47,650,0
50,-80,365,-398,963,-400
50,-80,414,-549,914,-500
50,-80,4874,222,4646,200
50,-80,4334,868,6994,900
50,-80,5719,127,5609,100
50,-80,2571,-209,8757,-200
50,-80,9720,952,1608,900
50,-80,6642,645,4686,600
50,-80,2007,16,9321,0
50,-80,5492,-115,7644,-100
50,-70,2927,-536,8401,-500
50,-70,8690,508,2638,500
50,-70,499,-11,829,0
50,-70,2512,183,7008,200
50,-70,3062,792,8266,800
50,-70,1113,-1,215,0
50,-70,2876,-26,8452,0
50,-70,3691,435,7637,400
50,-70,9040,4,2288,0
50,-70,2217,64,9111,100
50,-70,5743,-452,5585,-500
50,-70,1372,-386,9956,-400
50,-70,201,-70,1127,-100
50,-70,2656,562,8672,600
50,-70,1039,508,289,500
50,-70,5201,284,6127,300
50,-70,7577,-510,3751,-500
50,-70,5329,-523,5999,-500
50,-70,7219,-850,4109,-800
50,-70,1547,-842,9781,-800
50,-70,9634,24,1694,0
50,-70,660,-346,668,-300
50,-70,8264,723,1256,700
50,-70,2138,183,7382,200
50,-70,2418,326,8910,300
50,-70,746,-573,582,-600
50,-70,4287,-720,7041,-700
50,-70,281,-809,1047,-800
50,-70,1596,-374,9732,-400
50,-70,9799,839,1529,800
50,-70,7436,98,3892,100
50,-70,3300,91,8028,100
50,-70,5757,38,5571,0
50,-70,9392,-194,1936,-200
50,-70,3321,1,8007,0
50,-70,9932,-483,1396,-500
50,-70,7191,-613,4137,-600
50,-70,1249,-550,79,-500
50,-70,4999,-124,6329,-100
50,-70,1822,314,9506,300
50,-70,6178,391,5150,400
50,-70,5894,831,5434,800
50,-70,7559,-139,3769,-100
50,-70,8288,939,3040,900
50,-70,9047,-846,2281,-800
50,-70,9642,51,1686,100
50,-70,6750,-89,6386,-100
50,-70,8221,-442,3107,-400
50,-70,3721,254,7607,300
50,-70,3169,-817,8159,-800
50,-70,6612,245,4716,200
50,-70,3241,798,8087,800
50,-70,2823,388,8505,400
50,-70,9393,-133,1935,-100
50,-70,6742,237,6394,200
50,-70,8690,847,2638,800
50,-70,3638,31,7690,0
50,-70,6121,355,5207,400
50,-70,3473,796,7855,800
50,-70,7128,274,4200,300
50,-70,6037,167,5291,200
50,-70,7179,960,4149,900
50,-70,1081,104,247,100
50,-70,295,-974,1033,-1000
50,-70,5487,336,5841,300
50,-70,6931,94,4397,100
50,-70,9768,781,1560,800
50,-70,8408,-306,2920,-300
50,-70,7917,-188,3411,-200
50,-70,8359,-547,2969,-500
50,-70,5282,435,6046,400
50,-70,1809,-418,9519,-400
50,-70,9424,-685,1904,-700
50,-70,4720,-418,6608,-400
50,-70,9969,440,1359,400
50,-70,3893,464,7435,500
50,-70,2680,124,8648,100
50,-70,5283,-515,6045,-500
50,-70,7083,97,4245,100
50,-70,7109,808,4219,800
50,-70,8773,-158,2555,-200
50,-70,5691,876,5637,900
50,-70,250,746,1078,700
50,-70,517,240,811,200
50,-70,6440,422,4888,400
50,-70,8883,819,2445,800
50,-70,4991,997,6337,900
50,-70,166,475,1162,500
50,-70,5958,391,5370,400
50,-70,3581,-500,7747,-500
50,-70,4443,655,6885,700
50,-70,7681,-127,3647,-100
50,-70,2179,10,9149,0
50,-70,3705,-421,7623,-400
50,-70,2545,815,8783,800
50,-70,7150,218,2370,200
50,-70,1861,472,9467,500
50,-70,1008,129,320,100
50,-70,9939,-126,1389,-100
50,-70,229,941,1099,900
50,-60,1426,-713,9902,-700
50,-60,1781,-738,7739,-700
50,-60,8682,286,2646,300
50,-60,7322,-342,4006,-300
50,-60,8393,-141,2935,-100
50,-60,8105,-219,3223,-200
50,-60,4140,157,7188,200
50,-60,2946,-492,8382,-500
50,-60,4331,368,6997,400
50,-60,8619,-159,2709,-200
50,-60,8466,-545,2862,-500
50,-60,9164,349,2164,300
50,-60,2417,-954,8911,-1000
50,-60,2837,554,8491,600
50,-60,8603,314,2725,300
50,-60,1761,270,9567,300
50,-60,4576,-773,4944,-800
50,-60,2667,756,6853,800
50,-60,2223,897,9105,900
50,-60,7918,653,3410,700
50,-60,6788,-949,4540,-900
50,-60,5684,-33,5644,0
50,-60,7086,745,2434,700
50,-60,875,941,453,900
50,-60,1643,390,9685,400
50,-60,2014,-240,7506,-200
50,-60,7502,273,3826,300
50,-60,5635,-113,5693,-100
50,-60,5769,96,5559,100
50,-60,1516,-695,9812,-700
50,-60,9278,-71,2050,-100
50,-60,5209,482,6119,500
50,-60,7859,847,3469,800
50,-60,7194,799,4134,800
50,-60,3739,862,7589,900
50,-60,5338,-855,5990,-900
50,-60,5212,-156,6116,-200
50,-60,7572,231,1948,200
50,-60,6944,363,4384,400
50,-60,735,-453,593,-500
50,-60,562,209,766,200
50,-60,5311,-423,6017,-400
50,-60,1317,874,11,900
50,-60,2297,659,9031,700
50,-60,9809,-722,3327,-700
50,-60,3114,965,8214,900
50,-60,2745,562,8583,600
50,-60,9945,571,1383,600
50,-60,250,-411,1078,-400
50,-60,6164,-489,5164,-500
50,-60,2216,-824,9112,-800
50,-60,1893,-202,9435,-200
50,-60,1775,-520,9553,-500
50,-60,8995,932,2333,900
50,-60,7864,215,1656,200
50,-60,8336,671,2992,700
50,-60,4760,896,6568,900
50,-60,3530,-33,7798,0
50,-60,6424,484,4904,500
50,-60,4344,-777,5176,-800
50,-60,2874,944,8454,900
50,-60,6093,-448,5235,-400
50,-60,3304,-729,9832,-700
50,-60,520,714,808,700
50,-60,3440,-737,9696,-700
50,-60,4888,-104,8248,-100
50,-60,9000,944,2328,900
50,-60,5078,284,6250,300
50,-60,4445,-912,6883,-900
50,-60,222,-545,1106,-500
50,-60,5340,-514,5988,-500
50,-60,7162,817,4166,800
50,-60,7840,-556,3488,-600
50,-60,4452,567,6876,600
50,-60,3056,-28,8272,0
50,-60,2657,-958,8671,-1000
50,-60,5492,508,5836,500
50,-60,9435,-982,1893,-1000
50,-60,3489,-616,6031,-600
50,-60,1819,-412,9509,-400
50,-60,7146,-192,4182,-200
50,-60,4783,789,6545,800
50,-60,917,-73,411,-100
50,-60,3688,-673,7640,-700
50,-60,4773,866,6555,900
50,-60,4088,605,7240,600
50,-60,9977,-972,1351,-1000
50,-60,9866,-569,1462,-600
50,-60,6108,979,5220,900
50,-60,7452,230,2068,200
50,-60,5363,-656,5965,-700
50,-60,6176,-465,5152,-500
50,-60,3315,-824,8013,-800
50,-60,2955,-102,8373,-100
50,-60,9644,-605,1684,-600
50,-60,1273,198,55,200
50,-60,3163,-855,8165,-900
50,-60,3380,777,6140,800
50,-60,7725,-522,3603,-500
50,-60,8275,802,3053,800
50,-50,3919,-423,7409,-400
50,-50,9879,-818,1449,-800
50,-50,9082,-288,438,-300
50,-50,1651,808,9677,800
50,-50,4507,550,6821,500
50,-50,7539,-744,1981,-700
50,-50,1005,378,2131,400
50,-50,1894,506,9434,500
50,-50,6314,827,5014,800
50,-50,6410,208,3110,200
50,-50,8866,-365,654,-400
50,-50,9751,-941,3385,-900
50,-50,2170,-488,9158,-500
50,-50,9884,-598,1444,-600
50,-50,3105,-535,8223,-500
50,-50,4458,217,8678,200
50,-50,5490,-85,7646,-100
50,-50,7851,-111,3477,-100
50,-50,8664,840,2664,800
50,-50,964,-918,2172,-900
50,-50,465,5,863,0
50,-50,6991,808,4337,800
50,-50,1211,-941,117,-900
50,-50,6543,756,2977,800
50,-50,9694,172,1634,200
50,-50,6121,398,5207,400
50,-50,8480,523,2848,500
50,-50,4883,-307,6445,-300
50,-50,5213,-951,6115,-1000
50,-50,5354,-271,5974,-300
50,-50,605,-372,723,-400
50,-50,5861,976,5467,900
50,-50,937,403,391,400
50,-50,3728,-713,7600,-700
50,-50,63,-871,3073,-900
50,-50,6299,-628,5029,-600
50,-50,2773,261,8555,300
50,-50,3941,-710,7387,-700
50,-50,2121,626,9207,600
50,-50,1289,207,39,200
50,-50,5246,-499,6082,-500
50,-50,9902,904,1426,900
50,-50,8821,-109,2507,-100
50,-50,9565,406,1763,400
50,-50,5260,751,4260,800
50,-50,2320,216,7200,200
50,-50,185,-521,1143,-500
50,-50,9268,978,2060,900
50,-50,8043,274,3285,300
50,-50,7766,667,3562,700
50,-50,4351,-819,6977,-800
50,-50,5710,-335,5618,-300
50,-50,9670,819,1658,800
50,-50,5624,-210,5704,-200
50,-50,2586,888,8742,900
50,-50,2583,113,8745,100
50,-50,4154,-428,7174,-400
50,-50,6759,999,4569,900
50,-50,2731,-568,8597,-600
50,-50,5176,479,6152,500
50,-50,7788,-930,3540,-900
50,-50,2711,164,8617,200
50,-50,7597,-594,3731,-600
50,-50,1766,-138,9562,-100
50,-50,3989,458,7339,500
50,-50,7489,-533,3839,-500
50,-50,3935,88,7393,100
50,-50,5077,-308,6251,-300
50,-50,6076,149,5252,100
50,-50,4004,570,7324,600
50,-50,1502,-80,9826,-100
50,-50,402,-88,926,-100
50,-50,9015,451,2313,500
50,-50,7580,508,3748,500
50,-50,9288,11,2040,0
50,-50,2039,-741,7481,-700
50,-50,2816,-866,8512,-900
50,-50,1167,-608,161,-600
50,-50,6832,-775,2688,-800
50,-50,1919,-109,9409,-100
50,-50,5073,179,6255,200
50,-50,4005,379,7323,400
50,-50,6104,844,5224,800
50,-50,4934,353,6394,400
50,-50,967,-824,361,-800
50,-50,9459,-268,1869,-300
50,-50,5745,782,5583,800
50,-50,4622,673,6706,700
50,-50,9857,-12,1471,0
50,-50,8399,794,2929,800
50,-50,7496,-530,3832,-500
50,-50,9544,365,1784,400
50,-50,3950,862,7378,900
50,-50,5032,808,6296,800
50,-50,2061,238,7459,200
50,-50,1416,-526,9912,-500
50,-50,4967,-894,6361,-900
50,-50,4304,414,7024,400
50,-50,7622,-182,3706,-200
50,-50,2873,-637,8455,-600
50,-40,8228,-920,4908,-900
50,-40,3527,54,5993,100
50,-40,8805,-289,2523,-300
50,-40,7194,161,4134,200
50,-40,8159,800,3169,800
50,-40,8734,-379,2594,-400
50,-40,5378,569,5950,600
50,-40,8823,-245,2505,-200
50,-40,4951,54,6377,100
50,-40,5386,-271,5942,-300
50,-40,7129,-568,4199,-600
50,-40,9517,-882,1811,-900
50,-40,1716,-182,9612,-200
50,-40,2047,-321,9281,-300
50,-40,1461,213,8059,200
50,-40,6576,666,4752,700
50,-40,4065,-94,7263,-100
50,-40,8825,384,4311,400
50,-40,2060,-566,9268,-600
50,-40,8533,160,2795,200
50,-40,9973,289,1355,300
50,-40,9721,503,1607,500
50,-40,7177,-815,4151,-800
50,-40,2913,445,6607,400
50,-40,5877,917,5451,900
50,-40,2593,-683,8735,-700
50,-40,165,-362,1163,-400
50,-40,3366,-348,9770,-300
50,-40,3383,-90,6137,-100
50,-40,5399,-956,5929,-1000
50,-40,3664,-297,7664,-300
50,-40,8701,953,2627,900
50,-40,6178,888,5150,900
50,-40,228,462,2908,500
50,-40,8424,-734,1096,-700
50,-40,8712,-657,2616,-700
50,-40,8867,-591,2461,-600
50,-40,1529,870,9799,900
50,-40,9389,-461,1939,-500
50,-40,7256,-403,4072,-400
50,-40,7659,13,3669,0
50,-40,1196,-471,132,-500
50,-40,1847,365,9481,400
50,-40,1864,779,9464,800
50,-40,8070,230,1450,200
50,-40,9546,496,1782,500
50,-40,5838,645,5490,600
50,-40,3829,-398,5691,-400
50,-40,8676,551,844,600
50,-40,2281,-50,9047,0
50,-40,7108,837,4220,800
50,-40,4911,-795,4609,-800
50,-40,1202,-915,126,-900
50,-40,7587,-920,5549,-900
50,-40,3100,97,8228,100
50,-40,578,627,750,600
50,-40,8036,303,3292,300
50,-40,5930,-970,3590,-1000
50,-40,5669,730,3851,700
50,-40,4794,-388,6534,-400
50,-40,7199,645,4129,600
50,-40,2219,322,9109,300
50,-40,3238,541,6282,500
50,-40,9369,-39,1959,0
50,-40,5874,851,5454,900
50,-40,3808,-103,9328,-100
50,-40,4037,-995,7291,-1000
50,-40,8157,-175,3171,-200
50,-40,5743,966,7393,900
50,-40,1890,266,9438,300
50,-40,2915,617,8413,600
50,-40,5834,507,5494,500
50,-40,2948,2,8380,0
50,-40,658,399,670,400
50,-40,3932,753,9204,800
50,-40,1065,177,263,200
50,-40,6150,160,5178,200
50,-40,4122,-738,5398,-700
50,-40,1811,523,9517,500
50,-40,7429,-477,3899,-500
50,-40,3816,-77,7512,-100
50,-40,5127,362,4393,400
50,-40,1005,-664,2131,-700
50,-40,290,-934,1038,-900
50,-40,909,159,419,200
50,-40,7938,-837,3390,-800
50,-40,4370,-292,6958,-300
50,-40,4524,-392,8612,-400
50,-40,1645,779,9683,800
50,-40,8694,378,826,400
50,-40,5290,973,6038,900
50,-40,9494,-185,1834,-200
50,-40,7877,830,3451,800
50,-40,6084,929,3436,900
50,-40,5847,619,5481,600
50,-40,4282,-16,7046,0
50,-40,1112,510,2024,500
50,-40,5700,23,7436,0
50,-40,9512,-792,8,-800
50,-40,5856,583,5472,600
50,-30,8019,-354,3309,-400
50,-30,565,36,2571,0
50,-30,2267,-692,7253,-700
50,-30,6462,-533,4866,-500
50,-30,5413,-755,4107,-800
50,-30,5311,368,6017,400
50,-30,5477,-14,5851,0
50,-30,7800,392,1720,400
50,-30,6877,551,6259,600
50,-30,9115,213,405,200
50,-30,7187,-82,5949,-100
50,-30,6373,930,4955,900
50,-30,1963,57,9365,100
50,-30,3245,-664,8083,-700
50,-30,1886,871,9442,900
50,-30,8677,474,2651,500
50,-30,8043,75,1477,100
50,-30,926,950,2210,900
50,-30,2138,-614,7382,-600
50,-30,519,-102,809,-100
50,-30,6748,668,4580,700
50,-30,6938,-689,4390,-700
50,-30,3611,-62,5909,-100
50,-30,7459,429,2061,400
50,-30,8952,-701,4184,-700
50,-30,8026,-102,3302,-100
50,-30,8409,662,2919,700
50,-30,3069,500,8259,500
50,-30,2099,-797,7421,-800
50,-30,3753,753,9383,800
50,-30,6275,-94,6861,-100
50,-30,7922,9,5214,0
50,-30,2021,749,7499,700
50,-30,900,-127,2236,-100
50,-30,4871,-686,6457,-700
50,-30,2424,971,7096,900
50,-30,8473,-955,1047,-1000
50,-30,5061,-374,6267,-400
50,-30,8714,-592,806,-600
50,-30,6707,23,4621,0
50,-30,3323,227,6197,200
50,-30,1501,411,9827,400
50,-30,8663,-623,2665,-600
50,-30,7318,-370,5818,-400
50,-30,6040,388,7096,400
50,-30,953,279,2183,300
50,-30,3396,847,7932,800
50,-30,9912,693,1416,700
50,-30,7906,106,3422,100
50,-30,954,-308,2182,-300
50,-30,351,272,977,300
50,-30,9652,-221,1676,-200
50,-30,2309,676,7211,700
50,-30,6116,-578,5212,-600
50,-30,7983,-230,5153,-200
50,-30,8857,-397,2471,-400
50,-30,3116,509,8212,500
50,-30,1518,-612,9810,-600
50,-30,6740,-952,2780,-1000
50,-30,8310,191,3018,200
50,-30,708,-590,620,-600
50,-30,7786,-105,5350,-100
50,-30,5243,-503,7893,-500
50,-30,3172,-598,9964,-600
50,-30,432,467,896,500
50,-30,9390,389,1938,400
50,-30,7983,-563,1537,-600
50,-30,7209,989,5927,900
50,-30,3863,715,9273,700
50,-30,6106,117,7030,100
50,-30,4484,694,6844,700
50,-30,3031,-726,6489,-700
50,-30,6751,243,2769,200
50,-30,2596,-423,8732,-400
50,-30,1624,910,9704,900
50,-30,8057,-889,5079,-900
50,-30,7597,-796,3731,-800
50,-30,1827,626,7693,600
50,-30,4676,-20,6652,0
50,-30,1097,254,231,300
50,-30,4408,949,8728,900
50,-30,7075,984,4253,900
50,-30,647,-72,681,-100
50,-30,5880,-433,7256,-400
50,-30,2813,-467,6707,-500
50,-30,191,-855,1137,-900
50,-30,6536,111,6600,100
50,-30,4771,-689,8365,-700
50,-30,9709,960,1619,900
50,-30,5883,-336,3637,-300
50,-30,7354,338,2166,300
50,-30,1240,-174,1896,-200
50,-30,7395,-439,2125,-400
50,-30,1394,57,9934,100
50,-30,8035,-867,3293,-900
50,-30,4952,229,8184,200
50,-30,2851,-295,8477,-300
50,-30,1592,-309,9736,-300
50,-30,3821,-966,9315,-1000
50,-30,3370,-819,6150,-800
50,-20,5857,396,7279,400
50,-20,90,-571,3046,-600
50,-20,4839,-382,4681,-400
50,-20,3508,-575,6012,-600
50,-20,1651,191,9677,200
50,-20,8861,-211,2467,-200
50,-20,891,847,6341,800
50,-20,190,274,1138,300
50,-20,5899,-31,3621,0
50,-20,5094,899,8042,900
50,-20,4843,-452,8293,-500
50,-20,2094,931,9234,900
50,-20,7816,667,1704,700
50,-20,9295,54,3841,100
50,-20,3492,-51,9644,-100
50,-20,83,-455,3053,-500
50,-20,1585,638,7935,600
50,-20,8327,-880,3001,-900
50,-20,3830,243,7498,200
50,-20,9299,975,3837,900
50,-20,1894,-617,7626,-600
50,-20,8946,-646,2382,-600
50,-20,8695,-244,825,-200
50,-20,4257,-893,8879,-900
50,-20,8050,844,3278,800
50,-20,7438,-15,3890,0
50,-20,8272,-515,3056,-500
50,-20,7210,-849,4118,-800
50,-20,7063,519,2457,500
50,-20,6496,-762,4832,-800
50,-20,7334,13,5802,0
50,-20,6858,-851,4470,-900
50,-20,2729,488,6791,500
50,-20,5896,789,3624,800
50,-20,5043,-236,8093,-200
50,-20,3649,876,7679,900
50,-20,8921,884,599,900
50,-20,4972,-990,4548,-1000
50,-20,9660,-438,1668,-400
50,-20,7076,99,6060,100
50,-20,6824,569,4504,600
50,-20,1080,757,248,800
50,-20,9239,-814,3897,-800
50,-20,2785,-125,8543,-100
50,-20,3007,-912,8321,-900
50,-20,5627,577,7509,600
50,-20,8244,-227,3084,-200
50,-20,2129,916,9199,900
50,-20,2782,-431,6738,-400
50,-20,8512,173,4624,200
50,-20,506,596,2630,600
50,-20,1653,123,7867,100
50,-20,5889,43,5439,0
50,-20,2046,313,7474,300
50,-20,1407,689,9921,700
50,-20,7896,827,5240,800
50,-20,3579,660,7749,700
50,-20,3730,115,9406,100
50,-20,1708,469,9620,500
50,-20,6002,-334,5326,-300
50,-20,6602,-318,4726,-300
50,-20,5078,47,4442,0
50,-20,8586,957,4550,900
50,-20,9786,-818,3350,-800
50,-20,4815,-358,8321,-400
50,-20,4207,121,8929,100
50,-20,8218,-650,1302,-700
50,-20,4992,178,4528,200
50,-20,5649,306,5679,300
50,-20,7378,988,2142,900
50,-20,4078,63,5442,100
50,-20,4910,-393,6418,-400
50,-20,9728,-321,3408,-300
50,-20,2534,-42,6986,0
50,-20,6236,547,5092,500
50,-20,4114,392,9022,400
50,-20,1226,253,102,300
50,-20,4404,-536,6924,-500
50,-20,2967,-9,6553,0
50,-20,1656,318,7864,300
50,-20,3728,-22,7600,0
50,-20,3480,-756,6040,-800
50,-20,4159,-117,7169,-100
50,-20,2627,857,8701,900
50,-20,5632,-307,3888,-300
50,-20,4644,114,8492,100
50,-20,1528,803,7992,800
50,-20,2700,399,8628,400
50,-20,1182,487,146,500
50,-20,6102,577,7034,600
50,-20,845,617,483,600
50,-20,9837,-282,1491,-300
50,-20,8727,-465,793,-500
50,-20,8680,185,840,200
50,-20,1932,-213,9396,-200
50,-20,4287,-561,7041,-600
50,-20,3094,17,6426,0
50,-20,2508,-677,8820,-700
50,-20,9482,8,3654,0
50,-20,3047,376,8281,400
50,-10,5849,748,3671,700
50,-10,4992,713,6336,700
50,-10,2119,-296,9209,-300
50,-10,3197,74,6323,100
50,-10,5278,-588,7858,-600
50,-10,2560,-868,2864,-900
50,-10,3407,228,7921,200
50,-10,1248,771,1888,800
50,-10,7542,-231,5594,-200
50,-10,3831,585,7497,600
50,-10,7085,-994,6051,-1000
50,-10,4466,-576,5054,-600
50,-10,7429,-795,2091,-800
50,-10,1148,-278,180,-300
50,-10,1998,146,7522,100
50,-10,5614,-286,3906,-300
50,-10,4793,-758,8343,-800
50,-10,4131,-888,9005,-900
50,-10,9184,632,2144,600
50,-10,117,91,1211,100
50,-10,3805,-335,7523,-300
50,-10,5137,543,7999,500
50,-10,9899,-633,1429,-600
50,-10,7064,-643,6072,-600
50,-10,9082,-790,4054,-800
50,-10,4243,-146,8893,-100
50,-10,1409,272,4015,300
50,-10,2000,-228,7520,-200
50,-10,4792,-970,6536,-1000
50,-10,3798,-376,5722,-400
50,-10,1742,994,7778,900
50,-10,9628,-525,1700,-500
50,-10,4343,-106,8793,-100
50,-10,7321,-232,4007,-200
50,-10,2056,400,9272,400
50,-10,4169,526,7159,500
50,-10,6170,-315,5158,-300
50,-10,9562,-389,3574,-400
50,-10,9759,-686,9761,-700
50,-10,6962,843,4366,800
50,-10,2733,420,8595,400
50,-10,1818,202,9510,200
50,-10,7232,865,4096,900
50,-10,4390,323,6938,300
50,-10,2703,356,6817,400
50,-10,8234,876,8998,900
50,-10,2118,799,7402,800
50,-10,4630,174,6698,200
50,-10,9232,380,8000,400
50,-10,1614,-6,9714,0
50,-10,6645,-344,2875,-300
50,-10,5806,406,3714,400
50,-10,8498,-637,4638,-600
50,-10,8510,-430,2818,-400
50,-10,8885,-940,635,-900
50,-10,6095,-348,5233,-400
50,-10,9628,654,3508,700
50,-10,574,846,754,800
50,-10,8681,286,4455,300
50,-10,5481,145,5847,100
50,-10,1957,-720,9371,-700
50,-10,6821,164,2699,200
50,-10,8128,-974,1392,-1000
50,-10,5406,958,4114,900
50,-10,7434,-283,2086,-300
50,-10,271,252,2865,300
50,-10,3203,28,9933,0
50,-10,2219,-238,9109,-200
50,-10,5377,155,4143,200
50,-10,9446,204,74,200
50,-10,1970,-351,7550,-400
50,-10,7762,-778,1758,-800
50,-10,440,-631,888,-600
50,-10,2300,-166,9028,-200
50,-10,8150,645,1370,600
50,-10,604,287,724,300
50,-10,1860,-966,9468,-1000
50,-10,978,934,2158,900
50,-10,6206,739,6930,700
50,-10,6284,364,3236,400
50,-10,7789,-844,1731,-800
50,-10,325,209,1003,200
50,-10,1464,425,9864,400
50,-10,9000,-629,4136,-600
50,-10,3156,-510,9980,-500
50,-10,2508,354,7012,400
50,-10,5121,557,4399,600
50,-10,4575,949,6753,900
50,-10,2087,-67,7433,-100
50,-10,5329,-32,5999,0
50,-10,8184,258,3144,300
50,-10,3149,731,6371,700
50,-10,6850,-251,6286,-300
50,-10,9632,-275,1696,-300
50,-10,7617,-948,1903,-900
50,-10,5784,28,3736,0
50,-10,4832,-106,4688,-100
50,-10,6599,-693,4729,-700
50,-10,8508,-907,1012,-900
50,-10,5664,105,3856,100
50,0,4720,220,6608,200
50,0,932,177,6300,200
50,0,4680,630,8456,600
50,0,6361,0,4967,0
50,0,177,567,2959,600
50,0,6352,-694,3168,-700
50,0,4088,-867,7240,-900
50,0,8491,-690,4645,-700
50,0,5281,-140,7855,-100
50,0,3134,189,8194,200
50,0,2973,-426,8355,-400
50,0,6670,271,4658,300
50,0,9255,94,7977,100
50,0,4556,978,6772,900
50,0,1931,786,1205,800
50,0,7178,-66,4150,-100
50,0,3746,639,1678,600
50,0,6990,-592,2530,-600
50,0,6723,384,4605,400
50,0,2599,-126,8729,-100
50,0,7169,-191,4159,-200
50,0,1799,-10,9529,0
50,0,3654,763,7674,800
50,0,9664,-93,5760,-100
50,0,7316,740,4012,700
50,0,8004,565,5132,600
50,0,7777,421,3551,400
50,0,939,-711,389,-700
50,0,7317,-132,2203,-100
50,0,1786,-643,7734,-600
50,0,4435,778,989,800
50,0,7780,-245,3548,-200
50,0,6393,-13,4935,0
50,0,850,-363,478,-400
50,0,4196,621,7132,600
50,0,9310,-353,3826,-300
50,0,9930,-890,3206,-900
50,0,3539,-618,1885,-600
50,0,3112,-100,6408,-100
50,0,3811,-74,9325,-100
50,0,753,795,6479,800
50,0,7154,-372,2366,-400
50,0,6459,-798,3061,-800
50,0,701,996,6531,900
50,0,5289,-236,6039,-200
50,0,3463,384,7865,400
50,0,2674,794,8654,800
50,0,9736,-569,7496,-600
50,0,6518,877,3002,900
50,0,6054,293,3466,300
50,0,6782,-48,2738,-100
50,0,9078,927,2250,900
50,0,2848,-981,2576,-1000
50,0,2869,-944,6651,-900
50,0,6335,498,6801,500
50,0,7924,13,7500,0
50,0,9633,-939,9887,-900
50,0,8361,920,4775,900
50,0,4973,479,8163,500
50,0,3068,419,8260,400
50,0,9399,-863,121,-900
50,0,8699,882,821,900
50,0,221,642,1107,600
50,0,6831,749,2689,800
50,0,2173,801,3251,800
50,0,5329,-861,7807,-900
50,0,4456,-37,6872,0
50,0,5110,-275,8026,-300
50,0,1336,-898,9992,-900
50,0,1301,923,5931,900
50,0,4404,-116,6924,-100
50,0,1165,-875,1971,-900
50,0,7070,105,2450,100
50,0,8137,-333,1383,-300
50,0,9252,676,2076,700
50,0,2251,-173,7269,-200
50,0,6492,-422,4836,-400
50,0,4704,-60,8432,-100
50,0,3644,-361,1780,-400
50,0,6522,-463,6614,-500
50,0,1978,639,1158,600
50,0,3270,-236,9866,-200
50,0,3906,-200,5614,-200
50,0,1309,421,8211,400
50,0,3977,-749,7351,-800
50,0,9342,-103,3794,-100
50,0,412,469,6820,500
50,0,1047,-889,8473,-900
50,0,5499,-246,4021,-200
50,0,9588,-361,1740,-400
50,0,2215,-20,7305,0
50,0,5751,-683,5577,-700
50,0,3584,293,7744,300
50,0,7912,-299,1608,-300
50,0,5453,462,5875,500
50,0,6788,-482,444,-500
50,0,5041,-486,6287,-500
50,0,8751,-802,769,-800
50,0,724,700,2412,700
50,0,8884,-200,2444,-200
50,10,28,555,5396,600
50,10,9068,-931,8164,-900
50,10,3571,107,9565,100
50,10,1491,150,8029,200
50,10,1115,585,213,600
50,10,5292,-93,6036,-100
50,10,4697,621,8439,600
50,10,707,-804,621,-800
50,10,9646,-191,1682,-200
50,10,970,200,358,200
50,10,2336,547,4896,600
50,10,4734,-473,8402,-500
50,10,1831,-988,9497,-1000
50,10,8230,980,1290,900
50,10,5557,535,7579,600
50,10,1285,263,43,300
50,10,3097,-695,2327,-700
50,10,5661,-965,1571,-1000
50,10,2673,-320,6847,-300
50,10,3130,-788,2294,-800
50,10,7,627,1321,600
50,10,8491,-253,6933,-200
50,10,6628,-625,604,-600
50,10,434,72,9086,100
50,10,2428,439,8900,400
50,10,8538,-344,4598,-400
50,10,1449,179,1687,200
50,10,9204,932,6220,900
50,10,5869,-205,5459,-200
50,10,8179,-889,7245,-900
50,10,6303,-619,6833,-600
50,10,999,-734,4425,-700
50,10,8912,509,2416,500
50,10,8368,-577,2960,-600
50,10,7152,-589,8272,-600
50,10,2769,431,2655,400
50,10,3529,-3,9607,0
50,10,5847,-58,9577,-100
50,10,5025,501,8111,500
50,10,9919,-594,7313,-600
50,10,9627,-381,1701,-400
50,10,44,476,5380,500
50,10,1220,180,108,200
50,10,1950,682,3474,700
50,10,4669,-45,2563,-100
50,10,4434,124,8702,100
50,10,3683,-167,1741,-100
50,10,8112,692,3216,700
50,10,1875,176,1261,200
50,10,5638,759,5690,800
50,10,850,-408,8670,-400
50,10,7246,-159,4082,-200
50,10,3237,-739,9899,-700
50,10,2605,281,4627,300
50,10,694,-53,2442,-100
50,10,5310,120,7826,100
50,10,4691,-256,8445,-300
50,10,3538,955,3694,900
50,10,1061,32,8459,0
50,10,555,192,6677,200
50,10,4107,779,7221,800
50,10,9923,-689,9597,-700
50,10,7854,-991,7570,-1000
50,10,4213,-779,3019,-800
50,10,3228,917,9908,900
50,10,872,134,8648,100
50,10,2798,176,338,200
50,10,7738,343,3590,300
50,10,1371,1000,1765,900
50,10,8782,148,738,200
50,10,5512,231,4008,200
50,10,111,579,5313,600
50,10,9205,-821,6219,-800
50,10,4101,-221,7227,-200
50,10,9350,450,7882,400
50,10,6292,-52,940,0
50,10,1427,-707,9901,-700
50,10,8020,-478,7404,-500
50,10,8268,-851,7156,-900
50,10,9747,563,7485,600
50,10,8189,-687,3139,-700
50,10,9726,451,7506,500
50,10,6797,-965,8627,-1000
50,10,2936,788,2488,800
50,10,5584,290,7552,300
50,10,9538,-231,7694,-200
50,10,6038,-70,5290,-100
50,10,4996,-55,4524,-100
50,10,2140,-729,5092,-700
50,10,3507,584,1917,600
50,10,6721,-592,6415,-600
50,10,9456,-776,3680,-800
50,10,1429,-346,3995,-300
50,10,4296,-810,5224,-800
50,10,8022,397,1498,400
50,10,9695,247,9825,300
50,10,9661,743,3475,700
50,10,3227,421,8101,400
50,10,7971,362,5165,300
50,10,2281,169,9047,200
50,20,7845,-95,5291,-100
50,20,450,-421,4974,-300
50,20,5955,133,5373,200
50,20,8751,-845,769,-900
50,20,7696,575,1824,500
50,20,3998,-81,9138,0
50,20,645,886,684,700
50,20,9261,290,6163,300
50,20,554,-347,4870,-400
50,20,8651,-25,869,-100
50,20,8823,197,8409,100
50,20,8744,75,6680,100
50,20,8666,721,2662,600
50,20,2427,-211,2997,-100
50,20,6837,-622,6299,-600
50,20,2158,431,3266,400
50,20,389,-607,2747,-600
50,20,5964,-13,7172,100
50,20,5867,826,3653,800
50,20,8760,898,2568,800
50,20,9098,-958,8134,-1000
50,20,4432,990,6896,900
50,20,3942,867,3290,900
50,20,3562,586,7766,600
50,20,7926,572,7498,700
50,20,545,-975,783,-1000
50,20,5318,-354,7818,-400
50,20,7332,-310,5804,-400
50,20,7659,-213,9573,-200
50,20,7810,253,1710,200
50,20,3781,481,5740,400
50,20,9112,-493,2216,-500
50,20,7713,234,1807,200
50,20,4514,894,8622,800
50,20,6978,-824,254,-900
50,20,6459,-604,4869,-600
50,20,6544,-811,8880,-900
50,20,7631,-337,9601,-400
50,20,2414,312,7106,300
50,20,5680,169,7456,200
50,20,5107,-458,8029,-400
50,20,3056,-60,80,0
50,20,4974,425,8162,300
50,20,309,497,6923,400
50,20,1300,-347,1835,-200
50,20,8292,201,1228,200
50,20,5485,292,1747,300
50,20,1016,-584,6216,-600
50,20,6311,687,3209,700
50,20,3752,5,5768,0
50,20,72,649,3064,700
50,20,6264,-157,3256,-300
50,20,6450,32,3070,0
50,20,9420,-879,3716,-900
50,20,9198,-104,8034,-100
50,20,7950,-837,5186,-800
50,20,2703,991,2721,900
50,20,7496,-347,7928,-400
50,20,1378,945,1758,900
50,20,997,-686,6235,-700
50,20,169,592,2967,600
50,20,5905,320,7231,300
50,20,5534,533,7602,600
50,20,4067,109,3165,100
50,20,5538,-195,3982,-200
50,20,9076,-163,444,-200
50,20,5565,45,7571,0
50,20,2008,-179,9320,-100
50,20,2552,255,584,300
50,20,7997,-742,5139,-700
50,20,3828,-671,5692,-700
50,20,5447,517,5881,500
50,20,8758,529,4378,600
50,20,1826,-336,1310,-300
50,20,8020,-546,7405,-600
50,20,9291,294,2037,300
50,20,206,-631,7026,-600
50,20,9180,438,340,400
50,20,8284,960,1236,900
50,20,2019,-942,9309,-900
50,20,4799,779,6529,800
50,20,430,-197,2706,-200
50,20,1391,431,8129,500
50,20,2001,-282,3423,-300
50,20,380,492,5044,300
50,20,8791,-223,8441,-200
50,20,8146,875,4990,900
50,20,8221,-536,1299,-500
50,20,1851,471,9477,400
50,20,8087,472,7337,500
50,20,184,726,2952,800
50,20,5709,-165,3811,-300
50,20,7268,702,2252,700
50,20,9879,639,1449,700
50,20,2603,100,2821,100
50,20,5532,-115,3988,-100
50,20,3181,798,2243,800
50,20,6993,-84,2527,0
50,20,8135,822,1385,800
50,20,9825,-496,3311,-500
50,30,9281,747,1131,900
50,30,9715,-696,1131,900
50,30,5239,870,1131,900
50,30,5825,-532,1131,900
50,30,1363,335,1131,900
50,30,697,-473,1131,900
50,30,6908,87,1131,900
50,30,31,-60,1131,900
50,30,865,928,1131,900
50,30,3602,590,1131,900
50,30,18,737,1131,900
50,30,8668,-668,1131,900
50,30,5563,709,5766,600
50,30,1955,-171,1131,900
50,30,2972,811,1131,900
50,30,2429,435,1131,900
50,30,6413,-219,1131,900
50,30,721,-357,1131,900
50,30,948,-81,1131,900
50,30,9975,-517,1131,900
50,30,6624,609,1131,900
50,30,9188,-990,1131,900
50,30,8635,-414,1131,900
50,30,5028,-261,1131,900
50,30,3125,-871,1131,900
50,30,7719,959,1131,900
50,30,3005,-608,1131,900
50,30,8100,954,9130,900
50,30,2512,-215,1131,900
50,30,9120,70,1131,900
50,30,1002,218,1131,900
50,30,146,951,1131,900
50,30,500,-128,1131,900
50,30,7646,650,1131,900
50,30,1171,-938,1131,900
50,30,5249,-377,1131,900
50,30,1378,-669,1131,900
50,30,7123,76,1131,900
50,30,9525,805,1131,900
50,30,4399,-873,1131,900
50,30,6768,-474,1131,900
50,30,1540,282,1131,900
50,30,7222,-515,1131,900
50,30,6635,-91,1131,900
50,30,8048,-416,1473,-300
50,30,6890,255,1131,900
50,30,5599,-683,1131,900
50,30,7545,-866,1131,900
50,30,6302,-483,1131,900
50,30,5676,965,1131,900
50,30,7175,977,1131,900
50,30,3748,-270,1131,900
50,30,5580,-488,1131,900
50,30,4308,120,2926,200
50,30,8833,513,1131,900
50,30,4790,362,1131,900
50,30,4233,-788,8903,-800
50,30,2884,501,1131,900
50,30,4508,-890,1131,900
50,30,775,-235,1131,900
50,30,7858,-442,1131,900
50,30,2485,-703,2939,-900
50,30,7735,-68,1131,900
50,30,8166,-357,9067,0
50,30,9952,-213,1131,900
50,30,1359,-318,1131,900
50,30,8940,-744,1131,900
50,30,6273,98,1131,900
50,30,9701,-983,1131,900
50,30,813,-670,1131,900
50,30,3043,153,1131,900
50,30,5388,-412,1131,900
50,30,3919,880,1131,900
50,30,972,-71,8550,-200
50,30,8830,-952,1131,900
50,30,7522,518,1131,900
50,30,9248,439,1131,900
50,30,4070,205,1131,900
50,30,8889,-563,1131,900
50,30,61,3,1131,900
50,30,65,-568,1131,900
50,30,567,-534,1131,900
50,30,4682,308,1131,900
50,30,5681,-880,1131,900
50,30,6690,-692,1131,900
50,30,8791,-321,1131,900
50,30,1700,649,1131,900
50,30,3585,164,1131,900
50,30,8509,937,1131,900
50,30,427,-718,1131,900
50,30,8131,581,9100,500
50,30,8464,147,1131,900
50,30,6168,530,3352,800
50,30,2765,-566,1131,900
50,30,7784,881,1131,900
50,30,4116,280,1131,900
50,30,3512,442,1131,900
50,30,2085,-182,1131,900
50,30,8401,150,1131,900
50,30,3248,929,1131,900
50,40,8340,374,1131,900
50,40,6101,-911,1131,900
50,40,979,213,1131,900
50,40,2183,426,1131,900
50,40,9315,424,1131,900
50,40,4958,-666,1131,900
50,40,3045,777,1131,900
50,40,9404,-587,1131,900
50,40,3038,-844,1131,900
50,40,8803,-546,1131,900
50,40,4574,-310,1131,900
50,40,1065,-213,1131,900
50,40,3333,626,1131,900
50,40,1514,-455,1131,900
50,40,6296,-648,1131,900
50,40,2832,-768,1131,900
50,40,419,974,1131,900
50,40,500,888,1131,900
50,40,7944,-585,1131,900
50,40,573,-451,1131,900
50,40,6813,601,1131,900
50,40,2986,-813,1131,900
50,40,6817,-221,1131,900
50,40,4567,-859,1131,900
50,40,472,-815,1131,900
50,40,6651,174,1131,900
50,40,5688,488,1131,900
50,40,7545,-679,1131,900
50,40,94,442,1131,900
50,40,3202,-981,1131,900
50,40,8,-600,1131,900
50,40,9071,573,1131,900
50,40,755,406,1131,900
50,40,2155,-646,1131,900
50,40,2131,903,1131,900
50,40,8512,-732,1131,900
50,40,6704,506,1131,900
50,40,9586,651,1131,900
50,40,7185,301,1131,900
50,40,2646,762,1131,900
50,40,5748,-863,1131,900
50,40,5292,630,1131,900
50,40,4038,193,1131,900
50,40,7264,487,1131,900
50,40,419,-111,1131,900
50,40,4621,-990,1131,900
50,40,2224,-638,1131,900
50,40,9049,513,1131,900
50,40,6437,141,1131,900
50,40,9552,440,1131,900
50,40,2267,31,1131,900
50,40,2437,742,1131,900
50,40,1731,-440,1131,900
50,40,7807,-244,1131,900
50,40,7545,-267,1131,900
50,40,1428,556,1131,900
50,40,2965,963,1131,900
50,40,8012,270,1131,900
50,40,4140,37,1131,900
50,40,159,161,1131,900
50,40,5055,-256,1131,900
50,40,1506,-268,1131,900
50,40,3379,-549,1131,900
50,40,1804,400,1131,900
50,40,7693,177,1131,900
50,40,4635,-361,1131,900
50,40,8323,-766,1131,900
50,40,2602,242,1131,900
50,40,3998,994,1131,900
50,40,6314,-167,1131,900
50,40,8154,583,1131,900
50,40,4902,-347,1131,900
50,40,5791,-899,1131,900
50,40,1276,-197,1131,900
50,40,4110,-69,1131,900
50,40,4544,-417,1131,900
50,40,1819,-280,1131,900
50,40,1776,-192,1131,900
50,40,3419,505,1131,900
50,40,1324,860,1131,900
50,40,1111,-133,1131,900
50,40,563,205,1131,900
50,40,1589,-930,1131,900
50,40,2307,196,1131,900
50,40,9837,-306,1131,900
50,40,2119,659,1131,900
50,40,3259,94,1131,900
50,40,6304,638,1131,900
50,40,9046,-57,1131,900
50,40,8628,625,1131,900
50,40,3834,435,1131,900
50,40,1929,-254,1131,900
50,40,4061,993,1131,900
50,40,8566,-138,1131,900
50,40,9127,961,1131,900
50,40,588,-787,1131,900
50,40,419,-69,1131,900
50,40,9868,-108,1131,900
50,40,2756,169,1131,900
50,40,1492,-632,1131,900
50,50,5981,-637,1131,900
50,50,9781,698,1131,900
50,50,2241,767,1131,900
50,50,9157,-412,1131,900
50,50,9823,-796,1131,900
50,50,3807,445,1131,900
50,50,4919,264,1131,900
50,50,7546,-1,1131,900
50,50,2863,-447,1131,900
50,50,4780,264,1131,900
50,50,2144,-253,1131,900
50,50,8122,-936,1131,900
50,50,2345,-541,1131,900
50,50,2557,-299,1131,900
50,50,1630,469,1131,900
50,50,223,243,1131,900
50,50,7148,-912,1131,900
50,50,5468,-405,1131,900
50,50,1312,-33,1131,900
50,50,3399,-98,1131,900
50,50,7797,808,1131,900
50,50,5037,-110,1131,900
50,50,4290,193,1131,900
50,50,5039,-963,1131,900
50,50,2967,318,1131,900
50,50,9372,-686,1131,900
50,50,6723,-222,1131,900
50,50,8790,452,1131,900
50,50,9009,245,1131,900
50,50,8285,555,1131,900
50,50,1470,-117,1131,900
50,50,8161,615,1131,900
50,50,465,-557,1131,900
50,50,1094,574,1131,900
50,50,2928,51,1131,900
50,50,5722,39,1131,900
50,50,9068,269,1131,900
50,50,9719,981,1131,900
50,50,366,-485,1131,900
50,50,4309,691,1131,900
50,50,4688,-959,1131,900
50,50,364,-891,1131,900
50,50,8684,-82,1131,900
50,50,2827,-427,1131,900
50,50,8051,843,1131,900
50,50,5686,812,1131,900
50,50,1843,236,1131,900
50,50,3257,-315,1131,900
50,50,4289,736,1131,900
50,50,1702,846,1131,900
50,50,4678,-125,1131,900
50,50,2204,-159,1131,900
50,50,4104,-212,1131,900
50,50,2027,363,1131,900
50,50,2084,506,1131,900
50,50,4972,826,1131,900
50,50,503,338,1131,900
50,50,35,-27,1131,900
50,50,5335,-782,1131,900
50,50,5851,7,1131,900
50,50,4725,-157,1131,900
50,50,6814,-607,1131,900
50,50,8958,-947,1131,900
50,50,8458,-163,1131,900
50,50,5694,-400,1131,900
50,50,6325,-900,1131,900
50,50,7873,-711,1131,900
50,50,3819,641,1131,900
50,50,3112,481,1131,900
50,50,6472,776,1131,900
50,50,8434,553,1131,900
50,50,6000,-987,1131,900
50,50,5725,647,1131,900
50,50,8701,-854,1131,900
50,50,5499,375,1131,900
50,50,1106,530,1131,900
50,50,4782,369,1131,900
50,50,1237,451,1131,900
50,50,7995,-420,1131,900
50,50,8125,-867,1131,900
50,50,671,385,1131,900
50,50,1265,-31,1131,900
50,50,1992,781,1131,900
50,50,6223,604,1131,900
50,50,5382,-959,1131,900
50,50,3257,268,1131,900
50,50,5821,-580,1131,900
50,50,9985,-604,1131,900
50,50,9405,-86,1131,900
50,50,8200,885,1131,900
50,50,7157,237,1131,900
50,50,5558,-111,1131,900
50,50,4932,-217,1131,900
50,50,6242,-752,1131,900
50,50,4365,-510,1131,900
50,50,6516,-707,1131,900
50,50,9292,-102,1131,900
50,50,5714,-256,1131,900
50,50,2761,-605,1131,900
50,50,7207,467,1131,900
