snr,wifi_db,exp_phase_shift,exp_doppler_shift,found_phase_shift,found_doppler_shift
-50,-100,3871,-160,4997,-3250
-50,-100,9829,750,1151,-2800
-50,-100,3444,-478,3638,4950
-50,-100,5188,-112,4764,-2200
-50,-100,2796,592,1803,-4650
-50,-100,3540,361,4020,2150
-50,-100,6829,-605,6578,-1700
-50,-100,7715,-692,5287,-2150
-50,-100,2935,-298,9603,750
-50,-100,7163,-347,595,-5000
-50,-100,5945,766,3810,2150
-50,-100,460,294,922,2150
-50,-100,879,-231,8032,-500
-50,-100,2993,-662,4649,3450
-50,-100,1271,-187,2309,3500
-50,-100,4423,-225,7430,-1500
-50,-100,8334,730,9462,2550
-50,-100,9442,-611,4502,-3250
-50,-100,1980,860,5280,-3950
-50,-100,1949,879,96,-1850
-50,-95,135,-402,2601,4050
-50,-95,2555,419,9992,750
-50,-95,8969,309,9495,-3700
-50,-95,5093,271,3768,1250
-50,-95,518,-91,401,3850
-50,-95,6220,469,5444,3600
-50,-95,5305,46,9120,-3050
-50,-95,785,279,7706,1700
-50,-95,8138,-760,376,-3300
-50,-95,6274,883,6170,2800
-50,-95,8205,-455,2975,350
-50,-95,4767,275,393,-4750
-50,-95,251,-497,8064,-500
-50,-95,8824,626,999,-4850
-50,-95,3527,-797,8130,-400
-50,-95,1783,375,8415,-3400
-50,-95,9241,-142,6379,3800
-50,-95,2994,-668,8855,-3800
-50,-95,1692,-325,3198,1700
-50,-95,4874,-945,4962,4450
-50,-90,6412,840,8776,4950
-50,-90,4444,640,5042,-2950
-50,-90,6539,516,4174,3050
-50,-90,1296,-278,7793,2150
-50,-90,3198,101,5869,-4350
-50,-90,6388,308,5587,3100
-50,-90,5513,485,4262,2650
-50,-90,8952,43,338,2900
-50,-90,7521,743,896,-1750
-50,-90,3785,-324,5724,3800
-50,-90,3860,591,9656,4800
-50,-90,5000,921,9392,2000
-50,-90,8343,491,4342,650
-50,-90,7253,-842,3353,2800
-50,-90,7006,109,8500,-3500
-50,-90,2482,-196,2411,-2800
-50,-90,7345,-806,9325,-5000
-50,-90,7133,-457,9908,-4600
-50,-90,5942,-904,6838,950
-50,-90,4403,-10,4156,3800
-50,-85,9638,-869,2600,-150
-50,-85,9909,-1,3196,-1550
-50,-85,1096,693,8272,2750
-50,-85,6266,-609,1258,4150
-50,-85,5127,311,7941,-650
-50,-85,9306,-603,7380,2250
-50,-85,3817,-685,6963,-5000
-50,-85,3838,929,1209,-850
-50,-85,6676,-592,3405,-50
-50,-85,9567,-908,7136,-3850
-50,-85,7208,-377,9414,-1750
-50,-85,7408,-240,9203,-1450
-50,-85,464,-499,9998,950
-50,-85,8561,439,1765,-2950
-50,-85,2855,680,5156,2950
-50,-85,6002,889,6554,1850
-50,-85,6971,90,5099,4850
-50,-85,263,-813,4723,3350
-50,-85,7112,399,2446,3400
-50,-85,7240,324,5047,-4500
-50,-80,5111,-501,9452,-2350
-50,-80,4888,633,9160,3300
-50,-80,2402,279,8125,750
-50,-80,7466,-769,8573,650
-50,-80,6236,-501,5507,2100
-50,-80,7338,-473,4010,4200
-50,-80,6392,996,340,-2150
-50,-80,5720,561,2045,4650
-50,-80,3479,-221,1603,-3450
-50,-80,3073,-589,1150,-4850
-50,-80,1238,-194,2826,-1600
-50,-80,7696,20,3686,-3650
-50,-80,859,600,6635,2050
-50,-80,9528,-610,3554,2750
-50,-80,5284,-283,2080,-1400
-50,-80,6253,-516,5764,-4450
-50,-80,4814,833,2673,-2250
-50,-80,9202,-412,7778,3900
-50,-80,1108,774,8634,-550
-50,-80,797,683,6129,3300
-50,-75,3780,-540,2947,1300
-50,-75,7072,204,8614,-4050
-50,-75,9973,-953,9266,-50
-50,-75,6394,296,3212,1800
-50,-75,9140,-35,4559,-3300
-50,-75,1739,-282,184,3650
-50,-75,1802,-459,2701,-150
-50,-75,3920,897,3013,-2350
-50,-75,4682,-777,8407,4050
-50,-75,3417,-7,3010,-3550
-50,-75,168,-252,4910,1050
-50,-75,6997,304,1840,-200
-50,-75,6054,-932,9968,-450
-50,-75,6969,3,8804,1700
-50,-75,9945,166,9840,3550
-50,-75,3200,20,5727,-4200
-50,-75,4503,-14,3205,-1650
-50,-75,5794,-264,9801,3550
-50,-75,8729,-788,1519,-3000
-50,-75,4589,248,2151,-1100
-50,-70,2932,932,4602,4750
-50,-70,3007,538,8191,4650
-50,-70,2059,-599,3201,3300
-50,-70,8857,952,8637,-4650
-50,-70,146,-934,7374,-150
-50,-70,4027,-40,5380,1750
-50,-70,4456,64,6635,-1100
-50,-70,8899,-652,3421,-2400
-50,-70,6871,-81,3778,1200
-50,-70,2929,788,3229,-1050
-50,-70,1709,548,775,-1700
-50,-70,9416,-72,1204,4100
-50,-70,9423,240,442,-2950
-50,-70,6355,225,6119,-1250
-50,-70,9470,-807,7463,3450
-50,-70,9039,437,4619,1800
-50,-70,733,-528,5462,1850
-50,-70,387,-21,6525,1200
-50,-70,4974,338,2201,-1550
-50,-70,7840,17,6564,-4550
-50,-65,4346,-965,9165,-4600
-50,-65,1007,490,1217,-3750
-50,-65,5106,615,1141,4000
-50,-65,3145,62,6698,-300
-50,-65,5914,-67,4362,-2000
-50,-65,8062,43,8654,-3300
-50,-65,7097,-565,542,1650
-50,-65,5645,-838,5434,-3850
-50,-65,1614,415,8118,950
-50,-65,4941,600,4742,3900
-50,-65,7364,-146,9365,-2550
-50,-65,7633,389,4439,3950
-50,-65,6786,114,9338,1500
-50,-65,7867,166,3913,-3100
-50,-65,6597,392,3493,1200
-50,-65,1197,-817,1652,3950
-50,-65,2189,-95,3362,650
-50,-65,8401,297,7609,650
-50,-65,1039,-887,4811,4950
-50,-65,6674,349,3077,-2850
-50,-60,5897,-381,2915,2450
-50,-60,2692,69,9434,-2800
-50,-60,3614,757,6303,3200
-50,-60,6610,355,6348,-1450
-50,-60,7023,838,9308,3000
-50,-60,3719,489,1092,100
-50,-60,501,-80,413,-1000
-50,-60,8244,-604,7537,-1300
-50,-60,8800,866,9301,-700
-50,-60,9402,594,5702,-4650
-50,-60,4807,-656,6349,-1800
-50,-60,1061,-133,4090,500
-50,-60,3155,529,8390,-900
-50,-60,8425,690,7400,100
-50,-60,8669,73,9465,-3400
-50,-60,5228,945,6908,2900
-50,-60,1148,-659,3520,-4400
-50,-60,4973,782,5048,1400
-50,-60,6252,-970,7187,-4250
-50,-60,8179,-528,1769,-300
-50,-55,1997,368,3181,1400
-50,-55,3364,-291,9978,-5000
-50,-55,2191,-76,9468,4400
-50,-55,8345,912,9766,3800
-50,-55,1966,789,3556,-650
-50,-55,6022,-41,769,1900
-50,-55,8102,570,6957,2550
-50,-55,3433,-930,5158,2400
-50,-55,3922,-291,8815,-4300
-50,-55,8961,104,8131,2450
-50,-55,5685,83,2520,750
-50,-55,4581,467,5682,-4750
-50,-55,4590,-257,1562,-2250
-50,-55,4296,-921,9890,-4500
-50,-55,729,-160,2288,-150
-50,-55,2025,-423,1060,1600
-50,-55,2951,-660,4667,-4050
-50,-55,3656,331,9998,4300
-50,-55,7492,-853,4508,-4150
-50,-55,7817,-762,2457,-1150
-50,-50,5331,-257,1267,1350
-50,-50,25,494,7324,500
-50,-50,1873,968,2250,-4850
-50,-50,207,285,3488,-3650
-50,-50,8989,-271,9985,-1250
-50,-50,5392,-165,8063,-1300
-50,-50,5899,312,2751,-3200
-50,-50,269,-517,246,4350
-50,-50,7388,781,6028,-3250
-50,-50,6742,161,6273,4400
-50,-50,4795,-373,1611,4200
-50,-50,4164,-245,7289,-750
-50,-50,7907,-389,2461,650
-50,-50,612,859,6095,4750
-50,-50,8259,-81,8889,-4650
-50,-50,7126,329,7121,4900
-50,-50,3001,-811,1588,-3300
-50,-50,1138,866,4215,2250
-50,-50,9730,819,1574,1750
-50,-50,7153,-747,4971,-2900
-50,-45,1871,221,5057,4300
-50,-45,5705,-737,4694,4750
-50,-45,5081,-553,8011,4050
-50,-45,9946,100,3432,-200
-50,-45,3562,-902,2569,750
-50,-45,4403,522,5179,-350
-50,-45,5156,-476,3082,50
-50,-45,758,502,9786,1650
-50,-45,8889,375,6869,-1050
-50,-45,5198,-254,2887,-550
-50,-45,2680,292,9702,-1350
-50,-45,5101,-736,2110,-4050
-50,-45,3241,-608,9030,1250
-50,-45,5618,133,6251,1850
-50,-45,217,-307,6440,2300
-50,-45,8620,-338,4963,1200
-50,-45,27,358,4898,250
-50,-45,259,-813,1075,-3950
-50,-45,2345,-794,235,-350
-50,-45,1438,-592,7975,500
-50,-40,7791,-178,600,-2950
-50,-40,7558,-344,1883,1350
-50,-40,4475,390,9868,-1000
-50,-40,1704,545,5995,4400
-50,-40,601,-641,7703,4000
-50,-40,674,776,9118,-5000
-50,-40,6080,661,3293,-1850
-50,-40,8424,-756,3803,3100
-50,-40,423,-278,9757,-1600
-50,-40,8974,142,3162,-3650
-50,-40,9356,-324,1039,4900
-50,-40,2586,-301,5353,150
-50,-40,3762,284,8729,-1850
-50,-40,5220,-242,814,-200
-50,-40,463,-867,8977,-1250
-50,-40,7425,504,5174,-1350
-50,-40,7632,-83,1793,-300
-50,-40,9522,428,4006,2600
-50,-40,2417,703,6137,1600
-50,-40,5649,-445,8987,-4150
-50,-35,7836,-289,2971,-3450
-50,-35,5330,782,714,500
-50,-35,6159,-315,3973,3250
-50,-35,1113,-64,6050,2650
-50,-35,4971,708,1107,3300
-50,-35,9194,-245,6289,-2350
-50,-35,7258,435,814,-550
-50,-35,9281,-620,2701,-1700
-50,-35,2241,-316,3265,-5000
-50,-35,9929,-709,4300,600
-50,-35,3352,-746,6921,-4200
-50,-35,5600,-931,3202,1650
-50,-35,4909,-540,6677,-3050
-50,-35,2976,-415,3716,-2950
-50,-35,3028,-11,8991,2850
-50,-35,7079,-946,1559,4750
-50,-35,9644,-886,9126,-650
-50,-35,6265,-200,4081,400
-50,-35,9661,-560,7202,-2100
-50,-35,3750,-296,9248,-3300
-50,-30,7129,335,4498,-3000
-50,-30,6825,362,8293,1600
-50,-30,9084,327,6296,2300
-50,-30,9139,203,4764,150
-50,-30,7444,610,7432,4800
-50,-30,3455,-961,8870,1550
-50,-30,253,-887,7517,-4450
-50,-30,3405,650,7129,-300
-50,-30,3817,-251,3590,2950
-50,-30,8450,-532,9264,550
-50,-30,4797,48,9666,2600
-50,-30,1297,-266,4233,-4650
-50,-30,2004,302,6503,-2300
-50,-30,7725,-657,3079,-5000
-50,-30,9577,-488,4503,3850
-50,-30,4895,-973,5971,4800
-50,-30,9448,-168,5909,550
-50,-30,8533,-80,8460,1650
-50,-30,3536,-644,8269,1350
-50,-30,7670,883,6940,-250
-50,-25,5428,85,9722,250
-50,-25,1798,-170,9309,-3050
-50,-25,7914,138,8283,1050
-50,-25,5999,880,6530,1500
-50,-25,4076,-863,9681,650
-50,-25,8798,146,2047,-1100
-50,-25,183,125,2235,4700
-50,-25,2143,-561,9322,2850
-50,-25,448,-709,1348,1450
-50,-25,5857,-7,7711,-3700
-50,-25,4139,557,3618,4750
-50,-25,148,-853,2998,-2350
-50,-25,1258,173,1489,-3350
-50,-25,9421,-883,2963,-2400
-50,-25,9706,-2,8197,4800
-50,-25,2198,650,9654,950
-50,-25,4942,315,9565,-2950
-50,-25,6232,-571,489,3700
-50,-25,3421,-338,9253,2050
-50,-25,6646,711,6202,-4400
-50,-20,6345,271,1054,-800
-50,-20,3342,85,4427,1700
-50,-20,6443,-843,6890,4350
-50,-20,6221,-208,4023,-4650
-50,-20,2367,-506,1784,-600
-50,-20,3610,850,4605,-4400
-50,-20,985,943,5867,3750
-50,-20,4175,-796,4350,-200
-50,-20,2825,-99,38,550
-50,-20,6479,793,4331,-4250
-50,-20,3103,-795,6500,4150
-50,-20,4091,-24,904,4500
-50,-20,3564,152,1488,-2100
-50,-20,6913,-507,7959,-900
-50,-20,836,470,4922,3050
-50,-20,3058,108,2041,4500
-50,-20,6155,-769,5987,-950
-50,-20,3956,-952,6825,-400
-50,-20,2496,517,5209,4800
-50,-20,8666,399,2317,-2650
-50,-15,8968,439,2791,-1150
-50,-15,9052,-883,4747,-4850
-50,-15,3749,731,5418,-4850
-50,-15,3798,-352,8603,4400
-50,-15,5,774,6154,-5000
-50,-15,7994,285,9084,3000
-50,-15,415,472,8940,4500
-50,-15,9585,579,6423,4350
-50,-15,4559,453,2097,-3300
-50,-15,7920,-55,4902,-850
-50,-15,4494,-95,2850,-2000
-50,-15,5650,89,66,-1900
-50,-15,3414,-790,7481,3800
-50,-15,2833,-152,16,-3250
-50,-15,8519,93,5074,1150
-50,-15,5002,-991,5805,2300
-50,-15,600,-357,8637,-2850
-50,-15,1521,-194,2513,2250
-50,-15,4965,-729,5717,1250
-50,-15,2234,376,303,-4050
-50,-10,450,834,4309,1050
-50,-10,5648,-538,6850,3450
-50,-10,9370,794,7891,-1600
-50,-10,2957,-637,3759,-4750
-50,-10,8298,311,7754,3450
-50,-10,3038,229,9993,3300
-50,-10,208,-692,8971,-3450
-50,-10,5238,-609,8289,3750
-50,-10,3381,-571,8971,-850
-50,-10,733,720,9964,-4950
-50,-10,9581,999,5278,4150
-50,-10,2565,92,673,250
-50,-10,9116,328,354,-4850
-50,-10,3043,-567,5117,-150
-50,-10,6097,-308,1043,3900
-50,-10,1324,765,1638,-550
-50,-10,1094,-707,7882,-3900
-50,-10,7656,-784,4260,-2550
-50,-10,4915,213,7378,1900
-50,-10,6430,425,6200,-1450
-50,-5,1474,810,5540,1200
-50,-5,7484,66,9595,-2350
-50,-5,1497,671,5994,-1050
-50,-5,1674,-532,1775,4000
-50,-5,7524,536,3507,-1400
-50,-5,2674,710,1731,600
-50,-5,8707,-957,6144,4600
-50,-5,4648,-370,9885,-4400
-50,-5,8211,-948,8341,4800
-50,-5,6977,-39,5077,-3750
-50,-5,5460,444,4365,-3800
-50,-5,823,172,965,-3950
-50,-5,1742,-292,8065,750
-50,-5,8382,-723,8437,4950
-50,-5,6645,-568,3425,3050
-50,-5,3094,186,6334,-2800
-50,-5,9279,-628,3588,2100
-50,-5,676,-756,6111,1400
-50,-5,8804,-370,2769,-3900
-50,-5,8251,329,4102,3800
-50,0,5683,676,7662,-1550
-50,0,7846,-806,5070,-4150
-50,0,5286,-520,2918,2600
-50,0,3522,963,503,-50
-50,0,8434,537,9970,-1800
-50,0,6731,-598,4560,1950
-50,0,8268,-183,4594,4050
-50,0,2809,-283,2219,-1400
-50,0,8718,925,4695,2800
-50,0,823,165,8547,-4150
-50,0,9215,27,9571,250
-50,0,4870,-625,4304,450
-50,0,4948,-438,1849,-4700
-50,0,2523,304,2940,-2100
-50,0,8257,-200,5962,-800
-50,0,2969,808,507,-3000
-50,0,8756,-712,9456,2800
-50,0,2124,633,1351,-2400
-50,0,8013,-739,5220,-1300
-50,0,6595,-938,769,-4000
-50,5,2751,632,8887,-4000
-50,5,5286,928,3598,-500
-50,5,9562,-123,4764,-4150
-50,5,3295,815,8682,-3450
-50,5,41,-46,6688,2100
-50,5,8067,-263,1642,600
-50,5,6736,-692,9270,2500
-50,5,9082,-770,1163,4750
-50,5,1550,-993,1392,2500
-50,5,2923,22,5340,-2050
-50,5,7308,-161,5875,-1900
-50,5,9459,-715,9920,-2050
-50,5,4718,798,6203,-100
-50,5,6776,-647,9862,-1650
-50,5,1407,-202,9945,3900
-50,5,7450,343,8954,-1100
-50,5,5646,-87,1443,-1450
-50,5,9654,946,9686,-3400
-50,5,9878,129,6694,-950
-50,5,3179,89,9328,-3850
-50,10,603,-140,9726,-2300
-50,10,3216,163,9023,3650
-50,10,2382,-253,6228,-3200
-50,10,3465,125,1862,-4350
-50,10,4244,-890,4803,-3800
-50,10,6332,-944,2622,-4950
-50,10,954,-19,2918,200
-50,10,5545,-324,4630,-3400
-50,10,3582,-430,5125,3650
-50,10,4312,-448,5115,4550
-50,10,7763,-529,3970,-2000
-50,10,611,372,1908,-950
-50,10,8491,-713,8727,3350
-50,10,5547,-53,5106,-3300
-50,10,1653,-641,9431,3400
-50,10,7797,-321,8894,-3750
-50,10,7640,-424,6824,700
-50,10,9560,-870,2961,2200
-50,10,7912,-918,8115,-3850
-50,10,454,-666,6302,-4600
-50,15,8449,864,3656,500
-50,15,691,779,9313,-4300
-50,15,5248,223,775,-100
-50,15,4598,-862,892,2450
-50,15,6470,723,3911,4950
-50,15,306,362,2600,-1300
-50,15,5424,-847,754,-4900
-50,15,4596,-881,9293,1650
-50,15,1776,286,4296,2600
-50,15,6542,-406,2744,3350
-50,15,965,293,2107,1600
-50,15,5144,777,2196,1100
-50,15,2122,-321,8484,-4300
-50,15,2270,-364,4779,1850
-50,15,2170,-474,2248,-4700
-50,15,9365,-699,7351,650
-50,15,7489,-24,2866,-1950
-50,15,4907,-252,586,-100
-50,15,6573,585,5397,-2850
-50,15,8895,665,7484,-250
-50,20,9311,446,417,-2400
-50,20,4324,761,1215,3850
-50,20,4443,-69,6344,2050
-50,20,8006,39,2219,-3200
-50,20,7543,713,2563,-1950
-50,20,4853,-13,610,3550
-50,20,5014,-611,8996,-1800
-50,20,2017,-71,3920,3150
-50,20,1931,-318,7447,-400
-50,20,1442,-658,1576,3950
-50,20,1860,439,7661,4150
-50,20,3233,154,9519,-750
-50,20,8644,-576,2660,1350
-50,20,1416,-198,592,3900
-50,20,6766,-937,469,-4900
-50,20,8089,-319,6252,4550
-50,20,6099,-462,8497,-1250
-50,20,4631,-787,2815,-2100
-50,20,7054,-364,3660,-300
-50,20,9742,313,5919,-1450
-50,25,9726,603,4926,-1550
-50,25,9198,-604,7108,3900
-50,25,871,-588,3490,-1250
-50,25,8418,323,3862,-2150
-50,25,6411,403,2619,-2900
-50,25,3466,-940,2534,-3100
-50,25,3373,-581,1829,-4300
-50,25,5653,-757,8039,-1800
-50,25,5912,911,4062,3200
-50,25,4396,-74,4681,2000
-50,25,1006,-431,493,2900
-50,25,6603,-405,4258,4800
-50,25,6607,-986,494,-1350
-50,25,54,518,8881,1100
-50,25,5523,220,8209,-1350
-50,25,5739,-725,1225,550
-50,25,7041,-648,1717,-3650
-50,25,7298,451,7326,150
-50,25,3245,175,5123,-750
-50,25,460,849,7418,-3200
-50,30,2255,-197,2729,4000
-50,30,2818,-793,3423,3650
-50,30,1859,953,559,500
-50,30,9468,732,7884,-2950
-50,30,3345,89,587,400
-50,30,3491,-113,4917,-2600
-50,30,371,649,1742,-4500
-50,30,2359,590,3221,950
-50,30,3060,-208,4246,-1650
-50,30,7744,-361,2616,4900
-50,30,234,942,1851,-200
-50,30,3779,-810,7342,4050
-50,30,5458,241,7398,150
-50,30,2931,245,435,3000
-50,30,2956,-139,8385,-750
-50,30,4617,-124,1640,250
-50,30,5251,-137,4023,3750
-50,30,4406,-317,563,2300
-50,30,3598,246,1367,-4050
-50,30,8191,266,2924,1900
-50,35,4094,-73,4799,-4350
-50,35,225,-222,3162,300
-50,35,2336,-969,9463,4750
-50,35,1247,300,9176,2350
-50,35,7260,-867,2308,3700
-50,35,4765,-343,2156,-4450
-50,35,3832,220,51,-2200
-50,35,4211,-225,4841,4100
-50,35,970,-448,2142,-450
-50,35,9300,480,9853,4950
-50,35,7026,729,1728,3950
-50,35,5895,738,3246,-2000
-50,35,6972,278,2705,3900
-50,35,9754,-508,5257,350
-50,35,2840,382,1609,4650
-50,35,6582,-658,2004,4950
-50,35,9154,-786,3139,1200
-50,35,9549,682,7179,850
-50,35,3625,990,6606,3550
-50,35,660,-23,1300,2600
-50,40,3961,-849,2719,3150
-50,40,3084,-878,7202,-850
-50,40,173,766,3936,-1600
-50,40,7161,-829,6253,2950
-50,40,5715,996,3047,-2550
-50,40,9114,-816,1745,1900
-50,40,6600,796,1038,0
-50,40,8750,322,2007,1100
-50,40,4662,96,4098,-4400
-50,40,8410,-737,1720,-5000
-50,40,1884,962,4114,-4600
-50,40,9998,-952,6913,-2900
-50,40,9222,162,4314,3450
-50,40,3067,-427,1994,-2600
-50,40,1835,425,5072,-5000
-50,40,5987,-759,618,-700
-50,40,4672,-766,8691,1550
-50,40,856,237,8602,-2400
-50,40,7875,28,8531,-4050
-50,40,6815,-645,8317,250
-50,45,3861,-680,1829,-3050
-50,45,4146,189,4544,-450
-50,45,4449,885,2068,4500
-50,45,3760,-433,1609,-1350
-50,45,7797,-949,3100,-3250
-50,45,8626,-388,1126,2750
-50,45,8169,-876,672,-3850
-50,45,1225,457,1879,300
-50,45,7026,-515,109,-2450
-50,45,9081,-357,9796,3450
-50,45,4940,370,7099,-2800
-50,45,5991,-473,741,4300
-50,45,4064,-356,7248,2650
-50,45,3434,968,3183,-3750
-50,45,2725,-428,5763,650
-50,45,2716,603,3098,3500
-50,45,5895,-768,1273,-3350
-50,45,1475,-583,7128,1950
-50,45,1392,87,9120,4700
-50,45,7041,352,4849,-3900
-50,50,3501,-515,7416,1200
-50,50,4656,935,9282,-4500
-50,50,6592,309,3758,-250
-50,50,7550,-897,8850,2050
-50,50,4362,-480,6593,2750
-50,50,4145,-214,460,2150
-50,50,5459,-643,57,-2400
-50,50,6991,-618,8150,3900
-50,50,2051,442,1033,50
-50,50,7965,-424,1391,4200
-50,50,3653,747,137,3950
-50,50,6324,199,261,1200
-50,50,1817,981,45,1350
-50,50,1800,783,6305,600
-50,50,4175,178,3387,-4950
-50,50,3044,-249,628,-4950
-50,50,5840,478,684,3250
-50,50,6395,-160,809,3500
-50,50,8234,-654,2952,-4000
-50,50,6724,350,4815,-2800
-45,-100,7673,466,3510,4600
-45,-100,6802,-108,7409,-2000
-45,-100,4033,398,2492,4500
-45,-100,6734,-696,8629,3250
-45,-100,5604,-402,7912,4300
-45,-100,591,77,9887,1800
-45,-100,5016,766,2790,-4450
-45,-100,612,380,4896,-4550
-45,-100,3012,-411,5187,4600
-45,-100,1560,264,2081,850
-45,-100,8175,-658,9717,3650
-45,-100,6038,624,2837,-2150
-45,-100,2548,-423,2604,-4250
-45,-100,104,-933,1263,4850
-45,-100,1071,729,8694,-300
-45,-100,397,-110,7904,3550
-45,-100,1740,712,3688,4000
-45,-100,1222,-335,4701,1450
-45,-100,3395,-744,3701,-3600
-45,-100,6094,740,9096,1500
-45,-95,3498,448,5624,3900
-45,-95,10,-577,6912,-3100
-45,-95,1611,-350,3359,3350
-45,-95,7553,-251,9324,3100
-45,-95,679,395,8050,-5000
-45,-95,1592,-498,5841,4000
-45,-95,9421,405,953,-2850
-45,-95,1772,477,9193,-4750
-45,-95,6153,434,7568,4050
-45,-95,2357,750,4142,-1100
-45,-95,141,453,3764,-1650
-45,-95,7175,-399,2678,4650
-45,-95,14,-264,2034,4950
-45,-95,3664,736,3247,-4300
-45,-95,8748,-309,1319,-450
-45,-95,3970,193,8297,3000
-45,-95,3724,-612,6512,3900
-45,-95,6916,796,8195,-3400
-45,-95,908,830,6090,-2950
-45,-95,6286,413,538,-4850
-45,-90,1899,-981,217,-1500
-45,-90,6049,754,7326,4450
-45,-90,3410,648,4368,350
-45,-90,5563,396,7991,-5000
-45,-90,8520,477,8044,1950
-45,-90,1786,-968,5959,2850
-45,-90,4126,859,4651,2300
-45,-90,8516,-377,8457,3700
-45,-90,753,-116,4814,-400
-45,-90,1395,-522,4997,-1650
-45,-90,1770,-41,5076,500
-45,-90,890,0,966,1200
-45,-90,4002,-633,6341,-850
-45,-90,4774,-691,6168,-4500
-45,-90,1611,-939,758,-3400
-45,-90,394,687,6757,400
-45,-90,5534,-457,1303,2750
-45,-90,1990,-713,774,200
-45,-90,1548,-692,1513,2100
-45,-90,2483,519,3818,-1850
-45,-85,2759,-816,5496,-2700
-45,-85,8079,-115,3387,3900
-45,-85,7669,-359,5816,-1450
-45,-85,4990,15,4037,-1550
-45,-85,2502,680,5132,-4750
-45,-85,7219,-152,6278,4600
-45,-85,14,-723,1282,-2650
-45,-85,3276,-198,1981,-2250
-45,-85,7591,-326,6109,3750
-45,-85,6445,791,5845,-650
-45,-85,8001,652,6116,-1500
-45,-85,4118,804,442,4900
-45,-85,6318,830,5866,-1750
-45,-85,1090,-627,3677,1850
-45,-85,7544,-178,7761,250
-45,-85,3784,648,3094,-4300
-45,-85,8678,599,2452,550
-45,-85,8412,-994,1775,-900
-45,-85,4679,562,655,-2950
-45,-85,9641,918,9459,1500
-45,-80,1900,-289,3398,3750
-45,-80,1628,799,5894,-1150
-45,-80,8653,-281,5237,-3250
-45,-80,8200,972,9719,1900
-45,-80,2529,-943,2951,400
-45,-80,2304,-120,4154,1350
-45,-80,3330,32,3511,-3050
-45,-80,4443,-409,7742,3550
-45,-80,5830,714,4009,-1600
-45,-80,4703,-558,1938,-500
-45,-80,7854,-555,2465,-5000
-45,-80,6126,-435,8945,2350
-45,-80,2530,851,4843,4900
-45,-80,838,-356,919,-3700
-45,-80,9204,-701,2751,2850
-45,-80,4953,451,3451,-1450
-45,-80,8780,-509,2037,-4100
-45,-80,8981,29,3927,1250
-45,-80,3700,-635,2323,4450
-45,-80,7714,772,7834,-2200
-45,-75,4798,97,1881,-5000
-45,-75,705,542,1366,400
-45,-75,9742,794,9408,-2300
-45,-75,2727,466,8871,2450
-45,-75,7291,-375,754,-3750
-45,-75,3029,-880,5408,3500
-45,-75,5373,256,5962,-500
-45,-75,2805,-732,3816,-3200
-45,-75,5662,860,2889,3300
-45,-75,6997,337,8583,-4350
-45,-75,739,-808,7040,450
-45,-75,4347,109,6698,-1900
-45,-75,1554,-602,5906,-4600
-45,-75,5923,-557,5729,-4800
-45,-75,1246,-289,1685,2000
-45,-75,1514,-261,9087,300
-45,-75,7579,-185,1288,4750
-45,-75,3254,169,8770,-400
-45,-75,9365,222,6696,-5000
-45,-75,1227,195,8685,550
-45,-70,2074,-283,1403,-2400
-45,-70,9929,-873,3337,-1650
-45,-70,2430,-330,4644,0
-45,-70,2306,-742,9034,-4100
-45,-70,988,-359,2138,-4750
-45,-70,4806,-404,1525,2200
-45,-70,9066,-981,2041,3300
-45,-70,4354,435,6341,2750
-45,-70,8458,818,997,-2300
-45,-70,8867,223,4022,-2650
-45,-70,7347,-692,1419,350
-45,-70,2959,985,6544,-3750
-45,-70,5319,-104,5566,-2000
-45,-70,6143,-518,5796,-4550
-45,-70,1284,674,5773,-4950
-45,-70,4120,-716,2865,4600
-45,-70,9243,569,2756,2150
-45,-70,824,639,8779,1100
-45,-70,3947,603,3810,-2950
-45,-70,1895,815,2986,3700
-45,-65,2517,965,1863,4950
-45,-65,2098,-262,130,-4450
-45,-65,6726,37,1915,-2650
-45,-65,4304,612,2903,-4000
-45,-65,8011,450,9994,3900
-45,-65,2743,727,6177,-1350
-45,-65,9231,174,7959,1500
-45,-65,9827,532,8173,1500
-45,-65,2563,-382,4818,1150
-45,-65,2521,-752,123,-2300
-45,-65,7221,302,1032,3750
-45,-65,1200,688,8094,-650
-45,-65,2955,-297,8735,-3600
-45,-65,7200,107,2515,-4200
-45,-65,7528,554,3310,-5000
-45,-65,9186,338,2935,700
-45,-65,9843,406,7521,1700
-45,-65,4242,429,6433,1800
-45,-65,4003,24,1236,-2050
-45,-65,7322,705,4740,3300
-45,-60,3559,-352,7552,450
-45,-60,7541,-487,9273,-1050
-45,-60,3293,-225,7132,1100
-45,-60,4647,131,4580,1250
-45,-60,8678,-681,3017,4850
-45,-60,5157,-116,4625,-350
-45,-60,917,-854,5842,-1200
-45,-60,7153,556,6421,2550
-45,-60,9958,-582,4917,1350
-45,-60,8010,310,4047,-50
-45,-60,4628,-156,8815,2750
-45,-60,8985,-870,7880,550
-45,-60,5283,510,8620,-3800
-45,-60,7595,980,9099,4450
-45,-60,8337,368,3725,350
-45,-60,8086,42,5515,2000
-45,-60,4887,55,7336,3150
-45,-60,3173,327,7904,-4500
-45,-60,1770,802,2673,4450
-45,-60,8448,-406,6354,-2450
-45,-55,5403,-8,7465,2900
-45,-55,4813,705,422,-4400
-45,-55,894,-117,5196,4950
-45,-55,3410,-27,8362,450
-45,-55,3814,501,6308,-4900
-45,-55,1588,-235,6974,-3900
-45,-55,9501,-789,1934,-4450
-45,-55,6711,824,7964,250
-45,-55,3857,829,4934,1200
-45,-55,4175,665,6915,2150
-45,-55,8246,947,7858,-3250
-45,-55,5127,-847,4891,3150
-45,-55,9100,836,6149,3050
-45,-55,9852,722,902,-3400
-45,-55,3746,648,2832,3150
-45,-55,9927,-147,8401,700
-45,-55,4006,-328,5083,3800
-45,-55,4539,206,8270,-3850
-45,-55,6356,-700,8219,-2850
-45,-55,7911,-350,3940,-2550
-45,-50,2290,-918,7380,-700
-45,-50,4336,-106,7054,800
-45,-50,2744,544,1566,-3100
-45,-50,1153,953,8174,2250
-45,-50,2116,-805,3063,4150
-45,-50,5076,853,1022,0
-45,-50,7058,22,5056,-1850
-45,-50,8090,-468,8713,1000
-45,-50,3269,-711,4927,-3900
-45,-50,7659,636,4029,4500
-45,-50,6791,875,8204,-3600
-45,-50,9947,634,5794,600
-45,-50,1632,873,9753,450
-45,-50,5591,-937,5411,-4900
-45,-50,9866,-494,132,500
-45,-50,9035,639,5796,-1300
-45,-50,1119,-597,9214,4500
-45,-50,6660,950,9250,-2550
-45,-50,2767,465,8713,4100
-45,-50,8042,480,8823,3100
-45,-45,771,316,5179,-1650
-45,-45,227,-550,1936,650
-45,-45,6217,136,7457,-350
-45,-45,1229,516,4544,-3800
-45,-45,8383,624,6095,-4850
-45,-45,7534,340,8301,3600
-45,-45,7562,-241,2099,1150
-45,-45,8952,-889,208,-3950
-45,-45,7302,-556,1886,4950
-45,-45,3604,-966,3496,-2700
-45,-45,1227,-421,4273,-1050
-45,-45,6796,726,7599,3200
-45,-45,1213,805,1283,-3700
-45,-45,570,-1,4844,3350
-45,-45,8013,-825,4775,2000
-45,-45,7805,-681,1189,2050
-45,-45,1167,-784,1913,-4950
-45,-45,2454,-132,6054,4400
-45,-45,2224,857,6275,4900
-45,-45,7862,-401,9558,-4150
-45,-40,2111,572,4001,-4000
-45,-40,9491,771,3881,-2450
-45,-40,472,-993,6569,-1950
-45,-40,8943,-431,7127,-450
-45,-40,6779,277,1092,-1600
-45,-40,4899,-413,1023,-3300
-45,-40,7150,-833,8867,-100
-45,-40,4239,211,4614,-4300
-45,-40,5934,620,5409,-2000
-45,-40,9552,-735,2323,-4700
-45,-40,9306,443,4690,4900
-45,-40,389,-274,8900,-700
-45,-40,4067,-695,5785,-5000
-45,-40,9967,-123,215,-4900
-45,-40,3971,854,1836,-350
-45,-40,7228,674,9215,-2300
-45,-40,9625,864,1030,-3200
-45,-40,5874,348,3726,4600
-45,-40,2709,-282,3793,1100
-45,-40,5332,-604,5504,-3400
-45,-35,7704,-315,4906,4950
-45,-35,3820,822,5741,500
-45,-35,5422,-785,2961,-4400
-45,-35,1101,43,9771,-1800
-45,-35,5165,-565,2541,1600
-45,-35,3704,60,6181,2500
-45,-35,6766,-890,5322,-3150
-45,-35,8146,-256,6525,-2300
-45,-35,4386,313,3963,-4950
-45,-35,5565,-591,3745,2400
-45,-35,1312,277,7940,4750
-45,-35,6859,66,2056,2250
-45,-35,9159,518,5326,-1350
-45,-35,8492,764,5721,-2800
-45,-35,4492,-717,2735,-150
-45,-35,8402,-986,6881,1050
-45,-35,8486,-320,4696,-1200
-45,-35,1778,-966,9543,-2050
-45,-35,6645,53,5627,4950
-45,-35,166,-251,4664,2650
-45,-30,4812,396,6629,-2600
-45,-30,8939,596,8086,4200
-45,-30,3078,774,1881,-3900
-45,-30,1778,-798,7270,-4900
-45,-30,5340,266,4664,4700
-45,-30,5198,246,2531,-4150
-45,-30,3427,-302,6708,2850
-45,-30,8683,3,4714,3350
-45,-30,4377,-366,1147,350
-45,-30,4186,-821,1809,4750
-45,-30,7367,-121,9105,-4650
-45,-30,5535,194,9130,-1500
-45,-30,4903,96,1237,-1450
-45,-30,262,-290,8975,-1750
-45,-30,1570,473,6935,3000
-45,-30,3707,-66,4445,2000
-45,-30,5089,782,7788,-250
-45,-30,50,916,3182,-950
-45,-30,2549,-938,2909,-4800
-45,-30,8352,562,2087,4600
-45,-25,7237,428,524,1650
-45,-25,4136,-338,8206,500
-45,-25,6380,-330,6238,3500
-45,-25,2718,-840,4839,-2100
-45,-25,2709,-682,9384,-900
-45,-25,5737,-494,7707,2300
-45,-25,6480,-234,5334,-4050
-45,-25,8561,-226,8877,2450
-45,-25,4323,819,8361,-1100
-45,-25,7339,-456,7995,-200
-45,-25,1354,865,4228,-4200
-45,-25,6427,-753,3045,650
-45,-25,3500,-898,4828,-3300
-45,-25,430,958,16,-1900
-45,-25,2049,-874,5172,4950
-45,-25,6306,-347,7237,4800
-45,-25,7777,-931,8705,1450
-45,-25,6663,694,6758,-250
-45,-25,1201,157,2202,3900
-45,-25,2064,414,4673,4850
-45,-20,1162,-134,134,-2250
-45,-20,5434,159,2854,4900
-45,-20,4116,986,9981,2350
-45,-20,9631,-456,7520,-3300
-45,-20,6792,216,5483,2400
-45,-20,2720,354,372,1900
-45,-20,9889,499,6350,2100
-45,-20,506,-560,4885,3600
-45,-20,9863,-906,3967,4600
-45,-20,7454,607,4824,3350
-45,-20,5741,-24,9005,3550
-45,-20,3458,-184,6206,-2500
-45,-20,7265,-981,270,4300
-45,-20,3665,-540,1376,-3700
-45,-20,5668,268,9686,-3100
-45,-20,9413,-682,8985,-3600
-45,-20,7229,-305,5394,4000
-45,-20,5717,-975,6131,-2950
-45,-20,4681,-897,9330,2900
-45,-20,7206,223,7096,-2600
-45,-15,5026,582,8184,3850
-45,-15,9626,987,6930,-3100
-45,-15,7458,-720,2971,250
-45,-15,8231,-431,266,-2300
-45,-15,3439,425,8768,-3550
-45,-15,5471,284,2111,-1000
-45,-15,6487,-765,9636,-2000
-45,-15,7307,598,3232,850
-45,-15,6521,-913,6083,3900
-45,-15,7560,-948,8773,200
-45,-15,6343,-397,2520,3950
-45,-15,2046,171,8941,-2650
-45,-15,777,601,8984,-550
-45,-15,283,67,1645,-3150
-45,-15,6319,774,6763,3150
-45,-15,7752,-291,3038,4750
-45,-15,3801,383,6131,1000
-45,-15,9565,14,2484,-2550
-45,-15,7141,910,4091,50
-45,-15,7467,342,406,-1650
-45,-10,7695,937,9339,1750
-45,-10,8226,-512,3589,4750
-45,-10,1718,-762,798,-2350
-45,-10,7487,-659,4002,-1500
-45,-10,6792,828,1643,-1650
-45,-10,5438,-174,4287,900
-45,-10,4750,841,6336,-350
-45,-10,4966,249,2840,4150
-45,-10,3008,-533,3266,2000
-45,-10,8700,133,9322,4950
-45,-10,389,-1,3352,-1400
-45,-10,5590,-13,8082,-2550
-45,-10,7264,-9,3768,-800
-45,-10,8453,-862,6963,-3550
-45,-10,1753,217,8084,-1000
-45,-10,6106,16,7867,2500
-45,-10,7910,-518,2743,4800
-45,-10,7895,23,3851,-4350
-45,-10,68,-257,5648,-4150
-45,-10,6981,398,4291,-4000
-45,-5,6361,228,4995,-1300
-45,-5,3487,231,7280,-3250
-45,-5,9828,-575,1993,-1600
-45,-5,2410,723,7171,450
-45,-5,4478,522,2777,-5000
-45,-5,9229,-985,9834,3350
-45,-5,6558,-940,9271,3450
-45,-5,695,-30,7319,3250
-45,-5,1075,159,8496,4650
-45,-5,884,-597,3231,-2850
-45,-5,4790,880,6147,1350
-45,-5,2848,-937,7754,-1300
-45,-5,3692,-349,6375,-900
-45,-5,7331,807,1746,-3100
-45,-5,6880,700,7961,650
-45,-5,7098,-819,684,-2650
-45,-5,3260,-863,7279,-500
-45,-5,3543,-83,7997,2800
-45,-5,3159,922,8544,-2000
-45,-5,1345,250,2174,3050
-45,0,8063,53,4733,-2800
-45,0,3118,108,7851,-1350
-45,0,7237,-527,2249,-2150
-45,0,4312,409,7593,-500
-45,0,8860,-178,5430,2900
-45,0,3259,522,6806,-2600
-45,0,8930,361,7106,-3400
-45,0,7801,822,5546,-3700
-45,0,7240,-900,7208,4200
-45,0,6060,962,3873,4500
-45,0,2613,232,3086,1800
-45,0,913,780,4961,-4650
-45,0,4893,-602,3185,-400
-45,0,2656,-417,9402,600
-45,0,2798,-350,4016,-800
-45,0,9089,143,7866,350
-45,0,7994,268,9134,-3750
-45,0,8406,655,5749,2500
-45,0,5681,477,7364,-3150
-45,0,9815,896,7852,-2450
-45,5,2510,723,9785,-4350
-45,5,269,-139,8762,-1700
-45,5,1891,605,8624,-1000
-45,5,9058,-187,3257,450
-45,5,7681,-485,6622,1600
-45,5,9994,-754,6527,400
-45,5,3386,44,5984,-4700
-45,5,9016,-487,7984,-850
-45,5,9325,-445,3264,-2200
-45,5,7438,143,2014,-3300
-45,5,1285,-893,4497,-2500
-45,5,2165,839,9507,-3650
-45,5,2188,73,6936,3850
-45,5,9050,91,2229,-4150
-45,5,6095,-166,6633,-50
-45,5,4710,637,594,600
-45,5,6352,-552,7360,4550
-45,5,6432,39,1233,-700
-45,5,5113,136,6092,2650
-45,5,590,-608,5484,2350
-45,10,2394,-109,7089,2750
-45,10,4601,402,8403,-3750
-45,10,2883,186,9693,4750
-45,10,315,-564,2050,3200
-45,10,8665,-380,1591,900
-45,10,8922,-535,7728,3850
-45,10,8764,-280,3642,3700
-45,10,5433,-255,9380,400
-45,10,566,872,6262,2750
-45,10,9314,738,9081,1150
-45,10,3232,732,3364,-3700
-45,10,7493,517,7070,400
-45,10,7682,-321,476,950
-45,10,9868,-352,4083,-2750
-45,10,9467,-916,1344,4300
-45,10,3754,303,4196,2100
-45,10,6390,-668,209,1850
-45,10,1488,-796,9049,550
-45,10,2178,-20,7832,-3350
-45,10,1739,23,6596,-3250
-45,15,5692,986,3415,1250
-45,15,725,-489,6283,-3100
-45,15,6149,-445,2332,-900
-45,15,9519,-718,5707,3700
-45,15,5678,-639,4390,-700
-45,15,4429,-102,7873,-3550
-45,15,3702,892,7821,-1450
-45,15,755,-333,1857,4150
-45,15,6262,952,377,4950
-45,15,6740,953,1256,700
-45,15,8228,-205,1943,-1450
-45,15,1705,93,7339,-5000
-45,15,8276,605,9379,1300
-45,15,1873,592,9554,-200
-45,15,5976,370,4195,4950
-45,15,5085,398,3573,-50
-45,15,7134,-573,2069,3300
-45,15,8462,-653,2701,-3850
-45,15,4397,-370,2150,2350
-45,15,2201,314,445,-3600
-45,20,3579,-740,4785,-2900
-45,20,6583,-564,4087,4000
-45,20,948,-682,1376,150
-45,20,8889,-509,6728,2350
-45,20,4636,-285,1045,-550
-45,20,4086,815,122,3300
-45,20,3955,656,8378,-1500
-45,20,1365,-984,3580,-1550
-45,20,3137,9,9653,-150
-45,20,1310,843,4488,-2100
-45,20,9611,782,984,2400
-45,20,2243,999,5676,3950
-45,20,6427,-928,7533,-4250
-45,20,9055,-882,9376,-4800
-45,20,4648,-36,9784,-3350
-45,20,123,848,3460,-1550
-45,20,8373,614,7364,-4950
-45,20,2993,-606,5387,-250
-45,20,7254,-95,4821,-550
-45,20,1055,294,9361,1200
-45,25,4257,-408,1217,-2100
-45,25,8157,-822,3036,-550
-45,25,2221,125,7074,1450
-45,25,1617,505,1660,-2950
-45,25,607,628,854,900
-45,25,1601,289,5189,-4000
-45,25,2100,379,2408,-3750
-45,25,8580,80,2304,-4900
-45,25,9820,662,1896,3200
-45,25,8840,-222,1225,-450
-45,25,3549,1000,3556,900
-45,25,7110,-569,8570,1650
-45,25,828,-732,4324,500
-45,25,715,502,3083,50
-45,25,3043,-753,5475,-2200
-45,25,5258,-771,3856,3950
-45,25,3406,-440,8459,4500
-45,25,8195,848,5629,-1200
-45,25,41,721,37,600
-45,25,316,-476,9442,-700
-45,30,8947,-643,7976,2700
-45,30,1083,212,1469,-4850
-45,30,736,-568,7764,-1200
-45,30,7199,-568,7820,-2050
-45,30,6829,-744,126,-4550
-45,30,6435,290,8104,1550
-45,30,6177,266,1471,4050
-45,30,8714,978,321,-800
-45,30,6022,497,6904,2000
-45,30,418,125,9745,-3300
-45,30,583,-650,8552,-50
-45,30,6553,-937,263,0
-45,30,6032,-882,5069,-4250
-45,30,6860,846,8092,2300
-45,30,3748,614,6800,-2450
-45,30,4043,549,9123,3200
-45,30,6101,833,6670,450
-45,30,4554,-95,3490,3950
-45,30,5259,308,669,-1900
-45,30,5387,-841,2847,-2000
-45,35,1988,577,6509,-2300
-45,35,4973,758,5514,-4150
-45,35,3837,859,5427,-3600
-45,35,4592,-579,1036,-5000
-45,35,3617,-391,6318,1800
-45,35,483,-604,5500,3450
-45,35,5516,367,3692,3750
-45,35,7231,-298,6760,3150
-45,35,6254,830,8599,-4550
-45,35,5397,-65,1526,4300
-45,35,3665,972,2425,400
-45,35,5184,-603,4886,-4400
-45,35,6000,955,5778,-500
-45,35,4038,-497,4791,1900
-45,35,2701,-955,5189,-1600
-45,35,5005,909,8088,-250
-45,35,6497,-333,9997,2050
-45,35,6200,-258,4855,3100
-45,35,2231,864,9092,150
-45,35,4650,-521,8908,3150
-45,40,726,-940,5871,4950
-45,40,8712,-415,5524,2250
-45,40,6561,-213,1469,-3950
-45,40,6385,-906,8807,650
-45,40,9931,-16,9018,-2100
-45,40,6582,802,4077,-1250
-45,40,8373,587,4876,-300
-45,40,1828,-207,2293,2300
-45,40,3625,-240,1221,3200
-45,40,7619,-310,765,-350
-45,40,4452,990,266,3050
-45,40,5360,84,4480,-2800
-45,40,6761,-937,2664,4800
-45,40,7536,-454,5963,150
-45,40,1825,264,6662,-3500
-45,40,7041,503,883,-650
-45,40,938,-80,8439,3550
-45,40,2241,189,1994,200
-45,40,7376,198,9583,-4500
-45,40,7044,938,9504,3900
-45,45,5180,417,8314,-3800
-45,45,806,649,3184,-3700
-45,45,1726,419,9713,-1950
-45,45,220,439,6883,-1100
-45,45,5804,-615,9218,-4300
-45,45,2846,927,1599,3050
-45,45,1978,-847,7350,1450
-45,45,5314,-449,9225,4900
-45,45,2540,-357,2187,4050
-45,45,3467,-294,4315,100
-45,45,1533,-727,1405,1900
-45,45,6808,808,8002,-3500
-45,45,9304,-433,9227,4950
-45,45,3598,375,5009,3500
-45,45,256,933,2621,2350
-45,45,2398,455,2438,4900
-45,45,7480,847,1027,2100
-45,45,6788,-233,5454,-1700
-45,45,4432,-98,8766,-3850
-45,45,3660,977,3101,1100
-45,50,5136,-30,6737,2150
-45,50,8451,-699,3175,-4300
-45,50,1999,-976,1405,1950
-45,50,6680,-400,6306,800
-45,50,5041,-466,6031,-600
-45,50,3751,-949,3183,-3850
-45,50,7380,-689,6306,800
-45,50,8083,-205,3186,-4050
-45,50,5001,188,6306,850
-45,50,4334,564,9228,4900
-45,50,5783,-201,7311,-5000
-45,50,3776,-53,5761,400
-45,50,5622,-887,6306,800
-45,50,1647,-680,6464,3500
-45,50,1548,-31,600,-4900
-45,50,5019,-628,2353,-1250
-45,50,5017,-246,1405,1900
-45,50,1984,836,6306,900
-45,50,2665,79,6306,850
-45,50,3510,-588,1657,-300
-40,-100,4397,-929,7519,2150
-40,-100,6706,-564,3496,-3000
-40,-100,4040,-828,9720,2650
-40,-100,6788,-916,4805,-650
-40,-100,4821,630,9307,-3600
-40,-100,3385,-954,6126,-5000
-40,-100,9131,-912,4217,4800
-40,-100,1819,-214,6384,1750
-40,-100,5760,378,3723,-200
-40,-100,1875,-309,6663,-400
-40,-100,3641,-45,4588,4150
-40,-100,3761,-252,1700,3350
-40,-100,7306,561,3286,-3550
-40,-100,2052,65,5076,1600
-40,-100,9773,-355,8113,4500
-40,-100,1773,-87,3546,1300
-40,-100,2967,-452,2134,-3100
-40,-100,8121,971,6297,1000
-40,-100,2329,604,8591,-650
-40,-100,6995,150,2317,-1950
-40,-95,4967,38,3459,-2150
-40,-95,3945,818,3339,-3650
-40,-95,2984,419,4513,-1950
-40,-95,9229,168,265,100
-40,-95,7880,-307,424,4550
-40,-95,7143,-815,9737,-3300
-40,-95,6978,-605,1954,4950
-40,-95,5820,135,4325,-800
-40,-95,8517,-952,8910,1350
-40,-95,9513,545,8093,1050
-40,-95,9658,502,7134,2100
-40,-95,7212,537,7169,-1400
-40,-95,955,-287,9155,-100
-40,-95,600,293,8210,1850
-40,-95,930,-245,6190,-2150
-40,-95,3438,-913,4240,-4850
-40,-95,2893,-637,2920,3600
-40,-95,852,-971,7512,-3400
-40,-95,2283,-203,7986,-4300
-40,-95,3280,453,6008,-2000
-40,-90,6208,758,3131,-1000
-40,-90,8412,547,6195,-3050
-40,-90,7844,-288,9039,200
-40,-90,3037,551,2369,1600
-40,-90,8106,-648,9772,1650
-40,-90,3898,658,9666,500
-40,-90,8871,804,3004,800
-40,-90,299,431,6064,2650
-40,-90,5372,768,5769,1600
-40,-90,6387,-405,1015,1100
-40,-90,9680,729,3830,3750
-40,-90,926,-660,5024,3250
-40,-90,1454,960,6862,650
-40,-90,7456,963,1365,2750
-40,-90,4453,939,1259,2500
-40,-90,2173,-610,7984,-3650
-40,-90,5427,-883,4186,1500
-40,-90,6557,-79,9913,550
-40,-90,9217,-167,4409,250
-40,-90,1284,150,7875,1900
-40,-85,2746,-824,3723,1950
-40,-85,9748,803,1501,-2800
-40,-85,6305,426,8294,-2200
-40,-85,5505,-430,5501,-5000
-40,-85,8397,-434,4979,250
-40,-85,6488,-41,6478,-3350
-40,-85,8149,-342,8211,-4050
-40,-85,7179,735,6674,-4000
-40,-85,8405,-769,4467,4950
-40,-85,9169,-388,516,4800
-40,-85,9652,-376,3089,2900
-40,-85,2130,546,814,3900
-40,-85,4486,696,5328,500
-40,-85,7433,915,5039,4950
-40,-85,2412,524,6406,2500
-40,-85,2704,864,6960,2550
-40,-85,1502,724,7868,-1500
-40,-85,3591,-486,5357,1450
-40,-85,9930,-375,1574,3100
-40,-85,1814,57,7564,-1350
-40,-80,7056,875,365,-2650
-40,-80,4593,-729,3405,-1650
-40,-80,7745,716,7415,-3250
-40,-80,997,261,4851,4800
-40,-80,2910,-703,9306,-3800
-40,-80,6944,-916,7121,-1100
-40,-80,9146,506,2460,-1400
-40,-80,5419,-833,4805,3750
-40,-80,9976,761,5447,3850
-40,-80,8307,288,8717,4100
-40,-80,9940,-594,2204,4950
-40,-80,9393,-626,3569,3150
-40,-80,1272,302,9211,4600
-40,-80,6309,-535,8480,900
-40,-80,4453,797,9982,-950
-40,-80,5659,-71,9688,50
-40,-80,2000,-554,4318,-1900
-40,-80,8517,-823,1547,-3950
-40,-80,2045,372,7422,-3150
-40,-80,7034,-299,9694,-3600
-40,-75,1974,-490,2532,2850
-40,-75,6951,369,15,1900
-40,-75,629,40,2070,-3400
-40,-75,8938,-937,7022,-2350
-40,-75,9636,-622,5891,550
-40,-75,6240,-365,2544,1200
-40,-75,7036,-375,7914,2950
-40,-75,9157,299,7327,-2750
-40,-75,1888,997,5244,-5000
-40,-75,4781,-277,1453,-4500
-40,-75,3110,102,2039,3550
-40,-75,5801,635,5409,900
-40,-75,6107,-84,3244,4300
-40,-75,6159,-528,3922,-3750
-40,-75,4404,-705,6863,-1250
-40,-75,568,-19,3256,750
-40,-75,754,-130,5599,-900
-40,-75,7936,-814,8730,3550
-40,-75,1232,63,3335,-4900
-40,-75,2033,443,7587,1350
-40,-70,9537,818,2336,-2000
-40,-70,5936,624,4666,-2400
-40,-70,7452,71,9545,-2450
-40,-70,1416,812,5330,-900
-40,-70,5354,-661,198,1600
-40,-70,202,-527,7135,-4900
-40,-70,9650,-562,1424,2450
-40,-70,3990,439,9928,2150
-40,-70,8696,168,1900,-2650
-40,-70,3817,102,57,-2000
-40,-70,7689,-74,2190,4850
-40,-70,9456,-746,6872,-3000
-40,-70,7626,-595,2605,-4650
-40,-70,9050,-453,7630,-2400
-40,-70,9200,459,1403,-2100
-40,-70,3732,-355,1732,-450
-40,-70,6995,381,5055,-2400
-40,-70,4850,688,630,-400
-40,-70,4837,-698,5204,-2550
-40,-70,1341,479,4671,-4450
-40,-65,8411,586,8161,2600
-40,-65,43,-276,5448,2750
-40,-65,3281,156,5719,3350
-40,-65,3261,-674,2986,-250
-40,-65,1718,-382,3812,-2300
-40,-65,2590,-371,8363,-3100
-40,-65,2222,5,1716,3400
-40,-65,4462,-420,7775,-4350
-40,-65,4229,394,5821,-3900
-40,-65,5812,567,6037,-1500
-40,-65,6390,-956,6342,3800
-40,-65,816,581,6936,-2450
-40,-65,8337,95,5692,-1700
-40,-65,3829,639,9126,4050
-40,-65,7560,-658,595,-900
-40,-65,3236,-244,9573,4150
-40,-65,1969,-700,6611,2200
-40,-65,7807,184,6360,-4500
-40,-65,8396,-483,8639,3750
-40,-65,2014,-181,8859,-2150
-40,-60,4855,729,4558,850
-40,-60,3922,-888,1660,4500
-40,-60,387,786,2140,-1950
-40,-60,2499,-129,5270,4150
-40,-60,4081,-204,6998,2450
-40,-60,3315,-74,980,-4450
-40,-60,8433,50,8758,-2050
-40,-60,3900,986,9019,2650
-40,-60,2573,-478,7927,-1200
-40,-60,4686,696,982,-1450
-40,-60,5724,136,9122,-1650
-40,-60,6531,-604,5864,-4600
-40,-60,2407,50,3404,-4200
-40,-60,2505,-535,1862,-2450
-40,-60,624,503,7249,3600
-40,-60,1427,394,83,2500
-40,-60,419,959,6180,4800
-40,-60,7818,689,5316,-2000
-40,-60,2901,-323,3379,-3950
-40,-60,1307,884,1193,2000
-40,-55,3680,550,8025,-4950
-40,-55,1015,-174,6706,1350
-40,-55,7574,720,8250,3650
-40,-55,6091,-123,3166,-3700
-40,-55,7825,-479,4540,1300
-40,-55,4290,842,2982,2100
-40,-55,3822,-144,8519,-1300
-40,-55,2191,-206,516,3900
-40,-55,2942,458,6487,-2100
-40,-55,1865,-574,4655,-3650
-40,-55,187,-897,8273,4400
-40,-55,2843,7,9219,-450
-40,-55,462,-491,1930,2100
-40,-55,6438,785,9214,-1700
-40,-55,9299,370,3596,-4950
-40,-55,8861,889,8019,-1900
-40,-55,2849,-916,9521,-3300
-40,-55,9460,-482,1370,4700
-40,-55,582,-465,2717,-150
-40,-55,4278,873,5265,-3150
-40,-50,240,115,3327,2400
-40,-50,2074,-622,8166,-4650
-40,-50,465,-257,5300,2850
-40,-50,945,505,2228,2900
-40,-50,9548,-614,9722,2850
-40,-50,4983,-466,588,-2550
-40,-50,4466,-824,2450,-1400
-40,-50,2270,-770,3756,2600
-40,-50,3557,-574,4955,1300
-40,-50,1764,761,9389,2800
-40,-50,5804,251,357,1600
-40,-50,8073,-854,9316,1300
-40,-50,879,265,9043,-3150
-40,-50,4307,398,2982,-650
-40,-50,6099,-627,9001,-650
-40,-50,4472,-120,2415,2250
-40,-50,9552,395,2715,4600
-40,-50,8916,770,4068,-3000
-40,-50,498,-440,3237,-500
-40,-50,634,-493,204,-2200
-40,-45,7765,482,2524,1700
-40,-45,7925,-959,283,-1700
-40,-45,9340,71,763,-3900
-40,-45,3721,702,8402,-3300
-40,-45,7529,-563,7909,2300
-40,-45,6437,695,9560,-2900
-40,-45,5348,-112,8542,2750
-40,-45,2631,-837,1384,3150
-40,-45,1854,159,8862,-600
-40,-45,8892,-273,2950,1850
-40,-45,9474,831,8861,-3600
-40,-45,5546,242,9467,2300
-40,-45,9614,174,3093,2750
-40,-45,2016,212,9154,3250
-40,-45,5301,-392,6717,-3400
-40,-45,6111,244,5070,-3700
-40,-45,7644,-771,7828,-1800
-40,-45,6232,337,7772,-4800
-40,-45,8411,-656,3587,-3100
-40,-45,4920,-214,4495,-2450
-40,-40,9838,836,9536,-3700
-40,-40,4262,554,1464,4450
-40,-40,9158,-16,2982,-3300
-40,-40,2238,-537,8671,2250
-40,-40,3109,972,3773,3250
-40,-40,928,-472,3598,-2950
-40,-40,6629,904,640,-2050
-40,-40,6034,673,7896,150
-40,-40,7846,-106,9004,4900
-40,-40,1532,-481,2500,1750
-40,-40,7637,-703,5431,4400
-40,-40,211,36,954,-850
-40,-40,1365,245,9183,3300
-40,-40,888,-583,4513,4900
-40,-40,2479,231,2331,-4450
-40,-40,9068,677,9411,2050
-40,-40,8252,748,2530,3550
-40,-40,2342,182,935,4950
-40,-40,9247,-890,6722,-3900
-40,-40,4913,448,3692,4300
-40,-35,4518,-333,1962,-350
-40,-35,2591,517,6362,-150
-40,-35,8832,-996,6915,-1550
-40,-35,2533,984,9782,2250
-40,-35,4995,434,5594,600
-40,-35,4234,312,6150,4050
-40,-35,2975,566,7474,4950
-40,-35,5608,-409,2563,-150
-40,-35,4070,93,4899,-1850
-40,-35,8336,693,9049,-450
-40,-35,8301,437,903,-1800
-40,-35,5066,-122,3212,2000
-40,-35,9615,-348,6862,-1450
-40,-35,7414,-648,7045,-1300
-40,-35,9779,-782,3697,350
-40,-35,3150,-835,9195,-5000
-40,-35,6530,703,6331,-950
-40,-35,2054,-795,7763,1750
-40,-35,9406,547,2721,350
-40,-35,3723,-735,2170,300
-40,-30,6659,15,5696,-1100
-40,-30,1570,-965,4825,-2400
-40,-30,6849,-909,7664,2750
-40,-30,4155,585,4120,-1250
-40,-30,6145,-952,2762,-300
-40,-30,1209,824,9235,-3500
-40,-30,9008,-486,3742,-1800
-40,-30,7790,-721,2571,4000
-40,-30,5188,161,1228,3750
-40,-30,2492,-543,1254,-1750
-40,-30,856,46,5551,-450
-40,-30,5268,542,1609,-2600
-40,-30,8863,-692,2472,3150
-40,-30,9104,558,7042,-2400
-40,-30,4931,-534,9450,500
-40,-30,2279,561,4145,1600
-40,-30,1841,862,2286,1800
-40,-30,6518,-744,339,-2050
-40,-30,3582,68,8724,4950
-40,-30,8008,290,2237,4000
-40,-25,532,-192,388,-4250
-40,-25,2756,-258,8792,1850
-40,-25,628,164,8228,-200
-40,-25,9338,591,9597,850
-40,-25,3113,-41,6926,1500
-40,-25,8669,-38,5741,650
-40,-25,1713,654,5154,-2200
-40,-25,1721,505,7178,-2350
-40,-25,9651,179,6874,-3050
-40,-25,1415,-819,9375,-4450
-40,-25,1108,644,5597,-1050
-40,-25,4323,-937,7634,4650
-40,-25,7347,520,2304,-5000
-40,-25,448,-748,572,1550
-40,-25,4766,73,1052,1050
-40,-25,3499,-592,6214,4450
-40,-25,1387,-366,8687,-2750
-40,-25,3773,-173,9525,350
-40,-25,7655,-817,3415,4050
-40,-25,7148,-528,631,-3650
-40,-20,7030,75,436,-1350
-40,-20,7949,793,7396,4100
-40,-20,853,-276,3715,600
-40,-20,6877,-159,1348,-500
-40,-20,9787,815,28,-2750
-40,-20,2696,-976,3394,2400
-40,-20,2415,-791,1751,-2450
-40,-20,7938,695,3536,-800
-40,-20,3937,743,3827,-450
-40,-20,5702,-632,4936,4850
-40,-20,2634,0,4026,3050
-40,-20,1538,-390,749,-550
-40,-20,9787,76,8463,-1100
-40,-20,9410,801,5884,3000
-40,-20,7174,870,6040,-1650
-40,-20,3233,763,7432,-1050
-40,-20,1824,-848,1401,-1850
-40,-20,246,-819,3916,2750
-40,-20,8996,352,8465,0
-40,-20,4351,-479,4569,4100
-40,-15,5585,892,1784,2050
-40,-15,5543,-659,9288,1450
-40,-15,8139,-126,4763,-150
-40,-15,2742,-114,1281,3350
-40,-15,6902,287,8244,-4500
-40,-15,9297,496,3288,-1450
-40,-15,6708,-681,2633,3050
-40,-15,4339,-49,1707,4950
-40,-15,1769,-564,4934,1300
-40,-15,6548,765,263,3350
-40,-15,2239,-374,9771,-5000
-40,-15,650,462,9786,-4600
-40,-15,6763,392,646,1650
-40,-15,8673,646,2093,4900
-40,-15,5968,-502,3021,-4000
-40,-15,9920,759,1402,-650
-40,-15,2305,-70,8701,1950
-40,-15,5310,599,211,4650
-40,-15,85,-263,4374,1750
-40,-15,3529,-498,6761,-4250
-40,-10,1139,-431,2484,-1550
-40,-10,4066,-418,7923,-1650
-40,-10,9314,-95,2473,-5000
-40,-10,4401,903,4777,1500
-40,-10,3932,243,7806,2400
-40,-10,1678,398,5529,-3800
-40,-10,6173,-564,5936,-2950
-40,-10,1616,978,9406,3100
-40,-10,2676,922,5180,-1250
-40,-10,8100,445,9946,2050
-40,-10,7992,-183,4247,1850
-40,-10,7829,486,7398,3450
-40,-10,1855,-502,2530,-2200
-40,-10,9147,138,1559,2350
-40,-10,5137,-439,415,-2000
-40,-10,6960,-212,465,3800
-40,-10,6243,-981,5871,-3100
-40,-10,4884,-819,9132,-4650
-40,-10,1056,637,5828,-1750
-40,-10,5303,28,2358,-1500
-40,-5,1782,790,4754,3450
-40,-5,2904,-688,2459,-3250
-40,-5,7661,-477,9727,-2050
-40,-5,5799,337,2747,-1450
-40,-5,2264,-792,5041,2950
-40,-5,358,559,579,2650
-40,-5,1307,577,6002,-400
-40,-5,9092,-250,9743,-350
-40,-5,4757,847,6341,2600
-40,-5,419,-652,9082,3700
-40,-5,903,368,8774,-4950
-40,-5,9263,-745,8324,950
-40,-5,8239,116,3179,-4800
-40,-5,5414,288,8006,-4300
-40,-5,3701,19,715,-100
-40,-5,1229,-510,5789,-300
-40,-5,952,-660,5468,1650
-40,-5,232,-793,6214,2600
-40,-5,2004,3,4845,-700
-40,-5,8897,325,5668,-300
-40,0,658,894,6198,0
-40,0,5930,535,4044,1000
-40,0,1333,293,1333,150
-40,0,6191,-728,2619,-2650
-40,0,1654,57,2289,-4950
-40,0,8079,870,8053,2450
-40,0,5856,-77,5288,250
-40,0,7585,-992,2287,3900
-40,0,4405,0,9585,2950
-40,0,8513,304,7294,-800
-40,0,1659,-180,1247,4150
-40,0,9269,-974,523,750
-40,0,1268,-571,6243,700
-40,0,4400,317,8763,3850
-40,0,9946,627,8226,-2650
-40,0,1596,545,817,-2400
-40,0,9415,-58,8898,2150
-40,0,2763,899,4130,450
-40,0,3002,-34,1450,-4500
-40,0,2809,-452,3486,1500
-40,5,7171,-604,640,2600
-40,5,4174,-673,954,1400
-40,5,5201,-982,3020,1800
-40,5,7926,-953,7993,-4250
-40,5,6682,-957,7499,200
-40,5,8544,-648,7049,-2650
-40,5,4734,281,7250,-200
-40,5,1831,511,2384,4700
-40,5,457,-472,4089,-5000
-40,5,3825,153,5813,0
-40,5,9955,-258,328,-4800
-40,5,6316,965,6860,-3500
-40,5,1902,720,224,4950
-40,5,3106,-995,6434,-2950
-40,5,7199,-370,3437,2300
-40,5,2400,-655,5612,2150
-40,5,524,366,4881,3850
-40,5,4089,-760,7214,2800
-40,5,734,-524,8382,3700
-40,5,3135,-159,9475,-1100
-40,10,7491,-130,3321,200
-40,10,6921,705,5542,3050
-40,10,7133,23,751,-4850
-40,10,2872,156,5632,-750
-40,10,7211,538,8030,-2050
-40,10,2165,-905,5037,950
-40,10,1887,424,2413,-1100
-40,10,9049,-172,5905,2650
-40,10,5647,-265,9234,2850
-40,10,2806,-307,986,-2500
-40,10,7316,-38,4405,2950
-40,10,6324,-403,1602,4550
-40,10,3593,-274,6896,-500
-40,10,5061,72,3958,-3550
-40,10,5459,-606,5433,-1150
-40,10,5869,327,7688,450
-40,10,632,-183,8294,-4500
-40,10,204,238,3535,3750
-40,10,538,595,8434,500
-40,10,4081,-829,669,-1200
-40,15,5943,-491,9779,-1800
-40,15,3210,-752,7769,2100
-40,15,2908,333,7708,4300
-40,15,2664,216,6051,-300
-40,15,7581,390,551,2000
-40,15,6,641,5702,1100
-40,15,1880,-319,3953,2800
-40,15,9699,751,2166,400
-40,15,5325,488,3426,1850
-40,15,4569,-918,5501,-2450
-40,15,7543,119,1500,-1650
-40,15,9377,-373,6295,-950
-40,15,4330,-859,1079,-4600
-40,15,3343,-602,9107,300
-40,15,5063,196,7357,3900
-40,15,2300,-682,5105,-3950
-40,15,299,50,2445,1900
-40,15,9731,757,9143,-4250
-40,15,8854,-633,3078,2600
-40,15,4931,763,3369,2250
-40,20,388,442,1765,-3250
-40,20,664,-510,7718,-1050
-40,20,7523,-599,4792,4300
-40,20,1384,-21,3329,-2900
-40,20,7432,552,5826,-250
-40,20,5706,693,1122,1900
-40,20,9252,-22,2204,-750
-40,20,8315,-341,7507,3500
-40,20,4653,-370,1358,850
-40,20,3508,-49,2788,2450
-40,20,7326,-520,3060,4000
-40,20,2918,-19,1081,3150
-40,20,802,271,599,4350
-40,20,9588,792,9807,1750
-40,20,7990,419,1701,1900
-40,20,9644,876,1730,-4250
-40,20,459,-658,9766,-2000
-40,20,5852,675,1274,3450
-40,20,5718,-370,4304,4250
-40,20,6228,316,1009,3200
-40,25,8951,10,1836,4800
-40,25,4247,866,9986,-2850
-40,25,903,245,3183,4600
-40,25,4344,778,9448,-2400
-40,25,9294,130,5665,-2100
-40,25,2385,450,6106,-2000
-40,25,7932,551,2826,2950
-40,25,8373,-331,2161,4250
-40,25,693,-799,338,550
-40,25,3560,-19,337,-800
-40,25,3913,987,7651,50
-40,25,9091,-573,3249,-4500
-40,25,6058,-474,8297,3150
-40,25,6629,645,9179,1600
-40,25,4975,-776,3208,1050
-40,25,5584,104,8816,-1350
-40,25,2851,-864,3575,4900
-40,25,1600,-177,8096,500
-40,25,2655,-251,4063,2400
-40,25,7772,374,6723,-1800
-40,30,700,88,385,4100
-40,30,9918,-41,1075,4550
-40,30,5632,-584,9925,-3550
-40,30,9305,-682,9710,-2000
-40,30,6177,-985,2871,2050
-40,30,9791,-504,5158,2550
-40,30,1411,-237,562,2550
-40,30,9856,-917,5843,-2950
-40,30,3431,333,7834,-1250
-40,30,4849,-143,4596,-1200
-40,30,9723,983,8155,3950
-40,30,1612,696,3400,-5000
-40,30,4928,-472,406,-850
-40,30,9090,-984,6563,-2400
-40,30,5929,-439,8735,3050
-40,30,2520,-970,8430,4300
-40,30,7492,594,5156,-1300
-40,30,905,-345,8023,3650
-40,30,3571,-804,7274,1050
-40,30,2964,-857,669,4350
-40,35,5254,-10,5670,-850
-40,35,114,-399,2926,-4050
-40,35,2212,721,8011,2200
-40,35,2526,76,5483,-300
-40,35,7114,-252,9778,2550
-40,35,6918,-803,6319,3500
-40,35,1044,-205,7373,3400
-40,35,8599,-622,4723,-2400
-40,35,9724,42,5120,-4400
-40,35,8287,-708,9787,4000
-40,35,5808,-573,6905,-4800
-40,35,4437,262,8579,400
-40,35,7258,-9,6473,-800
-40,35,6002,907,4567,-3750
-40,35,9233,-32,5338,-4050
-40,35,5371,278,8082,-4400
-40,35,9311,-766,179,650
-40,35,6729,726,5308,-1300
-40,35,4405,877,8942,-1150
-40,35,2822,374,4833,4600
-40,40,4374,381,3672,-50
-40,40,8210,424,1412,4950
-40,40,2792,958,152,-1350
-40,40,2452,-301,7526,-4850
-40,40,475,998,6398,3450
-40,40,3011,443,3764,-4650
-40,40,3350,-463,6306,750
-40,40,2393,729,4908,-2750
-40,40,9885,602,8313,-3750
-40,40,5201,-13,9006,4850
-40,40,3251,197,7099,-2600
-40,40,9265,573,1191,-2350
-40,40,7641,127,6305,750
-40,40,6595,225,3249,1100
-40,40,4850,-208,2297,-50
-40,40,8320,-245,9280,-4850
-40,40,7375,318,7196,-1400
-40,40,3209,640,8078,-4800
-40,40,6761,-312,125,-750
-40,40,1469,452,9309,3900
-40,45,1915,426,9883,850
-40,45,7614,246,4752,-2200
-40,45,1862,663,9504,4250
-40,45,7903,-222,5128,3300
-40,45,6326,-647,5525,-350
-40,45,2475,-772,9226,4900
-40,45,952,437,1658,-250
-40,45,520,-652,8891,-3700
-40,45,7403,415,1412,4850
-40,45,4971,815,9591,3950
-40,45,7876,529,2522,-1850
-40,45,408,334,6737,2300
-40,45,2181,962,6306,950
-40,45,6242,-384,3186,-3850
-40,45,4690,-897,1405,1950
-40,45,5133,807,9531,4200
-40,45,9242,616,6306,750
-40,45,5914,-968,5280,3200
-40,45,6208,-520,4346,4950
-40,45,7820,870,1979,-200
-40,50,8974,948,1658,-400
-40,50,7447,-951,6306,700
-40,50,3373,574,1405,2000
-40,50,6676,-672,6306,900
-40,50,4751,587,6306,800
-40,50,3524,-747,4255,2300
-40,50,3803,-208,2350,-1100
-40,50,324,-834,1657,-300
-40,50,4891,-576,6306,700
-40,50,3659,-946,9227,4950
-40,50,5948,171,3399,-4750
-40,50,2007,-159,6306,800
-40,50,313,732,7997,4900
-40,50,5035,-562,6306,750
-40,50,8980,-441,2350,-1150
-40,50,4465,800,8850,2150
-40,50,9022,69,6737,2250
-40,50,7200,645,7997,4850
-40,50,1710,800,1564,-2900
-40,50,9525,529,3186,-3850
-35,-100,46,-233,46,-450
-35,-100,5884,-808,3019,3100
-35,-100,8108,404,4015,4950
-35,-100,1172,471,1172,350
-35,-100,6158,354,7106,-1900
-35,-100,3424,155,719,1600
-35,-100,4407,-726,353,-200
-35,-100,7043,-146,16,-4350
-35,-100,7777,294,4293,-2500
-35,-100,1852,-111,8875,3350
-35,-100,345,-731,7697,-5000
-35,-100,2505,626,8644,1100
-35,-100,7261,657,6875,-2000
-35,-100,5121,-329,4763,-100
-35,-100,4129,-474,5570,4600
-35,-100,2036,745,6130,-4650
-35,-100,441,322,7149,3400
-35,-100,2869,-468,13,2150
-35,-100,200,574,2016,2150
-35,-100,7008,-802,4117,-2250
-35,-95,6412,992,3666,-3950
-35,-95,8575,-546,3283,2700
-35,-95,55,-236,6920,-150
-35,-95,5935,159,5163,-600
-35,-95,4325,382,213,850
-35,-95,5164,254,1850,-1500
-35,-95,3375,672,5937,-1800
-35,-95,9328,-299,2744,4350
-35,-95,409,-275,5741,0
-35,-95,6280,-792,5998,-700
-35,-95,2868,815,5615,700
-35,-95,8694,694,7742,1400
-35,-95,2745,277,7521,-2850
-35,-95,5409,323,3411,-2350
-35,-95,5805,275,8107,200
-35,-95,1194,113,6446,3250
-35,-95,5694,-477,4092,-4750
-35,-95,3765,-201,8445,1100
-35,-95,8726,960,9388,-2050
-35,-95,5109,-650,6966,-3800
-35,-90,1914,78,1824,1900
-35,-90,322,588,6745,-2350
-35,-90,3917,743,9691,150
-35,-90,6113,582,3857,750
-35,-90,8081,44,5894,-300
-35,-90,7558,556,7555,950
-35,-90,7696,-549,6644,1800
-35,-90,2614,-879,264,2800
-35,-90,2724,49,5038,-950
-35,-90,2802,705,5102,2450
-35,-90,3235,-290,1404,4100
-35,-90,6771,-265,8705,-2700
-35,-90,2110,799,8158,3950
-35,-90,2923,-651,69,-4400
-35,-90,8877,777,6520,-2550
-35,-90,5339,905,7870,-1050
-35,-90,6737,-903,1578,-800
-35,-90,3361,503,3361,550
-35,-90,5555,395,2382,2700
-35,-90,9710,-350,8944,3600
-35,-85,8752,116,5472,2750
-35,-85,2405,739,2858,-5000
-35,-85,5053,-211,3524,1950
-35,-85,9161,664,7404,4400
-35,-85,821,-763,1428,1200
-35,-85,3548,110,9345,1550
-35,-85,1515,622,4740,-1400
-35,-85,9290,341,9859,-500
-35,-85,9167,674,4103,1000
-35,-85,217,-975,217,-1100
-35,-85,8115,-921,2134,-3100
-35,-85,5058,-573,5163,3350
-35,-85,4707,-934,5229,-3950
-35,-85,8254,501,2757,3400
-35,-85,6516,-488,1279,-1300
-35,-85,3308,-76,631,-1000
-35,-85,7265,-245,9234,1800
-35,-85,8643,704,2598,3000
-35,-85,8605,-896,8694,-750
-35,-85,9192,-932,229,-4700
-35,-80,9938,-244,4594,4600
-35,-80,7329,-704,6079,-1100
-35,-80,4712,643,2339,-1250
-35,-80,2785,688,2785,600
-35,-80,7574,-757,4252,-3450
-35,-80,7396,651,1680,-4700
-35,-80,8910,823,9710,400
-35,-80,1548,49,1548,-50
-35,-80,9371,-441,9372,-400
-35,-80,7509,-702,4612,-3450
-35,-80,8342,573,6513,2700
-35,-80,7052,-732,9595,-3100
-35,-80,6360,455,5682,-1750
-35,-80,9502,843,4285,3500
-35,-80,7807,-422,1222,3650
-35,-80,5194,583,1464,-700
-35,-80,2746,-211,4315,3350
-35,-80,4508,-36,7989,-100
-35,-80,9354,-632,5319,-1000
-35,-80,7540,-425,4568,4250
-35,-75,7478,-59,1553,-2400
-35,-75,372,-271,9680,1650
-35,-75,7226,-92,3285,300
-35,-75,5233,588,4036,-3550
-35,-75,6369,-377,7557,-3500
-35,-75,8546,595,3491,250
-35,-75,1465,253,5568,300
-35,-75,6010,936,9485,-2250
-35,-75,6430,904,5522,-2050
-35,-75,7818,805,4073,-4600
-35,-75,3966,-336,9054,1350
-35,-75,3616,941,3700,4750
-35,-75,3492,-65,8117,200
-35,-75,608,-88,8229,2050
-35,-75,4732,788,7635,1200
-35,-75,9321,-79,248,-3650
-35,-75,6784,-39,972,-2200
-35,-75,9891,328,2042,-2450
-35,-75,3510,616,6800,-4150
-35,-75,9864,-723,9864,-950
-35,-70,3692,988,3937,1500
-35,-70,5906,855,5010,1300
-35,-70,3590,372,411,4750
-35,-70,8160,-290,7368,-3350
-35,-70,8601,184,1820,4950
-35,-70,9090,574,6318,400
-35,-70,3243,525,7981,600
-35,-70,59,794,866,-300
-35,-70,5370,-180,6533,-750
-35,-70,9281,771,2306,3950
-35,-70,2898,-729,5591,-1200
-35,-70,4070,-915,8036,550
-35,-70,6295,749,7370,1050
-35,-70,6948,950,1099,-4850
-35,-70,5201,-914,1818,-2650
-35,-70,6495,105,5984,-50
-35,-70,4249,297,2014,750
-35,-70,9903,-40,5095,-3750
-35,-70,5045,691,9173,-1600
-35,-70,5913,649,6172,2350
-35,-65,436,-152,436,-100
-35,-65,8368,-503,8813,3200
-35,-65,4782,1,5842,-150
-35,-65,4913,-803,4836,1150
-35,-65,6366,-971,2187,1100
-35,-65,6386,767,9530,4300
-35,-65,4479,379,9787,-3500
-35,-65,6742,-193,1068,-4250
-35,-65,2906,812,9224,-1100
-35,-65,1144,17,5851,1450
-35,-65,2804,244,6042,1150
-35,-65,9583,-669,8137,3350
-35,-65,8573,-905,6862,-3300
-35,-65,6351,-235,7920,-4700
-35,-65,6055,481,4677,4000
-35,-65,229,-13,8374,2450
-35,-65,9333,835,3726,-3250
-35,-65,3679,846,7099,3150
-35,-65,2337,463,2076,-3650
-35,-65,3279,-455,5182,3600
-35,-60,6275,897,4483,-100
-35,-60,233,-499,1471,-2950
-35,-60,452,542,7379,3800
-35,-60,3532,-328,2771,4200
-35,-60,8012,-228,506,3300
-35,-60,6591,-191,5150,1200
-35,-60,9097,-465,8319,-100
-35,-60,7144,-516,7087,-2400
-35,-60,6662,978,8617,850
-35,-60,9221,640,2615,2600
-35,-60,6559,941,6561,900
-35,-60,251,387,687,300
-35,-60,186,709,8234,900
-35,-60,965,359,411,-1650
-35,-60,9497,222,3922,-2600
-35,-60,4120,-195,3065,-5000
-35,-60,1459,694,6867,1900
-35,-60,9323,216,353,-2100
-35,-60,4524,-68,2739,4450
-35,-60,5812,-945,5812,-900
-35,-55,339,5,6458,2300
-35,-55,7866,720,3417,-700
-35,-55,1385,-438,7096,-2400
-35,-55,7290,-409,2412,-800
-35,-55,4166,835,6271,4550
-35,-55,3014,995,4239,-1000
-35,-55,9465,-770,6119,2800
-35,-55,6097,-764,2690,1450
-35,-55,4554,-889,5791,-4400
-35,-55,1086,-783,9316,4000
-35,-55,8262,-371,9391,-300
-35,-55,4255,351,3396,2350
-35,-55,4605,-362,492,2050
-35,-55,559,526,774,-4900
-35,-55,2781,-442,1939,-250
-35,-55,8988,-816,3020,4750
-35,-55,4136,-708,8063,-2700
-35,-55,2787,-715,5114,2500
-35,-55,9984,93,2164,-1600
-35,-55,4677,147,7017,-2300
-35,-50,344,518,7629,-3800
-35,-50,841,-330,2496,4700
-35,-50,2127,-366,8770,2250
-35,-50,6310,641,7970,-2250
-35,-50,1723,187,4401,-1950
-35,-50,607,109,2078,850
-35,-50,5972,-973,3111,1000
-35,-50,3019,243,218,800
-35,-50,8503,-963,9529,100
-35,-50,8793,541,748,-500
-35,-50,9683,-785,5768,2800
-35,-50,66,761,2843,1300
-35,-50,8326,754,4057,750
-35,-50,4141,484,5420,1850
-35,-50,3230,780,382,2950
-35,-50,2975,-946,762,4950
-35,-50,4260,313,7496,4800
-35,-50,4548,338,5139,-3550
-35,-50,7510,-259,7593,-200
-35,-50,2288,777,4093,2750
-35,-45,9955,555,9037,-650
-35,-45,9124,854,1382,-2150
-35,-45,4568,885,8481,-4600
-35,-45,6118,405,3930,-1500
-35,-45,1286,408,5325,0
-35,-45,6256,-97,1657,-2600
-35,-45,6261,-889,1024,2150
-35,-45,3288,936,1086,-1150
-35,-45,7060,646,131,-4800
-35,-45,6758,-214,2947,-3500
-35,-45,4041,716,7506,-4500
-35,-45,9935,-9,4359,-850
-35,-45,2296,165,4522,1300
-35,-45,3234,-909,2095,-4900
-35,-45,1211,532,3327,-200
-35,-45,2433,-572,5270,-3250
-35,-45,7530,798,5016,-350
-35,-45,4336,-329,4276,-800
-35,-45,5124,-804,3890,-3900
-35,-45,9617,812,9187,-1600
-35,-40,2382,-349,5972,4850
-35,-40,1868,-790,3576,1050
-35,-40,5478,-728,4656,3950
-35,-40,5207,382,3230,2350
-35,-40,4324,543,9123,2600
-35,-40,893,747,890,1100
-35,-40,7973,-275,1281,2300
-35,-40,5410,981,1942,2050
-35,-40,1045,-574,1360,-3000
-35,-40,8441,-310,958,650
-35,-40,3474,704,2310,-50
-35,-40,4064,763,7021,4100
-35,-40,9966,592,9966,350
-35,-40,6017,415,242,-2400
-35,-40,9845,-780,5371,800
-35,-40,12,417,6679,-1350
-35,-40,2990,-628,5528,2400
-35,-40,1214,577,2393,-4850
-35,-40,5863,860,46,-4650
-35,-40,5987,-494,4894,-1150
-35,-35,7834,0,7834,0
-35,-35,8556,173,7005,-2250
-35,-35,1114,746,7138,4400
-35,-35,2769,-672,6821,-2700
-35,-35,4452,-165,8474,4700
-35,-35,7358,-737,5139,-1850
-35,-35,1503,-284,9040,-450
-35,-35,8463,-438,7442,-3400
-35,-35,7888,-446,9642,-300
-35,-35,5341,592,7089,3050
-35,-35,7325,-648,9400,-2200
-35,-35,4326,283,5869,-2950
-35,-35,3708,-990,7563,-900
-35,-35,5311,364,5311,500
-35,-35,5711,-784,9853,1900
-35,-35,7329,-781,7590,3550
-35,-35,6225,-948,9868,-4400
-35,-35,9587,64,6772,0
-35,-35,9886,610,2839,4850
-35,-35,9939,-219,1770,-3500
-35,-30,7662,-793,9274,-100
-35,-30,7586,529,9252,4500
-35,-30,8029,-294,3420,4600
-35,-30,1139,-959,1685,4650
-35,-30,95,442,9155,4650
-35,-30,9267,-163,1285,3300
-35,-30,6394,898,9275,3250
-35,-30,1175,855,9372,3350
-35,-30,9333,822,9839,-4300
-35,-30,1832,-501,6246,1500
-35,-30,5387,-606,343,-4550
-35,-30,141,-807,1691,-4300
-35,-30,3682,918,3994,4950
-35,-30,4286,-576,7030,1450
-35,-30,7615,-256,1112,-850
-35,-30,5135,859,2733,-2600
-35,-30,208,154,6760,-4200
-35,-30,3318,92,5675,-2600
-35,-30,9248,-126,9848,4150
-35,-30,5887,-316,5886,-500
-35,-25,9232,950,7723,4450
-35,-25,5909,-789,2807,-2950
-35,-25,1271,-708,5824,-2250
-35,-25,8245,-538,5637,-3400
-35,-25,896,-227,41,-1000
-35,-25,8174,-350,137,2050
-35,-25,4597,-903,978,-4200
-35,-25,3498,-600,7105,-1700
-35,-25,6380,-792,4306,3250
-35,-25,4907,623,1993,-550
-35,-25,5515,208,3757,3250
-35,-25,516,-40,7743,-4800
-35,-25,2518,742,4517,1350
-35,-25,9336,-900,7744,-1900
-35,-25,1350,15,1778,4150
-35,-25,8476,865,2358,4550
-35,-25,150,-133,1288,-300
-35,-25,983,533,9875,-2950
-35,-25,362,34,8659,900
-35,-25,4117,-500,9428,1900
-35,-20,2816,-467,8033,-5000
-35,-20,7596,19,7024,4250
-35,-20,7300,352,7300,300
-35,-20,3,-159,2684,1350
-35,-20,6373,-271,8162,-4150
-35,-20,7542,-124,3787,-1250
-35,-20,7348,-171,9568,3250
-35,-20,173,434,725,-650
-35,-20,825,-656,9660,-600
-35,-20,1976,60,4509,-1300
-35,-20,474,273,480,600
-35,-20,2387,299,7799,2800
-35,-20,6587,-508,5359,-3250
-35,-20,5504,-487,593,-3200
-35,-20,4726,25,8842,2050
-35,-20,9062,-754,6176,4650
-35,-20,915,-210,9688,-900
-35,-20,969,-698,8143,2600
-35,-20,4013,413,4105,-200
-35,-20,4013,228,7129,4100
-35,-15,5724,-967,2246,-350
-35,-15,6083,639,8296,-1200
-35,-15,3344,-460,4967,4700
-35,-15,9263,-822,2689,3300
-35,-15,9776,-44,3305,-2100
-35,-15,9349,-109,2041,-1650
-35,-15,4333,218,9683,2400
-35,-15,3564,-548,6922,3300
-35,-15,9557,955,2654,4950
-35,-15,8096,499,9286,-4100
-35,-15,7959,-621,7959,-650
-35,-15,9649,-914,8343,-1650
-35,-15,8221,216,2018,4600
-35,-15,7079,-1000,9633,-4400
-35,-15,8168,-575,8960,4150
-35,-15,2977,-538,2531,4050
-35,-15,3896,181,8954,-1550
-35,-15,2848,-973,2822,1300
-35,-15,2866,-44,6812,-3350
-35,-15,4252,533,4253,850
-35,-10,8483,-559,6762,2700
-35,-10,3623,-229,3048,-2550
-35,-10,6582,-280,6522,-3800
-35,-10,3733,-849,4215,600
-35,-10,5079,482,175,-2200
-35,-10,8313,-104,7055,900
-35,-10,9965,-977,1651,2500
-35,-10,4409,482,5816,-4050
-35,-10,8494,328,6369,1150
-35,-10,5292,-646,7948,3850
-35,-10,275,-673,2504,550
-35,-10,9486,704,6900,600
-35,-10,4486,-44,8703,-4900
-35,-10,4177,364,6308,1300
-35,-10,8241,-703,5427,-2750
-35,-10,1265,530,5057,-2650
-35,-10,5079,-830,7252,1250
-35,-10,323,689,4425,4900
-35,-10,4270,990,1286,-1200
-35,-10,4478,-47,3942,1500
-35,-5,5343,-310,534,3800
-35,-5,3685,-376,5889,650
-35,-5,5258,994,8338,-4250
-35,-5,2685,-83,7061,1000
-35,-5,101,34,7756,4950
-35,-5,601,865,4611,-50
-35,-5,4347,-886,1628,2600
-35,-5,1766,540,6431,1650
-35,-5,2558,504,3762,-2800
-35,-5,3122,323,8751,650
-35,-5,1300,-812,8652,4750
-35,-5,9611,-784,9611,-850
-35,-5,132,775,2801,1900
-35,-5,3996,-582,7480,4800
-35,-5,8211,863,6721,1950
-35,-5,4169,-333,8397,1900
-35,-5,4947,109,8553,3700
-35,-5,2047,-811,643,3850
-35,-5,9570,-685,607,1600
-35,-5,8840,-551,4619,-1750
-35,0,8723,-674,9217,650
-35,0,9459,-654,375,3600
-35,0,9037,-884,6277,1400
-35,0,9086,650,9085,500
-35,0,9056,-596,6421,2550
-35,0,2515,623,2377,-2600
-35,0,1570,770,246,3400
-35,0,7338,520,7912,-4250
-35,0,5900,273,8733,2350
-35,0,1654,86,3173,300
-35,0,89,-679,9411,2750
-35,0,8568,123,326,-1300
-35,0,8211,198,6389,-1200
-35,0,3676,-314,1189,-1800
-35,0,153,299,9555,-1250
-35,0,7581,-257,7008,4800
-35,0,3200,-953,3200,-1100
-35,0,1393,-703,8455,950
-35,0,8752,-198,2861,-4750
-35,0,6647,331,436,-800
-35,5,5291,648,1248,2050
-35,5,9700,-56,9697,-250
-35,5,739,284,7766,-3950
-35,5,7033,987,1346,-3050
-35,5,2439,-926,9209,4950
-35,5,403,-171,721,500
-35,5,5996,-432,8818,-1300
-35,5,296,-997,3316,-1500
-35,5,6725,-557,6725,-400
-35,5,3306,-484,1596,3750
-35,5,4565,271,4737,1700
-35,5,1079,-288,1080,-300
-35,5,2014,932,2652,300
-35,5,3197,-200,6111,4450
-35,5,6677,681,198,-1050
-35,5,6402,-613,4680,-1250
-35,5,3982,665,1838,-4750
-35,5,3526,-472,450,2900
-35,5,7134,-541,5023,-4200
-35,5,7847,934,1041,250
-35,10,7198,-97,5591,-4700
-35,10,6139,489,1570,350
-35,10,5250,-252,2191,950
-35,10,8722,-877,2895,-1700
-35,10,9830,882,7503,-3950
-35,10,4452,756,6268,-1950
-35,10,1063,-101,2376,1200
-35,10,2312,-762,6649,1350
-35,10,6345,489,4490,1000
-35,10,293,-855,7543,1350
-35,10,2277,-743,5538,3450
-35,10,4093,-239,1796,350
-35,10,7540,-413,7544,-450
-35,10,8238,969,5255,-2050
-35,10,5881,-903,3667,4000
-35,10,9906,-131,272,-2050
-35,10,4472,237,665,3100
-35,10,3519,-948,7883,-4800
-35,10,540,860,88,3750
-35,10,1892,840,9308,1400
-35,15,8114,-205,2637,-4200
-35,15,7785,-455,8755,3450
-35,15,7021,794,5035,2600
-35,15,8552,-154,657,2200
-35,15,4303,-790,4065,-4650
-35,15,564,-668,8604,-100
-35,15,8381,870,7389,2450
-35,15,682,641,1848,2900
-35,15,5616,-372,8871,2700
-35,15,92,884,9320,-600
-35,15,7408,372,4467,-3400
-35,15,7315,21,6073,1750
-35,15,3212,-882,7926,3850
-35,15,4581,-217,236,2850
-35,15,1067,625,8949,-5000
-35,15,3263,717,8280,-4850
-35,15,6175,822,2950,1050
-35,15,621,-673,621,-550
-35,15,5460,81,9383,-4300
-35,15,9115,625,1423,1350
-35,20,9515,721,1016,300
-35,20,6584,-565,3455,-700
-35,20,6289,-298,7675,-100
-35,20,2153,-318,1353,-1450
-35,20,6966,399,6571,-4150
-35,20,1226,-618,4494,-2100
-35,20,1294,159,3033,-900
-35,20,6068,808,3832,4950
-35,20,8750,-446,7225,-2450
-35,20,9773,-47,824,-700
-35,20,3316,-221,9076,-1750
-35,20,6712,482,6182,-4900
-35,20,4785,-213,7606,4800
-35,20,4894,679,4894,600
-35,20,954,-68,9101,-3500
-35,20,3407,933,2034,-2550
-35,20,155,-148,6044,3000
-35,20,4699,-545,4232,-100
-35,20,5726,-445,9697,-3600
-35,20,3649,-344,3649,-350
-35,25,1485,74,8405,-3450
-35,25,5280,-431,1129,900
-35,25,4448,-938,1392,4150
-35,25,2469,-995,1195,4950
-35,25,8177,882,9954,2450
-35,25,5155,89,243,0
-35,25,6120,999,1948,-3850
-35,25,5171,-232,1439,-2450
-35,25,9772,-805,9772,-850
-35,25,6839,162,6839,150
-35,25,7359,421,7357,500
-35,25,6402,222,7158,650
-35,25,2113,-398,6532,2600
-35,25,6735,-588,5887,3050
-35,25,9679,-503,8012,2550
-35,25,3842,500,2086,1250
-35,25,5952,-152,3553,2250
-35,25,7931,860,6975,-3500
-35,25,6811,-717,7541,4250
-35,25,9392,-384,181,3150
-35,30,221,12,642,2750
-35,30,1325,-221,9798,-2050
-35,30,1167,-538,8264,-3500
-35,30,2864,-398,5393,-4900
-35,30,6455,471,5355,1300
-35,30,9393,-45,9846,4950
-35,30,6779,-736,428,-950
-35,30,4424,378,8903,2200
-35,30,7913,-182,267,-2400
-35,30,1005,649,688,-3650
-35,30,6992,-214,4778,1950
-35,30,7651,-136,4422,800
-35,30,5389,-302,8151,4100
-35,30,5252,-304,3619,-1800
-35,30,4365,-387,2417,-3850
-35,30,3467,885,8680,-450
-35,30,8996,-774,482,-2850
-35,30,983,-472,8200,-4900
-35,30,5618,-611,2812,150
-35,30,5310,3,208,-2300
-35,35,3556,-568,7678,-1850
-35,35,9753,940,16,-3000
-35,35,6695,342,6228,-4600
-35,35,7221,-845,4672,-550
-35,35,8245,377,1564,-2800
-35,35,8293,-501,4124,2300
-35,35,4041,760,5192,-1350
-35,35,9773,554,5871,4600
-35,35,8475,-200,6306,750
-35,35,3067,904,8178,-1400
-35,35,5765,-464,737,-700
-35,35,1962,117,5264,300
-35,35,7274,199,3175,-4400
-35,35,2270,714,1584,3850
-35,35,5236,-793,3399,-4550
-35,35,470,-853,7867,2900
-35,35,7642,103,7503,-1850
-35,35,3942,109,5562,1600
-35,35,3016,-135,4010,-3350
-35,35,4909,547,2143,-1950
-35,40,503,-15,6306,800
-35,40,6782,917,3996,1750
-35,40,1862,538,6737,2250
-35,40,8606,80,1657,-200
-35,40,7695,-981,9226,4950
-35,40,2680,492,8891,-3800
-35,40,3501,974,6737,2200
-35,40,1040,-960,1405,1950
-35,40,7939,-957,6306,900
-35,40,4148,-616,3183,-3750
-35,40,175,904,1405,2100
-35,40,7487,-983,9226,4950
-35,40,8766,-178,7585,2900
-35,40,9944,-424,8336,3600
-35,40,5450,-356,6306,700
-35,40,4259,-375,1657,-250
-35,40,7066,-502,2548,0
-35,40,1614,343,13,-3350
-35,40,5569,-807,2533,3500
-35,40,4762,-833,1657,-300
-35,45,2613,-108,6306,800
-35,45,106,690,6306,700
-35,45,7821,-845,1412,4950
-35,45,5168,948,3183,-3750
-35,45,5788,-860,1405,1900
-35,45,3090,-563,1405,2000
-35,45,8589,580,125,-1100
-35,45,972,854,3186,-3900
-35,45,8951,297,1408,2350
-35,45,1369,160,6306,750
-35,45,9315,-59,2522,-1900
-35,45,928,-711,5194,-1200
-35,45,5823,-935,6306,800
-35,45,2930,-340,1657,-300
-35,45,7891,-289,3183,-3700
-35,45,9906,315,6306,850
-35,45,5913,-18,1405,2000
-35,45,2449,-214,6306,800
-35,45,570,850,1657,-300
-35,45,5848,-460,3186,-3850
-35,50,2309,172,6306,800
-35,50,9564,-467,6306,800
-35,50,3729,-879,1405,2000
-35,50,8759,-876,1405,2050
-35,50,5871,963,6306,800
-35,50,2111,968,6306,800
-35,50,6752,423,6306,750
-35,50,7779,-791,6306,800
-35,50,5273,331,6306,750
-35,50,9903,528,3175,-4300
-35,50,9778,-826,6306,800
-35,50,96,-164,6306,800
-35,50,7401,-942,2437,4800
-35,50,8650,679,1405,2000
-35,50,6540,126,6306,800
-35,50,3392,393,6306,800
-35,50,6333,-383,6306,800
-35,50,8771,-360,6306,800
-35,50,9895,-302,6306,800
-35,50,6634,-86,1658,-300
-30,-100,3326,-241,3326,-200
-30,-100,8029,-824,8029,-950
-30,-100,9665,382,9665,300
-30,-100,2493,568,7352,4400
-30,-100,3104,-733,3105,-900
-30,-100,8398,978,6957,1800
-30,-100,1712,-880,1712,-1000
-30,-100,1602,321,1602,200
-30,-100,1909,916,1909,950
-30,-100,7584,-860,7584,-800
-30,-100,6827,895,6827,850
-30,-100,6536,42,6536,150
-30,-100,6408,320,6408,300
-30,-100,8877,-222,8877,-200
-30,-100,5651,-529,5651,-600
-30,-100,4345,467,4345,450
-30,-100,62,-473,9126,-4100
-30,-100,8814,-254,8815,-400
-30,-100,8019,410,8020,350
-30,-100,360,-551,360,-550
-30,-95,9576,-386,9577,-450
-30,-95,8039,-105,5066,2850
-30,-95,4229,-933,4229,-950
-30,-95,5147,384,5147,550
-30,-95,5003,87,4055,-950
-30,-95,7169,413,7169,450
-30,-95,4147,-601,4146,-350
-30,-95,8437,686,8437,700
-30,-95,7469,735,3981,550
-30,-95,7757,-487,7757,-350
-30,-95,7664,-15,7664,-100
-30,-95,4717,428,4717,450
-30,-95,4818,433,4818,500
-30,-95,368,-841,368,-900
-30,-95,4812,884,6319,3250
-30,-95,824,998,826,950
-30,-95,8586,-556,8586,-450
-30,-95,5307,734,5307,750
-30,-95,382,-631,382,-600
-30,-95,3277,754,3277,750
-30,-90,6376,645,6376,550
-30,-90,991,185,991,150
-30,-90,3531,851,3531,800
-30,-90,3825,718,3825,800
-30,-90,1477,430,1476,400
-30,-90,377,-977,377,-1050
-30,-90,696,-603,696,-550
-30,-90,991,-5,4610,-1950
-30,-90,4128,-60,4128,-50
-30,-90,6176,-921,6176,-1100
-30,-90,9178,-600,9178,-600
-30,-90,9784,-63,3914,-1400
-30,-90,8616,962,8616,1000
-30,-90,43,544,43,500
-30,-90,9138,-101,9138,-150
-30,-90,3160,-934,3160,-950
-30,-90,1552,239,1552,200
-30,-90,1556,-214,1556,-300
-30,-90,7712,378,7712,350
-30,-90,2524,55,2524,100
-30,-85,7601,-870,7602,-900
-30,-85,2797,-493,7310,-2900
-30,-85,1983,-107,1983,100
-30,-85,997,274,997,350
-30,-85,3706,-979,3706,-950
-30,-85,1325,-222,1325,-200
-30,-85,719,-516,719,-600
-30,-85,221,-396,221,-300
-30,-85,5831,621,5831,600
-30,-85,9376,850,9376,900
-30,-85,2236,-485,2236,-500
-30,-85,472,946,472,900
-30,-85,490,-788,4458,-3650
-30,-85,6735,-446,6735,-500
-30,-85,4634,-392,4630,-450
-30,-85,4741,293,4739,350
-30,-85,1637,890,1637,950
-30,-85,5726,175,3207,3750
-30,-85,8034,769,8034,850
-30,-85,2742,808,2742,800
-30,-80,9055,446,9055,550
-30,-80,6689,-992,6689,-1200
-30,-80,6977,6,6977,0
-30,-80,756,983,756,1050
-30,-80,8675,340,8675,300
-30,-80,445,843,445,850
-30,-80,3356,-382,3356,-400
-30,-80,9528,-700,9528,-700
-30,-80,1321,210,1321,200
-30,-80,122,811,8984,2200
-30,-80,1989,-436,1989,-400
-30,-80,377,-106,377,-100
-30,-80,3602,426,3602,400
-30,-80,313,-584,7293,2400
-30,-80,7527,469,7527,400
-30,-80,3601,-119,3601,0
-30,-80,9449,226,9449,350
-30,-80,485,471,485,400
-30,-80,6854,-205,6855,-150
-30,-80,3471,-853,3471,-800
-30,-75,4475,-620,4475,-600
-30,-75,967,882,967,800
-30,-75,1870,-812,1870,-650
-30,-75,1313,-953,1313,-900
-30,-75,2103,939,2103,900
-30,-75,604,832,604,800
-30,-75,6060,-53,6060,-100
-30,-75,1170,589,1171,800
-30,-75,2111,955,2111,950
-30,-75,5716,-572,5716,-600
-30,-75,8134,986,8134,950
-30,-75,9999,-500,9999,-500
-30,-75,8084,310,8084,250
-30,-75,7108,-790,7110,-650
-30,-75,4593,209,4593,200
-30,-75,290,812,290,900
-30,-75,3312,-66,3312,-150
-30,-75,9361,293,9361,250
-30,-75,446,596,446,600
-30,-75,1383,-46,1383,-50
-30,-70,2514,-255,2514,-350
-30,-70,2025,68,2025,50
-30,-70,9548,68,9548,50
-30,-70,5736,87,5736,200
-30,-70,5557,742,5557,700
-30,-70,1868,-511,1868,-650
-30,-70,4508,-327,9184,-1200
-30,-70,594,-311,594,-200
-30,-70,6097,-526,6096,-550
-30,-70,3196,-123,3196,-100
-30,-70,9027,-40,9026,0
-30,-70,6918,-818,6918,-800
-30,-70,5989,-584,703,3050
-30,-70,8225,748,8225,850
-30,-70,2135,-228,2135,-300
-30,-70,6254,-277,6254,-300
-30,-70,9205,-685,7978,3800
-30,-70,6091,-544,6091,-550
-30,-70,6773,-371,6773,-300
-30,-70,5072,-447,5072,-550
-30,-65,5868,74,5868,0
-30,-65,7889,93,7889,150
-30,-65,8670,775,8670,700
-30,-65,6364,-708,6365,-700
-30,-65,3699,916,3699,950
-30,-65,6434,-681,6434,-750
-30,-65,608,-642,623,-2750
-30,-65,6988,145,6988,100
-30,-65,3703,201,3703,250
-30,-65,4165,-1000,4164,-900
-30,-65,6972,-787,6972,-700
-30,-65,1162,555,1162,600
-30,-65,8801,878,8801,900
-30,-65,33,-366,33,-300
-30,-65,7895,-504,7008,3600
-30,-65,1678,-206,1678,-150
-30,-65,5115,616,5115,700
-30,-65,1611,-115,1611,-250
-30,-65,4388,269,4388,300
-30,-65,7231,547,7231,650
-30,-60,7560,-6,7560,-100
-30,-60,7188,300,7188,300
-30,-60,3903,-754,3903,-950
-30,-60,4179,359,4178,350
-30,-60,6062,-800,6062,-650
-30,-60,6616,728,6616,650
-30,-60,5405,384,5405,450
-30,-60,9181,473,9181,450
-30,-60,6814,-926,6813,-850
-30,-60,9423,673,9423,650
-30,-60,679,762,679,700
-30,-60,3820,-108,3820,-50
-30,-60,2843,462,2842,400
-30,-60,9465,-956,9465,-1000
-30,-60,3634,-38,3634,0
-30,-60,5133,321,5133,150
-30,-60,4620,712,4620,650
-30,-60,2896,444,2896,450
-30,-60,149,942,149,900
-30,-60,2675,-800,2675,-900
-30,-55,6864,510,6893,-3400
-30,-55,5016,411,5016,400
-30,-55,7400,744,7399,900
-30,-55,9307,125,9307,300
-30,-55,3877,176,3877,150
-30,-55,4412,625,4412,700
-30,-55,6754,483,6525,-400
-30,-55,1933,851,6057,-1950
-30,-55,1555,-534,1556,-450
-30,-55,8026,369,8025,400
-30,-55,7092,36,7094,-50
-30,-55,9571,-432,9571,-600
-30,-55,1058,-826,1059,-950
-30,-55,9167,-877,9167,-1000
-30,-55,8289,-998,8289,-1100
-30,-55,2086,382,2086,450
-30,-55,7984,-402,7984,-500
-30,-55,6401,-113,6401,-150
-30,-55,6826,584,6825,600
-30,-55,449,-978,449,-1100
-30,-50,2179,453,2179,450
-30,-50,2155,-616,2155,-550
-30,-50,1409,534,1409,550
-30,-50,11,-856,11,-850
-30,-50,2892,-19,2892,50
-30,-50,3289,825,3289,700
-30,-50,8708,853,8708,850
-30,-50,1969,371,1969,450
-30,-50,6727,-279,6728,-350
-30,-50,5096,-707,5096,-750
-30,-50,9378,689,9378,700
-30,-50,8486,-853,8486,-850
-30,-50,1040,-722,1040,-700
-30,-50,810,442,811,450
-30,-50,9361,693,9361,750
-30,-50,8536,-761,8535,-750
-30,-50,2877,-341,9544,-1350
-30,-50,6168,837,6168,750
-30,-50,2484,-860,2483,-700
-30,-50,7750,-402,7750,-250
-30,-45,6684,794,2413,-450
-30,-45,1357,-624,1357,-500
-30,-45,1501,94,1501,100
-30,-45,8294,481,8294,550
-30,-45,8486,-244,2952,-3050
-30,-45,9682,867,9682,900
-30,-45,3186,-252,3186,-350
-30,-45,4999,-280,4999,-100
-30,-45,3754,644,8728,-2100
-30,-45,7716,432,7716,500
-30,-45,4952,-366,4952,-400
-30,-45,5535,-716,5535,-450
-30,-45,6331,99,6331,250
-30,-45,5949,465,5949,450
-30,-45,6297,-589,6297,-500
-30,-45,1518,-621,9791,-1700
-30,-45,4535,872,4535,900
-30,-45,3052,-761,3052,-600
-30,-45,7134,855,7134,800
-30,-45,3233,-897,1230,-2300
-30,-40,4085,239,4085,300
-30,-40,4244,-372,4409,-2950
-30,-40,4371,840,4371,900
-30,-40,5959,-760,5959,-800
-30,-40,5262,621,5261,600
-30,-40,7947,977,8614,700
-30,-40,1561,117,1561,200
-30,-40,6530,340,6530,250
-30,-40,1252,-86,1254,-50
-30,-40,7890,-685,7890,-800
-30,-40,7497,935,7497,900
-30,-40,4726,-835,5516,-5000
-30,-40,6928,-451,6928,-400
-30,-40,1606,673,1606,650
-30,-40,9265,-38,9265,50
-30,-40,5010,-106,5010,-50
-30,-40,5392,851,5392,950
-30,-40,1549,-919,1549,-850
-30,-40,4822,203,3631,-1950
-30,-40,8706,-480,8706,-450
-30,-35,3148,-528,3148,-450
-30,-35,7593,-820,7593,-900
-30,-35,4072,-323,9867,-2700
-30,-35,4150,383,4150,500
-30,-35,5170,-119,5169,-150
-30,-35,6174,-265,6175,-200
-30,-35,6594,295,6594,250
-30,-35,1368,-485,1369,-650
-30,-35,6632,-567,6632,-650
-30,-35,5465,434,5465,400
-30,-35,1046,-240,1046,-400
-30,-35,330,-230,328,-100
-30,-35,3427,-332,8953,2450
-30,-35,7345,-318,2560,4350
-30,-35,8105,-944,8105,-900
-30,-35,1763,151,1763,250
-30,-35,5604,-603,4012,-4250
-30,-35,9244,943,9244,950
-30,-35,3589,178,152,-5000
-30,-35,8640,-581,8640,-600
-30,-30,8507,191,8507,300
-30,-30,4952,669,8908,2200
-30,-30,7799,-577,7799,-600
-30,-30,9971,-687,9971,-600
-30,-30,9891,62,9891,-50
-30,-30,6635,-884,6635,-900
-30,-30,407,598,407,650
-30,-30,1643,636,1643,600
-30,-30,5334,605,5334,600
-30,-30,6461,691,8500,2550
-30,-30,8610,8,8610,100
-30,-30,3148,-79,3148,-150
-30,-30,694,-633,1525,4800
-30,-30,7543,369,7543,450
-30,-30,5938,660,5938,700
-30,-30,3074,956,3074,900
-30,-30,5148,898,5148,750
-30,-30,2207,-808,2207,-850
-30,-30,2,-313,3,-500
-30,-30,4421,151,1340,900
-30,-25,8854,517,8854,500
-30,-25,4444,388,6669,1800
-30,-25,967,581,967,600
-30,-25,3575,783,3575,800
-30,-25,4971,148,7275,-3700
-30,-25,2337,-57,2337,-100
-30,-25,5350,178,5350,200
-30,-25,9746,888,6370,850
-30,-25,1521,261,1521,200
-30,-25,8152,137,6195,-2150
-30,-25,176,-892,5344,-4100
-30,-25,67,-510,67,-550
-30,-25,7532,-144,7532,-300
-30,-25,6286,836,6286,850
-30,-25,2755,-769,2753,-850
-30,-25,6200,943,6200,800
-30,-25,9024,473,9023,550
-30,-25,4735,201,4735,200
-30,-25,2266,472,2266,650
-30,-25,3401,-999,2816,-2650
-30,-20,5112,-31,5112,0
-30,-20,5881,-355,5879,-400
-30,-20,4526,-763,4526,-800
-30,-20,6701,673,9229,4700
-30,-20,675,-169,675,0
-30,-20,4245,-386,4245,-500
-30,-20,9949,-317,9949,-300
-30,-20,2269,-516,2269,-500
-30,-20,6430,274,6430,200
-30,-20,5422,849,5422,900
-30,-20,8602,256,8602,150
-30,-20,7307,-953,7306,-1050
-30,-20,9357,-151,9357,-200
-30,-20,7188,-592,7188,-600
-30,-20,4578,-706,4578,-750
-30,-20,2040,-541,2040,-500
-30,-20,8806,224,8806,400
-30,-20,4969,402,2294,4650
-30,-20,8304,-86,8305,50
-30,-20,2985,669,2985,700
-30,-15,1049,-468,1048,-400
-30,-15,5468,219,5468,200
-30,-15,4208,274,4208,50
-30,-15,6658,795,6658,750
-30,-15,7008,-677,7008,-700
-30,-15,640,657,640,700
-30,-15,2965,-90,2964,-150
-30,-15,5741,-518,5741,-500
-30,-15,4334,251,4333,150
-30,-15,9860,-357,9860,-550
-30,-15,3919,-866,3919,-850
-30,-15,1749,225,1749,350
-30,-15,8761,455,8761,300
-30,-15,398,-579,398,-600
-30,-15,1781,53,7998,1950
-30,-15,6307,-180,6307,-200
-30,-15,1709,-992,1709,-1050
-30,-15,5906,-925,8538,4950
-30,-15,5982,333,5982,300
-30,-15,473,900,473,850
-30,-10,1649,931,1649,850
-30,-10,1685,644,1685,600
-30,-10,9805,-559,8886,-2350
-30,-10,8512,28,8512,100
-30,-10,9259,-19,7566,1450
-30,-10,9891,-368,8687,-450
-30,-10,2168,110,2167,150
-30,-10,8623,508,8623,500
-30,-10,8549,316,8549,400
-30,-10,5272,421,5272,500
-30,-10,6814,6,7295,0
-30,-10,1410,416,1410,450
-30,-10,1497,-447,1497,-400
-30,-10,7180,-736,7180,-600
-30,-10,8767,598,8767,500
-30,-10,3632,517,3632,650
-30,-10,3824,-34,3824,150
-30,-10,4088,63,4088,150
-30,-10,4794,851,4794,900
-30,-10,864,569,864,500
-30,-5,7520,-863,7520,-850
-30,-5,6843,-478,6843,-450
-30,-5,9280,129,9280,50
-30,-5,2461,244,2461,250
-30,-5,8959,-485,8959,-550
-30,-5,9238,547,9239,550
-30,-5,4652,-178,4652,-300
-30,-5,4219,713,4219,650
-30,-5,7126,-785,7126,-950
-30,-5,1263,-785,1263,-750
-30,-5,4598,862,4599,1000
-30,-5,5472,-431,1394,1250
-30,-5,2177,612,2177,700
-30,-5,3955,870,3956,1100
-30,-5,8352,761,8352,650
-30,-5,112,973,112,1100
-30,-5,9079,-135,9079,-250
-30,-5,351,427,6696,-4150
-30,-5,7906,89,2177,-5000
-30,-5,6241,-199,6241,-250
-30,0,3282,973,3282,900
-30,0,5406,-210,5406,-200
-30,0,9676,-963,9676,-900
-30,0,4841,113,4918,-4600
-30,0,9203,-880,9206,-950
-30,0,1234,282,1234,350
-30,0,8606,-366,8606,-300
-30,0,824,884,822,850
-30,0,8383,-17,8382,50
-30,0,1155,272,1153,350
-30,0,9665,983,7406,-3200
-30,0,4090,25,4090,100
-30,0,968,-6,968,-50
-30,0,6960,-783,6960,-750
-30,0,8613,745,1873,4950
-30,0,7343,226,1984,-1000
-30,0,901,-194,901,-150
-30,0,5888,-120,5888,-250
-30,0,2442,416,2442,400
-30,0,356,382,356,350
-30,5,8155,-380,8155,-300
-30,5,1348,-760,1348,-900
-30,5,9409,129,9406,50
-30,5,3335,-347,3335,-350
-30,5,8725,-947,8725,-950
-30,5,378,-435,378,-550
-30,5,7006,896,7006,750
-30,5,1385,-448,1385,-350
-30,5,6971,-318,6971,-250
-30,5,3879,20,3879,0
-30,5,9516,-160,9516,-150
-30,5,7031,-879,7032,-850
-30,5,1141,-271,1141,-400
-30,5,372,945,372,950
-30,5,3634,778,3634,850
-30,5,2880,645,2880,700
-30,5,8316,957,8316,850
-30,5,3658,417,3658,400
-30,5,1693,736,8390,3250
-30,5,6194,-722,692,-400
-30,10,1811,-34,1811,-50
-30,10,5115,719,5115,800
-30,10,878,45,878,0
-30,10,6430,-505,620,1300
-30,10,4147,-582,4147,-500
-30,10,8509,-886,8509,-750
-30,10,6772,-248,6772,-300
-30,10,7615,234,7615,200
-30,10,1981,-706,1981,-600
-30,10,8028,-772,8028,-750
-30,10,1266,615,1266,600
-30,10,213,-351,2901,-2650
-30,10,5241,995,5241,850
-30,10,5478,-619,5478,-650
-30,10,7171,-489,9918,-50
-30,10,1967,289,1967,250
-30,10,5440,-435,5440,-450
-30,10,4967,178,4967,350
-30,10,4995,-242,4995,-200
-30,10,5354,-888,5354,-800
-30,15,4695,995,4695,950
-30,15,5393,581,8572,-2850
-30,15,3171,-691,3171,-600
-30,15,6764,70,5455,-50
-30,15,6217,354,6217,300
-30,15,609,907,609,1100
-30,15,2774,681,2774,750
-30,15,1020,202,1020,200
-30,15,6383,517,4377,3500
-30,15,589,487,589,400
-30,15,8441,101,8441,150
-30,15,8011,118,8011,0
-30,15,7764,420,7764,350
-30,15,6869,925,6869,850
-30,15,8914,398,8914,300
-30,15,9417,225,9417,200
-30,15,3474,77,3474,100
-30,15,9997,-996,9997,-1100
-30,15,2253,-679,2253,-750
-30,15,7956,580,7956,650
-30,20,659,-754,659,-750
-30,20,4629,963,4629,1000
-30,20,8504,-79,8504,-150
-30,20,3091,-967,6532,-4200
-30,20,7482,-531,7482,-550
-30,20,6651,385,2738,-50
-30,20,3402,295,4925,2600
-30,20,3780,5,3780,-200
-30,20,6508,-657,6508,-750
-30,20,987,-479,987,-500
-30,20,7880,-959,7880,-1050
-30,20,7976,347,7976,450
-30,20,8667,589,8668,650
-30,20,2924,451,2926,550
-30,20,6569,722,3050,-4800
-30,20,9220,-203,9220,-200
-30,20,5796,68,5797,50
-30,20,1859,836,1860,800
-30,20,8201,697,4762,-5000
-30,20,775,704,775,800
-30,25,1448,-243,1238,3500
-30,25,7227,-705,6107,-2100
-30,25,8618,-679,8618,-750
-30,25,8844,39,8844,50
-30,25,6323,255,5339,1550
-30,25,1027,-306,3558,2050
-30,25,350,970,350,1000
-30,25,8063,516,8063,600
-30,25,4725,772,4725,850
-30,25,2974,-143,2974,-250
-30,25,765,-126,6597,-2050
-30,25,5223,-400,3837,1700
-30,25,6259,297,6259,400
-30,25,9178,570,9178,550
-30,25,186,-990,3924,-4400
-30,25,2635,595,2635,750
-30,25,99,-574,2005,1500
-30,25,8100,121,8103,350
-30,25,388,-495,388,-600
-30,25,5875,-938,4654,4100
-30,30,5623,364,5194,-1200
-30,30,3746,182,8010,2250
-30,30,2096,153,5558,-1400
-30,30,8685,307,8684,450
-30,30,4770,821,4770,850
-30,30,9760,-5,749,-2100
-30,30,7525,338,7525,400
-30,30,9544,-815,2532,4950
-30,30,643,81,2008,-3150
-30,30,3510,-570,4054,-300
-30,30,9431,808,1997,3750
-30,30,6009,481,1214,-600
-30,30,456,-904,1544,4000
-30,30,3951,-886,7129,2100
-30,30,4835,-190,9218,-4550
-30,30,14,625,334,-800
-30,30,5517,-433,5517,-400
-30,30,4254,-980,4875,-200
-30,30,940,-818,4955,1600
-30,30,9233,475,5787,4900
-30,35,1698,517,7997,4900
-30,35,2838,657,3183,-3750
-30,35,8290,-396,3996,1700
-30,35,7031,-789,9855,-3900
-30,35,430,-652,9225,4950
-30,35,5603,446,1405,2100
-30,35,365,22,6306,750
-30,35,7845,-430,3399,-4750
-30,35,8724,-371,2353,-1100
-30,35,2004,734,7455,550
-30,35,1977,-60,4255,2200
-30,35,4755,838,8891,-3650
-30,35,7108,24,7108,100
-30,35,2599,326,5911,4950
-30,35,3608,425,3185,-3800
-30,35,6380,-315,9591,3800
-30,35,3505,856,6306,700
-30,35,5960,-430,1405,1950
-30,35,8358,482,1405,2000
-30,35,5397,-871,1033,0
-30,40,3381,441,6737,2250
-30,40,1456,887,1405,2050
-30,40,2198,-759,1658,-300
-30,40,2755,501,9227,4950
-30,40,7328,-444,6306,800
-30,40,8175,-34,6306,700
-30,40,8356,-936,125,-1150
-30,40,1804,735,4255,2300
-30,40,8575,-138,3183,-3700
-30,40,5258,-412,125,-1150
-30,40,1358,740,9226,4950
-30,40,899,-959,2437,4900
-30,40,5309,515,3399,-4700
-30,40,8080,-214,6306,850
-30,40,9766,-245,3186,-3900
-30,40,9703,-915,3175,-4300
-30,40,6519,-309,6306,800
-30,40,5663,-426,2522,-1800
-30,40,4956,364,6306,800
-30,40,6206,681,6306,650
-30,45,2976,884,6306,800
-30,45,2974,767,6306,800
-30,45,8626,603,6306,750
-30,45,7110,-415,3399,-4750
-30,45,2621,334,6306,750
-30,45,8691,-789,6306,800
-30,45,4393,-198,6306,800
-30,45,4523,-238,6306,750
-30,45,3687,149,6306,800
-30,45,1152,845,7997,4900
-30,45,9397,-248,1405,2000
-30,45,3613,729,6306,850
-30,45,2901,434,6306,800
-30,45,7696,-406,3186,-3850
-30,45,8198,807,3175,-4350
-30,45,5171,616,1405,2000
-30,45,3004,-110,6306,800
-30,45,2204,681,9226,4900
-30,45,9945,632,6306,750
-30,45,6688,388,6306,800
-30,50,4947,297,6306,750
-30,50,9285,-772,6306,800
-30,50,3720,-103,6306,750
-30,50,8156,95,6306,750
-30,50,8833,603,6306,750
-30,50,3287,299,6306,750
-30,50,7983,-110,6306,800
-30,50,4072,-985,6306,800
-30,50,4677,884,1405,2050
-30,50,4351,923,3186,-3850
-30,50,9542,-735,6306,800
-30,50,6150,-894,3186,-3850
-30,50,8981,321,6306,750
-30,50,914,-574,6306,750
-30,50,4056,-151,3186,-3850
-30,50,8853,194,1405,2050
-30,50,6994,765,6306,800
-30,50,3612,-846,6306,800
-30,50,4080,208,6306,800
-30,50,4097,-902,6306,800
-25,-100,52,-28,52,0
-25,-100,9468,661,9468,650
-25,-100,3809,400,3808,350
-25,-100,514,-669,514,-700
-25,-100,7571,-52,7571,0
-25,-100,1760,897,1760,850
-25,-100,3031,347,3031,300
-25,-100,4074,-188,4074,-200
-25,-100,7224,874,7224,850
-25,-100,9378,736,9378,800
-25,-100,7517,918,7517,850
-25,-100,573,696,573,750
-25,-100,5158,638,5158,600
-25,-100,2822,105,2822,100
-25,-100,2027,390,2027,400
-25,-100,4929,942,4929,950
-25,-100,1708,426,1708,450
-25,-100,2813,706,2813,700
-25,-100,7044,-617,7044,-550
-25,-100,2162,-287,2162,-250
-25,-95,6799,-759,6799,-750
-25,-95,1151,230,1151,150
-25,-95,3212,-527,3212,-650
-25,-95,9499,932,9499,900
-25,-95,8287,-60,8287,-150
-25,-95,6532,29,6532,-50
-25,-95,1417,-810,1417,-850
-25,-95,1781,-416,1781,-450
-25,-95,2669,-432,2669,-400
-25,-95,6239,-139,6239,-150
-25,-95,9155,492,9155,500
-25,-95,7019,-951,7019,-1000
-25,-95,3945,866,3945,900
-25,-95,5872,-535,5872,-550
-25,-95,7680,-567,7680,-550
-25,-95,6065,-172,6065,-200
-25,-95,1270,-519,1270,-500
-25,-95,6853,-112,6853,-150
-25,-95,8877,-667,8877,-650
-25,-95,3460,323,3460,350
-25,-90,3377,708,3377,750
-25,-90,6368,-388,6368,-350
-25,-90,5850,672,5850,650
-25,-90,5834,-754,5834,-800
-25,-90,9531,-785,9531,-800
-25,-90,3368,698,3368,600
-25,-90,1908,930,1908,1050
-25,-90,2245,-303,2245,-250
-25,-90,7696,321,7696,350
-25,-90,3308,-301,3308,-300
-25,-90,1340,-479,1340,-450
-25,-90,4728,-538,4728,-550
-25,-90,2390,292,2390,300
-25,-90,1079,105,1079,150
-25,-90,5558,46,5558,-50
-25,-90,7391,325,7391,350
-25,-90,9215,-563,9215,-600
-25,-90,1895,791,1895,800
-25,-90,3128,-952,3128,-850
-25,-90,1559,-431,1559,-450
-25,-85,6827,-103,6827,-100
-25,-85,7063,98,7063,50
-25,-85,6970,-405,6970,-400
-25,-85,94,-557,94,-550
-25,-85,5260,651,5260,600
-25,-85,5812,-636,5812,-600
-25,-85,4153,-802,4153,-800
-25,-85,2711,-586,2711,-550
-25,-85,4642,-464,4642,-400
-25,-85,7838,982,7838,1000
-25,-85,1532,-541,1532,-550
-25,-85,8459,213,8459,250
-25,-85,3707,-653,3707,-650
-25,-85,7784,-951,7784,-900
-25,-85,2695,700,2695,650
-25,-85,2325,438,2325,500
-25,-85,1532,-706,1532,-700
-25,-85,1515,-143,1515,-100
-25,-85,7431,366,7431,400
-25,-85,4057,-627,4057,-650
-25,-80,698,-137,698,-150
-25,-80,4034,-554,4034,-550
-25,-80,4282,893,4282,900
-25,-80,7052,983,7052,1000
-25,-80,7322,644,7322,600
-25,-80,6298,-529,6298,-500
-25,-80,163,-808,163,-850
-25,-80,4959,962,4959,950
-25,-80,3870,-683,3870,-650
-25,-80,9894,911,9894,850
-25,-80,7998,376,7998,450
-25,-80,4514,386,4514,350
-25,-80,4010,947,4010,950
-25,-80,1695,76,1695,50
-25,-80,6660,-738,6660,-800
-25,-80,7183,-756,7183,-800
-25,-80,109,-662,109,-700
-25,-80,7904,-269,7904,-300
-25,-80,1616,-122,1616,-100
-25,-80,3399,-370,3399,-350
-25,-75,8781,780,8781,800
-25,-75,7762,-372,7762,-400
-25,-75,2871,237,2871,250
-25,-75,2442,-521,2442,-600
-25,-75,6274,22,6274,50
-25,-75,1979,-63,1979,0
-25,-75,4790,533,4790,550
-25,-75,3716,-759,3716,-800
-25,-75,6259,923,6259,1000
-25,-75,8046,965,8046,1000
-25,-75,5082,-46,5082,-100
-25,-75,3365,-30,3365,-100
-25,-75,3131,974,3131,1000
-25,-75,8863,519,8863,500
-25,-75,6759,628,6759,700
-25,-75,6948,-521,6948,-550
-25,-75,4273,5,4273,-100
-25,-75,7764,-941,7764,-1000
-25,-75,3010,948,3010,950
-25,-75,205,887,205,900
-25,-70,8345,-258,8345,-250
-25,-70,2606,82,2606,100
-25,-70,8263,-172,8263,-200
-25,-70,7758,-232,7758,-200
-25,-70,2621,-991,2621,-950
-25,-70,7548,-130,7548,-150
-25,-70,7324,-361,7324,-400
-25,-70,4390,425,4390,350
-25,-70,4655,-741,4655,-750
-25,-70,9430,874,9430,900
-25,-70,7232,282,7232,250
-25,-70,190,-709,190,-600
-25,-70,7090,-141,7090,-200
-25,-70,1765,-421,1765,-400
-25,-70,1815,127,1815,150
-25,-70,5347,-228,5347,-250
-25,-70,4526,-344,4526,-350
-25,-70,2590,273,2590,200
-25,-70,7406,584,7406,500
-25,-70,4966,-575,4966,-600
-25,-65,3907,235,3907,250
-25,-65,4508,-687,4508,-700
-25,-65,5908,-778,5908,-800
-25,-65,4108,-629,4108,-600
-25,-65,1432,-151,1432,-200
-25,-65,2570,865,2570,850
-25,-65,1225,-917,1225,-950
-25,-65,7191,-515,7191,-550
-25,-65,7973,150,7973,150
-25,-65,615,-996,615,-1050
-25,-65,7544,-349,7544,-350
-25,-65,5269,-676,5269,-700
-25,-65,7972,979,7972,1000
-25,-65,108,316,108,300
-25,-65,7341,698,7341,700
-25,-65,8009,320,8009,200
-25,-65,195,892,195,950
-25,-65,3012,-614,3012,-650
-25,-65,1997,-336,1997,-300
-25,-65,1715,350,1715,350
-25,-60,4460,-975,4460,-1050
-25,-60,4624,223,4624,200
-25,-60,3109,873,3109,800
-25,-60,1144,-490,1144,-600
-25,-60,6928,279,6928,350
-25,-60,1208,47,1208,150
-25,-60,7751,-476,7751,-450
-25,-60,284,712,284,650
-25,-60,7990,-602,7990,-700
-25,-60,6991,809,6991,900
-25,-60,873,804,873,850
-25,-60,9044,786,9044,850
-25,-60,4877,127,4877,200
-25,-60,7482,878,7482,850
-25,-60,1678,-415,1678,-400
-25,-60,6887,-200,6887,-100
-25,-60,5895,149,5895,50
-25,-60,7292,648,7292,650
-25,-60,3212,-603,3212,-600
-25,-60,2244,390,2244,450
-25,-55,8425,-130,8425,-150
-25,-55,1500,385,1500,300
-25,-55,5095,146,5096,250
-25,-55,7549,181,7549,250
-25,-55,2431,-541,2431,-500
-25,-55,7709,-226,7709,-250
-25,-55,5228,591,5228,650
-25,-55,8352,678,8352,750
-25,-55,8742,-398,8742,-300
-25,-55,7459,59,7459,100
-25,-55,9131,-464,9131,-450
-25,-55,7768,573,7768,650
-25,-55,9911,897,9911,950
-25,-55,7740,538,7740,500
-25,-55,3345,107,3345,100
-25,-55,7165,170,7165,150
-25,-55,6022,105,6022,150
-25,-55,9352,74,9352,50
-25,-55,7100,-837,7100,-750
-25,-55,3380,166,3380,50
-25,-50,9715,-555,9715,-500
-25,-50,6307,-117,6307,-100
-25,-50,9354,574,9354,550
-25,-50,7444,-949,7444,-950
-25,-50,3592,737,3592,800
-25,-50,3477,581,3477,600
-25,-50,3418,-578,3418,-500
-25,-50,5128,53,5128,100
-25,-50,1440,528,1440,500
-25,-50,1232,619,1232,600
-25,-50,5904,734,5904,750
-25,-50,5856,216,5856,250
-25,-50,50,-575,50,-550
-25,-50,5058,767,5058,750
-25,-50,5379,428,5379,400
-25,-50,2404,583,2405,600
-25,-50,2461,-965,2461,-950
-25,-50,2083,927,2083,900
-25,-50,9305,198,9305,200
-25,-50,2635,-978,2635,-1000
-25,-45,8639,-210,8639,-250
-25,-45,8188,-863,8188,-850
-25,-45,5685,264,5685,300
-25,-45,8375,-784,8375,-750
-25,-45,7705,970,7705,1000
-25,-45,1592,704,1592,850
-25,-45,7967,-34,7967,0
-25,-45,7431,-925,7431,-950
-25,-45,2,870,2,850
-25,-45,408,-235,408,-250
-25,-45,9972,-950,9972,-1000
-25,-45,3111,317,3111,350
-25,-45,2698,-871,2698,-900
-25,-45,3998,164,3998,250
-25,-45,631,-592,631,-550
-25,-45,3971,358,3971,350
-25,-45,8038,-363,8038,-300
-25,-45,6147,583,6147,600
-25,-45,6480,728,6480,800
-25,-45,7836,-214,7836,-200
-25,-40,3851,307,3851,200
-25,-40,3586,-326,3586,-300
-25,-40,6714,74,6714,50
-25,-40,7102,-712,7102,-700
-25,-40,291,232,291,150
-25,-40,8843,-629,8843,-650
-25,-40,6055,-483,6055,-450
-25,-40,2581,864,2581,900
-25,-40,3251,949,3251,1000
-25,-40,8885,-642,8885,-650
-25,-40,5756,982,5756,1000
-25,-40,7937,-263,7937,-200
-25,-40,5863,-281,5863,-200
-25,-40,5217,-422,5217,-400
-25,-40,2783,-245,2783,-350
-25,-40,9597,950,9597,900
-25,-40,5399,326,5399,350
-25,-40,6274,291,6274,400
-25,-40,9364,94,9364,50
-25,-40,1749,448,1749,400
-25,-35,5135,528,5135,550
-25,-35,1365,-518,1365,-450
-25,-35,3917,-936,3917,-950
-25,-35,7530,810,7530,800
-25,-35,8642,215,8642,250
-25,-35,338,-556,338,-600
-25,-35,5195,-645,5195,-650
-25,-35,3818,-225,3818,-200
-25,-35,7875,173,7875,250
-25,-35,9823,-607,9823,-550
-25,-35,3869,339,3869,350
-25,-35,7988,-104,7988,-150
-25,-35,8797,207,8797,300
-25,-35,4261,-833,4261,-850
-25,-35,747,775,747,750
-25,-35,6241,-736,6241,-750
-25,-35,1754,473,1754,550
-25,-35,4401,-445,4401,-400
-25,-35,2610,-179,2610,-150
-25,-35,302,851,302,850
-25,-30,3402,254,3402,250
-25,-30,8056,369,8056,350
-25,-30,2835,207,2835,200
-25,-30,4988,785,4988,700
-25,-30,7849,-694,7849,-700
-25,-30,1395,851,1395,850
-25,-30,6362,-245,6362,-250
-25,-30,1156,-906,1156,-900
-25,-30,5424,-366,5424,-400
-25,-30,571,-975,571,-1000
-25,-30,3977,127,3977,200
-25,-30,7166,-728,7166,-700
-25,-30,5713,324,5713,350
-25,-30,488,365,487,400
-25,-30,1217,-78,1217,0
-25,-30,732,-389,732,-400
-25,-30,7951,657,7951,650
-25,-30,834,-14,834,0
-25,-30,8923,-655,8923,-700
-25,-30,8611,224,8611,250
-25,-25,9856,714,9856,650
-25,-25,1455,316,1455,350
-25,-25,7177,332,7177,250
-25,-25,8787,-707,8787,-700
-25,-25,1606,-223,1606,-150
-25,-25,5158,-28,5158,50
-25,-25,9770,-531,9770,-550
-25,-25,2066,591,2066,650
-25,-25,5534,-507,5534,-550
-25,-25,8463,-791,8463,-800
-25,-25,673,-665,673,-550
-25,-25,66,-271,66,-300
-25,-25,2589,-344,2589,-350
-25,-25,7700,-15,7700,100
-25,-25,7596,-719,7596,-800
-25,-25,5931,467,5931,550
-25,-25,2602,-965,2602,-1050
-25,-25,1195,-17,1195,-50
-25,-25,5314,941,5314,950
-25,-25,8220,-555,8220,-500
-25,-20,9393,-665,9393,-600
-25,-20,1120,81,1120,150
-25,-20,6860,-833,6860,-900
-25,-20,2909,-525,2909,-550
-25,-20,2890,973,2890,950
-25,-20,2038,269,2038,300
-25,-20,5249,127,5249,150
-25,-20,704,467,704,450
-25,-20,424,-512,424,-500
-25,-20,5174,244,5174,250
-25,-20,6393,-285,6393,-200
-25,-20,9439,-768,9439,-800
-25,-20,2404,-613,2404,-600
-25,-20,6404,664,6404,600
-25,-20,2796,572,2796,600
-25,-20,7927,-656,7927,-650
-25,-20,8063,664,8063,600
-25,-20,5677,369,5677,400
-25,-20,862,-307,862,-300
-25,-20,6308,319,6308,400
-25,-15,166,-169,166,-150
-25,-15,9026,-385,9026,-400
-25,-15,680,-1000,680,-950
-25,-15,7808,984,7808,1000
-25,-15,9673,134,9673,200
-25,-15,7895,808,7895,800
-25,-15,7413,251,7413,200
-25,-15,7274,-735,7274,-750
-25,-15,6411,-654,6411,-650
-25,-15,5616,-585,5616,-550
-25,-15,4384,985,4384,1000
-25,-15,806,770,806,700
-25,-15,9506,-592,9506,-650
-25,-15,4835,-950,4835,-1000
-25,-15,534,-958,534,-950
-25,-15,8686,-178,8686,-200
-25,-15,6429,307,6429,400
-25,-15,2522,-924,2522,-950
-25,-15,6245,191,6245,200
-25,-15,8746,-528,8746,-500
-25,-10,3609,-170,3609,-200
-25,-10,6393,911,6393,950
-25,-10,546,849,546,850
-25,-10,6304,-862,6304,-950
-25,-10,5900,379,5900,400
-25,-10,5128,-726,5128,-750
-25,-10,5365,349,5365,400
-25,-10,7192,951,7192,1000
-25,-10,3168,-250,3168,-250
-25,-10,717,900,717,900
-25,-10,895,-481,895,-450
-25,-10,1153,-864,1153,-850
-25,-10,1391,-448,1391,-400
-25,-10,4509,881,4509,900
-25,-10,327,-80,327,-50
-25,-10,858,6,858,-50
-25,-10,8728,-884,8728,-900
-25,-10,7335,-99,7335,-200
-25,-10,5055,-720,5055,-750
-25,-10,120,-617,120,-600
-25,-5,5631,-355,5631,-400
-25,-5,4102,529,4102,600
-25,-5,4150,721,4150,650
-25,-5,1053,-366,1053,-350
-25,-5,7480,-13,7480,-100
-25,-5,648,-35,648,-100
-25,-5,680,-799,680,-850
-25,-5,1408,949,1408,950
-25,-5,7293,271,7293,350
-25,-5,180,-392,180,-400
-25,-5,7375,488,7375,450
-25,-5,6730,-89,6730,-100
-25,-5,2398,503,2398,550
-25,-5,1967,729,1967,600
-25,-5,2308,142,2308,100
-25,-5,6569,-942,6569,-850
-25,-5,5838,276,5838,250
-25,-5,751,436,751,450
-25,-5,3668,-703,3668,-700
-25,-5,5733,437,5733,450
-25,0,8570,160,8570,200
-25,0,9812,-467,9812,-450
-25,0,695,197,695,200
-25,0,8698,230,8699,300
-25,0,1482,-402,1482,-400
-25,0,4070,799,4070,850
-25,0,9647,551,9647,550
-25,0,7854,-89,7854,-50
-25,0,652,-631,652,-600
-25,0,498,417,498,500
-25,0,831,289,831,200
-25,0,1036,801,1036,750
-25,0,8277,627,8277,700
-25,0,7589,633,7589,700
-25,0,3603,-660,3603,-750
-25,0,4196,486,4194,500
-25,0,988,552,988,600
-25,0,1429,-230,1429,-250
-25,0,7339,266,7339,300
-25,0,428,-900,428,-1000
-25,5,6001,6,6001,0
-25,5,4968,434,4968,450
-25,5,3938,-846,3938,-850
-25,5,8174,-197,8174,-200
-25,5,2444,373,2444,400
-25,5,1686,-985,1686,-900
-25,5,8794,-50,8794,-100
-25,5,6992,-276,6992,-300
-25,5,4771,-571,4771,-550
-25,5,7186,113,7186,150
-25,5,1151,-17,1150,-150
-25,5,7579,-43,7579,-50
-25,5,5181,-784,5181,-800
-25,5,8145,-359,8145,-350
-25,5,6477,720,6477,700
-25,5,3899,-918,3899,-900
-25,5,7105,-315,7105,-250
-25,5,5135,460,5135,450
-25,5,1895,864,1895,850
-25,5,2915,14,2916,50
-25,10,5391,-453,5391,-550
-25,10,8210,-128,8210,-200
-25,10,4684,-257,4684,-300
-25,10,5153,-404,5153,-350
-25,10,4653,-426,4653,-400
-25,10,5561,763,5561,700
-25,10,8096,-82,8096,-50
-25,10,1356,-186,1356,-150
-25,10,215,-9,215,0
-25,10,2618,463,2618,400
-25,10,7955,448,7955,450
-25,10,8781,-929,8781,-900
-25,10,4061,-329,4061,-350
-25,10,2919,-465,2919,-500
-25,10,1021,-646,1021,-650
-25,10,2413,54,2413,0
-25,10,9324,930,9324,900
-25,10,5997,487,5997,500
-25,10,1573,-807,1574,-850
-25,10,2848,17,2848,0
-25,15,9454,819,9454,850
-25,15,8188,949,8188,1000
-25,15,7651,959,7651,1000
-25,15,9092,849,9092,850
-25,15,2063,961,2063,950
-25,15,6106,-465,6106,-450
-25,15,1100,24,1100,50
-25,15,8200,868,8200,850
-25,15,164,269,164,200
-25,15,957,482,957,500
-25,15,143,-337,143,-400
-25,15,3731,415,3731,300
-25,15,8605,-396,8605,-500
-25,15,3023,-981,3023,-1000
-25,15,4711,337,4711,400
-25,15,620,-136,620,-200
-25,15,7686,372,7686,250
-25,15,2136,928,2136,950
-25,15,7718,-329,7718,-300
-25,15,2441,695,2441,750
-25,20,9806,-433,9806,-400
-25,20,7932,-261,7932,-250
-25,20,2181,642,2181,600
-25,20,5171,418,5171,450
-25,20,6914,-891,6914,-850
-25,20,1694,819,1694,850
-25,20,1514,-886,1514,-1000
-25,20,174,312,174,250
-25,20,8975,606,8975,650
-25,20,8663,712,8663,700
-25,20,7678,-48,7678,-50
-25,20,4856,306,4856,200
-25,20,7815,-823,7815,-800
-25,20,7899,-856,7899,-850
-25,20,5229,-53,5229,-100
-25,20,4498,845,4498,800
-25,20,3903,378,3903,400
-25,20,1048,876,1048,850
-25,20,3382,-3,3382,-50
-25,20,8347,528,8347,550
-25,25,1875,-880,1875,-950
-25,25,4032,-449,4032,-450
-25,25,3119,-536,3119,-500
-25,25,9137,892,9137,950
-25,25,9391,463,9391,550
-25,25,1497,579,1497,650
-25,25,5414,977,5414,1050
-25,25,6709,149,6709,100
-25,25,4863,-945,4863,-1000
-25,25,7770,-26,7770,-100
-25,25,8566,779,8566,850
-25,25,9439,742,9438,800
-25,25,4649,946,4649,900
-25,25,6784,-263,6786,-500
-25,25,6959,-715,6959,-650
-25,25,1403,-569,1403,-450
-25,25,9537,71,9537,0
-25,25,9010,-989,9010,-850
-25,25,3379,887,3379,800
-25,25,8255,812,8255,800
-25,30,5997,-422,5996,-300
-25,30,6299,-823,6299,-800
-25,30,5437,256,2437,4900
-25,30,2102,744,2103,550
-25,30,860,529,8098,350
-25,30,7823,-661,1657,-350
-25,30,2936,-434,2936,-550
-25,30,6548,281,8001,-3500
-25,30,4660,-703,4660,-750
-25,30,6272,-222,1405,2050
-25,30,6304,-859,1565,-2550
-25,30,3294,633,4905,-3200
-25,30,6672,614,9341,1200
-25,30,782,551,782,600
-25,30,9115,898,3175,-4250
-25,30,1430,232,1430,250
-25,30,5372,-438,5372,-550
-25,30,2209,684,8142,-100
-25,30,9537,334,9537,550
-25,30,2961,-411,7090,3250
-25,35,1411,34,6306,800
-25,35,4249,-105,1405,2050
-25,35,7218,864,2437,4800
-25,35,2423,632,3175,-4300
-25,35,2051,-972,9227,4950
-25,35,924,78,6306,700
-25,35,2484,-458,3183,-3750
-25,35,606,-664,9102,-3050
-25,35,8817,-147,5870,4600
-25,35,83,-337,6306,750
-25,35,6744,301,7585,2950
-25,35,9482,881,3183,-3800
-25,35,6665,38,1405,2050
-25,35,2629,-205,6306,800
-25,35,1826,-915,2437,4850
-25,35,8727,-580,3399,-4700
-25,35,3685,991,1412,4850
-25,35,2102,657,7997,4750
-25,35,5099,-90,1658,-350
-25,35,1558,214,8004,-3400
-25,40,4983,963,125,-1150
-25,40,951,-944,6306,750
-25,40,9935,737,6306,750
-25,40,1936,272,1405,2000
-25,40,349,-274,2437,4800
-25,40,5524,774,125,-1100
-25,40,3731,-22,6306,750
-25,40,7096,-299,6306,750
-25,40,4324,-190,6306,800
-25,40,7075,959,6306,750
-25,40,4348,464,1405,2050
-25,40,5390,686,2522,-1900
-25,40,4913,-527,3185,-3750
-25,40,278,-418,6306,800
-25,40,3256,408,6306,800
-25,40,2282,98,1405,2000
-25,40,656,-98,3186,-3850
-25,40,4926,773,3175,-4350
-25,40,3406,166,1405,2050
-25,40,7440,222,6306,800
-25,45,1942,-616,6306,750
-25,45,2413,83,6306,800
-25,45,4289,472,6306,800
-25,45,5127,201,6306,800
-25,45,2221,-190,6306,800
-25,45,9950,-623,3186,-3850
-25,45,64,-627,6306,750
-25,45,4054,-534,6306,750
-25,45,6434,-252,6306,750
-25,45,2734,595,6306,800
-25,45,5256,-94,6306,750
-25,45,8476,608,6306,800
-25,45,9171,161,6306,800
-25,45,4759,881,6306,800
-25,45,9442,307,6306,800
-25,45,7441,902,6306,800
-25,45,9752,-875,6306,800
-25,45,4940,-622,6306,800
-25,45,3147,844,6306,800
-25,45,7086,-984,6306,800
-25,50,7224,-399,6306,800
-25,50,4258,449,6306,800
-25,50,1816,-63,6306,800
-25,50,5217,-347,6306,800
-25,50,6781,-522,6306,800
-25,50,5189,415,6306,800
-25,50,2777,389,6306,800
-25,50,9935,-70,6306,800
-25,50,6962,-283,6306,800
-25,50,5555,140,6306,800
-25,50,9540,638,6306,800
-25,50,6655,-362,6306,800
-25,50,3127,311,6306,800
-25,50,101,957,6306,800
-25,50,4441,-857,6306,800
-25,50,1286,355,6306,750
-25,50,7524,-58,6306,800
-25,50,8408,-534,6306,800
-25,50,2397,-558,6306,800
-25,50,5003,-514,6306,800
-20,-100,2675,-420,2675,-400
-20,-100,9904,-872,9904,-850
-20,-100,7199,-441,7199,-450
-20,-100,2246,-349,2246,-300
-20,-100,8504,742,8504,800
-20,-100,2380,-607,2380,-600
-20,-100,2716,746,2716,750
-20,-100,7412,-869,7412,-850
-20,-100,8386,411,8386,450
-20,-100,8174,63,8174,100
-20,-100,7290,-409,7290,-450
-20,-100,7953,225,7953,200
-20,-100,6467,360,6467,400
-20,-100,2384,981,2384,1000
-20,-100,5819,-461,5819,-450
-20,-100,8744,-225,8744,-200
-20,-100,1958,157,1958,150
-20,-100,5513,-110,5513,-150
-20,-100,1276,-564,1276,-550
-20,-100,1040,874,1040,900
-20,-95,5598,770,5598,750
-20,-95,7428,869,7428,800
-20,-95,9567,-130,9567,-100
-20,-95,4007,-915,4007,-900
-20,-95,5171,917,5171,950
-20,-95,4061,-944,4061,-1000
-20,-95,8259,-415,8259,-450
-20,-95,9490,885,9490,900
-20,-95,3251,989,3251,1000
-20,-95,967,374,967,350
-20,-95,4564,-42,4564,-50
-20,-95,6895,516,6895,500
-20,-95,1891,255,1891,300
-20,-95,7050,-762,7050,-700
-20,-95,7248,635,7248,650
-20,-95,4920,-93,4920,-100
-20,-95,9077,642,9077,650
-20,-95,6221,-745,6221,-750
-20,-95,1869,178,1869,150
-20,-95,7787,-62,7787,-100
-20,-90,7332,171,7332,200
-20,-90,2139,-709,2139,-750
-20,-90,2785,42,2785,50
-20,-90,6212,-754,6212,-750
-20,-90,7268,878,7268,850
-20,-90,9000,-284,9000,-250
-20,-90,6798,741,6798,750
-20,-90,2109,40,2109,50
-20,-90,4218,-793,4218,-800
-20,-90,2160,131,2160,100
-20,-90,3992,358,3992,350
-20,-90,9624,233,9624,200
-20,-90,4395,1,4395,0
-20,-90,1712,-759,1712,-800
-20,-90,8521,665,8521,650
-20,-90,9913,707,9913,700
-20,-90,7615,222,7615,250
-20,-90,3,-271,3,-300
-20,-90,3396,-444,3396,-450
-20,-90,5502,-631,5502,-600
-20,-85,3848,38,3848,0
-20,-85,8930,-922,8930,-900
-20,-85,9474,-885,9474,-900
-20,-85,869,-382,869,-350
-20,-85,3564,74,3564,100
-20,-85,6946,-827,6946,-800
-20,-85,7040,-311,7040,-250
-20,-85,2460,316,2460,300
-20,-85,7920,-11,7920,0
-20,-85,7747,-341,7747,-350
-20,-85,5670,-618,5670,-650
-20,-85,9881,52,9881,100
-20,-85,2913,-71,2913,-50
-20,-85,5143,2,5143,50
-20,-85,3123,-13,3123,0
-20,-85,3874,626,3874,650
-20,-85,7960,296,7960,300
-20,-85,8095,-113,8095,-100
-20,-85,6980,-50,6980,-100
-20,-85,9697,223,9697,200
-20,-80,4280,-317,4280,-350
-20,-80,8451,-370,8451,-400
-20,-80,7601,-482,7601,-500
-20,-80,8280,-527,8280,-550
-20,-80,7871,256,7871,200
-20,-80,382,-485,382,-500
-20,-80,2707,-365,2707,-400
-20,-80,445,-337,445,-350
-20,-80,9164,-676,9164,-700
-20,-80,1259,-299,1259,-350
-20,-80,983,-814,983,-800
-20,-80,6810,-580,6810,-550
-20,-80,2471,537,2471,550
-20,-80,5116,658,5116,600
-20,-80,6529,621,6529,650
-20,-80,5122,449,5122,500
-20,-80,5421,869,5421,850
-20,-80,4410,642,4410,650
-20,-80,8278,119,8278,100
-20,-80,4516,787,4516,800
-20,-75,3962,-277,3962,-300
-20,-75,3626,602,3626,600
-20,-75,6437,-214,6437,-250
-20,-75,842,-856,842,-900
-20,-75,487,-89,487,-100
-20,-75,7648,-655,7648,-650
-20,-75,8188,820,8188,800
-20,-75,8725,-875,8725,-850
-20,-75,9725,-341,9725,-350
-20,-75,4724,-447,4724,-450
-20,-75,9760,476,9760,500
-20,-75,6703,794,6703,800
-20,-75,4657,-679,4657,-650
-20,-75,6574,497,6574,500
-20,-75,8116,66,8116,100
-20,-75,307,572,307,600
-20,-75,2951,-170,2951,-150
-20,-75,4827,-417,4827,-400
-20,-75,8944,710,8944,700
-20,-75,8632,-295,8632,-300
-20,-70,4844,-726,4844,-750
-20,-70,6078,-292,6078,-300
-20,-70,1107,-415,1107,-400
-20,-70,1172,-24,1172,0
-20,-70,7640,953,7640,950
-20,-70,9315,-223,9315,-200
-20,-70,7772,56,7772,50
-20,-70,4509,251,4509,300
-20,-70,3636,-297,3636,-300
-20,-70,7490,-227,7490,-200
-20,-70,4878,813,4878,800
-20,-70,3064,233,3064,250
-20,-70,1822,-42,1822,-50
-20,-70,7456,66,7456,50
-20,-70,807,-705,807,-700
-20,-70,8176,125,8176,150
-20,-70,8073,417,8073,400
-20,-70,3125,647,3125,600
-20,-70,7703,569,7703,550
-20,-70,7138,-212,7138,-200
-20,-65,4876,-521,4876,-500
-20,-65,5182,512,5182,500
-20,-65,237,-929,237,-850
-20,-65,7905,-368,7905,-350
-20,-65,4654,-568,4654,-650
-20,-65,9015,-227,9015,-250
-20,-65,5842,-565,5842,-600
-20,-65,2506,959,2506,1000
-20,-65,8938,683,8938,700
-20,-65,4692,186,4692,150
-20,-65,7495,49,7495,50
-20,-65,6096,-152,6096,-150
-20,-65,3472,247,3472,250
-20,-65,6232,83,6232,50
-20,-65,4081,906,4081,850
-20,-65,4789,-894,4789,-900
-20,-65,23,491,23,450
-20,-65,7579,-349,7579,-350
-20,-65,780,409,780,400
-20,-65,9586,896,9586,900
-20,-60,8964,791,8964,800
-20,-60,4640,-974,4640,-950
-20,-60,744,-654,744,-650
-20,-60,2141,619,2141,600
-20,-60,483,-29,483,-50
-20,-60,1632,-535,1632,-500
-20,-60,1201,317,1201,250
-20,-60,563,-154,563,-200
-20,-60,3940,-34,3940,-50
-20,-60,6918,780,6918,800
-20,-60,9348,-763,9348,-700
-20,-60,3247,765,3247,750
-20,-60,3694,-215,3694,-200
-20,-60,2722,445,2722,450
-20,-60,805,630,805,650
-20,-60,4563,528,4563,550
-20,-60,1401,350,1401,350
-20,-60,227,503,227,550
-20,-60,5849,492,5849,500
-20,-60,7113,-659,7113,-650
-20,-55,9739,-310,9739,-350
-20,-55,680,-999,680,-1000
-20,-55,1044,117,1044,100
-20,-55,9763,93,9763,100
-20,-55,387,464,387,450
-20,-55,5801,883,5801,900
-20,-55,3903,878,3903,900
-20,-55,5832,-616,5832,-650
-20,-55,3725,-489,3725,-500
-20,-55,4316,-899,4316,-900
-20,-55,8834,189,8834,200
-20,-55,6714,703,6714,700
-20,-55,8728,890,8728,900
-20,-55,833,626,833,650
-20,-55,9222,867,9222,900
-20,-55,1540,293,1540,300
-20,-55,1180,452,1180,400
-20,-55,9912,345,9912,350
-20,-55,9209,62,9209,0
-20,-55,3539,-739,3539,-750
-20,-50,3811,-109,3811,-100
-20,-50,7162,941,7162,950
-20,-50,5159,451,5159,450
-20,-50,2544,-327,2544,-350
-20,-50,3458,-298,3458,-300
-20,-50,2195,-768,2195,-750
-20,-50,6853,-893,6853,-850
-20,-50,1204,300,1204,300
-20,-50,2165,-271,2165,-300
-20,-50,4705,811,4705,850
-20,-50,8861,853,8861,850
-20,-50,9088,881,9088,900
-20,-50,9701,-677,9701,-700
-20,-50,8126,314,8126,250
-20,-50,2434,-651,2434,-700
-20,-50,537,859,537,850
-20,-50,9924,675,9924,650
-20,-50,178,34,178,50
-20,-50,7733,715,7733,750
-20,-50,4881,-32,4881,-50
-20,-45,1908,-281,1908,-250
-20,-45,2662,682,2662,650
-20,-45,9858,374,9858,400
-20,-45,5071,-968,5071,-950
-20,-45,8461,-599,8461,-600
-20,-45,1434,-850,1434,-850
-20,-45,1434,374,1434,350
-20,-45,2009,576,2009,550
-20,-45,4288,463,4288,450
-20,-45,2940,-65,2940,-50
-20,-45,6634,46,6634,50
-20,-45,2392,544,2392,550
-20,-45,1875,-903,1875,-900
-20,-45,74,722,74,750
-20,-45,8381,747,8381,700
-20,-45,9167,-690,9167,-700
-20,-45,5409,282,5409,300
-20,-45,7928,-571,7928,-600
-20,-45,4246,-183,4246,-150
-20,-45,6378,352,6378,350
-20,-40,9093,-289,9093,-350
-20,-40,1866,-113,1866,-50
-20,-40,3862,-898,3862,-900
-20,-40,6475,-575,6475,-600
-20,-40,1196,758,1196,750
-20,-40,3759,-716,3759,-750
-20,-40,5034,36,5034,50
-20,-40,3000,319,3000,350
-20,-40,6707,890,6707,900
-20,-40,9728,-515,9728,-550
-20,-40,3370,-277,3370,-250
-20,-40,1639,603,1639,600
-20,-40,6824,-906,6824,-950
-20,-40,7624,-125,7624,-100
-20,-40,8407,37,8407,50
-20,-40,1366,112,1366,150
-20,-40,270,-910,270,-900
-20,-40,410,-823,410,-800
-20,-40,6172,962,6172,1000
-20,-40,3103,820,3103,850
-20,-35,4137,713,4137,700
-20,-35,6866,529,6866,500
-20,-35,9017,370,9017,400
-20,-35,9943,209,9943,200
-20,-35,4629,719,4629,700
-20,-35,3534,957,3534,900
-20,-35,7471,187,7471,200
-20,-35,3659,-310,3659,-350
-20,-35,2832,-954,2832,-950
-20,-35,6745,94,6745,50
-20,-35,6218,939,6218,1000
-20,-35,8034,402,8034,400
-20,-35,3699,324,3699,300
-20,-35,7412,-47,7412,0
-20,-35,6417,314,6417,350
-20,-35,5632,610,5632,600
-20,-35,4686,681,4686,650
-20,-35,3495,-592,3495,-600
-20,-35,128,-804,128,-800
-20,-35,9611,120,9611,100
-20,-30,332,769,332,800
-20,-30,9304,456,9304,450
-20,-30,6474,523,6474,550
-20,-30,3684,848,3684,850
-20,-30,6346,836,6346,850
-20,-30,9441,-831,9441,-800
-20,-30,2318,-486,2318,-450
-20,-30,1361,-576,1361,-550
-20,-30,585,871,585,900
-20,-30,8791,-804,8791,-850
-20,-30,7041,-274,7041,-350
-20,-30,9072,-831,9072,-850
-20,-30,9172,-578,9172,-600
-20,-30,3383,-598,3383,-600
-20,-30,1074,-984,1074,-1000
-20,-30,6446,260,6446,300
-20,-30,6540,389,6540,350
-20,-30,8365,213,8365,200
-20,-30,9354,-17,9354,-50
-20,-30,7889,334,7889,300
-20,-25,6739,920,6739,950
-20,-25,2868,-776,2868,-800
-20,-25,4785,-144,4785,-100
-20,-25,1772,584,1772,600
-20,-25,3515,-567,3515,-550
-20,-25,9576,-762,9576,-750
-20,-25,727,306,727,300
-20,-25,6469,214,6469,200
-20,-25,6079,754,6079,700
-20,-25,4167,-351,4167,-350
-20,-25,3312,-891,3312,-850
-20,-25,4881,152,4881,150
-20,-25,1295,-352,1295,-350
-20,-25,2533,-880,2533,-900
-20,-25,4613,-102,4613,-50
-20,-25,3587,-239,3587,-250
-20,-25,3796,-401,3796,-400
-20,-25,2584,-976,2584,-1000
-20,-25,5508,-850,5508,-900
-20,-25,8886,211,8886,250
-20,-20,3044,181,3044,200
-20,-20,7381,952,7381,950
-20,-20,7704,594,7704,550
-20,-20,8832,-644,8832,-600
-20,-20,8189,742,8189,700
-20,-20,1220,-218,1220,-200
-20,-20,725,-529,725,-500
-20,-20,5682,-897,5682,-950
-20,-20,4634,-549,4634,-500
-20,-20,3847,-63,3847,-50
-20,-20,786,-695,786,-700
-20,-20,4564,92,4564,100
-20,-20,6540,144,6540,150
-20,-20,2440,-977,2440,-950
-20,-20,6046,-822,6046,-850
-20,-20,8063,269,8063,300
-20,-20,8738,-425,8738,-450
-20,-20,3887,820,3887,800
-20,-20,9327,986,9327,950
-20,-20,1730,-711,1730,-700
-20,-15,9973,-893,9973,-900
-20,-15,5767,-46,5767,-50
-20,-15,4324,-539,4324,-500
-20,-15,5231,-944,5231,-900
-20,-15,4700,832,4700,850
-20,-15,2786,439,2786,450
-20,-15,4301,-410,4301,-400
-20,-15,1578,387,1578,400
-20,-15,8767,681,8767,700
-20,-15,564,295,564,250
-20,-15,9237,-438,9237,-450
-20,-15,2994,674,2994,650
-20,-15,1346,-167,1346,-200
-20,-15,9817,-79,9817,-100
-20,-15,6989,367,6989,350
-20,-15,6222,87,6222,50
-20,-15,2438,47,2438,50
-20,-15,3005,-376,3005,-350
-20,-15,2937,-307,2937,-300
-20,-15,9588,-936,9588,-900
-20,-10,2498,212,2498,250
-20,-10,6775,-419,6775,-450
-20,-10,1411,-40,1411,-100
-20,-10,3573,34,3573,50
-20,-10,3723,-248,3723,-200
-20,-10,6784,-50,6784,-50
-20,-10,5712,631,5712,650
-20,-10,1263,722,1263,750
-20,-10,1039,-666,1039,-650
-20,-10,4246,-592,4246,-550
-20,-10,2538,829,2538,850
-20,-10,1293,-692,1293,-650
-20,-10,931,-104,931,-100
-20,-10,4350,-562,4350,-550
-20,-10,3499,-418,3499,-450
-20,-10,6321,11,6321,0
-20,-10,1484,-282,1484,-300
-20,-10,978,-111,978,-100
-20,-10,1483,-64,1483,0
-20,-10,7411,-564,7411,-550
-20,-5,7246,-59,7246,-50
-20,-5,5419,-547,5419,-550
-20,-5,5870,372,5870,400
-20,-5,4555,-641,4555,-600
-20,-5,9995,-60,9995,-50
-20,-5,6230,448,6230,450
-20,-5,1818,-374,1818,-400
-20,-5,8676,326,8676,300
-20,-5,369,-240,369,-250
-20,-5,2029,-828,2029,-900
-20,-5,6183,-984,6183,-950
-20,-5,5487,208,5487,250
-20,-5,4868,-613,4868,-600
-20,-5,4856,504,4856,550
-20,-5,8844,-197,8844,-200
-20,-5,4029,568,4029,550
-20,-5,7554,860,7554,850
-20,-5,9813,714,9813,700
-20,-5,5097,-475,5097,-500
-20,-5,2980,508,2980,500
-20,0,3717,-159,3717,-150
-20,0,7893,558,7893,550
-20,0,6803,-725,6803,-750
-20,0,520,964,520,950
-20,0,8185,-78,8185,-50
-20,0,7593,-283,7593,-250
-20,0,6439,535,6439,550
-20,0,4008,-837,4008,-800
-20,0,6144,-35,6144,-50
-20,0,3247,-847,3247,-900
-20,0,8936,201,8936,200
-20,0,2596,942,2596,950
-20,0,5668,443,5668,450
-20,0,403,-45,403,-50
-20,0,6336,-171,6336,-100
-20,0,251,21,251,0
-20,0,6282,342,6282,350
-20,0,2394,-38,2394,0
-20,0,4726,-269,4726,-300
-20,0,7997,-837,7997,-850
-20,5,7587,-194,7587,-200
-20,5,8938,-979,8938,-950
-20,5,180,773,180,800
-20,5,9684,-899,9684,-900
-20,5,2266,941,2266,1000
-20,5,521,764,521,750
-20,5,5967,66,5967,50
-20,5,5865,-372,5865,-350
-20,5,5518,-346,5518,-350
-20,5,1855,548,1855,500
-20,5,6519,346,6519,300
-20,5,3909,-909,3909,-850
-20,5,2838,-952,2838,-1000
-20,5,7277,875,7277,900
-20,5,3116,471,3116,500
-20,5,9311,-135,9311,-200
-20,5,1089,-37,1089,-100
-20,5,2326,-848,2326,-800
-20,5,7069,985,7069,950
-20,5,7829,-135,7829,-150
-20,10,5680,730,5680,650
-20,10,1867,642,1867,700
-20,10,4749,-513,4749,-500
-20,10,3231,-339,3231,-300
-20,10,8184,671,8184,700
-20,10,5807,-563,5807,-500
-20,10,8428,-946,8428,-1000
-20,10,2522,826,2522,800
-20,10,9483,974,9483,1000
-20,10,5891,-482,5891,-500
-20,10,4045,-34,4045,-100
-20,10,55,-763,55,-750
-20,10,7189,223,7189,250
-20,10,4164,355,4164,350
-20,10,9835,-970,9835,-950
-20,10,8333,285,8333,350
-20,10,2004,-890,2004,-900
-20,10,977,-484,977,-450
-20,10,6883,-62,6883,-100
-20,10,4007,655,4007,600
-20,15,4613,-572,4613,-600
-20,15,1991,102,1991,100
-20,15,3990,70,3990,50
-20,15,3740,-36,3740,-50
-20,15,1268,461,1268,500
-20,15,2987,571,2987,550
-20,15,4293,-409,4293,-400
-20,15,4729,961,4729,950
-20,15,9238,-835,9238,-850
-20,15,1747,-13,1747,0
-20,15,8516,-443,8516,-500
-20,15,3098,272,3098,300
-20,15,5531,831,5531,800
-20,15,1732,-280,1732,-250
-20,15,9468,599,9468,600
-20,15,3015,721,3015,650
-20,15,370,-778,370,-800
-20,15,1275,697,1275,700
-20,15,5240,525,5240,550
-20,15,9401,-618,9401,-650
-20,20,3379,-670,3379,-700
-20,20,9019,-302,9019,-300
-20,20,3571,907,3571,950
-20,20,286,956,286,900
-20,20,1047,808,1047,850
-20,20,6611,-214,6611,-200
-20,20,9922,924,9922,900
-20,20,7409,694,7409,750
-20,20,4131,300,4131,300
-20,20,5612,833,5612,750
-20,20,8695,-604,8695,-600
-20,20,1306,-77,1306,-50
-20,20,4225,-376,4225,-400
-20,20,7097,-648,7097,-650
-20,20,1500,-178,1500,-250
-20,20,8163,280,8163,200
-20,20,7239,267,7239,300
-20,20,4492,209,4492,150
-20,20,1044,733,1044,750
-20,20,8482,-32,8482,0
-20,25,1073,647,1073,550
-20,25,422,447,422,500
-20,25,4569,-319,4569,-350
-20,25,4056,337,4056,300
-20,25,5704,-251,5704,-300
-20,25,8197,-880,8197,-850
-20,25,5682,-686,5682,-700
-20,25,6141,421,6141,350
-20,25,9455,-613,9455,-700
-20,25,4659,870,4659,800
-20,25,8627,4,8627,0
-20,25,3016,-441,3016,-450
-20,25,8150,-839,8150,-850
-20,25,1455,-326,1455,-350
-20,25,4581,-719,4581,-750
-20,25,735,120,735,100
-20,25,5603,-37,5603,0
-20,25,3276,-531,3276,-550
-20,25,7807,-372,7807,-400
-20,25,7350,714,7350,700
-20,30,9049,-244,9049,-200
-20,30,3964,850,3963,750
-20,30,5655,-914,5655,-850
-20,30,2408,-27,2407,-50
-20,30,130,537,130,650
-20,30,6206,220,6206,150
-20,30,3563,615,3563,650
-20,30,6204,-157,6204,-200
-20,30,4889,-955,4889,-900
-20,30,2982,468,2982,400
-20,30,8497,357,8497,350
-20,30,4512,715,4512,800
-20,30,7181,-167,7181,-150
-20,30,5582,130,5582,50
-20,30,4252,-352,4250,-400
-20,30,6724,-901,6725,-1000
-20,30,7453,-422,7453,-300
-20,30,8657,549,8658,500
-20,30,3658,-243,3658,-300
-20,30,2751,594,2751,550
-20,35,8807,816,1405,2050
-20,35,2026,-209,6306,800
-20,35,4889,-275,9227,4950
-20,35,866,-925,6306,800
-20,35,4182,726,125,-1100
-20,35,4773,839,3186,-3850
-20,35,7898,-196,7897,-100
-20,35,3619,107,6306,800
-20,35,3454,229,6306,800
-20,35,8384,-858,6306,800
-20,35,875,-203,3186,-3850
-20,35,1348,822,3186,-3900
-20,35,4889,610,1564,-2850
-20,35,6839,404,6306,800
-20,35,7790,117,7790,-50
-20,35,2366,-979,6306,800
-20,35,2447,-221,6306,800
-20,35,8925,-312,2522,-1850
-20,35,4946,132,1405,2000
-20,35,9044,-615,1412,4900
-20,40,7037,-669,3186,-3850
-20,40,6107,524,6306,800
-20,40,3215,-71,1405,2050
-20,40,2039,-526,6306,800
-20,40,4482,486,1405,2000
-20,40,8200,571,6306,800
-20,40,517,561,6306,800
-20,40,4562,-938,6306,800
-20,40,6403,172,6306,800
-20,40,3681,11,6306,800
-20,40,160,312,6306,800
-20,40,2434,-452,6306,800
-20,40,5173,-869,6306,800
-20,40,998,-248,3186,-3850
-20,40,7206,-639,6306,800
-20,40,7999,338,6306,800
-20,40,4058,259,1405,2050
-20,40,7251,-740,6306,800
-20,40,4801,-290,6306,750
-20,40,3387,-580,125,-1100
-20,45,433,988,6306,800
-20,45,2208,588,6306,800
-20,45,7627,-68,6306,800
-20,45,5840,304,6306,800
-20,45,4290,-368,6306,800
-20,45,5494,-498,6306,800
-20,45,1284,189,6306,800
-20,45,5004,427,6306,800
-20,45,7198,-557,6306,800
-20,45,16,-924,6306,800
-20,45,3311,-394,6306,800
-20,45,1381,-416,6306,800
-20,45,151,184,6306,800
-20,45,7384,328,6306,750
-20,45,3197,-470,6306,750
-20,45,6951,-285,6306,800
-20,45,861,716,6306,800
-20,45,1814,986,6306,800
-20,45,465,-213,6306,800
-20,45,4513,140,6306,750
-20,50,4805,628,6306,800
-20,50,6248,-234,6306,800
-20,50,7383,-723,6306,800
-20,50,7958,760,6306,800
-20,50,5144,675,6306,800
-20,50,6859,-598,6306,800
-20,50,2017,-134,6306,800
-20,50,3565,-928,6306,800
-20,50,4062,-716,6306,800
-20,50,8869,924,6306,800
-20,50,5341,-263,6306,800
-20,50,4287,-910,6306,800
-20,50,5214,-25,6306,800
-20,50,4766,194,6306,800
-20,50,3153,390,6306,800
-20,50,295,826,6306,800
-20,50,9264,69,6306,800
-20,50,4467,-589,6306,800
-20,50,5016,-601,6306,800
-20,50,3198,-69,6306,800
-15,-100,2900,224,2900,200
-15,-100,7678,247,7678,250
-15,-100,7504,602,7504,600
-15,-100,38,-224,38,-200
-15,-100,8778,746,8778,750
-15,-100,5596,-933,5596,-950
-15,-100,5844,112,5844,100
-15,-100,4742,161,4742,150
-15,-100,6225,-915,6225,-900
-15,-100,1723,-133,1723,-100
-15,-100,1092,-615,1092,-600
-15,-100,6409,-669,6409,-650
-15,-100,7198,-729,7198,-750
-15,-100,4294,111,4294,100
-15,-100,9173,-50,9173,-50
-15,-100,6887,-682,6887,-700
-15,-100,1081,703,1081,700
-15,-100,5481,884,5481,900
-15,-100,5337,336,5337,350
-15,-100,4713,721,4713,700
-15,-95,3000,76,3000,100
-15,-95,8781,172,8781,150
-15,-95,2261,-599,2261,-600
-15,-95,449,-562,449,-600
-15,-95,1436,-989,1436,-1000
-15,-95,6904,-344,6904,-350
-15,-95,3062,829,3062,850
-15,-95,8373,-823,8373,-800
-15,-95,4102,-386,4102,-350
-15,-95,4599,-909,4599,-900
-15,-95,2502,-177,2502,-200
-15,-95,5733,-578,5733,-600
-15,-95,9494,445,9494,400
-15,-95,3592,123,3592,150
-15,-95,9715,256,9715,300
-15,-95,3042,-304,3042,-300
-15,-95,1678,205,1678,200
-15,-95,6036,373,6036,400
-15,-95,5281,-448,5281,-450
-15,-95,998,592,998,550
-15,-90,4298,-229,4298,-250
-15,-90,7011,363,7011,350
-15,-90,6649,-169,6649,-150
-15,-90,8868,-774,8868,-800
-15,-90,5433,-787,5433,-800
-15,-90,5773,943,5773,900
-15,-90,4865,342,4865,350
-15,-90,8952,-775,8952,-800
-15,-90,3931,331,3931,350
-15,-90,681,-920,681,-950
-15,-90,82,-882,82,-850
-15,-90,6984,-619,6984,-600
-15,-90,2459,-339,2459,-300
-15,-90,3228,125,3228,150
-15,-90,6839,-345,6839,-350
-15,-90,7400,-440,7400,-450
-15,-90,4459,311,4459,300
-15,-90,9114,895,9114,900
-15,-90,2938,-431,2938,-400
-15,-90,6961,-963,6961,-950
-15,-85,216,-562,216,-550
-15,-85,3945,-53,3945,-50
-15,-85,8319,-807,8319,-800
-15,-85,806,-114,806,-150
-15,-85,7109,588,7109,600
-15,-85,7876,-454,7876,-450
-15,-85,3102,782,3102,800
-15,-85,4847,-845,4847,-850
-15,-85,6829,-599,6829,-600
-15,-85,4701,130,4701,150
-15,-85,4004,804,4004,800
-15,-85,1662,107,1662,100
-15,-85,4947,653,4947,650
-15,-85,5548,519,5548,500
-15,-85,1888,174,1888,200
-15,-85,6162,-533,6162,-550
-15,-85,89,-941,89,-950
-15,-85,1021,955,1021,950
-15,-85,6504,-711,6504,-750
-15,-85,975,578,975,550
-15,-80,6531,-337,6531,-400
-15,-80,8188,-23,8188,-50
-15,-80,1047,-970,1047,-950
-15,-80,9597,113,9597,100
-15,-80,1186,-404,1186,-400
-15,-80,6077,-351,6077,-350
-15,-80,5051,-136,5051,-150
-15,-80,3528,-263,3528,-250
-15,-80,7333,698,7333,700
-15,-80,1920,570,1920,550
-15,-80,8287,556,8287,550
-15,-80,9943,875,9943,850
-15,-80,3798,-909,3798,-900
-15,-80,4321,-591,4321,-550
-15,-80,8402,621,8402,650
-15,-80,2663,-650,2663,-650
-15,-80,8037,-891,8037,-900
-15,-80,8210,-269,8210,-250
-15,-80,6201,7,6201,0
-15,-80,7757,554,7757,550
-15,-75,4149,667,4149,650
-15,-75,9110,899,9110,900
-15,-75,2368,738,2368,750
-15,-75,1472,836,1472,850
-15,-75,4640,373,4640,350
-15,-75,7725,816,7725,800
-15,-75,1273,387,1273,350
-15,-75,1180,650,1180,650
-15,-75,1517,-322,1517,-350
-15,-75,242,-335,242,-300
-15,-75,3903,-41,3903,-50
-15,-75,8965,-993,8965,-1000
-15,-75,9561,-828,9561,-850
-15,-75,243,777,243,800
-15,-75,6528,813,6528,800
-15,-75,6104,973,6104,950
-15,-75,9158,412,9158,400
-15,-75,8088,713,8088,700
-15,-75,8908,961,8908,950
-15,-75,3597,578,3597,600
-15,-70,3289,380,3289,350
-15,-70,4624,743,4624,750
-15,-70,213,-529,213,-500
-15,-70,3210,-394,3210,-400
-15,-70,3249,630,3249,600
-15,-70,3880,-355,3880,-350
-15,-70,7690,-399,7690,-400
-15,-70,4085,-13,4085,0
-15,-70,8077,-679,8077,-700
-15,-70,7433,-705,7433,-700
-15,-70,5716,-859,5716,-900
-15,-70,9864,-892,9864,-850
-15,-70,2058,-558,2058,-550
-15,-70,5860,-906,5860,-900
-15,-70,6366,993,6366,1000
-15,-70,7248,972,7248,950
-15,-70,4400,634,4400,650
-15,-70,4126,914,4126,900
-15,-70,3798,150,3798,150
-15,-70,3772,18,3772,0
-15,-65,5813,-143,5813,-150
-15,-65,7221,961,7221,950
-15,-65,8294,-472,8294,-450
-15,-65,6626,124,6626,150
-15,-65,3232,-457,3232,-450
-15,-65,3708,484,3708,500
-15,-65,558,-970,558,-950
-15,-65,2747,612,2747,600
-15,-65,929,910,929,900
-15,-65,4119,92,4119,100
-15,-65,9312,-85,9312,-100
-15,-65,8078,-701,8078,-700
-15,-65,8629,-727,8629,-750
-15,-65,1955,-250,1955,-250
-15,-65,1383,-235,1383,-250
-15,-65,5630,54,5630,50
-15,-65,1145,-354,1145,-350
-15,-65,5317,483,5317,450
-15,-65,649,-963,649,-950
-15,-65,8602,-934,8602,-950
-15,-60,5526,-281,5526,-300
-15,-60,9111,845,9111,850
-15,-60,6804,71,6804,50
-15,-60,1849,715,1849,700
-15,-60,3882,904,3882,900
-15,-60,8277,676,8277,650
-15,-60,9009,-485,9009,-500
-15,-60,5733,-921,5733,-950
-15,-60,3911,495,3911,500
-15,-60,9668,-406,9668,-400
-15,-60,6584,567,6584,550
-15,-60,5890,-652,5890,-650
-15,-60,5551,904,5551,900
-15,-60,6380,195,6380,200
-15,-60,5434,736,5434,750
-15,-60,2772,377,2772,350
-15,-60,2088,621,2088,650
-15,-60,632,-761,632,-750
-15,-60,3322,-672,3322,-650
-15,-60,7570,33,7570,0
-15,-55,2146,872,2146,900
-15,-55,2439,-52,2439,-50
-15,-55,9067,862,9067,850
-15,-55,4315,-287,4315,-300
-15,-55,8087,-817,8087,-800
-15,-55,8311,696,8311,700
-15,-55,969,-679,969,-700
-15,-55,917,625,917,650
-15,-55,9373,-429,9373,-450
-15,-55,9815,-435,9815,-450
-15,-55,4932,-790,4932,-800
-15,-55,1855,856,1855,850
-15,-55,7052,-370,7052,-400
-15,-55,4014,988,4014,1000
-15,-55,7481,-811,7481,-800
-15,-55,9838,233,9838,250
-15,-55,7377,555,7377,550
-15,-55,5331,758,5331,750
-15,-55,6329,-17,6329,0
-15,-55,80,-114,80,-100
-15,-50,4258,-757,4258,-750
-15,-50,1731,-614,1731,-600
-15,-50,2169,581,2169,600
-15,-50,7221,-359,7221,-400
-15,-50,4559,-937,4559,-950
-15,-50,8736,-234,8736,-250
-15,-50,7383,-716,7383,-700
-15,-50,8121,-81,8121,-100
-15,-50,5806,-443,5806,-450
-15,-50,7932,-609,7932,-600
-15,-50,175,969,175,950
-15,-50,1601,-988,1601,-1000
-15,-50,212,467,212,450
-15,-50,7569,333,7569,350
-15,-50,9081,-599,9081,-600
-15,-50,3382,199,3382,200
-15,-50,7824,-946,7824,-950
-15,-50,186,-400,186,-400
-15,-50,9584,-238,9584,-200
-15,-50,8069,69,8069,50
-15,-45,9555,-804,9555,-800
-15,-45,3941,753,3941,750
-15,-45,313,354,313,350
-15,-45,5818,188,5818,200
-15,-45,3807,341,3807,350
-15,-45,4752,132,4752,100
-15,-45,4369,238,4369,250
-15,-45,9193,199,9193,200
-15,-45,1678,-922,1678,-950
-15,-45,4874,894,4874,900
-15,-45,819,8,819,0
-15,-45,2829,816,2829,800
-15,-45,9920,-741,9920,-750
-15,-45,691,-204,691,-200
-15,-45,7818,633,7818,650
-15,-45,9671,784,9671,800
-15,-45,2298,-785,2298,-750
-15,-45,5174,-322,5174,-300
-15,-45,7097,38,7097,50
-15,-45,7725,-347,7725,-350
-15,-40,3756,297,3756,300
-15,-40,8807,34,8807,50
-15,-40,8186,765,8186,750
-15,-40,824,-645,824,-650
-15,-40,4415,907,4415,900
-15,-40,608,78,608,100
-15,-40,5864,294,5864,250
-15,-40,1720,-844,1720,-850
-15,-40,5605,347,5605,350
-15,-40,8862,-356,8862,-350
-15,-40,5805,-186,5805,-200
-15,-40,6043,-394,6043,-400
-15,-40,4734,777,4734,750
-15,-40,6741,-143,6741,-150
-15,-40,3069,386,3069,400
-15,-40,4584,872,4584,900
-15,-40,6356,-935,6356,-950
-15,-40,9057,-650,9057,-650
-15,-40,8379,-673,8379,-700
-15,-40,2353,365,2353,350
-15,-35,5721,-736,5721,-700
-15,-35,3837,-545,3837,-550
-15,-35,5331,-859,5331,-850
-15,-35,2238,-388,2238,-400
-15,-35,591,-544,591,-550
-15,-35,8241,-341,8241,-350
-15,-35,619,-264,619,-250
-15,-35,758,37,758,50
-15,-35,4150,219,4150,200
-15,-35,3061,-863,3061,-850
-15,-35,324,-537,324,-550
-15,-35,3407,443,3407,450
-15,-35,7626,-680,7626,-700
-15,-35,1070,-592,1070,-600
-15,-35,1111,-536,1111,-500
-15,-35,6123,577,6123,550
-15,-35,2176,-585,2176,-600
-15,-35,8438,-98,8438,-100
-15,-35,2795,837,2795,850
-15,-35,9440,8,9440,0
-15,-30,1906,-492,1906,-500
-15,-30,1026,-555,1026,-550
-15,-30,35,-130,35,-100
-15,-30,4648,-205,4648,-200
-15,-30,4729,-995,4729,-950
-15,-30,174,-231,174,-200
-15,-30,9431,404,9431,400
-15,-30,3906,944,3906,950
-15,-30,6824,608,6824,600
-15,-30,9405,-356,9405,-350
-15,-30,3873,377,3873,400
-15,-30,1080,970,1080,950
-15,-30,263,943,263,950
-15,-30,370,268,370,250
-15,-30,2093,534,2093,550
-15,-30,5925,950,5925,950
-15,-30,3936,-928,3936,-900
-15,-30,945,-620,945,-600
-15,-30,5640,-631,5640,-650
-15,-30,1403,217,1403,200
-15,-25,9749,685,9749,650
-15,-25,4853,860,4853,900
-15,-25,8378,-139,8378,-150
-15,-25,7106,-498,7106,-500
-15,-25,7251,-830,7251,-800
-15,-25,7384,44,7384,50
-15,-25,9922,-525,9922,-550
-15,-25,5885,237,5885,250
-15,-25,5771,-10,5771,0
-15,-25,9948,677,9948,650
-15,-25,7861,255,7861,300
-15,-25,1677,-443,1677,-450
-15,-25,5181,540,5181,550
-15,-25,2373,907,2373,900
-15,-25,4104,-525,4104,-500
-15,-25,3843,-77,3843,-50
-15,-25,8623,61,8623,50
-15,-25,7718,-749,7718,-750
-15,-25,9266,-877,9266,-900
-15,-25,6963,797,6963,800
-15,-20,6740,-504,6740,-500
-15,-20,9709,-102,9709,-100
-15,-20,9576,754,9576,750
-15,-20,5101,-473,5101,-500
-15,-20,9452,-257,9452,-250
-15,-20,2354,-669,2354,-650
-15,-20,2293,698,2293,700
-15,-20,7612,-564,7612,-600
-15,-20,4786,30,4786,50
-15,-20,4084,509,4084,500
-15,-20,5389,-530,5389,-550
-15,-20,8451,-239,8451,-250
-15,-20,4496,-935,4496,-950
-15,-20,9900,332,9900,300
-15,-20,5027,-404,5027,-400
-15,-20,1908,83,1908,50
-15,-20,4018,398,4018,400
-15,-20,3671,-364,3671,-400
-15,-20,7927,260,7927,250
-15,-20,4015,-789,4015,-800
-15,-15,9842,-378,9842,-350
-15,-15,1123,647,1123,650
-15,-15,5320,711,5320,700
-15,-15,3877,-658,3877,-650
-15,-15,1724,896,1724,900
-15,-15,9302,-75,9302,-50
-15,-15,6508,-542,6508,-550
-15,-15,5293,74,5293,50
-15,-15,5635,-790,5635,-800
-15,-15,9028,662,9028,700
-15,-15,8418,842,8418,850
-15,-15,9797,703,9797,700
-15,-15,7746,-562,7746,-550
-15,-15,3589,-131,3589,-100
-15,-15,8229,825,8229,850
-15,-15,9049,-551,9049,-550
-15,-15,9885,948,9885,950
-15,-15,4412,-993,4412,-1000
-15,-15,561,-260,561,-250
-15,-15,5031,372,5031,400
-15,-10,9009,95,9009,100
-15,-10,3187,-583,3187,-600
-15,-10,3639,-909,3639,-900
-15,-10,5548,692,5548,700
-15,-10,1858,971,1858,950
-15,-10,5920,360,5920,350
-15,-10,8578,-859,8578,-850
-15,-10,3521,168,3521,200
-15,-10,6492,-836,6492,-850
-15,-10,7076,-139,7076,-150
-15,-10,579,950,579,950
-15,-10,2841,713,2841,700
-15,-10,3916,108,3916,100
-15,-10,590,54,590,50
-15,-10,4552,-128,4552,-150
-15,-10,1515,250,1515,250
-15,-10,2028,613,2028,600
-15,-10,5855,-707,5855,-700
-15,-10,326,204,326,200
-15,-10,9597,-206,9597,-200
-15,-5,8383,7,8383,0
-15,-5,2667,818,2667,800
-15,-5,6189,-990,6189,-1000
-15,-5,2225,-233,2225,-200
-15,-5,3072,426,3072,450
-15,-5,459,606,459,600
-15,-5,3614,-162,3614,-150
-15,-5,194,931,194,950
-15,-5,3694,-996,3694,-1000
-15,-5,5463,-632,5463,-600
-15,-5,3439,203,3439,150
-15,-5,3853,-314,3853,-350
-15,-5,5358,-441,5358,-450
-15,-5,6247,-649,6247,-650
-15,-5,1905,-3,1905,0
-15,-5,5807,-774,5807,-800
-15,-5,6107,-954,6107,-950
-15,-5,6263,-241,6263,-250
-15,-5,9084,271,9084,250
-15,-5,9859,686,9859,650
-15,0,7221,-240,7221,-250
-15,0,6954,364,6954,400
-15,0,40,506,40,500
-15,0,355,214,355,250
-15,0,1421,-182,1421,-150
-15,0,1105,-843,1105,-850
-15,0,632,551,632,550
-15,0,5450,241,5450,250
-15,0,3621,59,3621,50
-15,0,8779,-449,8779,-400
-15,0,5712,178,5712,200
-15,0,2142,-16,2142,0
-15,0,4287,-486,4287,-500
-15,0,7371,-857,7371,-850
-15,0,7772,820,7772,800
-15,0,693,384,693,350
-15,0,5670,-939,5670,-950
-15,0,8647,-402,8647,-400
-15,0,5072,291,5072,300
-15,0,3067,-394,3067,-400
-15,5,9463,-384,9463,-400
-15,5,4019,-613,4019,-600
-15,5,5755,-400,5755,-400
-15,5,8912,-931,8912,-900
-15,5,7030,884,7030,900
-15,5,139,92,139,100
-15,5,8488,339,8488,350
-15,5,2332,652,2332,650
-15,5,9103,468,9103,450
-15,5,9616,-961,9616,-950
-15,5,4802,555,4802,550
-15,5,8774,-440,8774,-450
-15,5,9253,758,9253,800
-15,5,1245,-736,1245,-750
-15,5,3294,595,3294,600
-15,5,685,-176,685,-200
-15,5,2781,-589,2781,-600
-15,5,2751,-86,2751,-100
-15,5,1720,-845,1720,-850
-15,5,4542,-940,4542,-950
-15,10,7528,540,7528,550
-15,10,7823,741,7823,750
-15,10,809,907,809,900
-15,10,7978,397,7978,400
-15,10,4318,-350,4318,-350
-15,10,3082,272,3082,250
-15,10,6376,623,6376,600
-15,10,1467,-737,1467,-750
-15,10,6636,77,6636,50
-15,10,8724,916,8724,900
-15,10,7045,16,7045,50
-15,10,3336,472,3336,450
-15,10,9621,103,9621,100
-15,10,508,981,508,1000
-15,10,249,-415,249,-450
-15,10,3605,901,3605,900
-15,10,3866,-227,3866,-250
-15,10,3155,-738,3155,-700
-15,10,1600,-197,1600,-200
-15,10,5112,-972,5112,-950
-15,15,5452,824,5452,850
-15,15,9512,300,9512,300
-15,15,6892,229,6892,250
-15,15,7492,693,7492,650
-15,15,3268,-271,3268,-300
-15,15,2308,750,2308,750
-15,15,2570,68,2570,50
-15,15,5227,301,5227,300
-15,15,5771,552,5771,600
-15,15,5002,726,5002,750
-15,15,910,658,910,650
-15,15,8405,167,8405,150
-15,15,6468,-652,6468,-700
-15,15,6345,-537,6345,-550
-15,15,2557,-66,2557,-100
-15,15,5403,-828,5403,-850
-15,15,5726,-403,5726,-400
-15,15,3891,-854,3891,-850
-15,15,8153,-831,8153,-800
-15,15,1618,909,1618,900
-15,20,5270,-412,5270,-450
-15,20,2536,902,2536,900
-15,20,1536,-957,1536,-1000
-15,20,6414,-563,6414,-550
-15,20,2703,109,2703,100
-15,20,6961,903,6961,900
-15,20,7643,-45,7643,0
-15,20,5071,575,5071,600
-15,20,7226,112,7226,100
-15,20,4734,-348,4734,-350
-15,20,8602,-448,8602,-450
-15,20,6533,342,6533,300
-15,20,577,-464,577,-450
-15,20,7524,-788,7524,-750
-15,20,2754,729,2754,750
-15,20,929,588,929,600
-15,20,3705,205,3705,150
-15,20,7391,-180,7391,-150
-15,20,2571,-222,2571,-200
-15,20,9994,616,9994,600
-15,25,628,-259,628,-300
-15,25,7022,-12,7022,50
-15,25,9449,-223,9449,-300
-15,25,1147,294,1147,300
-15,25,7151,-666,7151,-650
-15,25,8686,-643,8686,-650
-15,25,9898,-137,9898,-200
-15,25,3874,816,3874,800
-15,25,2414,-702,2414,-650
-15,25,9594,91,9594,100
-15,25,4667,-358,4667,-450
-15,25,4436,916,4436,900
-15,25,8071,-414,8071,-400
-15,25,7879,-41,7879,-150
-15,25,6014,580,6014,500
-15,25,6352,499,6352,450
-15,25,2684,-400,2684,-350
-15,25,3784,-861,3784,-850
-15,25,8153,-287,8153,-250
-15,25,564,321,564,300
-15,30,8617,-798,8617,-900
-15,30,9279,-29,9278,0
-15,30,9214,-202,9214,-150
-15,30,2345,-806,2346,-750
-15,30,2623,-103,2623,-250
-15,30,8058,735,8058,700
-15,30,3931,633,3931,650
-15,30,2477,353,2477,350
-15,30,9903,-436,6306,750
-15,30,1333,-886,1333,-750
-15,30,6334,100,6334,200
-15,30,1275,926,1275,1000
-15,30,2190,812,2190,850
-15,30,9009,-762,1657,-300
-15,30,3186,-988,3185,-1100
-15,30,7468,876,1405,2050
-15,30,606,958,607,1000
-15,30,1796,-581,2437,4800
-15,30,1406,512,1406,500
-15,30,2657,843,2657,900
-15,35,8177,887,6306,800
-15,35,3223,415,6306,800
-15,35,5796,-598,6306,800
-15,35,8101,671,8100,500
-15,35,6205,-328,6306,750
-15,35,9783,999,6306,800
-15,35,797,927,6306,750
-15,35,492,347,6306,750
-15,35,9465,-586,6306,800
-15,35,9617,378,6306,800
-15,35,6107,320,6306,750
-15,35,4256,-56,6306,800
-15,35,6965,666,6306,800
-15,35,9255,-48,6306,800
-15,35,5164,108,6306,800
-15,35,3080,881,6306,800
-15,35,6411,204,1405,2000
-15,35,9052,609,6306,800
-15,35,8452,-503,6306,750
-15,35,4825,-176,6306,750
-15,40,6977,-929,6306,800
-15,40,4451,-219,6306,800
-15,40,4918,129,6306,750
-15,40,1140,-161,6306,800
-15,40,4029,671,6306,800
-15,40,6334,-386,6306,800
-15,40,5342,475,6306,750
-15,40,1783,-449,6306,800
-15,40,7183,310,6306,800
-15,40,2555,718,6306,800
-15,40,4896,67,6306,800
-15,40,5300,-896,6306,800
-15,40,9995,-597,6306,800
-15,40,5303,177,6306,800
-15,40,3204,-643,6306,800
-15,40,8237,-20,6306,800
-15,40,7450,500,6306,800
-15,40,6592,-924,6306,800
-15,40,5188,224,6306,800
-15,40,1743,457,6306,800
-15,45,9880,-379,6306,800
-15,45,3017,-988,6306,800
-15,45,5373,125,6306,800
-15,45,4887,-821,6306,800
-15,45,630,691,6306,800
-15,45,5549,-427,6306,800
-15,45,2596,739,6306,800
-15,45,20,379,6306,800
-15,45,9639,-594,6306,800
-15,45,2271,-355,6306,800
-15,45,5212,-833,6306,750
-15,45,5919,719,6306,800
-15,45,6279,-801,6306,800
-15,45,2433,-344,6306,800
-15,45,4455,-19,6306,800
-15,45,567,569,6306,800
-15,45,2307,-355,6306,800
-15,45,3429,225,6306,800
-15,45,6102,703,6306,800
-15,45,6366,-612,6306,800
-15,50,8570,663,6306,800
-15,50,1716,643,6306,800
-15,50,8871,-377,6306,800
-15,50,9350,85,6306,800
-15,50,8938,-418,6306,800
-15,50,9434,137,6306,800
-15,50,215,-621,6306,800
-15,50,816,71,6306,800
-15,50,537,-604,6306,800
-15,50,1307,290,6306,800
-15,50,3784,-861,6306,800
-15,50,9701,-65,6306,800
-15,50,5417,-227,6306,800
-15,50,4691,-851,6306,800
-15,50,3853,-676,6306,800
-15,50,7451,315,6306,800
-15,50,7682,-587,6306,800
-15,50,2909,575,6306,800
-15,50,4448,-69,6306,800
-15,50,1686,-659,6306,800
-10,-100,1072,519,1072,550
-10,-100,2571,551,2571,550
-10,-100,4358,-42,4358,-50
-10,-100,4471,350,4471,350
-10,-100,6073,687,6073,700
-10,-100,8841,-576,8841,-600
-10,-100,3682,-90,3682,-100
-10,-100,2977,906,2977,900
-10,-100,9842,-424,9842,-400
-10,-100,7544,-113,7544,-150
-10,-100,6204,-163,6204,-200
-10,-100,3422,454,3422,450
-10,-100,4849,-415,4849,-400
-10,-100,6642,-9,6642,0
-10,-100,4505,253,4505,250
-10,-100,1012,-257,1012,-250
-10,-100,9465,-926,9465,-950
-10,-100,4545,767,4545,750
-10,-100,2446,315,2446,300
-10,-100,7528,731,7528,700
-10,-95,5423,-662,5423,-650
-10,-95,5698,-679,5698,-700
-10,-95,8178,383,8178,400
-10,-95,6561,873,6561,850
-10,-95,3641,-83,3641,-100
-10,-95,8204,-705,8204,-700
-10,-95,2451,780,2451,800
-10,-95,2647,-767,2647,-800
-10,-95,5760,349,5760,350
-10,-95,5620,-302,5620,-300
-10,-95,8149,310,8149,300
-10,-95,663,821,663,800
-10,-95,9249,349,9249,350
-10,-95,6654,-706,6654,-700
-10,-95,9124,-288,9124,-300
-10,-95,8520,832,8520,850
-10,-95,1668,-775,1668,-750
-10,-95,4569,759,4569,750
-10,-95,2532,338,2532,300
-10,-95,2817,-128,2817,-150
-10,-90,8038,-881,8038,-900
-10,-90,3741,178,3741,200
-10,-90,5486,-142,5486,-150
-10,-90,5214,548,5214,550
-10,-90,9177,843,9177,850
-10,-90,3313,-321,3313,-350
-10,-90,6122,300,6122,300
-10,-90,2868,-156,2868,-150
-10,-90,7791,-191,7791,-200
-10,-90,7235,384,7235,400
-10,-90,9996,-639,9996,-650
-10,-90,3119,-34,3119,-50
-10,-90,9977,359,9977,350
-10,-90,4216,706,4216,700
-10,-90,490,-450,490,-450
-10,-90,2328,386,2328,400
-10,-90,2083,-257,2083,-250
-10,-90,1391,27,1391,50
-10,-90,7829,2,7829,0
-10,-90,5878,621,5878,600
-10,-85,5815,360,5815,350
-10,-85,5461,-63,5461,-50
-10,-85,8752,-297,8752,-300
-10,-85,3264,730,3264,700
-10,-85,4875,529,4875,500
-10,-85,462,259,462,250
-10,-85,3102,180,3102,200
-10,-85,5959,913,5959,900
-10,-85,8083,-947,8083,-950
-10,-85,327,-191,327,-200
-10,-85,9404,353,9404,350
-10,-85,4519,-767,4519,-750
-10,-85,3781,404,3781,400
-10,-85,2359,930,2359,950
-10,-85,4202,448,4202,450
-10,-85,8000,-923,8000,-900
-10,-85,4430,65,4430,50
-10,-85,8247,-80,8247,-100
-10,-85,2592,81,2592,100
-10,-85,2855,-959,2855,-950
-10,-80,6959,-958,6959,-950
-10,-80,28,-180,28,-150
-10,-80,9406,78,9406,50
-10,-80,9645,351,9645,350
-10,-80,8002,-73,8002,-50
-10,-80,6868,-659,6868,-650
-10,-80,558,165,558,150
-10,-80,7350,-834,7350,-850
-10,-80,5185,-233,5185,-250
-10,-80,7159,819,7159,800
-10,-80,9631,492,9631,500
-10,-80,2365,-778,2365,-800
-10,-80,8803,570,8803,550
-10,-80,1759,-154,1759,-150
-10,-80,4751,78,4751,50
-10,-80,972,118,972,100
-10,-80,6349,-766,6349,-750
-10,-80,9086,314,9086,300
-10,-80,8882,-412,8882,-400
-10,-80,5827,-227,5827,-200
-10,-75,7466,327,7466,300
-10,-75,8369,664,8369,650
-10,-75,5497,148,5497,150
-10,-75,980,920,980,900
-10,-75,7874,8,7874,0
-10,-75,3718,579,3718,550
-10,-75,2528,26,2528,50
-10,-75,9121,-729,9121,-700
-10,-75,9940,523,9940,550
-10,-75,953,936,953,950
-10,-75,1169,983,1169,1000
-10,-75,7114,-826,7114,-850
-10,-75,7531,862,7531,850
-10,-75,9278,817,9278,850
-10,-75,6005,-384,6005,-400
-10,-75,3740,962,3740,950
-10,-75,7991,-331,7991,-350
-10,-75,1518,117,1518,100
-10,-75,7220,375,7220,400
-10,-75,7059,-320,7059,-300
-10,-70,1577,75,1577,50
-10,-70,9140,534,9140,550
-10,-70,609,367,609,350
-10,-70,9049,-229,9049,-250
-10,-70,4806,985,4806,1000
-10,-70,5486,-439,5486,-450
-10,-70,7625,271,7625,250
-10,-70,9535,-627,9535,-650
-10,-70,7970,684,7970,700
-10,-70,9639,-678,9639,-650
-10,-70,3071,677,3071,700
-10,-70,4169,972,4169,950
-10,-70,6794,-447,6794,-450
-10,-70,6010,-279,6010,-300
-10,-70,2117,553,2117,550
-10,-70,6390,575,6390,550
-10,-70,4672,883,4672,900
-10,-70,8055,-750,8055,-750
-10,-70,549,370,549,400
-10,-70,5985,402,5985,400
-10,-65,1673,-298,1673,-300
-10,-65,5384,-865,5384,-900
-10,-65,1474,-833,1474,-850
-10,-65,5376,-498,5376,-500
-10,-65,5936,988,5936,1000
-10,-65,8476,-422,8476,-450
-10,-65,4599,-347,4599,-350
-10,-65,6675,-50,6675,-50
-10,-65,1871,-240,1871,-200
-10,-65,8476,-932,8476,-950
-10,-65,9478,760,9478,750
-10,-65,417,-597,417,-600
-10,-65,1277,-888,1277,-900
-10,-65,5536,-260,5536,-250
-10,-65,2770,-935,2770,-950
-10,-65,372,-260,372,-250
-10,-65,2855,-25,2855,0
-10,-65,6433,78,6433,100
-10,-65,3176,-82,3176,-100
-10,-65,4201,-264,4201,-250
-10,-60,7521,84,7521,100
-10,-60,6827,-125,6827,-100
-10,-60,6510,778,6510,750
-10,-60,1751,-397,1751,-400
-10,-60,9129,-636,9129,-650
-10,-60,1032,295,1032,300
-10,-60,211,132,211,100
-10,-60,6689,379,6689,350
-10,-60,6444,-998,6444,-1000
-10,-60,5515,-498,5515,-500
-10,-60,6459,-251,6459,-250
-10,-60,8535,758,8535,750
-10,-60,1865,-539,1865,-550
-10,-60,5451,390,5451,400
-10,-60,6738,6,6738,0
-10,-60,5771,364,5771,350
-10,-60,4045,787,4045,800
-10,-60,9536,511,9536,500
-10,-60,4294,-608,4294,-600
-10,-60,3851,-630,3851,-650
-10,-55,5731,777,5731,800
-10,-55,4100,-419,4100,-450
-10,-55,3334,83,3334,100
-10,-55,2745,-71,2745,-50
-10,-55,396,474,396,500
-10,-55,2738,675,2738,650
-10,-55,4484,-224,4484,-250
-10,-55,774,807,774,800
-10,-55,2728,-171,2728,-150
-10,-55,3055,-211,3055,-200
-10,-55,6490,-602,6490,-600
-10,-55,1621,-758,1621,-750
-10,-55,7310,326,7310,350
-10,-55,6501,500,6501,500
-10,-55,6383,391,6383,400
-10,-55,3151,-823,3151,-800
-10,-55,6519,-157,6519,-150
-10,-55,2830,-885,2830,-900
-10,-55,7625,-496,7625,-500
-10,-55,1409,-139,1409,-150
-10,-50,6465,-678,6465,-700
-10,-50,1803,810,1803,800
-10,-50,3319,-893,3319,-900
-10,-50,4601,870,4601,900
-10,-50,4485,-545,4485,-550
-10,-50,7186,371,7186,350
-10,-50,9887,-374,9887,-400
-10,-50,9779,489,9779,500
-10,-50,408,-484,408,-500
-10,-50,2592,-439,2592,-450
-10,-50,4752,123,4752,150
-10,-50,5014,386,5014,400
-10,-50,9431,-476,9431,-450
-10,-50,3240,-619,3240,-650
-10,-50,9012,511,9012,500
-10,-50,2455,191,2455,200
-10,-50,7661,-5,7661,0
-10,-50,3735,-653,3735,-650
-10,-50,757,-81,757,-100
-10,-50,6063,-325,6063,-300
-10,-45,8491,888,8491,900
-10,-45,9789,254,9789,250
-10,-45,8177,-727,8177,-700
-10,-45,9248,430,9248,400
-10,-45,8562,-198,8562,-200
-10,-45,3606,660,3606,650
-10,-45,8280,-503,8280,-500
-10,-45,4764,971,4764,1000
-10,-45,5094,-280,5094,-300
-10,-45,6780,-506,6780,-500
-10,-45,3835,863,3835,850
-10,-45,8624,197,8624,200
-10,-45,1871,-889,1871,-900
-10,-45,6121,606,6121,600
-10,-45,9423,-899,9423,-900
-10,-45,9898,273,9898,250
-10,-45,1630,-815,1630,-850
-10,-45,9764,-365,9764,-400
-10,-45,1874,738,1874,750
-10,-45,9634,-773,9634,-750
-10,-40,8839,790,8839,800
-10,-40,5060,-212,5060,-200
-10,-40,7806,532,7806,550
-10,-40,7376,808,7376,800
-10,-40,57,804,57,800
-10,-40,9019,737,9019,750
-10,-40,2953,516,2953,550
-10,-40,6097,-845,6097,-850
-10,-40,5592,251,5592,250
-10,-40,1230,-552,1230,-550
-10,-40,4353,-274,4353,-300
-10,-40,8180,722,8180,700
-10,-40,6418,-801,6418,-800
-10,-40,3603,-822,3603,-850
-10,-40,5334,297,5334,300
-10,-40,5104,-497,5104,-500
-10,-40,2594,676,2594,650
-10,-40,7009,27,7009,50
-10,-40,1392,775,1392,750
-10,-40,4397,-762,4397,-750
-10,-35,1743,18,1743,0
-10,-35,6465,859,6465,850
-10,-35,7019,-588,7019,-600
-10,-35,5429,217,5429,200
-10,-35,8421,-325,8421,-300
-10,-35,7059,-497,7059,-500
-10,-35,3599,33,3599,50
-10,-35,8773,732,8773,750
-10,-35,9576,-322,9576,-350
-10,-35,2787,20,2787,50
-10,-35,4149,-738,4149,-750
-10,-35,4060,-81,4060,-50
-10,-35,729,576,729,550
-10,-35,8998,45,8998,50
-10,-35,8057,214,8057,200
-10,-35,993,-522,993,-500
-10,-35,6262,-157,6262,-150
-10,-35,1541,288,1541,300
-10,-35,3510,519,3510,500
-10,-35,4513,884,4513,900
-10,-30,7644,-784,7644,-800
-10,-30,6098,-967,6098,-950
-10,-30,8638,-807,8638,-800
-10,-30,1361,-73,1361,-100
-10,-30,0,-275,0,-300
-10,-30,4375,-904,4375,-900
-10,-30,8682,-248,8682,-250
-10,-30,4514,-843,4514,-850
-10,-30,3996,-350,3996,-350
-10,-30,8035,-3,8035,0
-10,-30,2251,241,2251,250
-10,-30,5165,54,5165,50
-10,-30,254,712,254,700
-10,-30,4838,-483,4838,-500
-10,-30,6802,195,6802,200
-10,-30,1950,-953,1950,-950
-10,-30,8703,-31,8703,-50
-10,-30,7349,908,7349,900
-10,-30,2857,909,2857,900
-10,-30,9706,-96,9706,-100
-10,-25,6377,219,6377,200
-10,-25,9519,592,9519,600
-10,-25,9880,-579,9880,-550
-10,-25,3215,-500,3215,-500
-10,-25,6206,776,6206,800
-10,-25,6773,-175,6773,-150
-10,-25,8696,-244,8696,-250
-10,-25,1680,389,1680,400
-10,-25,5181,907,5181,900
-10,-25,2612,536,2612,550
-10,-25,9598,457,9598,450
-10,-25,4325,-271,4325,-300
-10,-25,9954,-608,9954,-600
-10,-25,3473,-516,3473,-500
-10,-25,7904,453,7904,450
-10,-25,2430,-475,2430,-450
-10,-25,9826,-612,9826,-600
-10,-25,173,-556,173,-550
-10,-25,3457,522,3457,500
-10,-25,5804,831,5804,850
-10,-20,9603,730,9603,750
-10,-20,1736,-880,1736,-850
-10,-20,6499,-609,6499,-600
-10,-20,5057,-514,5057,-500
-10,-20,4795,-498,4795,-500
-10,-20,4457,-794,4457,-800
-10,-20,1004,908,1004,900
-10,-20,5907,707,5907,700
-10,-20,5063,728,5063,750
-10,-20,5416,764,5416,750
-10,-20,4720,906,4720,900
-10,-20,8871,-944,8871,-950
-10,-20,9174,178,9174,150
-10,-20,4196,-629,4196,-600
-10,-20,8795,-85,8795,-50
-10,-20,9626,760,9626,750
-10,-20,5189,489,5189,500
-10,-20,7586,468,7586,450
-10,-20,9622,495,9622,500
-10,-20,274,-610,274,-650
-10,-15,5143,-403,5143,-400
-10,-15,5572,-408,5572,-400
-10,-15,7336,84,7336,100
-10,-15,7534,-639,7534,-650
-10,-15,2033,52,2033,50
-10,-15,3349,294,3349,300
-10,-15,7158,971,7158,950
-10,-15,5032,-713,5032,-700
-10,-15,7145,400,7145,400
-10,-15,807,819,807,800
-10,-15,2838,-534,2838,-550
-10,-15,2026,52,2026,50
-10,-15,8193,-429,8193,-400
-10,-15,7305,149,7305,150
-10,-15,977,43,977,50
-10,-15,35,761,35,750
-10,-15,5953,796,5953,800
-10,-15,3235,517,3235,500
-10,-15,3412,794,3412,800
-10,-15,368,-695,368,-700
-10,-10,2409,-744,2409,-750
-10,-10,2023,-423,2023,-400
-10,-10,2629,-808,2629,-800
-10,-10,6285,-199,6285,-200
-10,-10,7239,310,7239,300
-10,-10,5662,-677,5662,-700
-10,-10,2438,-375,2438,-350
-10,-10,7085,772,7085,800
-10,-10,9891,230,9891,250
-10,-10,3816,999,3816,1000
-10,-10,9509,-225,9509,-200
-10,-10,3328,-330,3328,-350
-10,-10,5324,-452,5324,-450
-10,-10,4207,153,4207,150
-10,-10,4360,-739,4360,-750
-10,-10,8534,132,8534,150
-10,-10,9589,307,9589,300
-10,-10,4534,-329,4534,-350
-10,-10,6726,-754,6726,-750
-10,-10,5996,-85,5996,-50
-10,-5,3889,-152,3889,-150
-10,-5,6205,-360,6205,-350
-10,-5,3082,919,3082,900
-10,-5,1401,-329,1401,-350
-10,-5,7824,432,7824,450
-10,-5,2313,342,2313,350
-10,-5,385,905,385,900
-10,-5,1248,-355,1248,-350
-10,-5,8530,419,8530,450
-10,-5,1197,-719,1197,-700
-10,-5,5003,525,5003,500
-10,-5,5534,-743,5534,-750
-10,-5,7844,422,7844,400
-10,-5,4563,-44,4563,-50
-10,-5,6676,972,6676,950
-10,-5,5364,-508,5364,-500
-10,-5,2953,584,2953,600
-10,-5,8565,-731,8565,-750
-10,-5,8685,-153,8685,-150
-10,-5,1403,109,1403,100
-10,0,9638,631,9638,650
-10,0,4916,-8,4916,0
-10,0,1946,769,1946,800
-10,0,6548,476,6548,500
-10,0,4614,-341,4614,-350
-10,0,7823,-17,7823,-50
-10,0,2850,-321,2850,-300
-10,0,761,667,761,650
-10,0,3393,-385,3393,-400
-10,0,9691,384,9691,400
-10,0,3209,200,3209,200
-10,0,1255,-105,1255,-100
-10,0,1360,-840,1360,-850
-10,0,1163,-44,1163,-50
-10,0,9064,993,9064,1000
-10,0,3005,-384,3005,-400
-10,0,4987,-332,4987,-350
-10,0,9498,-290,9498,-300
-10,0,4224,224,4224,200
-10,0,193,-323,193,-300
-10,5,2990,-212,2990,-200
-10,5,1344,297,1344,300
-10,5,4488,98,4488,100
-10,5,3651,-909,3651,-900
-10,5,5936,19,5936,50
-10,5,7931,-812,7931,-800
-10,5,4980,377,4980,400
-10,5,1923,-220,1923,-250
-10,5,4775,473,4775,500
-10,5,2884,207,2884,200
-10,5,241,352,241,350
-10,5,6868,-628,6868,-600
-10,5,5769,137,5769,150
-10,5,1815,-8,1815,0
-10,5,6339,872,6339,850
-10,5,5103,-530,5103,-500
-10,5,8354,-295,8354,-300
-10,5,3759,-691,3759,-700
-10,5,7608,-898,7608,-900
-10,5,1138,-389,1138,-400
-10,10,270,626,270,650
-10,10,4580,810,4580,800
-10,10,2816,683,2816,650
-10,10,4705,476,4705,450
-10,10,9842,786,9842,800
-10,10,1360,774,1360,750
-10,10,3612,-35,3612,-50
-10,10,7935,627,7935,650
-10,10,264,296,264,300
-10,10,6579,770,6579,800
-10,10,6604,-98,6604,-100
-10,10,944,469,944,450
-10,10,1236,864,1236,850
-10,10,5841,-632,5841,-650
-10,10,8681,-965,8681,-1000
-10,10,9032,946,9032,950
-10,10,4152,446,4152,450
-10,10,4552,632,4552,650
-10,10,6046,-257,6046,-250
-10,10,9383,-295,9383,-300
-10,15,5317,530,5317,550
-10,15,4439,-920,4439,-900
-10,15,9197,-303,9197,-300
-10,15,6185,872,6185,850
-10,15,5309,-556,5309,-550
-10,15,4250,-309,4250,-300
-10,15,9451,207,9451,200
-10,15,4483,-128,4483,-150
-10,15,3972,532,3972,550
-10,15,9173,644,9173,650
-10,15,3275,768,3275,750
-10,15,7116,-138,7116,-100
-10,15,1535,555,1535,550
-10,15,3201,-757,3201,-750
-10,15,7176,535,7176,550
-10,15,293,791,293,750
-10,15,304,166,304,150
-10,15,718,152,718,150
-10,15,7043,-26,7043,0
-10,15,5617,-143,5617,-150
-10,20,4640,-84,4640,-100
-10,20,2973,974,2973,1000
-10,20,1832,735,1832,700
-10,20,2282,-357,2282,-400
-10,20,4174,2,4174,0
-10,20,9527,910,9527,900
-10,20,4469,-512,4469,-500
-10,20,2622,706,2622,700
-10,20,7868,-705,7868,-650
-10,20,9338,835,9338,850
-10,20,6964,-881,6964,-850
-10,20,3570,843,3570,850
-10,20,986,177,986,150
-10,20,395,544,395,550
-10,20,5134,-405,5134,-350
-10,20,9601,531,9601,550
-10,20,3394,58,3394,50
-10,20,7584,-490,7584,-450
-10,20,3278,-10,3278,0
-10,20,3570,-952,3570,-900
-10,25,7406,-962,7406,-950
-10,25,8380,236,8380,200
-10,25,5140,276,5140,300
-10,25,2300,336,2300,400
-10,25,4889,744,4889,750
-10,25,8449,-219,8449,-200
-10,25,2096,46,2096,0
-10,25,8877,288,8877,250
-10,25,7962,-853,7962,-950
-10,25,7514,-355,7514,-300
-10,25,6711,-435,6711,-350
-10,25,4146,-279,4146,-300
-10,25,6780,-457,6780,-450
-10,25,7220,866,7220,900
-10,25,7984,-250,7984,-250
-10,25,5955,801,5955,700
-10,25,582,-437,582,-450
-10,25,7966,633,7966,600
-10,25,5222,-981,5222,-950
-10,25,4991,788,4991,850
-10,30,4924,-273,4924,-100
-10,30,9696,189,6306,750
-10,30,3249,832,3248,800
-10,30,4460,-836,6306,750
-10,30,4017,-700,4017,-800
-10,30,5017,-665,6306,750
-10,30,2352,-854,2352,-950
-10,30,3333,284,3333,300
-10,30,3486,-299,3486,-300
-10,30,8572,-84,8572,-50
-10,30,4324,323,4324,350
-10,30,23,827,6306,800
-10,30,3114,953,1405,2050
-10,30,218,-181,218,-100
-10,30,1204,137,1203,200
-10,30,3705,641,3705,550
-10,30,9593,856,9593,850
-10,30,4567,886,4568,850
-10,30,4074,773,4074,900
-10,30,7303,545,7304,400
-10,35,9960,65,6306,800
-10,35,9220,-939,6306,800
-10,35,3211,133,6306,750
-10,35,6360,344,6306,800
-10,35,7251,495,6306,800
-10,35,5974,26,6306,750
-10,35,8660,396,6306,750
-10,35,9706,149,6306,800
-10,35,9000,-130,6306,800
-10,35,5453,83,6306,800
-10,35,2010,184,6306,800
-10,35,7779,-164,6306,800
-10,35,3766,828,6306,800
-10,35,6913,-667,6306,800
-10,35,5203,788,6306,800
-10,35,7379,-708,6306,800
-10,35,9338,-626,6306,800
-10,35,852,-586,6306,800
-10,35,6866,-373,6306,800
-10,35,6589,-972,6306,800
-10,40,6460,-121,6306,800
-10,40,3210,474,6306,800
-10,40,796,640,6306,800
-10,40,3245,210,6306,800
-10,40,1334,-723,6306,800
-10,40,9518,-487,6306,800
-10,40,7964,11,6306,800
-10,40,1912,638,6306,800
-10,40,6038,703,6306,800
-10,40,169,983,6306,800
-10,40,8262,-587,6306,800
-10,40,1094,-612,6306,800
-10,40,965,-409,6306,800
-10,40,9386,868,6306,800
-10,40,4302,-559,6306,800
-10,40,6142,-479,6306,800
-10,40,9078,-274,6306,800
-10,40,180,-101,6306,800
-10,40,2821,-801,6306,800
-10,40,4081,-292,6306,800
-10,45,4363,-937,6306,800
-10,45,7240,-791,6306,800
-10,45,946,-651,6306,800
-10,45,1694,-208,6306,800
-10,45,830,852,6306,800
-10,45,6914,-504,6306,800
-10,45,9897,-548,6306,800
-10,45,9596,-925,6306,800
-10,45,8824,-349,6306,800
-10,45,5918,188,6306,800
-10,45,2565,-958,6306,800
-10,45,3896,383,6306,800
-10,45,4886,-326,6306,800
-10,45,2923,-78,6306,800
-10,45,427,255,6306,800
-10,45,2379,-609,6306,800
-10,45,5735,36,6306,800
-10,45,8174,488,6306,800
-10,45,7551,659,6306,800
-10,45,1089,-783,6306,800
-10,50,8782,-372,6306,800
-10,50,8248,783,6306,800
-10,50,3720,-174,6306,800
-10,50,4448,-182,6306,800
-10,50,4988,158,6306,800
-10,50,1053,473,6306,800
-10,50,8552,-324,6306,800
-10,50,4750,-174,6306,800
-10,50,6635,277,6306,800
-10,50,5596,632,6306,800
-10,50,544,126,6306,800
-10,50,2721,-520,6306,800
-10,50,296,-99,6306,800
-10,50,3349,-116,6306,800
-10,50,2818,352,6306,800
-10,50,9691,-181,6306,800
-10,50,8645,655,6306,800
-10,50,811,524,6306,800
-10,50,8642,624,6306,800
-10,50,8654,-137,6306,800
-5,-100,9756,-160,9756,-150
-5,-100,7751,412,7751,400
-5,-100,9520,-829,9520,-850
-5,-100,8441,848,8441,850
-5,-100,7147,-926,7147,-950
-5,-100,3720,-879,3720,-900
-5,-100,7723,-71,7723,-100
-5,-100,4486,-221,4486,-200
-5,-100,5217,553,5217,550
-5,-100,3475,162,3475,150
-5,-100,3766,-153,3766,-150
-5,-100,1390,-464,1390,-450
-5,-100,2802,253,2802,250
-5,-100,7736,-577,7736,-600
-5,-100,5522,-828,5522,-800
-5,-100,3434,-414,3434,-400
-5,-100,4152,-689,4152,-700
-5,-100,308,53,308,50
-5,-100,1672,740,1672,750
-5,-100,9500,58,9500,50
-5,-95,5859,727,5859,750
-5,-95,9966,-272,9966,-250
-5,-95,2429,298,2429,300
-5,-95,4806,653,4806,650
-5,-95,9554,-822,9554,-800
-5,-95,9673,-954,9673,-950
-5,-95,7343,-580,7343,-550
-5,-95,5848,381,5848,400
-5,-95,7666,-16,7666,0
-5,-95,7952,-929,7952,-950
-5,-95,8415,611,8415,600
-5,-95,6141,-969,6141,-950
-5,-95,2900,-416,2900,-400
-5,-95,805,-980,805,-1000
-5,-95,8694,69,8694,50
-5,-95,1530,882,1530,900
-5,-95,578,768,578,750
-5,-95,9426,383,9426,400
-5,-95,8746,-91,8746,-100
-5,-95,5960,-471,5960,-450
-5,-90,7707,-694,7707,-700
-5,-90,4853,919,4853,900
-5,-90,82,57,82,50
-5,-90,8982,-678,8982,-700
-5,-90,5402,-401,5402,-400
-5,-90,8780,-717,8780,-700
-5,-90,2307,-487,2307,-500
-5,-90,5326,-798,5326,-800
-5,-90,2480,576,2480,600
-5,-90,8334,-268,8334,-250
-5,-90,8062,-653,8062,-650
-5,-90,5024,-948,5024,-950
-5,-90,9420,-954,9420,-950
-5,-90,7594,-389,7594,-400
-5,-90,4767,-356,4767,-350
-5,-90,6811,568,6811,550
-5,-90,8122,339,8122,350
-5,-90,1266,99,1266,100
-5,-90,1038,-961,1038,-950
-5,-90,759,-868,759,-850
-5,-85,8932,-417,8932,-400
-5,-85,7605,-485,7605,-500
-5,-85,9659,-28,9659,-50
-5,-85,1630,-529,1630,-550
-5,-85,7550,120,7550,100
-5,-85,4514,-815,4514,-800
-5,-85,3888,390,3888,400
-5,-85,3310,-315,3310,-300
-5,-85,9266,-545,9266,-550
-5,-85,9479,877,9479,900
-5,-85,5119,909,5119,900
-5,-85,3209,-968,3209,-950
-5,-85,5885,-447,5885,-450
-5,-85,5092,111,5092,100
-5,-85,9591,699,9591,700
-5,-85,2735,258,2735,250
-5,-85,7222,330,7222,350
-5,-85,5470,960,5470,950
-5,-85,9954,401,9954,400
-5,-85,6516,-544,6516,-550
-5,-80,901,435,901,450
-5,-80,85,-237,85,-250
-5,-80,344,-157,344,-150
-5,-80,9923,-930,9923,-950
-5,-80,9452,-942,9452,-950
-5,-80,9625,-356,9625,-350
-5,-80,6329,756,6329,750
-5,-80,5952,412,5952,400
-5,-80,7085,336,7085,350
-5,-80,2896,241,2896,250
-5,-80,9103,-613,9103,-600
-5,-80,2515,709,2515,700
-5,-80,2756,172,2756,150
-5,-80,7180,347,7180,350
-5,-80,5416,-239,5416,-250
-5,-80,1018,302,1018,300
-5,-80,2465,971,2465,1000
-5,-80,1691,230,1691,250
-5,-80,9860,855,9860,850
-5,-80,6182,-434,6182,-450
-5,-75,7646,971,7646,950
-5,-75,5517,-404,5517,-400
-5,-75,7254,-745,7254,-750
-5,-75,355,180,355,200
-5,-75,9189,-750,9189,-750
-5,-75,7917,622,7917,600
-5,-75,9490,-401,9490,-400
-5,-75,3559,67,3559,50
-5,-75,3066,-438,3066,-450
-5,-75,5011,296,5011,300
-5,-75,64,74,64,50
-5,-75,2657,938,2657,950
-5,-75,7151,632,7151,650
-5,-75,6905,-537,6905,-550
-5,-75,5666,-875,5666,-900
-5,-75,1552,70,1552,50
-5,-75,5853,888,5853,900
-5,-75,7332,642,7332,650
-5,-75,3389,-592,3389,-600
-5,-75,4284,894,4284,900
-5,-70,8812,-193,8812,-200
-5,-70,6787,-909,6787,-900
-5,-70,8828,-706,8828,-700
-5,-70,8456,9,8456,0
-5,-70,3465,657,3465,650
-5,-70,5176,914,5176,900
-5,-70,7016,-934,7016,-950
-5,-70,1646,607,1646,600
-5,-70,2150,57,2150,50
-5,-70,6364,452,6364,450
-5,-70,1825,-143,1825,-150
-5,-70,2450,403,2450,400
-5,-70,4855,-953,4855,-950
-5,-70,2251,833,2251,850
-5,-70,7402,160,7402,150
-5,-70,5091,-848,5091,-850
-5,-70,9993,725,9993,700
-5,-70,1557,102,1557,100
-5,-70,3742,-606,3742,-600
-5,-70,5856,-205,5856,-200
-5,-65,639,130,639,150
-5,-65,79,639,79,650
-5,-65,251,668,251,650
-5,-65,9300,420,9300,450
-5,-65,5995,-44,5995,-50
-5,-65,5010,260,5010,250
-5,-65,711,96,711,100
-5,-65,2050,349,2050,350
-5,-65,3953,204,3953,200
-5,-65,5066,382,5066,400
-5,-65,1530,54,1530,50
-5,-65,331,764,331,750
-5,-65,7278,572,7278,600
-5,-65,1813,662,1813,650
-5,-65,1319,-791,1319,-800
-5,-65,3213,-795,3213,-800
-5,-65,9094,200,9094,200
-5,-65,4409,871,4409,850
-5,-65,7208,861,7208,850
-5,-65,3443,-897,3443,-900
-5,-60,6652,500,6652,500
-5,-60,8607,261,8607,250
-5,-60,4726,733,4726,750
-5,-60,5242,769,5242,750
-5,-60,6405,371,6405,350
-5,-60,7955,305,7955,300
-5,-60,9655,900,9655,900
-5,-60,1841,-737,1841,-750
-5,-60,7005,-431,7005,-450
-5,-60,9271,-418,9271,-450
-5,-60,7938,479,7938,500
-5,-60,5456,638,5456,650
-5,-60,1854,827,1854,850
-5,-60,8733,915,8733,900
-5,-60,7082,-957,7082,-950
-5,-60,3668,250,3668,250
-5,-60,5408,551,5408,550
-5,-60,1157,-424,1157,-400
-5,-60,7956,629,7956,650
-5,-60,9680,927,9680,950
-5,-55,8337,875,8337,850
-5,-55,7809,577,7809,550
-5,-55,7036,-393,7036,-400
-5,-55,869,-628,869,-650
-5,-55,3491,32,3491,0
-5,-55,556,551,556,550
-5,-55,655,995,655,1000
-5,-55,9124,-449,9124,-450
-5,-55,5101,-804,5101,-800
-5,-55,6131,-219,6131,-200
-5,-55,7280,-678,7280,-700
-5,-55,8634,-166,8634,-150
-5,-55,3699,74,3699,50
-5,-55,3666,-672,3666,-700
-5,-55,3009,178,3009,200
-5,-55,5014,431,5014,450
-5,-55,2627,-347,2627,-350
-5,-55,3758,399,3758,400
-5,-55,4686,-346,4686,-350
-5,-55,4248,-212,4248,-200
-5,-50,7725,46,7725,50
-5,-50,9465,914,9465,900
-5,-50,8453,846,8453,850
-5,-50,1358,-848,1358,-850
-5,-50,3773,-682,3773,-700
-5,-50,298,-862,298,-850
-5,-50,4763,-840,4763,-850
-5,-50,4137,183,4137,200
-5,-50,2749,-961,2749,-950
-5,-50,2501,-320,2501,-300
-5,-50,6981,-618,6981,-600
-5,-50,2702,-120,2702,-100
-5,-50,5043,83,5043,100
-5,-50,5965,-960,5965,-950
-5,-50,4773,-897,4773,-900
-5,-50,2173,-346,2173,-350
-5,-50,7288,584,7288,600
-5,-50,1875,458,1875,450
-5,-50,1003,-601,1003,-600
-5,-50,881,-335,881,-350
-5,-45,2943,-306,2943,-300
-5,-45,120,-25,120,-50
-5,-45,7862,-640,7862,-650
-5,-45,1601,-143,1601,-150
-5,-45,6118,373,6118,400
-5,-45,8704,418,8704,400
-5,-45,7007,-550,7007,-550
-5,-45,6031,569,6031,550
-5,-45,5418,710,5418,700
-5,-45,3157,-35,3157,-50
-5,-45,4156,789,4156,800
-5,-45,809,-401,809,-400
-5,-45,2406,984,2406,950
-5,-45,6240,643,6240,650
-5,-45,3275,-297,3275,-300
-5,-45,7679,918,7679,900
-5,-45,3346,706,3346,700
-5,-45,7120,-298,7120,-300
-5,-45,4770,951,4770,950
-5,-45,8958,1000,8958,1000
-5,-40,7519,145,7519,150
-5,-40,1655,-934,1655,-950
-5,-40,1524,942,1524,950
-5,-40,1083,308,1083,300
-5,-40,207,336,207,350
-5,-40,8725,-435,8725,-450
-5,-40,6285,36,6285,50
-5,-40,6797,696,6797,700
-5,-40,5150,899,5150,900
-5,-40,5292,-696,5292,-700
-5,-40,5949,763,5949,750
-5,-40,7129,493,7129,500
-5,-40,1172,738,1172,750
-5,-40,3354,949,3354,950
-5,-40,2127,431,2127,450
-5,-40,9080,397,9080,400
-5,-40,5456,-394,5456,-400
-5,-40,8420,203,8420,200
-5,-40,8310,991,8310,1000
-5,-40,2087,511,2087,500
-5,-35,5903,226,5903,200
-5,-35,9925,-572,9925,-550
-5,-35,2361,780,2361,750
-5,-35,2233,868,2233,850
-5,-35,8085,601,8085,600
-5,-35,6136,634,6136,650
-5,-35,9200,-149,9200,-150
-5,-35,689,74,689,50
-5,-35,7717,198,7717,200
-5,-35,6966,926,6966,900
-5,-35,7450,-561,7450,-550
-5,-35,3396,-38,3396,-50
-5,-35,1629,369,1629,350
-5,-35,7299,657,7299,650
-5,-35,493,101,493,100
-5,-35,5789,-314,5789,-300
-5,-35,4597,-391,4597,-400
-5,-35,1186,80,1186,100
-5,-35,5449,-672,5449,-700
-5,-35,1075,-77,1075,-50
-5,-30,311,-323,311,-350
-5,-30,979,905,979,900
-5,-30,6928,-72,6928,-50
-5,-30,1407,-19,1407,0
-5,-30,9154,431,9154,450
-5,-30,9675,-231,9675,-250
-5,-30,3423,800,3423,800
-5,-30,3153,637,3153,650
-5,-30,1320,-573,1320,-550
-5,-30,5779,201,5779,200
-5,-30,4528,-101,4528,-100
-5,-30,8580,-215,8580,-200
-5,-30,7220,860,7220,850
-5,-30,1590,-181,1590,-200
-5,-30,126,288,126,300
-5,-30,6176,959,6176,950
-5,-30,7434,399,7434,400
-5,-30,1635,-528,1635,-550
-5,-30,7829,858,7829,850
-5,-30,2564,103,2564,100
-5,-25,9535,-300,9535,-300
-5,-25,7098,938,7098,950
-5,-25,4357,70,4357,50
-5,-25,3384,908,3384,900
-5,-25,7907,809,7907,800
-5,-25,1099,-533,1099,-550
-5,-25,9392,-592,9392,-600
-5,-25,7447,-932,7447,-950
-5,-25,48,-760,48,-750
-5,-25,9965,-395,9965,-400
-5,-25,249,840,249,850
-5,-25,4091,843,4091,850
-5,-25,6522,-697,6522,-700
-5,-25,3956,982,3956,1000
-5,-25,7004,-865,7004,-850
-5,-25,28,400,28,400
-5,-25,3737,84,3737,100
-5,-25,1697,-992,1697,-1000
-5,-25,5737,853,5737,850
-5,-25,8996,108,8996,100
-5,-20,9379,661,9379,650
-5,-20,5344,786,5344,800
-5,-20,5059,-100,5059,-100
-5,-20,8304,-166,8304,-150
-5,-20,3945,-889,3945,-900
-5,-20,9175,131,9175,150
-5,-20,498,386,498,400
-5,-20,4386,710,4386,700
-5,-20,4128,891,4128,900
-5,-20,3114,-201,3114,-200
-5,-20,7596,871,7596,850
-5,-20,5820,161,5820,150
-5,-20,1251,-145,1251,-150
-5,-20,2601,-312,2601,-300
-5,-20,2158,-818,2158,-800
-5,-20,453,-97,453,-100
-5,-20,9265,-142,9265,-150
-5,-20,6994,36,6994,50
-5,-20,3204,-687,3204,-700
-5,-20,7640,-439,7640,-450
-5,-15,8168,-821,8168,-800
-5,-15,3019,996,3019,1000
-5,-15,6361,-554,6361,-550
-5,-15,5616,-932,5616,-900
-5,-15,2858,129,2858,150
-5,-15,1042,-52,1042,-50
-5,-15,5091,316,5091,300
-5,-15,5860,-272,5860,-300
-5,-15,7674,320,7674,300
-5,-15,6184,-893,6184,-900
-5,-15,1379,-350,1379,-350
-5,-15,3556,-35,3556,-50
-5,-15,6964,103,6964,100
-5,-15,6140,-600,6140,-600
-5,-15,4555,-363,4555,-350
-5,-15,1250,945,1250,950
-5,-15,4984,355,4984,350
-5,-15,1169,568,1169,550
-5,-15,5970,67,5970,50
-5,-15,239,300,239,300
-5,-10,2491,832,2491,850
-5,-10,7211,-805,7211,-800
-5,-10,3886,-351,3886,-350
-5,-10,7531,-967,7531,-950
-5,-10,844,975,844,1000
-5,-10,6415,303,6415,300
-5,-10,4061,-315,4061,-300
-5,-10,9019,-418,9019,-400
-5,-10,951,440,951,450
-5,-10,7880,-728,7880,-750
-5,-10,5330,-735,5330,-750
-5,-10,1327,743,1327,750
-5,-10,1925,906,1925,900
-5,-10,6929,-857,6929,-850
-5,-10,2544,-320,2544,-300
-5,-10,1780,741,1780,750
-5,-10,5641,-986,5641,-1000
-5,-10,8942,123,8942,100
-5,-10,285,362,285,350
-5,-10,2045,-957,2045,-950
-5,-5,5787,-437,5787,-450
-5,-5,2127,811,2127,800
-5,-5,5725,-637,5725,-650
-5,-5,9261,490,9261,500
-5,-5,1655,-830,1655,-850
-5,-5,6006,-399,6006,-400
-5,-5,8850,-899,8850,-900
-5,-5,872,-626,872,-650
-5,-5,4937,-783,4937,-800
-5,-5,1224,-521,1224,-500
-5,-5,7062,-847,7062,-850
-5,-5,2042,-619,2042,-650
-5,-5,9542,931,9542,950
-5,-5,9488,-952,9488,-950
-5,-5,9931,703,9931,700
-5,-5,8984,125,8984,150
-5,-5,4606,973,4606,1000
-5,-5,841,103,841,100
-5,-5,7052,-268,7052,-250
-5,-5,1940,66,1940,50
-5,0,3982,323,3982,300
-5,0,108,-277,108,-300
-5,0,6265,180,6265,150
-5,0,7435,-172,7435,-150
-5,0,4317,-98,4317,-100
-5,0,9571,304,9571,300
-5,0,4938,-678,4938,-700
-5,0,3443,556,3443,550
-5,0,2900,161,2900,150
-5,0,9256,316,9256,300
-5,0,8562,-996,8562,-1000
-5,0,3542,568,3542,550
-5,0,577,704,577,700
-5,0,4097,-692,4097,-700
-5,0,8533,-787,8533,-800
-5,0,2317,-144,2317,-150
-5,0,739,979,739,1000
-5,0,6788,-810,6788,-800
-5,0,4388,-465,4388,-450
-5,0,5336,354,5336,350
-5,5,1631,437,1631,450
-5,5,4717,248,4717,250
-5,5,1854,636,1854,650
-5,5,3170,381,3170,400
-5,5,1413,-230,1413,-250
-5,5,3129,-275,3129,-250
-5,5,5778,-782,5778,-800
-5,5,4957,984,4957,1000
-5,5,3136,-840,3136,-850
-5,5,6843,703,6843,700
-5,5,7515,-770,7515,-800
-5,5,8949,-257,8949,-250
-5,5,4011,27,4011,50
-5,5,3315,-742,3315,-750
-5,5,6618,-859,6618,-850
-5,5,8734,-402,8734,-400
-5,5,7042,938,7042,950
-5,5,9640,-433,9640,-450
-5,5,8897,991,8897,1000
-5,5,5239,581,5239,600
-5,10,7146,-397,7146,-400
-5,10,1245,-117,1245,-100
-5,10,7737,198,7737,200
-5,10,1092,-535,1092,-500
-5,10,7779,110,7779,100
-5,10,3344,267,3344,250
-5,10,4432,486,4432,500
-5,10,1406,870,1406,850
-5,10,5120,878,5120,900
-5,10,1523,313,1523,300
-5,10,9345,-988,9345,-1000
-5,10,2376,-175,2376,-200
-5,10,4573,-370,4573,-400
-5,10,9798,-748,9798,-750
-5,10,132,-654,132,-650
-5,10,1659,850,1659,850
-5,10,1822,874,1822,850
-5,10,8013,562,8013,550
-5,10,3481,579,3481,600
-5,10,6101,859,6101,850
-5,15,6888,-42,6888,-50
-5,15,408,-328,408,-300
-5,15,3896,530,3896,500
-5,15,6397,146,6397,150
-5,15,4768,536,4768,550
-5,15,3572,508,3572,500
-5,15,2930,-1,2930,0
-5,15,5404,234,5404,250
-5,15,6917,-332,6917,-350
-5,15,980,-8,980,0
-5,15,8564,259,8564,300
-5,15,686,62,686,50
-5,15,1161,-156,1161,-150
-5,15,956,-639,956,-650
-5,15,8796,-587,8796,-550
-5,15,7656,852,7656,800
-5,15,145,945,145,950
-5,15,2128,716,2128,700
-5,15,6476,-182,6476,-150
-5,15,7948,-864,7948,-850
-5,20,5591,-913,5591,-900
-5,20,1291,12,1291,-50
-5,20,2868,416,2868,350
-5,20,7738,796,7738,850
-5,20,8578,904,8578,900
-5,20,99,80,99,100
-5,20,2932,-444,2932,-450
-5,20,1033,-105,1033,-100
-5,20,723,-387,723,-300
-5,20,2568,-630,2568,-650
-5,20,5511,176,5511,250
-5,20,6243,6,6243,50
-5,20,5276,-832,5276,-800
-5,20,1505,488,1505,450
-5,20,4186,782,4186,750
-5,20,8013,20,8013,0
-5,20,2810,920,2810,900
-5,20,4256,-828,4256,-850
-5,20,3268,213,3268,200
-5,20,613,124,613,150
-5,25,3423,615,3423,600
-5,25,7231,582,7231,600
-5,25,9985,128,9985,200
-5,25,4116,330,4116,450
-5,25,3577,196,3577,200
-5,25,4317,-630,4317,-600
-5,25,6465,-278,6465,-250
-5,25,4614,221,4614,200
-5,25,9119,-208,9119,-150
-5,25,2862,737,2862,800
-5,25,7066,-214,7066,-300
-5,25,6290,-932,6290,-900
-5,25,4757,987,4757,1050
-5,25,2058,-288,2058,-250
-5,25,5240,238,5240,250
-5,25,3889,243,3889,250
-5,25,6593,992,6593,1050
-5,25,7069,628,7069,600
-5,25,1467,-452,1467,-450
-5,25,7944,212,7944,150
-5,30,3206,389,3206,450
-5,30,1098,660,1097,800
-5,30,4285,-67,4285,-150
-5,30,6423,-132,6423,-200
-5,30,7069,-707,7069,-650
-5,30,8147,137,8147,50
-5,30,862,-584,862,-550
-5,30,2127,427,2127,400
-5,30,4070,-215,4070,-250
-5,30,516,732,516,900
-5,30,3859,-299,3859,-250
-5,30,7042,487,7042,400
-5,30,8844,422,8844,550
-5,30,6198,881,6198,900
-5,30,6002,-295,6002,-300
-5,30,2028,-618,2028,-700
-5,30,9944,-731,6306,750
-5,30,8315,566,8315,550
-5,30,2991,605,2991,650
-5,30,7566,434,7566,350
-5,35,193,-716,6306,800
-5,35,8171,855,6306,800
-5,35,3864,284,6306,800
-5,35,4308,830,6306,800
-5,35,5980,610,6306,800
-5,35,2128,873,6306,800
-5,35,1705,851,6306,800
-5,35,1434,570,6306,800
-5,35,1609,-318,6306,800
-5,35,6728,-954,6306,800
-5,35,1706,-33,6306,800
-5,35,4880,378,6306,800
-5,35,4354,-313,6306,800
-5,35,3209,-200,6306,800
-5,35,5949,112,6306,800
-5,35,6888,-1,6306,800
-5,35,6525,10,6306,800
-5,35,1007,863,6306,800
-5,35,7901,-509,6306,800
-5,35,5357,-992,6306,800
-5,40,794,-426,6306,800
-5,40,6364,846,6306,800
-5,40,9924,-802,6306,800
-5,40,6329,-361,6306,800
-5,40,3765,-918,6306,800
-5,40,3853,-410,6306,800
-5,40,8164,265,6306,800
-5,40,7745,-694,6306,800
-5,40,7923,-456,6306,800
-5,40,910,-891,6306,800
-5,40,8948,763,6306,800
-5,40,128,-201,6306,800
-5,40,3284,482,6306,800
-5,40,3171,938,6306,800
-5,40,1790,467,6306,800
-5,40,322,-968,6306,800
-5,40,6944,47,6306,800
-5,40,4117,-439,6306,800
-5,40,2651,528,6306,800
-5,40,6368,283,6306,800
-5,45,3740,-390,6306,800
-5,45,867,-218,6306,800
-5,45,2485,-203,6306,800
-5,45,692,952,6306,800
-5,45,8464,-111,6306,800
-5,45,7152,628,6306,800
-5,45,1008,-527,6306,800
-5,45,858,149,6306,800
-5,45,7967,755,6306,800
-5,45,7242,-170,6306,800
-5,45,6844,563,6306,800
-5,45,1394,-393,6306,800
-5,45,1619,-100,6306,800
-5,45,2863,-272,6306,800
-5,45,6779,-14,6306,800
-5,45,738,718,6306,800
-5,45,7791,-196,6306,800
-5,45,4099,178,6306,800
-5,45,7098,-744,6306,800
-5,45,2746,750,6306,800
-5,50,3925,-4,6306,800
-5,50,5050,-258,6306,800
-5,50,2848,-509,6306,800
-5,50,4795,7,6306,800
-5,50,4394,894,6306,800
-5,50,127,277,6306,800
-5,50,5657,974,6306,800
-5,50,3870,331,6306,800
-5,50,1623,-999,6306,800
-5,50,3587,-225,6306,800
-5,50,5881,389,6306,800
-5,50,5714,-803,6306,800
-5,50,3631,-65,6306,800
-5,50,2061,217,6306,800
-5,50,3544,683,6306,800
-5,50,4780,-779,6306,800
-5,50,393,406,6306,800
-5,50,6811,-175,6306,800
-5,50,2920,-118,6306,800
-5,50,776,86,6306,800
0,-100,9943,274,9943,250
0,-100,1294,-371,1294,-350
0,-100,8894,-262,8894,-250
0,-100,1168,-785,1168,-800
0,-100,2581,-687,2581,-700
0,-100,3474,-655,3474,-650
0,-100,7499,956,7499,950
0,-100,315,739,315,750
0,-100,7498,813,7498,800
0,-100,9236,249,9236,250
0,-100,2536,144,2536,150
0,-100,6441,111,6441,100
0,-100,9932,579,9932,600
0,-100,2161,-585,2161,-600
0,-100,5429,291,5429,300
0,-100,8229,-796,8229,-800
0,-100,8327,749,8327,750
0,-100,8792,-203,8792,-200
0,-100,195,441,195,450
0,-100,9543,-889,9543,-900
0,-95,9778,951,9778,950
0,-95,8801,-548,8801,-550
0,-95,2398,673,2398,650
0,-95,1662,79,1662,100
0,-95,1040,-375,1040,-350
0,-95,3872,-303,3872,-300
0,-95,5491,-270,5491,-250
0,-95,2196,-582,2196,-600
0,-95,7979,304,7979,300
0,-95,4282,995,4282,1000
0,-95,1337,-679,1337,-700
0,-95,744,787,744,800
0,-95,3191,908,3191,900
0,-95,8988,-838,8988,-850
0,-95,163,359,163,350
0,-95,4480,79,4480,100
0,-95,9508,852,9508,850
0,-95,6909,-571,6909,-550
0,-95,2284,13,2284,0
0,-95,9015,397,9015,400
0,-90,4254,99,4254,100
0,-90,3462,986,3462,1000
0,-90,1613,860,1613,850
0,-90,9941,-386,9941,-400
0,-90,6224,-618,6224,-600
0,-90,325,238,325,250
0,-90,4637,-907,4637,-900
0,-90,7629,-744,7629,-750
0,-90,5923,-306,5923,-300
0,-90,7289,-195,7289,-200
0,-90,8073,-21,8073,0
0,-90,4989,-420,4989,-400
0,-90,1370,-31,1370,-50
0,-90,2137,-806,2137,-800
0,-90,6526,-384,6526,-400
0,-90,6583,729,6583,750
0,-90,679,686,679,700
0,-90,2861,-637,2861,-650
0,-90,5357,-20,5357,0
0,-90,2450,-683,2450,-700
0,-85,8974,244,8974,250
0,-85,4057,-413,4057,-400
0,-85,8126,-658,8126,-650
0,-85,8960,-659,8960,-650
0,-85,3550,-525,3550,-500
0,-85,6916,902,6916,900
0,-85,8266,-916,8266,-900
0,-85,7921,237,7921,250
0,-85,1435,522,1435,500
0,-85,2973,-319,2973,-300
0,-85,3644,774,3644,750
0,-85,1744,858,1744,850
0,-85,3575,-442,3575,-450
0,-85,8859,-520,8859,-500
0,-85,4355,449,4355,450
0,-85,3637,-287,3637,-300
0,-85,6415,-382,6415,-400
0,-85,7072,459,7072,450
0,-85,8552,312,8552,300
0,-85,4480,10,4480,0
0,-80,9870,243,9870,250
0,-80,8329,-913,8329,-900
0,-80,2087,322,2087,300
0,-80,6134,-692,6134,-700
0,-80,3389,-557,3389,-550
0,-80,9163,253,9163,250
0,-80,2257,482,2257,500
0,-80,9848,-51,9848,-50
0,-80,4168,-973,4168,-950
0,-80,4010,941,4010,950
0,-80,836,-628,836,-650
0,-80,655,-332,655,-350
0,-80,6143,708,6143,700
0,-80,1500,762,1500,750
0,-80,9975,-779,9975,-800
0,-80,3442,-896,3442,-900
0,-80,9358,-136,9358,-150
0,-80,8466,-435,8466,-450
0,-80,9730,36,9730,50
0,-80,9186,699,9186,700
0,-75,8334,5,8334,0
0,-75,939,-621,939,-600
0,-75,7145,-696,7145,-700
0,-75,9065,-119,9065,-100
0,-75,8384,20,8384,0
0,-75,1592,-616,1592,-600
0,-75,6938,50,6938,50
0,-75,2529,539,2529,550
0,-75,5440,626,5440,650
0,-75,8654,764,8654,750
0,-75,8524,-751,8524,-750
0,-75,6283,-171,6283,-150
0,-75,9364,-209,9364,-200
0,-75,9755,304,9755,300
0,-75,1496,150,1496,150
0,-75,2327,-322,2327,-300
0,-75,5199,748,5199,750
0,-75,6820,329,6820,300
0,-75,3516,-469,3516,-450
0,-75,1833,463,1833,450
0,-70,4367,974,4367,1000
0,-70,7881,184,7881,200
0,-70,9528,172,9528,150
0,-70,4021,-323,4021,-300
0,-70,8802,-592,8802,-600
0,-70,4670,259,4670,250
0,-70,2406,369,2406,350
0,-70,885,490,885,500
0,-70,6262,195,6262,200
0,-70,4212,-221,4212,-200
0,-70,2691,-342,2691,-350
0,-70,2255,531,2255,550
0,-70,9338,569,9338,550
0,-70,984,859,984,850
0,-70,9971,37,9971,50
0,-70,6446,156,6446,150
0,-70,7348,-993,7348,-1000
0,-70,2649,313,2649,300
0,-70,8073,584,8073,600
0,-70,1927,-331,1927,-350
0,-65,2458,-900,2458,-900
0,-65,2829,-465,2829,-450
0,-65,8582,-677,8582,-700
0,-65,146,78,146,100
0,-65,1151,-698,1151,-700
0,-65,3888,261,3888,250
0,-65,3347,-111,3347,-100
0,-65,9623,244,9623,250
0,-65,7224,-75,7224,-100
0,-65,9436,411,9436,400
0,-65,4360,-234,4360,-250
0,-65,1750,365,1750,350
0,-65,1855,-184,1855,-200
0,-65,1861,-451,1861,-450
0,-65,1551,805,1551,800
0,-65,4354,-623,4354,-600
0,-65,5005,-891,5005,-900
0,-65,7816,230,7816,250
0,-65,2426,771,2426,750
0,-65,87,779,87,800
0,-60,3457,-554,3457,-550
0,-60,4510,518,4510,500
0,-60,2067,792,2067,800
0,-60,4639,-713,4639,-700
0,-60,1604,-240,1604,-250
0,-60,8574,122,8574,150
0,-60,4444,992,4444,1000
0,-60,6443,334,6443,350
0,-60,6087,-717,6087,-700
0,-60,1260,452,1260,450
0,-60,1396,527,1396,550
0,-60,7009,-548,7009,-550
0,-60,970,-291,970,-300
0,-60,1316,757,1316,750
0,-60,3120,-965,3120,-950
0,-60,9762,63,9762,50
0,-60,555,451,555,450
0,-60,4171,931,4171,950
0,-60,8038,-26,8038,-50
0,-60,246,11,246,0
0,-55,6874,-164,6874,-150
0,-55,6195,303,6195,300
0,-55,2024,-598,2024,-600
0,-55,6237,595,6237,600
0,-55,9555,-783,9555,-800
0,-55,1684,-147,1684,-150
0,-55,7546,-78,7546,-100
0,-55,4782,-799,4782,-800
0,-55,4156,-23,4156,0
0,-55,2208,459,2208,450
0,-55,1445,855,1445,850
0,-55,2432,-478,2432,-500
0,-55,6425,616,6425,600
0,-55,6065,-66,6065,-50
0,-55,4617,611,4617,600
0,-55,5651,580,5651,600
0,-55,2698,373,2698,350
0,-55,7752,140,7752,150
0,-55,7425,-919,7425,-900
0,-55,8498,-891,8498,-900
0,-50,7723,53,7723,50
0,-50,7778,598,7778,600
0,-50,4231,-561,4231,-550
0,-50,1984,602,1984,600
0,-50,138,-669,138,-650
0,-50,5774,-323,5774,-350
0,-50,8886,205,8886,200
0,-50,415,-748,415,-750
0,-50,6027,18,6027,0
0,-50,4759,633,4759,650
0,-50,3292,382,3292,400
0,-50,1357,-913,1357,-900
0,-50,989,-451,989,-450
0,-50,1876,-613,1876,-600
0,-50,9113,-549,9113,-550
0,-50,1016,231,1016,250
0,-50,4654,523,4654,500
0,-50,6988,150,6988,150
0,-50,7016,-265,7016,-250
0,-50,4069,-711,4069,-700
0,-45,9038,415,9038,400
0,-45,7948,836,7948,850
0,-45,2095,-89,2095,-100
0,-45,279,790,279,800
0,-45,5444,240,5444,250
0,-45,1394,492,1394,500
0,-45,3787,94,3787,100
0,-45,1822,-960,1822,-950
0,-45,5765,-159,5765,-150
0,-45,3646,862,3646,850
0,-45,2423,-715,2423,-700
0,-45,9843,-899,9843,-900
0,-45,5398,817,5398,800
0,-45,2431,-610,2431,-600
0,-45,635,758,635,750
0,-45,3959,-187,3959,-200
0,-45,2976,-407,2976,-400
0,-45,8320,-423,8320,-400
0,-45,9245,718,9245,700
0,-45,3984,372,3984,400
0,-40,3275,-33,3275,-50
0,-40,3044,-905,3044,-900
0,-40,6783,655,6783,650
0,-40,5081,27,5081,0
0,-40,3547,-864,3547,-850
0,-40,4494,-99,4494,-100
0,-40,4740,-688,4740,-700
0,-40,1553,-996,1553,-1000
0,-40,6350,282,6350,300
0,-40,7306,-468,7306,-450
0,-40,5105,705,5105,700
0,-40,5968,271,5968,250
0,-40,2941,425,2941,400
0,-40,8571,807,8571,800
0,-40,9410,-459,9410,-450
0,-40,1773,206,1773,200
0,-40,9820,797,9820,800
0,-40,3452,42,3452,50
0,-40,3832,795,3832,800
0,-40,3794,781,3794,800
0,-35,4911,187,4911,200
0,-35,681,-755,681,-750
0,-35,1354,387,1354,400
0,-35,8208,613,8208,600
0,-35,5174,-312,5174,-300
0,-35,7542,971,7542,950
0,-35,4796,549,4796,550
0,-35,6588,94,6588,100
0,-35,266,-274,266,-250
0,-35,6923,551,6923,550
0,-35,7044,230,7044,250
0,-35,5141,431,5141,450
0,-35,1565,-470,1565,-450
0,-35,2366,-428,2366,-450
0,-35,6588,-14,6588,0
0,-35,4056,277,4056,250
0,-35,652,740,652,750
0,-35,9102,236,9102,250
0,-35,7198,864,7198,850
0,-35,2689,-699,2689,-700
0,-30,3096,-749,3096,-750
0,-30,2267,-161,2267,-150
0,-30,1988,-63,1988,-50
0,-30,5931,154,5931,150
0,-30,9729,339,9729,350
0,-30,6445,523,6445,500
0,-30,1646,296,1646,300
0,-30,1808,-429,1808,-450
0,-30,3287,942,3287,950
0,-30,6812,-558,6812,-550
0,-30,6096,-274,6096,-250
0,-30,2957,262,2957,250
0,-30,9393,130,9393,150
0,-30,7001,-395,7001,-400
0,-30,5494,689,5494,700
0,-30,5487,-579,5487,-550
0,-30,2414,-767,2414,-750
0,-30,9326,967,9326,950
0,-30,9399,230,9399,250
0,-30,7961,-604,7961,-600
0,-25,6616,-95,6616,-100
0,-25,1397,-461,1397,-450
0,-25,9973,-58,9973,-50
0,-25,6075,836,6075,850
0,-25,703,800,703,800
0,-25,5792,998,5792,1000
0,-25,4901,-103,4901,-100
0,-25,3078,946,3078,950
0,-25,2944,910,2944,900
0,-25,4330,380,4330,400
0,-25,2409,-700,2409,-700
0,-25,5820,112,5820,100
0,-25,3797,-575,3797,-600
0,-25,7738,-957,7738,-950
0,-25,866,-652,866,-650
0,-25,6257,-394,6257,-400
0,-25,2802,-607,2802,-600
0,-25,7224,235,7224,250
0,-25,4904,-833,4904,-850
0,-25,7036,654,7036,650
0,-20,6674,-62,6674,-50
0,-20,2655,824,2655,800
0,-20,8009,-95,8009,-100
0,-20,9176,-683,9176,-700
0,-20,6420,943,6420,950
0,-20,9595,391,9595,400
0,-20,2635,945,2635,950
0,-20,5840,-506,5840,-500
0,-20,3800,332,3800,350
0,-20,3451,320,3451,300
0,-20,5065,197,5065,200
0,-20,9918,42,9918,50
0,-20,1207,-780,1207,-800
0,-20,2768,-335,2768,-350
0,-20,5623,-557,5623,-550
0,-20,4487,877,4487,900
0,-20,8423,634,8423,650
0,-20,5166,261,5166,250
0,-20,3787,-604,3787,-600
0,-20,3296,-806,3296,-800
0,-15,8614,-738,8614,-750
0,-15,4814,243,4814,250
0,-15,1779,219,1779,200
0,-15,8394,-46,8394,-50
0,-15,7425,-64,7425,-50
0,-15,161,-566,161,-550
0,-15,6804,741,6804,750
0,-15,6705,628,6705,600
0,-15,4867,953,4867,950
0,-15,321,-405,321,-400
0,-15,7552,153,7552,150
0,-15,9434,-924,9434,-900
0,-15,6985,177,6985,200
0,-15,1898,444,1898,450
0,-15,2164,565,2164,550
0,-15,1763,710,1763,700
0,-15,289,-1,289,0
0,-15,9437,-488,9437,-500
0,-15,3190,834,3190,850
0,-15,2056,370,2056,350
0,-10,6664,-821,6664,-800
0,-10,3969,246,3969,250
0,-10,923,-585,923,-600
0,-10,1878,-183,1878,-200
0,-10,2796,736,2796,750
0,-10,5621,-98,5621,-100
0,-10,5909,986,5909,1000
0,-10,5020,959,5020,950
0,-10,9784,179,9784,200
0,-10,8853,271,8853,250
0,-10,2420,900,2420,900
0,-10,7329,265,7329,250
0,-10,5853,-336,5853,-350
0,-10,3906,-358,3906,-350
0,-10,895,584,895,600
0,-10,8468,535,8468,550
0,-10,4629,714,4629,700
0,-10,6820,434,6820,450
0,-10,8595,-59,8595,-50
0,-10,6366,215,6366,200
0,-5,4402,-442,4402,-450
0,-5,6389,416,6389,400
0,-5,1873,-211,1873,-200
0,-5,5314,191,5314,200
0,-5,9153,-273,9153,-250
0,-5,2596,790,2596,800
0,-5,8697,-890,8697,-900
0,-5,4020,-933,4020,-950
0,-5,5003,-112,5003,-100
0,-5,2299,387,2299,400
0,-5,4836,-28,4836,-50
0,-5,6733,156,6733,150
0,-5,6525,-266,6525,-250
0,-5,2551,-190,2551,-200
0,-5,5893,-266,5893,-250
0,-5,2731,-519,2731,-500
0,-5,3104,-707,3104,-700
0,-5,6387,145,6387,150
0,-5,8097,569,8097,550
0,-5,1242,-293,1242,-300
0,0,9494,-166,9494,-150
0,0,4087,273,4087,250
0,0,3826,138,3826,150
0,0,2666,306,2666,300
0,0,3864,954,3864,950
0,0,6426,999,6426,1000
0,0,2644,-684,2644,-700
0,0,4559,353,4559,350
0,0,7616,87,7616,100
0,0,7253,125,7253,100
0,0,1180,31,1180,50
0,0,302,398,302,400
0,0,1487,-974,1487,-1000
0,0,7312,-30,7312,-50
0,0,7533,28,7533,50
0,0,502,-758,502,-750
0,0,8004,711,8004,700
0,0,5604,-65,5604,-50
0,0,6079,699,6079,700
0,0,3663,-493,3663,-500
0,5,9379,-324,9379,-300
0,5,8156,582,8156,600
0,5,3202,-655,3202,-650
0,5,6176,526,6176,500
0,5,6706,96,6706,100
0,5,5825,-870,5825,-850
0,5,2685,40,2685,50
0,5,4634,385,4634,400
0,5,292,-590,292,-600
0,5,7320,-835,7320,-850
0,5,2534,-983,2534,-1000
0,5,9439,-800,9439,-800
0,5,9433,991,9433,1000
0,5,1246,760,1246,750
0,5,4620,123,4620,100
0,5,7200,274,7200,250
0,5,3102,824,3102,800
0,5,6295,661,6295,650
0,5,9732,-756,9732,-750
0,5,5332,592,5332,600
0,10,7015,-56,7015,-50
0,10,7832,747,7832,750
0,10,4645,-533,4645,-550
0,10,2970,811,2970,800
0,10,5706,-617,5706,-600
0,10,1295,-501,1295,-500
0,10,9978,-443,9978,-450
0,10,9354,-552,9354,-550
0,10,2952,993,2952,1000
0,10,7699,-640,7699,-650
0,10,5717,-686,5717,-700
0,10,9831,692,9831,700
0,10,5028,-918,5028,-900
0,10,154,692,154,700
0,10,7530,-679,7530,-700
0,10,4002,-580,4002,-600
0,10,2594,-768,2594,-750
0,10,5764,644,5764,650
0,10,2875,-807,2875,-800
0,10,4587,602,4587,600
0,15,3378,749,3378,750
0,15,6762,-500,6762,-500
0,15,7226,-18,7226,0
0,15,738,-606,738,-600
0,15,1863,-39,1863,0
0,15,5563,970,5563,950
0,15,2050,693,2050,700
0,15,7917,178,7917,200
0,15,5376,313,5376,350
0,15,7744,-62,7744,-100
0,15,5373,-873,5373,-900
0,15,1883,414,1883,400
0,15,8012,734,8012,750
0,15,5603,-116,5603,-100
0,15,3581,428,3581,450
0,15,7719,-949,7719,-950
0,15,3382,-616,3382,-600
0,15,1199,256,1199,250
0,15,4021,-416,4021,-400
0,15,7220,-769,7220,-800
0,20,4301,309,4301,300
0,20,5419,-669,5419,-700
0,20,1124,-710,1124,-750
0,20,9668,-471,9668,-450
0,20,790,77,790,100
0,20,4963,-258,4963,-250
0,20,5709,-969,5709,-1000
0,20,9813,160,9813,150
0,20,8190,793,8190,800
0,20,9553,879,9553,850
0,20,2234,-603,2234,-550
0,20,559,-371,559,-400
0,20,3101,-903,3101,-900
0,20,5003,954,5003,950
0,20,6641,698,6641,700
0,20,6737,916,6737,900
0,20,7540,311,7540,300
0,20,3239,-339,3239,-350
0,20,7124,-999,7124,-1000
0,20,5338,-448,5338,-450
0,25,7357,-170,7357,-150
0,25,5150,-691,5150,-700
0,25,4434,-599,4434,-500
0,25,1844,656,1844,550
0,25,9283,-862,9283,-850
0,25,3747,969,3747,1000
0,25,4536,-321,4536,-350
0,25,1193,-394,1193,-350
0,25,7592,717,7592,800
0,25,9942,699,9942,750
0,25,3809,-255,3810,-250
0,25,4434,516,4434,500
0,25,4529,166,4529,150
0,25,4008,-117,4008,-100
0,25,4908,361,4908,300
0,25,1762,487,1762,550
0,25,9874,-859,9874,-900
0,25,7806,396,7806,400
0,25,4493,-166,4493,-150
0,25,1707,-17,1707,0
0,30,4087,598,4087,750
0,30,964,-772,964,-900
0,30,2112,-274,2112,-400
0,30,3321,78,3321,-50
0,30,3846,68,3846,50
0,30,8320,-980,8320,-1000
0,30,7369,-905,7369,-1050
0,30,6015,248,6015,200
0,30,3783,233,3783,150
0,30,1235,337,1237,350
0,30,3261,284,6306,750
0,30,7538,-1000,7538,-1100
0,30,3402,-729,6306,800
0,30,2504,632,2504,700
0,30,9019,169,9020,100
0,30,7047,-186,7047,-300
0,30,6581,-372,6581,-350
0,30,2152,720,2152,750
0,30,9780,-497,9780,-550
0,30,5294,-379,5294,-300
0,35,4628,-460,6306,800
0,35,2623,-590,6306,800
0,35,5193,654,6306,800
0,35,7786,-893,6306,800
0,35,8563,833,6306,800
0,35,8159,-275,8158,-400
0,35,8828,-862,6306,800
0,35,9529,725,6306,800
0,35,6650,106,6306,800
0,35,7981,-92,6306,800
0,35,2697,927,6306,800
0,35,9715,-78,6306,800
0,35,4666,-820,6306,800
0,35,2266,-70,6306,800
0,35,2421,831,6306,800
0,35,858,-549,6306,800
0,35,7382,501,6306,800
0,35,1547,484,6306,800
0,35,5160,976,6306,800
0,35,4640,327,4638,350
0,40,9877,-238,6306,800
0,40,1513,-467,6306,800
0,40,5562,846,6306,800
0,40,9521,-394,6306,800
0,40,3260,247,6306,800
0,40,8942,-401,6306,800
0,40,2201,266,6306,800
0,40,6636,893,6306,800
0,40,5924,106,6306,800
0,40,6549,700,6306,800
0,40,1241,461,6306,800
0,40,6199,858,6306,800
0,40,8558,-657,6306,800
0,40,597,647,6306,800
0,40,857,723,6306,800
0,40,2375,-291,6306,800
0,40,1230,16,6306,800
0,40,3532,-119,6306,800
0,40,7059,510,6306,800
0,40,2004,-458,6306,800
0,45,6230,-364,6306,800
0,45,1998,625,6306,800
0,45,5234,-693,6306,800
0,45,5273,613,6306,800
0,45,6160,984,6306,800
0,45,4829,-894,6306,800
0,45,8223,-893,6306,800
0,45,2592,91,6306,800
0,45,9821,397,6306,800
0,45,2869,422,6306,800
0,45,5885,283,6306,800
0,45,7671,435,6306,800
0,45,9589,-710,6306,800
0,45,2464,-407,6306,800
0,45,7789,264,6306,800
0,45,5661,961,6306,800
0,45,5500,222,6306,800
0,45,8628,-223,6306,800
0,45,5440,-67,6306,800
0,45,5755,941,6306,800
0,50,9078,-683,6306,800
0,50,1757,-757,6306,800
0,50,7887,841,6306,800
0,50,497,769,6306,800
0,50,9720,-154,6306,800
0,50,613,-576,6306,800
0,50,6683,-123,6306,800
0,50,3883,995,6306,800
0,50,2880,946,6306,800
0,50,255,-362,6306,800
0,50,2660,-959,6306,800
0,50,6112,-871,6306,800
0,50,3141,-542,6306,800
0,50,7300,503,6306,800
0,50,1155,105,6306,800
0,50,1476,-144,6306,800
0,50,6681,6,6306,800
0,50,2649,-123,6306,800
0,50,3232,333,6306,800
0,50,7398,-145,6306,800
5,-100,706,-817,706,-800
5,-100,2918,-44,2918,-50
5,-100,8065,961,8065,950
5,-100,538,921,538,900
5,-100,6299,294,6299,300
5,-100,6493,-965,6493,-950
5,-100,8117,-951,8117,-950
5,-100,4657,190,4657,200
5,-100,4826,716,4826,700
5,-100,8678,185,8678,200
5,-100,7040,257,7040,250
5,-100,1175,992,1175,1000
5,-100,7562,-895,7562,-900
5,-100,7534,152,7534,150
5,-100,5722,429,5722,450
5,-100,4848,-477,4848,-500
5,-100,8255,736,8255,750
5,-100,8272,-74,8272,-50
5,-100,6006,992,6006,1000
5,-100,4685,762,4685,750
5,-95,3453,45,3453,50
5,-95,5012,-275,5012,-300
5,-95,5412,-827,5412,-850
5,-95,2998,-359,2998,-350
5,-95,6322,748,6322,750
5,-95,2686,-419,2686,-400
5,-95,4920,-787,4920,-800
5,-95,9224,-760,9224,-750
5,-95,8621,458,8621,450
5,-95,986,-898,986,-900
5,-95,2116,666,2116,650
5,-95,2487,-891,2487,-900
5,-95,5687,839,5687,850
5,-95,3063,523,3063,500
5,-95,2781,489,2781,500
5,-95,2273,792,2273,800
5,-95,7498,-698,7498,-700
5,-95,5331,-179,5331,-200
5,-95,1645,394,1645,400
5,-95,6189,998,6189,1000
5,-90,1693,-24,1693,-50
5,-90,4089,-918,4089,-900
5,-90,2985,279,2985,300
5,-90,6516,436,6516,450
5,-90,9791,-23,9791,0
5,-90,2988,-510,2988,-500
5,-90,2530,207,2530,200
5,-90,7311,783,7311,800
5,-90,1549,-740,1549,-750
5,-90,1606,493,1606,500
5,-90,5381,-602,5381,-600
5,-90,9229,213,9229,200
5,-90,5452,-155,5452,-150
5,-90,9973,202,9973,200
5,-90,766,-336,766,-350
5,-90,992,125,992,100
5,-90,6854,488,6854,500
5,-90,6964,-115,6964,-100
5,-90,9476,-538,9476,-550
5,-90,5802,-396,5802,-400
5,-85,5589,909,5589,900
5,-85,712,-395,712,-400
5,-85,616,64,616,50
5,-85,7295,65,7295,50
5,-85,2903,-18,2903,0
5,-85,3624,-738,3624,-750
5,-85,5044,752,5044,750
5,-85,1445,-729,1445,-750
5,-85,8342,-990,8342,-1000
5,-85,9059,-478,9059,-500
5,-85,5487,164,5487,150
5,-85,7494,642,7494,650
5,-85,92,58,92,50
5,-85,4412,945,4412,950
5,-85,2732,-496,2732,-500
5,-85,1357,-920,1357,-900
5,-85,4011,-847,4011,-850
5,-85,4756,787,4756,800
5,-85,9925,-169,9925,-150
5,-85,3537,735,3537,750
5,-80,382,-132,382,-150
5,-80,8388,-266,8388,-250
5,-80,9847,314,9847,300
5,-80,2220,371,2220,350
5,-80,8178,-646,8178,-650
5,-80,3777,740,3777,750
5,-80,7397,-656,7397,-650
5,-80,7266,-744,7266,-750
5,-80,3685,-114,3685,-100
5,-80,4148,-26,4148,-50
5,-80,762,913,762,900
5,-80,3152,-863,3152,-850
5,-80,5431,-179,5431,-200
5,-80,3404,256,3404,250
5,-80,8394,403,8394,400
5,-80,6359,-401,6359,-400
5,-80,6825,-315,6825,-300
5,-80,3421,-265,3421,-250
5,-80,6443,243,6443,250
5,-80,433,-73,433,-50
5,-75,3492,995,3492,1000
5,-75,6392,624,6392,600
5,-75,7795,-743,7795,-750
5,-75,5141,-540,5141,-550
5,-75,1904,-511,1904,-500
5,-75,4643,474,4643,450
5,-75,48,935,48,950
5,-75,1408,377,1408,400
5,-75,9206,-993,9206,-1000
5,-75,3333,-961,3333,-950
5,-75,9381,-813,9381,-800
5,-75,2144,-122,2144,-100
5,-75,6589,712,6589,700
5,-75,2424,-978,2424,-1000
5,-75,2761,683,2761,700
5,-75,6463,88,6463,100
5,-75,8283,225,8283,200
5,-75,9192,-397,9192,-400
5,-75,5680,-765,5680,-750
5,-75,2379,684,2379,700
5,-70,4166,-699,4166,-700
5,-70,2906,742,2906,750
5,-70,8446,-573,8446,-550
5,-70,8590,-797,8590,-800
5,-70,525,-672,525,-650
5,-70,4552,851,4552,850
5,-70,3432,-497,3432,-500
5,-70,4466,-927,4466,-950
5,-70,3241,609,3241,600
5,-70,8230,-312,8230,-300
5,-70,7818,-735,7818,-750
5,-70,513,-296,513,-300
5,-70,8223,933,8223,950
5,-70,4690,302,4690,300
5,-70,6591,-556,6591,-550
5,-70,6447,49,6447,50
5,-70,5259,-356,5259,-350
5,-70,4954,118,4954,100
5,-70,624,-831,624,-850
5,-70,4858,-18,4858,0
5,-65,282,237,282,250
5,-65,6375,696,6375,700
5,-65,7268,867,7268,850
5,-65,8698,-383,8698,-400
5,-65,4502,-667,4502,-650
5,-65,3280,-571,3280,-550
5,-65,2785,336,2785,350
5,-65,2136,304,2136,300
5,-65,586,88,586,100
5,-65,7223,-597,7223,-600
5,-65,9017,348,9017,350
5,-65,192,-494,192,-500
5,-65,6997,-782,6997,-800
5,-65,842,-152,842,-150
5,-65,6759,-206,6759,-200
5,-65,6981,-196,6981,-200
5,-65,9589,-305,9589,-300
5,-65,1360,654,1360,650
5,-65,6134,110,6134,100
5,-65,5378,892,5378,900
5,-60,2179,-550,2179,-550
5,-60,7870,775,7870,750
5,-60,8329,786,8329,800
5,-60,6629,-10,6629,0
5,-60,2665,949,2665,950
5,-60,7429,-539,7429,-550
5,-60,6465,-64,6465,-50
5,-60,8023,-923,8023,-900
5,-60,5621,328,5621,350
5,-60,539,-463,539,-450
5,-60,8269,-443,8269,-450
5,-60,6023,434,6023,450
5,-60,8489,-490,8489,-500
5,-60,778,675,778,650
5,-60,3111,221,3111,200
5,-60,5758,-462,5758,-450
5,-60,9872,-240,9872,-250
5,-60,8763,629,8763,650
5,-60,4949,909,4949,900
5,-60,7222,495,7222,500
5,-55,1229,448,1229,450
5,-55,659,-443,659,-450
5,-55,3200,176,3200,200
5,-55,2022,580,2022,600
5,-55,962,804,962,800
5,-55,6926,346,6926,350
5,-55,5325,186,5325,200
5,-55,2500,836,2500,850
5,-55,7454,581,7454,600
5,-55,2121,652,2121,650
5,-55,5594,42,5594,50
5,-55,8846,-468,8846,-450
5,-55,542,-518,542,-500
5,-55,2258,-823,2258,-800
5,-55,2972,-690,2972,-700
5,-55,1027,-457,1027,-450
5,-55,7247,-361,7247,-350
5,-55,7384,-547,7384,-550
5,-55,6713,-399,6713,-400
5,-55,5718,-315,5718,-300
5,-50,8550,461,8550,450
5,-50,9623,139,9623,150
5,-50,4472,86,4472,100
5,-50,2945,-3,2945,0
5,-50,1469,498,1469,500
5,-50,1673,580,1673,600
5,-50,9653,-767,9653,-750
5,-50,6758,-506,6758,-500
5,-50,5668,85,5668,100
5,-50,313,-83,313,-100
5,-50,8246,803,8246,800
5,-50,8383,24,8383,0
5,-50,3036,-638,3036,-650
5,-50,3991,184,3991,200
5,-50,6547,769,6547,750
5,-50,1721,-238,1721,-250
5,-50,1553,-634,1553,-650
5,-50,1717,487,1717,500
5,-50,9375,-158,9375,-150
5,-50,781,495,781,500
5,-45,624,340,624,350
5,-45,4801,480,4801,500
5,-45,9887,976,9887,1000
5,-45,4189,-461,4189,-450
5,-45,8643,669,8643,650
5,-45,5900,504,5900,500
5,-45,9415,-100,9415,-100
5,-45,3481,700,3481,700
5,-45,416,-669,416,-650
5,-45,7040,812,7040,800
5,-45,7310,-20,7310,0
5,-45,9217,55,9217,50
5,-45,835,547,835,550
5,-45,8656,461,8656,450
5,-45,8233,-828,8233,-850
5,-45,4369,872,4369,850
5,-45,4492,-438,4492,-450
5,-45,9417,-302,9417,-300
5,-45,516,558,516,550
5,-45,7642,-851,7642,-850
5,-40,4379,-960,4379,-950
5,-40,4256,272,4256,250
5,-40,1351,-686,1351,-700
5,-40,4955,604,4955,600
5,-40,5243,860,5243,850
5,-40,8962,503,8962,500
5,-40,906,62,906,50
5,-40,7825,-23,7825,0
5,-40,8401,859,8401,850
5,-40,799,931,799,950
5,-40,4790,-295,4790,-300
5,-40,1843,-377,1843,-400
5,-40,6938,587,6938,600
5,-40,6904,-91,6904,-100
5,-40,4358,-889,4358,-900
5,-40,7766,-969,7766,-950
5,-40,6975,689,6975,700
5,-40,5351,-18,5351,0
5,-40,6069,-819,6069,-800
5,-40,6532,-877,6532,-900
5,-35,3879,453,3879,450
5,-35,7879,123,7879,100
5,-35,6120,674,6120,650
5,-35,6693,375,6693,350
5,-35,437,570,437,550
5,-35,8712,-273,8712,-250
5,-35,9294,605,9294,600
5,-35,9494,937,9494,950
5,-35,8482,114,8482,100
5,-35,1590,-810,1590,-800
5,-35,8145,859,8145,850
5,-35,995,836,995,850
5,-35,6194,675,6194,700
5,-35,8374,-228,8374,-250
5,-35,1489,-953,1489,-950
5,-35,8869,-330,8869,-350
5,-35,883,-795,883,-800
5,-35,495,-964,495,-950
5,-35,7103,-181,7103,-200
5,-35,6158,889,6158,900
5,-30,1258,13,1258,0
5,-30,3778,234,3778,250
5,-30,7477,-438,7477,-450
5,-30,3390,-58,3390,-50
5,-30,2066,-429,2066,-450
5,-30,4137,396,4137,400
5,-30,8475,-622,8475,-600
5,-30,3018,64,3018,50
5,-30,9509,171,9509,150
5,-30,7873,330,7873,350
5,-30,2373,-875,2373,-900
5,-30,1354,-559,1354,-550
5,-30,8133,702,8133,700
5,-30,7570,4,7570,0
5,-30,7506,517,7506,500
5,-30,4334,767,4334,750
5,-30,7343,683,7343,700
5,-30,6044,-368,6044,-350
5,-30,2404,389,2404,400
5,-30,6079,-209,6079,-200
5,-25,4324,107,4324,100
5,-25,5547,-583,5547,-600
5,-25,6520,-852,6520,-850
5,-25,5061,410,5061,400
5,-25,1296,-659,1296,-650
5,-25,4219,11,4219,0
5,-25,195,495,195,500
5,-25,4203,-320,4203,-300
5,-25,1273,-212,1273,-200
5,-25,4708,294,4708,300
5,-25,889,554,889,550
5,-25,3528,-759,3528,-750
5,-25,7083,178,7083,200
5,-25,5850,-618,5850,-600
5,-25,1764,816,1764,800
5,-25,499,614,499,600
5,-25,5760,-697,5760,-700
5,-25,1437,-115,1437,-100
5,-25,1406,358,1406,350
5,-25,3442,-192,3442,-200
5,-20,8035,-569,8035,-550
5,-20,3508,-934,3508,-950
5,-20,4988,478,4988,500
5,-20,4624,-455,4624,-450
5,-20,6322,782,6322,800
5,-20,8920,-873,8920,-850
5,-20,8379,-682,8379,-700
5,-20,1148,-819,1148,-800
5,-20,9040,-671,9040,-650
5,-20,5425,-17,5425,0
5,-20,529,-491,529,-500
5,-20,921,-457,921,-450
5,-20,421,-354,421,-350
5,-20,1392,591,1392,600
5,-20,5311,458,5311,450
5,-20,3115,821,3115,800
5,-20,122,-266,122,-250
5,-20,5943,-268,5943,-250
5,-20,767,331,767,350
5,-20,6715,-454,6715,-450
5,-15,3915,358,3915,350
5,-15,5801,113,5801,100
5,-15,3202,680,3202,700
5,-15,1446,-538,1446,-550
5,-15,2522,-992,2522,-1000
5,-15,8711,-839,8711,-850
5,-15,2959,761,2959,750
5,-15,9640,-68,9640,-50
5,-15,3486,807,3486,800
5,-15,2455,-437,2455,-450
5,-15,4225,-314,4225,-300
5,-15,6251,-569,6251,-550
5,-15,560,288,560,300
5,-15,3331,-816,3331,-800
5,-15,2149,604,2149,600
5,-15,1688,-597,1688,-600
5,-15,6236,842,6236,850
5,-15,6544,-109,6544,-100
5,-15,416,177,416,200
5,-15,8352,-735,8352,-750
5,-10,5071,189,5071,200
5,-10,4604,899,4604,900
5,-10,489,173,489,150
5,-10,4955,850,4955,850
5,-10,3203,-859,3203,-850
5,-10,7478,390,7478,400
5,-10,3968,-914,3968,-900
5,-10,3364,58,3364,50
5,-10,1737,583,1737,600
5,-10,2022,361,2022,350
5,-10,2723,-873,2723,-850
5,-10,2357,684,2357,700
5,-10,3128,316,3128,300
5,-10,2032,811,2032,800
5,-10,3730,-355,3730,-350
5,-10,2996,-157,2996,-150
5,-10,6247,-915,6247,-900
5,-10,9269,36,9269,50
5,-10,5509,911,5509,900
5,-10,8057,243,8057,250
5,-5,9045,-66,9045,-50
5,-5,5043,556,5043,550
5,-5,6552,197,6552,200
5,-5,1746,-333,1746,-350
5,-5,5708,602,5708,600
5,-5,2504,88,2504,100
5,-5,1575,341,1575,350
5,-5,8557,568,8557,550
5,-5,1945,-694,1945,-700
5,-5,5889,-628,5889,-650
5,-5,4090,-369,4090,-350
5,-5,7754,-671,7754,-650
5,-5,5715,-963,5715,-950
5,-5,8175,802,8175,800
5,-5,1647,-309,1647,-300
5,-5,7065,-690,7065,-700
5,-5,1237,-199,1237,-200
5,-5,7735,631,7735,650
5,-5,787,-320,787,-300
5,-5,4094,-408,4094,-400
5,0,543,-852,543,-850
5,0,4207,51,4207,50
5,0,5563,-380,5563,-400
5,0,1706,-702,1706,-700
5,0,9333,-388,9333,-400
5,0,6079,483,6079,500
5,0,9162,-2,9162,0
5,0,9870,526,9870,500
5,0,1005,-5,1005,0
5,0,3528,-906,3528,-900
5,0,6146,-50,6146,-50
5,0,3054,809,3054,800
5,0,2999,290,2999,300
5,0,2022,507,2022,500
5,0,3595,411,3595,400
5,0,2932,-785,2932,-800
5,0,4429,-982,4429,-1000
5,0,967,-540,967,-550
5,0,8128,480,8128,500
5,0,7869,710,7869,700
5,5,6143,337,6143,350
5,5,5528,-793,5528,-800
5,5,2014,-298,2014,-300
5,5,354,-604,354,-600
5,5,6984,935,6984,950
5,5,7430,946,7430,950
5,5,9735,594,9735,600
5,5,5020,872,5020,850
5,5,6666,657,6666,650
5,5,7964,517,7964,500
5,5,178,-319,178,-300
5,5,6589,652,6589,650
5,5,244,-945,244,-950
5,5,4385,-547,4385,-550
5,5,7174,-947,7174,-950
5,5,8360,-186,8360,-200
5,5,4028,617,4028,600
5,5,5974,867,5974,850
5,5,3806,263,3806,250
5,5,4899,357,4899,350
5,10,5158,820,5158,850
5,10,2843,-660,2843,-650
5,10,8439,-749,8439,-750
5,10,5553,-607,5553,-600
5,10,2129,-773,2129,-800
5,10,7110,-666,7110,-700
5,10,3761,836,3761,850
5,10,9476,-45,9476,-50
5,10,1147,841,1147,850
5,10,1037,-435,1037,-400
5,10,5999,-383,5999,-400
5,10,8190,8,8190,0
5,10,8136,-16,8136,0
5,10,884,781,884,800
5,10,1737,867,1737,850
5,10,1581,-998,1581,-1000
5,10,1294,-756,1294,-750
5,10,841,607,841,600
5,10,4967,355,4967,350
5,10,9720,-748,9720,-750
5,15,2809,-396,2809,-400
5,15,5852,-778,5852,-750
5,15,6402,-507,6402,-500
5,15,1830,769,1830,800
5,15,5933,261,5933,250
5,15,6429,106,6429,100
5,15,5667,-465,5667,-450
5,15,6325,565,6325,550
5,15,7690,235,7690,250
5,15,8553,140,8553,150
5,15,8328,-927,8328,-900
5,15,5581,-3,5581,0
5,15,2088,-704,2088,-700
5,15,6536,498,6536,500
5,15,6406,-849,6406,-900
5,15,2376,793,2376,800
5,15,2985,-428,2985,-450
5,15,960,-234,960,-250
5,15,7951,-194,7951,-200
5,15,3780,889,3780,900
5,20,9766,-44,9766,-50
5,20,5199,-880,5199,-900
5,20,7371,-607,7371,-600
5,20,1453,-949,1453,-1000
5,20,5179,-996,5179,-1000
5,20,8459,-723,8459,-750
5,20,6281,706,6281,700
5,20,8123,-71,8123,0
5,20,5327,-272,5327,-250
5,20,6614,881,6614,900
5,20,3070,-413,3070,-400
5,20,3787,613,3787,650
5,20,7314,68,7314,100
5,20,5257,249,5257,300
5,20,2802,-948,2802,-950
5,20,8966,-387,8966,-350
5,20,2738,929,2738,950
5,20,6983,-984,6983,-950
5,20,6173,-417,6173,-400
5,20,7822,-853,7822,-850
5,25,2094,-795,2094,-750
5,25,3858,899,3858,1000
5,25,652,-301,652,-250
5,25,1088,-232,1088,-250
5,25,3948,393,3948,400
5,25,7969,-977,7969,-1000
5,25,4025,-567,4025,-600
5,25,9052,-297,9052,-300
5,25,6644,433,6644,400
5,25,4539,-372,4539,-400
5,25,5751,7,5751,0
5,25,1593,-500,1593,-550
5,25,8033,945,8033,1000
5,25,4363,-243,4363,-200
5,25,7571,806,7571,800
5,25,4888,-343,4888,-350
5,25,257,-612,257,-550
5,25,1239,982,1239,950
5,25,5906,-786,5906,-750
5,25,3904,-290,3904,-200
5,30,9565,-840,9565,-800
5,30,2914,-880,2914,-950
5,30,7182,290,7182,300
5,30,6508,793,6508,700
5,30,8415,-239,8415,-250
5,30,9463,-767,9463,-650
5,30,87,-961,87,-1050
5,30,6645,-940,6645,-850
5,30,4744,-296,4743,-350
5,30,5980,598,5980,600
5,30,8567,-82,6306,750
5,30,1406,501,1406,500
5,30,8607,-987,8605,-700
5,30,3627,619,3627,650
5,30,6422,321,6421,450
5,30,2747,454,2747,600
5,30,8441,-576,8441,-550
5,30,9853,-81,9853,-150
5,30,814,-743,814,-850
5,30,8130,-937,8130,-900
5,35,2162,-257,6306,750
5,35,3629,-83,6306,800
5,35,5845,-931,6306,800
5,35,7778,-236,6306,800
5,35,6643,-122,6306,800
5,35,6909,132,6306,800
5,35,6250,842,6306,800
5,35,9928,-75,6306,800
5,35,2273,-637,6306,800
5,35,7782,414,6306,800
5,35,7324,419,6306,800
5,35,4082,436,6306,800
5,35,8602,-787,6306,800
5,35,694,435,6306,800
5,35,6332,420,6306,800
5,35,3704,381,6306,800
5,35,8491,240,6306,800
5,35,4806,840,6306,800
5,35,3290,930,6306,800
5,35,1600,-525,6306,800
5,40,9862,818,6306,800
5,40,1049,574,6306,800
5,40,4064,455,6306,800
5,40,6001,-861,6306,800
5,40,1705,-942,6306,800
5,40,3391,194,6306,800
5,40,3150,401,6306,800
5,40,5481,159,6306,800
5,40,695,-844,6306,800
5,40,1728,17,6306,800
5,40,4536,-54,6306,800
5,40,470,683,6306,800
5,40,9081,-407,6306,800
5,40,3967,841,6306,800
5,40,3597,399,6306,800
5,40,8628,-168,6306,800
5,40,1404,-82,6306,800
5,40,1433,-827,6306,800
5,40,1221,-298,6306,800
5,40,585,-374,6306,800
5,45,8436,838,6306,800
5,45,2404,-264,6306,800
5,45,9048,578,6306,800
5,45,4285,-796,6306,800
5,45,3059,795,6306,800
5,45,35,-168,6306,800
5,45,1216,-42,6306,800
5,45,6084,-243,6306,800
5,45,8781,-490,6306,800
5,45,2971,470,6306,800
5,45,8477,-437,6306,800
5,45,3982,297,6306,800
5,45,3202,230,6306,800
5,45,4366,-460,6306,800
5,45,465,979,6306,800
5,45,1054,-252,6306,800
5,45,9363,-386,6306,800
5,45,1807,-485,6306,800
5,45,8609,-317,6306,800
5,45,3530,-577,6306,800
5,50,9608,117,6306,800
5,50,1163,-529,6306,800
5,50,9150,-920,6306,800
5,50,7333,971,6306,800
5,50,2419,-440,6306,800
5,50,9524,-194,6306,800
5,50,7196,-454,6306,800
5,50,8545,673,6306,800
5,50,685,451,6306,800
5,50,3302,430,6306,800
5,50,4367,-254,6306,800
5,50,1607,-222,6306,800
5,50,5245,797,6306,800
5,50,8447,-503,6306,800
5,50,8379,-477,6306,800
5,50,3819,787,6306,800
5,50,998,-192,6306,800
5,50,5307,-566,6306,800
5,50,618,-624,6306,800
5,50,4170,724,6306,800
10,-100,6257,-264,6257,-250
10,-100,4762,-254,4762,-250
10,-100,2526,360,2526,350
10,-100,6393,972,6393,950
10,-100,8358,-522,8358,-500
10,-100,6211,646,6211,650
10,-100,7318,-834,7318,-850
10,-100,1198,150,1198,150
10,-100,4385,875,4385,850
10,-100,9178,63,9178,50
10,-100,5004,546,5004,550
10,-100,2723,-633,2723,-650
10,-100,3969,-498,3969,-500
10,-100,9527,-454,9527,-450
10,-100,5960,-458,5960,-450
10,-100,2799,-857,2799,-850
10,-100,9931,-162,9931,-150
10,-100,2786,549,2786,550
10,-100,8842,-973,8842,-950
10,-100,5679,-831,5679,-850
10,-95,7693,-146,7693,-150
10,-95,1610,-840,1610,-850
10,-95,9828,-750,9828,-750
10,-95,6041,-670,6041,-650
10,-95,412,-698,412,-700
10,-95,6066,359,6066,350
10,-95,9826,-587,9826,-600
10,-95,3614,-306,3614,-300
10,-95,937,-763,937,-750
10,-95,9098,753,9098,750
10,-95,4447,90,4447,100
10,-95,683,122,683,100
10,-95,7941,670,7941,650
10,-95,2764,604,2764,600
10,-95,4983,232,4983,250
10,-95,1576,787,1576,800
10,-95,2526,-298,2526,-300
10,-95,3967,-401,3967,-400
10,-95,2338,138,2338,150
10,-95,7040,-716,7040,-700
10,-90,126,-2,126,0
10,-90,319,908,319,900
10,-90,959,-969,959,-950
10,-90,9873,-414,9873,-400
10,-90,4638,485,4638,500
10,-90,3766,35,3766,50
10,-90,5077,-142,5077,-150
10,-90,6673,249,6673,250
10,-90,5509,435,5509,450
10,-90,6685,-827,6685,-850
10,-90,1063,385,1063,400
10,-90,8887,901,8887,900
10,-90,9797,284,9797,300
10,-90,6392,-174,6392,-150
10,-90,6775,-465,6775,-450
10,-90,1042,140,1042,150
10,-90,3734,910,3734,900
10,-90,3740,-840,3740,-850
10,-90,7976,-560,7976,-550
10,-90,4420,456,4420,450
10,-85,7156,497,7156,500
10,-85,6815,-883,6815,-900
10,-85,9768,783,9768,800
10,-85,3975,-207,3975,-200
10,-85,7224,62,7224,50
10,-85,6322,-186,6322,-200
10,-85,2531,-151,2531,-150
10,-85,3326,-105,3326,-100
10,-85,3277,71,3277,50
10,-85,8383,961,8383,950
10,-85,2592,811,2592,800
10,-85,6019,-636,6019,-650
10,-85,7267,-213,7267,-200
10,-85,9143,-24,9143,0
10,-85,4255,518,4255,500
10,-85,3691,-393,3691,-400
10,-85,3508,229,3508,250
10,-85,2606,493,2606,500
10,-85,3732,549,3732,550
10,-85,7683,213,7683,200
10,-80,5683,826,5683,850
10,-80,450,-655,450,-650
10,-80,1327,546,1327,550
10,-80,9169,-986,9169,-1000
10,-80,1533,-159,1533,-150
10,-80,5124,471,5124,450
10,-80,9566,-708,9566,-700
10,-80,1168,-362,1168,-350
10,-80,9948,-540,9948,-550
10,-80,8637,-865,8637,-850
10,-80,3413,223,3413,200
10,-80,8553,975,8553,950
10,-80,5912,-707,5912,-700
10,-80,1105,-279,1105,-300
10,-80,7698,-467,7698,-450
10,-80,3189,-60,3189,-50
10,-80,5555,859,5555,850
10,-80,8542,191,8542,200
10,-80,3536,171,3536,150
10,-80,5322,-160,5322,-150
10,-75,3519,-629,3519,-650
10,-75,125,201,125,200
10,-75,7859,-398,7859,-400
10,-75,9054,-218,9054,-200
10,-75,7059,372,7059,350
10,-75,8468,888,8468,900
10,-75,2898,-937,2898,-950
10,-75,9999,-582,9999,-600
10,-75,2472,56,2472,50
10,-75,3541,-371,3541,-350
10,-75,6354,950,6354,950
10,-75,731,913,731,900
10,-75,2676,674,2676,650
10,-75,8354,-745,8354,-750
10,-75,1337,253,1337,250
10,-75,333,390,333,400
10,-75,1619,21,1619,0
10,-75,5803,-790,5803,-800
10,-75,1831,298,1831,300
10,-75,9901,-334,9901,-350
10,-70,6545,911,6545,900
10,-70,2484,695,2484,700
10,-70,4097,-914,4097,-900
10,-70,3936,412,3936,400
10,-70,2330,118,2330,100
10,-70,9780,-292,9780,-300
10,-70,4445,-107,4445,-100
10,-70,1180,384,1180,400
10,-70,1377,40,1377,50
10,-70,1778,-918,1778,-900
10,-70,3470,-234,3470,-250
10,-70,2193,348,2193,350
10,-70,6733,-760,6733,-750
10,-70,4656,238,4656,250
10,-70,9313,628,9313,650
10,-70,5860,-594,5860,-600
10,-70,6673,390,6673,400
10,-70,9903,-320,9903,-300
10,-70,4632,155,4632,150
10,-70,5289,-38,5289,-50
10,-65,4704,212,4704,200
10,-65,8722,-407,8722,-400
10,-65,5828,-924,5828,-900
10,-65,2681,408,2681,400
10,-65,9899,-358,9899,-350
10,-65,3522,872,3522,850
10,-65,9694,59,9694,50
10,-65,5295,380,5295,400
10,-65,5039,-670,5039,-650
10,-65,7914,-931,7914,-950
10,-65,2010,-877,2010,-900
10,-65,5344,63,5344,50
10,-65,5575,-154,5575,-150
10,-65,8463,573,8463,550
10,-65,8162,-510,8162,-500
10,-65,4657,993,4657,1000
10,-65,5853,293,5853,300
10,-65,5241,884,5241,900
10,-65,9121,-416,9121,-400
10,-65,8419,382,8419,400
10,-60,6290,-793,6290,-800
10,-60,5948,40,5948,50
10,-60,633,19,633,0
10,-60,727,872,727,850
10,-60,5733,379,5733,400
10,-60,7433,-984,7433,-1000
10,-60,9387,-487,9387,-500
10,-60,9627,-266,9627,-250
10,-60,4412,928,4412,950
10,-60,5753,-2,5753,0
10,-60,437,-643,437,-650
10,-60,8628,-146,8628,-150
10,-60,8428,-813,8428,-800
10,-60,6749,682,6749,700
10,-60,7937,-384,7937,-400
10,-60,3312,-425,3312,-450
10,-60,2570,-545,2570,-550
10,-60,7529,669,7529,650
10,-60,2041,-731,2041,-750
10,-60,207,-578,207,-600
10,-55,3554,-123,3554,-100
10,-55,6124,-836,6124,-850
10,-55,1507,-70,1507,-50
10,-55,9607,-242,9607,-250
10,-55,5346,270,5346,250
10,-55,6723,114,6723,100
10,-55,7979,348,7979,350
10,-55,2021,308,2021,300
10,-55,573,912,573,900
10,-55,4804,-680,4804,-700
10,-55,8973,-638,8973,-650
10,-55,2899,-527,2899,-550
10,-55,8487,790,8487,800
10,-55,719,21,719,0
10,-55,789,-903,789,-900
10,-55,9994,-552,9994,-550
10,-55,5543,362,5543,350
10,-55,4012,-122,4012,-100
10,-55,4394,-472,4394,-450
10,-55,730,338,730,350
10,-50,8316,-896,8316,-900
10,-50,7441,-907,7441,-900
10,-50,9186,-539,9186,-550
10,-50,6503,574,6503,550
10,-50,876,-739,876,-750
10,-50,4040,-460,4040,-450
10,-50,1737,789,1737,800
10,-50,5642,-442,5642,-450
10,-50,8772,-72,8772,-50
10,-50,1062,182,1062,200
10,-50,8231,-755,8231,-750
10,-50,424,-969,424,-950
10,-50,8262,-982,8262,-1000
10,-50,3761,-850,3761,-850
10,-50,9914,-161,9914,-150
10,-50,6487,995,6487,1000
10,-50,5817,-306,5817,-300
10,-50,3604,558,3604,550
10,-50,3880,52,3880,50
10,-50,9878,-774,9878,-750
10,-45,915,178,915,200
10,-45,5156,481,5156,500
10,-45,3470,645,3470,650
10,-45,7959,274,7959,300
10,-45,636,84,636,100
10,-45,9137,60,9137,50
10,-45,3456,-300,3456,-300
10,-45,5596,586,5596,600
10,-45,1725,429,1725,450
10,-45,738,-463,738,-450
10,-45,4521,364,4521,350
10,-45,2017,143,2017,150
10,-45,4304,-767,4304,-750
10,-45,6672,195,6672,200
10,-45,9902,-479,9902,-500
10,-45,8535,-924,8535,-900
10,-45,505,-495,505,-500
10,-45,8903,910,8903,900
10,-45,1976,-823,1976,-800
10,-45,9533,-661,9533,-650
10,-40,9787,71,9787,50
10,-40,4704,62,4704,50
10,-40,7797,-988,7797,-1000
10,-40,8112,999,8112,1000
10,-40,384,71,384,50
10,-40,5853,-120,5853,-100
10,-40,1990,-757,1990,-750
10,-40,9508,645,9508,650
10,-40,3564,-943,3564,-950
10,-40,4699,545,4699,550
10,-40,7374,318,7374,300
10,-40,6053,-316,6053,-300
10,-40,6511,-870,6511,-850
10,-40,2336,-716,2336,-700
10,-40,7853,601,7853,600
10,-40,6,-525,6,-550
10,-40,3112,183,3112,200
10,-40,6,-314,6,-300
10,-40,8230,-741,8230,-750
10,-40,7102,-958,7102,-950
10,-35,7853,-282,7853,-300
10,-35,9049,-311,9049,-300
10,-35,3042,-796,3042,-800
10,-35,8684,-976,8684,-950
10,-35,8796,-645,8796,-650
10,-35,9108,-922,9108,-900
10,-35,701,-421,701,-400
10,-35,505,980,505,1000
10,-35,9932,-267,9932,-250
10,-35,7263,-696,7263,-700
10,-35,4132,-455,4132,-450
10,-35,1271,-602,1271,-600
10,-35,8463,311,8463,300
10,-35,1810,204,1810,200
10,-35,3478,573,3478,550
10,-35,2076,-687,2076,-700
10,-35,2964,209,2964,200
10,-35,4081,626,4081,650
10,-35,6489,-28,6489,-50
10,-35,5462,-377,5462,-400
10,-30,3408,-686,3408,-700
10,-30,2528,850,2528,850
10,-30,9902,-322,9902,-300
10,-30,3526,362,3526,350
10,-30,432,328,432,350
10,-30,2486,-374,2486,-350
10,-30,4082,999,4082,1000
10,-30,4560,353,4560,350
10,-30,6572,223,6572,200
10,-30,8321,-844,8321,-850
10,-30,9509,927,9509,950
10,-30,5777,685,5777,700
10,-30,4365,-488,4365,-500
10,-30,3034,-774,3034,-800
10,-30,2216,625,2216,650
10,-30,1450,-568,1450,-550
10,-30,2590,-547,2590,-550
10,-30,610,232,610,250
10,-30,9179,532,9179,550
10,-30,7264,315,7264,300
10,-25,1262,4,1262,0
10,-25,1604,-814,1604,-800
10,-25,4645,980,4645,1000
10,-25,6699,-821,6699,-800
10,-25,9962,173,9962,150
10,-25,8378,-453,8378,-450
10,-25,9715,649,9715,650
10,-25,2305,801,2305,800
10,-25,1800,518,1800,500
10,-25,478,-405,478,-400
10,-25,7598,-827,7598,-850
10,-25,801,-674,801,-650
10,-25,3896,-814,3896,-800
10,-25,4016,-716,4016,-700
10,-25,7404,-90,7404,-100
10,-25,2157,741,2157,750
10,-25,299,366,299,350
10,-25,4411,922,4411,900
10,-25,2482,471,2482,450
10,-25,6394,-870,6394,-850
10,-20,6002,414,6002,400
10,-20,1699,-272,1699,-250
10,-20,536,-635,536,-650
10,-20,4641,614,4641,600
10,-20,6733,867,6733,850
10,-20,4769,593,4769,600
10,-20,9210,275,9210,300
10,-20,5826,-175,5826,-200
10,-20,3906,-228,3906,-250
10,-20,722,482,722,500
10,-20,5843,-875,5843,-900
10,-20,6594,-795,6594,-800
10,-20,6620,185,6620,200
10,-20,108,-84,108,-100
10,-20,7234,894,7234,900
10,-20,5514,734,5514,750
10,-20,4964,153,4964,150
10,-20,9242,108,9242,100
10,-20,4676,-328,4676,-350
10,-20,218,920,218,900
10,-15,3972,-809,3972,-800
10,-15,5460,-374,5460,-350
10,-15,514,460,514,450
10,-15,4673,565,4673,550
10,-15,1730,659,1730,650
10,-15,457,953,457,950
10,-15,668,-204,668,-200
10,-15,5872,499,5872,500
10,-15,5661,270,5661,250
10,-15,176,264,176,250
10,-15,9550,144,9550,150
10,-15,8185,-712,8185,-700
10,-15,6870,-45,6870,-50
10,-15,1852,-746,1852,-750
10,-15,2648,252,2648,250
10,-15,452,-993,452,-1000
10,-15,9073,497,9073,500
10,-15,4858,30,4858,50
10,-15,7740,-390,7740,-400
10,-15,7684,427,7684,450
10,-10,4066,244,4066,250
10,-10,507,669,507,650
10,-10,4092,392,4092,400
10,-10,5743,592,5743,600
10,-10,2001,392,2001,400
10,-10,2300,-968,2300,-950
10,-10,4082,-914,4082,-900
10,-10,4437,-558,4437,-550
10,-10,3268,-748,3268,-750
10,-10,1096,988,1096,1000
10,-10,1927,133,1927,150
10,-10,9175,-150,9175,-150
10,-10,187,-806,187,-800
10,-10,2251,592,2251,600
10,-10,5915,-113,5915,-100
10,-10,2809,-430,2809,-450
10,-10,3463,767,3463,750
10,-10,1494,445,1494,450
10,-10,1603,-569,1603,-550
10,-10,6894,-380,6894,-400
10,-5,1305,-142,1305,-150
10,-5,6001,-726,6001,-750
10,-5,3695,902,3695,900
10,-5,5077,-887,5077,-900
10,-5,7382,-536,7382,-550
10,-5,7677,971,7677,950
10,-5,3393,377,3393,400
10,-5,5611,598,5611,600
10,-5,4198,188,4198,200
10,-5,1742,477,1742,500
10,-5,8254,-433,8254,-450
10,-5,4251,787,4251,800
10,-5,4624,-481,4624,-500
10,-5,3695,-261,3695,-250
10,-5,549,-939,549,-950
10,-5,5055,742,5055,750
10,-5,3843,509,3843,500
10,-5,2778,-291,2778,-300
10,-5,1986,619,1986,600
10,-5,2965,-77,2965,-100
10,0,9108,-263,9108,-250
10,0,9712,458,9712,450
10,0,1854,944,1854,950
10,0,2113,-512,2113,-500
10,0,4670,-519,4670,-500
10,0,3014,-699,3014,-700
10,0,2571,-543,2571,-550
10,0,7287,656,7287,650
10,0,7220,637,7220,650
10,0,1626,604,1626,600
10,0,2692,-997,2692,-1000
10,0,9796,115,9796,100
10,0,3366,605,3366,600
10,0,8943,-896,8943,-900
10,0,2112,-991,2112,-1000
10,0,7999,-178,7999,-200
10,0,4103,-873,4103,-850
10,0,7811,749,7811,750
10,0,5014,915,5014,900
10,0,4889,552,4889,550
10,5,8678,333,8678,350
10,5,9913,426,9913,450
10,5,5412,582,5412,600
10,5,7981,68,7981,50
10,5,2858,-564,2858,-550
10,5,6306,-556,6306,-550
10,5,233,393,233,400
10,5,8280,155,8280,150
10,5,2947,298,2947,300
10,5,750,-546,750,-550
10,5,1199,432,1199,450
10,5,6947,702,6947,700
10,5,8609,-772,8609,-750
10,5,8292,355,8292,350
10,5,9421,-147,9421,-150
10,5,5779,722,5779,700
10,5,7663,461,7663,450
10,5,506,-371,506,-350
10,5,1183,-303,1183,-300
10,5,641,178,641,200
10,10,7933,-184,7933,-200
10,10,2970,662,2970,650
10,10,5573,-614,5573,-600
10,10,3182,-722,3182,-750
10,10,8588,525,8588,500
10,10,8538,-611,8538,-600
10,10,9134,615,9134,600
10,10,5349,-88,5349,-100
10,10,2143,-308,2143,-300
10,10,3815,426,3815,450
10,10,1630,60,1630,50
10,10,9284,227,9284,250
10,10,1754,-349,1754,-350
10,10,8545,623,8545,600
10,10,4901,109,4901,100
10,10,5017,-178,5017,-150
10,10,8004,846,8004,850
10,10,8522,67,8522,50
10,10,7098,-738,7098,-750
10,10,7740,-719,7740,-700
10,15,1274,373,1274,350
10,15,3788,-94,3788,-100
10,15,3062,-894,3062,-900
10,15,9093,979,9093,1000
10,15,1137,88,1137,100
10,15,7190,-906,7190,-900
10,15,9228,710,9228,700
10,15,5699,-21,5699,0
10,15,4621,-368,4621,-350
10,15,3517,800,3517,800
10,15,4538,65,4538,50
10,15,2764,638,2764,600
10,15,2749,-458,2749,-500
10,15,1263,530,1263,550
10,15,2419,32,2419,50
10,15,9892,-553,9892,-550
10,15,5773,-841,5773,-850
10,15,8824,824,8824,850
10,15,3729,-862,3729,-850
10,15,1251,570,1251,550
10,20,986,129,986,150
10,20,6574,-300,6574,-250
10,20,8940,-248,8940,-250
10,20,1987,300,1987,300
10,20,7422,-306,7422,-350
10,20,7535,-89,7535,-150
10,20,7638,892,7638,900
10,20,8444,-533,8444,-550
10,20,4505,683,4505,650
10,20,9180,-939,9180,-900
10,20,4323,-664,4323,-650
10,20,9417,-120,9417,-150
10,20,9404,211,9404,200
10,20,1490,319,1490,350
10,20,4916,117,4916,100
10,20,6492,-540,6492,-500
10,20,2198,508,2198,500
10,20,13,-345,13,-350
10,20,975,799,975,850
10,20,3308,-61,3308,-100
10,25,9106,502,9106,450
10,25,9698,778,9698,750
10,25,7455,-271,7455,-250
10,25,221,-795,221,-800
10,25,2785,874,2785,950
10,25,4062,12,4062,50
10,25,2858,761,2858,800
10,25,3513,430,3513,500
10,25,9222,673,9222,700
10,25,2546,32,2546,0
10,25,359,-648,359,-650
10,25,7516,320,7516,350
10,25,815,830,815,800
10,25,3078,528,3078,500
10,25,8731,-814,8731,-800
10,25,5892,-950,5892,-1000
10,25,5795,265,5795,200
10,25,7076,135,7076,200
10,25,2449,-574,2449,-650
10,25,2296,-905,2296,-950
10,30,3607,-723,3607,-700
10,30,7277,657,7277,700
10,30,7400,719,6306,800
10,30,5687,-559,6306,800
10,30,1312,777,1312,550
10,30,716,301,716,200
10,30,5857,60,5857,50
10,30,5524,265,5524,100
10,30,9432,-896,9432,-950
10,30,9419,600,9419,550
10,30,3812,-519,3812,-450
10,30,1543,-117,1543,-250
10,30,4973,-473,4972,-500
10,30,3317,220,3317,300
10,30,9753,-130,9753,-100
10,30,4020,-708,4020,-700
10,30,5318,-860,5318,-800
10,30,2743,533,2743,450
10,30,1230,-943,1230,-900
10,30,7709,1,7709,-150
10,35,7424,729,6306,800
10,35,6878,-803,6306,800
10,35,7497,488,6306,800
10,35,5081,843,6306,800
10,35,6606,-217,6306,800
10,35,3059,-163,6306,800
10,35,2655,381,6306,800
10,35,8282,-155,6306,800
10,35,1269,701,6306,800
10,35,8120,309,6306,800
10,35,1662,-81,1661,-150
10,35,8706,-71,6306,800
10,35,6343,668,6306,800
10,35,3773,-742,6306,800
10,35,3340,-949,6306,800
10,35,6337,928,6306,800
10,35,1014,-548,6306,800
10,35,6505,-560,6306,800
10,35,4767,-989,6306,800
10,35,1544,853,6306,800
10,40,3649,-615,6306,800
10,40,3950,464,6306,800
10,40,9749,173,6306,800
10,40,8070,738,6306,800
10,40,5035,119,6306,800
10,40,5712,-211,6306,800
10,40,7049,-826,6306,800
10,40,7787,-673,6306,800
10,40,7484,-762,6306,800
10,40,9470,-943,6306,800
10,40,8355,-194,6306,800
10,40,6433,-275,6306,800
10,40,5271,-444,6306,800
10,40,6417,975,6306,800
10,40,6509,698,6306,800
10,40,3645,-57,6306,800
10,40,5286,-103,6306,800
10,40,6393,-966,6306,800
10,40,5195,526,6306,800
10,40,5900,569,6306,800
10,45,7823,-47,6306,800
10,45,284,846,6306,800
10,45,6338,-184,6306,800
10,45,9622,-976,6306,800
10,45,8439,346,6306,800
10,45,7686,-375,6306,800
10,45,6023,243,6306,800
10,45,6303,-246,6306,750
10,45,6817,884,6306,800
10,45,9299,73,6306,800
10,45,8616,610,6306,800
10,45,322,62,6306,800
10,45,830,847,6306,800
10,45,2871,-344,6306,800
10,45,989,901,6306,800
10,45,831,671,6306,800
10,45,3836,326,6306,800
10,45,6812,-722,6306,800
10,45,1901,-84,6306,800
10,45,656,-307,6306,800
10,50,8301,927,6306,800
10,50,6932,174,6306,800
10,50,7930,707,6306,800
10,50,2684,13,6306,800
10,50,8245,273,6306,800
10,50,9432,-230,6306,800
10,50,2602,-677,6306,800
10,50,8529,510,6306,800
10,50,6993,-816,6306,800
10,50,6345,-254,6306,800
10,50,5617,876,6306,800
10,50,7638,611,6306,800
10,50,1246,-139,6306,800
10,50,5063,-359,6306,800
10,50,1562,-113,6306,800
10,50,7907,308,6306,800
10,50,1709,-456,6306,800
10,50,5561,-875,6306,800
10,50,6350,606,6306,800
10,50,7026,260,6306,800
15,-100,6159,87,6159,100
15,-100,450,-175,450,-150
15,-100,3717,-330,3717,-350
15,-100,3953,-497,3953,-500
15,-100,4614,778,4614,800
15,-100,8323,86,8323,100
15,-100,1892,613,1892,600
15,-100,248,-47,248,-50
15,-100,7982,-982,7982,-1000
15,-100,1163,761,1163,750
15,-100,9740,-423,9740,-400
15,-100,2388,88,2388,100
15,-100,9902,571,9902,550
15,-100,9390,368,9390,350
15,-100,4539,-857,4539,-850
15,-100,3772,-26,3772,-50
15,-100,5344,97,5344,100
15,-100,6466,-169,6466,-150
15,-100,8319,-701,8319,-700
15,-100,933,190,933,200
15,-95,1174,-600,1174,-600
15,-95,5696,-908,5696,-900
15,-95,8700,-804,8700,-800
15,-95,8587,-793,8587,-800
15,-95,4304,873,4304,850
15,-95,8039,761,8039,750
15,-95,7406,-655,7406,-650
15,-95,8161,-131,8161,-150
15,-95,3964,-336,3964,-350
15,-95,8507,-624,8507,-600
15,-95,8271,-258,8271,-250
15,-95,3262,806,3262,800
15,-95,5198,-233,5198,-250
15,-95,985,527,985,550
15,-95,2818,880,2818,900
15,-95,6502,-879,6502,-900
15,-95,1099,185,1099,200
15,-95,5649,592,5649,600
15,-95,5333,-152,5333,-150
15,-95,4288,-5,4288,0
15,-90,2240,-860,2240,-850
15,-90,47,286,47,300
15,-90,1207,893,1207,900
15,-90,8915,-259,8915,-250
15,-90,5492,53,5492,50
15,-90,4875,807,4875,800
15,-90,9160,-367,9160,-350
15,-90,8287,-106,8287,-100
15,-90,2456,-580,2456,-600
15,-90,6041,-244,6041,-250
15,-90,5430,-732,5430,-750
15,-90,9616,-764,9616,-750
15,-90,6284,413,6284,400
15,-90,228,-589,228,-600
15,-90,4776,-990,4776,-1000
15,-90,2761,-377,2761,-400
15,-90,9494,-313,9494,-300
15,-90,8647,627,8647,650
15,-90,2106,268,2106,250
15,-90,649,132,649,150
15,-85,9294,174,9294,150
15,-85,5508,-948,5508,-950
15,-85,5381,968,5381,950
15,-85,7032,-985,7032,-1000
15,-85,9865,334,9865,350
15,-85,6568,35,6568,50
15,-85,4435,-452,4435,-450
15,-85,3391,-777,3391,-800
15,-85,6633,228,6633,250
15,-85,5199,-607,5199,-600
15,-85,141,515,141,500
15,-85,5965,-294,5965,-300
15,-85,2354,-141,2354,-150
15,-85,2348,171,2348,150
15,-85,7716,626,7716,650
15,-85,8749,761,8749,750
15,-85,2116,-125,2116,-100
15,-85,3591,-548,3591,-550
15,-85,4981,665,4981,650
15,-85,8950,708,8950,700
15,-80,3839,-502,3839,-500
15,-80,8298,656,8298,650
15,-80,8393,-309,8393,-300
15,-80,7389,857,7389,850
15,-80,7927,469,7927,450
15,-80,3425,89,3425,100
15,-80,58,-377,58,-400
15,-80,1921,229,1921,250
15,-80,2492,366,2492,350
15,-80,4323,595,4323,600
15,-80,7727,842,7727,850
15,-80,9996,728,9996,750
15,-80,5583,-647,5583,-650
15,-80,4181,-496,4181,-500
15,-80,1756,568,1756,550
15,-80,541,82,541,100
15,-80,445,-162,445,-150
15,-80,8314,-306,8314,-300
15,-80,9666,329,9666,350
15,-80,9014,723,9014,700
15,-75,8193,154,8193,150
15,-75,2802,797,2802,800
15,-75,369,-994,369,-1000
15,-75,5865,-884,5865,-900
15,-75,2113,-641,2113,-650
15,-75,668,-475,668,-500
15,-75,4326,904,4326,900
15,-75,8547,546,8547,550
15,-75,6491,-417,6491,-400
15,-75,8711,816,8711,800
15,-75,6299,445,6299,450
15,-75,8501,939,8501,950
15,-75,4561,-331,4561,-350
15,-75,8882,274,8882,250
15,-75,2782,878,2782,900
15,-75,7901,-581,7901,-600
15,-75,3852,916,3852,900
15,-75,5160,-384,5160,-400
15,-75,2035,715,2035,700
15,-75,727,216,727,200
15,-70,9779,961,9779,950
15,-70,7566,-328,7566,-350
15,-70,7036,686,7036,700
15,-70,5667,498,5667,500
15,-70,8651,-307,8651,-300
15,-70,6106,210,6106,200
15,-70,1491,-651,1491,-650
15,-70,3876,-820,3876,-800
15,-70,6306,495,6306,500
15,-70,3370,-592,3370,-600
15,-70,6727,308,6727,300
15,-70,7680,-293,7680,-300
15,-70,2370,855,2370,850
15,-70,6645,-97,6645,-100
15,-70,6140,-510,6140,-500
15,-70,5698,-700,5698,-700
15,-70,6751,-104,6751,-100
15,-70,9857,381,9857,400
15,-70,912,-322,912,-300
15,-70,6516,79,6516,100
15,-65,2732,-160,2732,-150
15,-65,223,802,223,800
15,-65,6931,837,6931,850
15,-65,410,-332,410,-350
15,-65,2149,457,2149,450
15,-65,2619,-936,2619,-950
15,-65,3602,541,3602,550
15,-65,7174,-377,7174,-400
15,-65,8791,336,8791,350
15,-65,5369,-114,5369,-100
15,-65,3103,-402,3103,-400
15,-65,5503,-836,5503,-850
15,-65,1780,-988,1780,-1000
15,-65,617,988,617,1000
15,-65,8128,-295,8128,-300
15,-65,3665,-574,3665,-550
15,-65,2403,799,2403,800
15,-65,7473,62,7473,50
15,-65,3442,665,3442,650
15,-65,7332,437,7332,450
15,-60,6091,291,6091,300
15,-60,7343,-530,7343,-550
15,-60,5824,829,5824,850
15,-60,8796,11,8796,0
15,-60,67,185,67,200
15,-60,5174,93,5174,100
15,-60,7193,777,7193,800
15,-60,4133,-491,4133,-500
15,-60,5955,159,5955,150
15,-60,7070,-995,7070,-1000
15,-60,1960,-443,1960,-450
15,-60,5581,-623,5581,-600
15,-60,9245,-364,9245,-350
15,-60,2342,-548,2342,-550
15,-60,8224,542,8224,550
15,-60,3730,36,3730,50
15,-60,5405,661,5405,650
15,-60,9483,216,9483,200
15,-60,2977,-624,2977,-600
15,-60,8678,-448,8678,-450
15,-55,3385,948,3385,950
15,-55,8658,-434,8658,-450
15,-55,2629,-94,2629,-100
15,-55,3921,54,3921,50
15,-55,667,109,667,100
15,-55,9514,844,9514,850
15,-55,7251,683,7251,700
15,-55,1445,-128,1445,-150
15,-55,6588,-549,6588,-550
15,-55,5036,382,5036,400
15,-55,5868,837,5868,850
15,-55,3248,231,3248,250
15,-55,957,932,957,950
15,-55,7237,-237,7237,-250
15,-55,8468,-462,8468,-450
15,-55,8587,-508,8587,-500
15,-55,5503,-126,5503,-150
15,-55,4002,960,4002,950
15,-55,7175,-563,7175,-550
15,-55,1933,89,1933,100
15,-50,7129,1000,7129,1000
15,-50,8174,-844,8174,-850
15,-50,2844,547,2844,550
15,-50,7407,-494,7407,-500
15,-50,33,-321,33,-300
15,-50,5350,697,5350,700
15,-50,1687,-568,1687,-550
15,-50,1940,297,1940,300
15,-50,2076,-356,2076,-350
15,-50,1963,828,1963,850
15,-50,6898,828,6898,850
15,-50,6469,-501,6469,-500
15,-50,8483,-346,8483,-350
15,-50,4785,-779,4785,-800
15,-50,9995,447,9995,450
15,-50,8735,-154,8735,-150
15,-50,6755,-938,6755,-950
15,-50,1190,478,1190,500
15,-50,9369,-719,9369,-700
15,-50,8822,-892,8822,-900
15,-45,2718,-507,2718,-500
15,-45,5883,-656,5883,-650
15,-45,7155,-817,7155,-800
15,-45,1802,-944,1802,-950
15,-45,4473,-624,4473,-600
15,-45,9900,-529,9900,-550
15,-45,5615,-516,5615,-500
15,-45,7013,-202,7013,-200
15,-45,5514,-757,5514,-750
15,-45,2004,740,2004,750
15,-45,2638,763,2638,750
15,-45,274,-555,274,-550
15,-45,705,-661,705,-650
15,-45,409,-823,409,-800
15,-45,2510,156,2510,150
15,-45,4372,-678,4372,-700
15,-45,5316,-889,5316,-900
15,-45,3773,555,3773,550
15,-45,3783,-940,3783,-950
15,-45,419,-846,419,-850
15,-40,7358,-908,7358,-900
15,-40,476,513,476,500
15,-40,9291,-88,9291,-100
15,-40,5046,-952,5046,-950
15,-40,1388,849,1388,850
15,-40,3061,902,3061,900
15,-40,2044,436,2044,450
15,-40,2996,-124,2996,-100
15,-40,2648,978,2648,1000
15,-40,3790,-851,3790,-850
15,-40,1815,-73,1815,-50
15,-40,1259,259,1259,250
15,-40,9263,-807,9263,-800
15,-40,2829,175,2829,150
15,-40,53,659,53,650
15,-40,7974,62,7974,50
15,-40,3606,23,3606,0
15,-40,5120,711,5120,700
15,-40,6194,756,6194,750
15,-40,8645,474,8645,450
15,-35,1190,-811,1190,-800
15,-35,5466,-453,5466,-450
15,-35,2483,-556,2483,-550
15,-35,2336,518,2336,500
15,-35,6530,505,6530,500
15,-35,7085,-18,7085,0
15,-35,9111,924,9111,900
15,-35,2126,357,2126,350
15,-35,70,-687,70,-700
15,-35,965,393,965,400
15,-35,6495,-275,6495,-250
15,-35,3238,462,3238,450
15,-35,5042,638,5042,650
15,-35,1538,316,1538,300
15,-35,6346,-997,6346,-1000
15,-35,3668,-592,3668,-600
15,-35,7409,679,7409,700
15,-35,2474,-210,2474,-200
15,-35,9687,968,9687,950
15,-35,5554,216,5554,200
15,-30,4189,-399,4189,-400
15,-30,523,-886,523,-900
15,-30,9924,-936,9924,-950
15,-30,6281,-275,6281,-250
15,-30,4631,-782,4631,-800
15,-30,4910,-516,4910,-500
15,-30,3365,931,3365,950
15,-30,3299,247,3299,250
15,-30,1379,-768,1379,-750
15,-30,5173,-711,5173,-700
15,-30,6139,-469,6139,-450
15,-30,107,-848,107,-850
15,-30,603,-264,603,-250
15,-30,4336,273,4336,250
15,-30,1819,-460,1819,-450
15,-30,8184,609,8184,600
15,-30,7764,-820,7764,-800
15,-30,8184,-585,8184,-600
15,-30,2810,816,2810,800
15,-30,1714,-263,1714,-250
15,-25,952,-577,952,-600
15,-25,4344,-994,4344,-1000
15,-25,7132,900,7132,900
15,-25,5519,-440,5519,-450
15,-25,7590,-924,7590,-900
15,-25,4623,-664,4623,-650
15,-25,2613,873,2613,850
15,-25,3279,-281,3279,-300
15,-25,3490,133,3490,150
15,-25,947,-518,947,-500
15,-25,2745,551,2745,550
15,-25,9486,210,9486,200
15,-25,8506,81,8506,100
15,-25,9696,256,9696,250
15,-25,9846,-916,9846,-900
15,-25,3976,-228,3976,-250
15,-25,3522,772,3522,750
15,-25,1124,554,1124,550
15,-25,580,-259,580,-250
15,-25,3793,-594,3793,-600
15,-20,3300,842,3300,850
15,-20,2745,238,2745,250
15,-20,1720,210,1720,200
15,-20,2039,241,2039,250
15,-20,1838,766,1838,750
15,-20,6244,730,6244,750
15,-20,4298,633,4298,650
15,-20,5424,-201,5424,-200
15,-20,2597,-838,2597,-850
15,-20,1545,-816,1545,-800
15,-20,6939,-523,6939,-500
15,-20,9781,-675,9781,-700
15,-20,5539,967,5539,950
15,-20,4496,402,4496,400
15,-20,9884,-464,9884,-450
15,-20,8763,13,8763,0
15,-20,3796,906,3796,900
15,-20,6014,-884,6014,-900
15,-20,7890,-748,7890,-750
15,-20,9975,-831,9975,-850
15,-15,1111,-332,1111,-350
15,-15,6628,-215,6628,-200
15,-15,2822,-15,2822,0
15,-15,7574,-937,7574,-950
15,-15,1080,915,1080,900
15,-15,6654,541,6654,550
15,-15,4106,438,4106,450
15,-15,5316,93,5316,100
15,-15,9170,696,9170,700
15,-15,9085,-325,9085,-300
15,-15,5520,-399,5520,-400
15,-15,3770,-227,3770,-250
15,-15,8397,-545,8397,-550
15,-15,181,771,181,750
15,-15,8156,-638,8156,-650
15,-15,9102,-5,9102,0
15,-15,6125,-468,6125,-450
15,-15,7871,671,7871,650
15,-15,7033,163,7033,150
15,-15,7579,-370,7579,-350
15,-10,9842,755,9842,750
15,-10,4223,-671,4223,-650
15,-10,8893,75,8893,100
15,-10,2351,-123,2351,-100
15,-10,9077,712,9077,700
15,-10,6880,147,6880,150
15,-10,5565,-949,5565,-950
15,-10,2697,-930,2697,-950
15,-10,379,-164,379,-150
15,-10,4768,486,4768,500
15,-10,6290,910,6290,900
15,-10,7785,848,7785,850
15,-10,9492,-350,9492,-350
15,-10,1783,-530,1783,-550
15,-10,2277,-509,2277,-500
15,-10,3781,-818,3781,-800
15,-10,8308,190,8308,200
15,-10,1353,-667,1353,-650
15,-10,6783,-905,6783,-900
15,-10,2818,-478,2818,-500
15,-5,1261,162,1261,150
15,-5,8774,-512,8774,-500
15,-5,9296,227,9296,250
15,-5,6583,-336,6583,-350
15,-5,9698,-572,9698,-550
15,-5,9940,704,9940,700
15,-5,2103,438,2103,450
15,-5,9122,111,9122,100
15,-5,3362,-956,3362,-950
15,-5,5484,-484,5484,-500
15,-5,1409,250,1409,250
15,-5,5294,-251,5294,-250
15,-5,7662,781,7662,800
15,-5,5316,530,5316,550
15,-5,3016,-358,3016,-350
15,-5,9576,733,9576,750
15,-5,6673,-226,6673,-250
15,-5,4894,603,4894,600
15,-5,2077,608,2077,600
15,-5,9785,397,9785,400
15,0,4804,961,4804,950
15,0,2376,-752,2376,-750
15,0,5538,-50,5538,-50
15,0,6586,-329,6586,-350
15,0,4393,-293,4393,-300
15,0,4477,-549,4477,-550
15,0,97,756,97,750
15,0,2427,-849,2427,-850
15,0,3951,-90,3951,-100
15,0,9143,265,9143,250
15,0,6271,-740,6271,-750
15,0,1199,-964,1199,-950
15,0,8577,209,8577,200
15,0,109,-228,109,-250
15,0,1996,725,1996,750
15,0,9176,-767,9176,-750
15,0,7553,-839,7553,-850
15,0,7629,-757,7629,-750
15,0,5121,925,5121,950
15,0,8210,-317,8210,-300
15,5,2792,-94,2792,-100
15,5,457,-498,457,-500
15,5,4256,-534,4256,-550
15,5,7931,-247,7931,-250
15,5,5152,433,5152,450
15,5,7584,-1,7584,0
15,5,2680,158,2680,150
15,5,2885,83,2885,100
15,5,3385,350,3385,350
15,5,3178,177,3178,150
15,5,2593,997,2593,1000
15,5,6633,996,6633,1000
15,5,2409,-368,2409,-350
15,5,7997,-442,7997,-450
15,5,1717,-858,1717,-850
15,5,4745,-595,4745,-600
15,5,896,-24,896,-50
15,5,3336,-870,3336,-850
15,5,7253,519,7253,500
15,5,1270,45,1270,50
15,10,8858,299,8858,300
15,10,1332,731,1332,750
15,10,2567,-150,2567,-150
15,10,7218,955,7218,950
15,10,7204,-536,7204,-550
15,10,5430,-734,5430,-750
15,10,3954,-273,3954,-300
15,10,9469,-52,9469,-50
15,10,4634,113,4634,100
15,10,273,-875,273,-900
15,10,6334,-982,6334,-1000
15,10,6540,-570,6540,-550
15,10,1027,-721,1027,-700
15,10,9786,-968,9786,-950
15,10,393,-371,393,-350
15,10,7736,-761,7736,-750
15,10,4014,-5,4014,0
15,10,5597,-851,5597,-850
15,10,7203,-422,7203,-450
15,10,1912,-381,1912,-400
15,15,2450,-662,2450,-700
15,15,2750,-609,2750,-600
15,15,5367,95,5367,100
15,15,8143,404,8143,450
15,15,6242,999,6242,1000
15,15,3690,-400,3690,-400
15,15,3108,-935,3108,-950
15,15,515,-598,515,-600
15,15,5387,5,5387,0
15,15,5493,841,5493,850
15,15,4649,-80,4649,-100
15,15,3452,-469,3452,-450
15,15,3425,-371,3425,-350
15,15,2205,246,2205,250
15,15,2725,-570,2725,-550
15,15,3094,254,3094,250
15,15,5815,-798,5815,-800
15,15,7670,-132,7670,-100
15,15,9947,679,9947,700
15,15,1232,-827,1232,-850
15,20,8980,-642,8980,-650
15,20,5303,-307,5303,-300
15,20,8446,-576,8446,-550
15,20,153,657,153,650
15,20,4187,-458,4187,-500
15,20,6466,-37,6466,-50
15,20,3881,-880,3881,-850
15,20,6865,116,6865,100
15,20,1391,755,1391,750
15,20,5661,-629,5661,-650
15,20,8643,-896,8643,-950
15,20,5079,-186,5079,-200
15,20,7644,-929,7644,-900
15,20,1075,919,1075,950
15,20,163,242,163,250
15,20,1371,995,1371,1000
15,20,6765,627,6765,600
15,20,5861,82,5861,50
15,20,9270,311,9270,350
15,20,1443,399,1443,350
15,25,4616,-220,4616,-250
15,25,2897,547,2897,500
15,25,317,180,317,200
15,25,1800,-525,1800,-500
15,25,3954,961,3954,1000
15,25,1567,-23,1567,-150
15,25,7800,594,7800,600
15,25,4541,-29,4541,-50
15,25,1550,519,1550,550
15,25,1323,164,1323,100
15,25,5396,-323,5396,-300
15,25,2061,-472,2061,-400
15,25,8057,-327,8057,-350
15,25,8475,973,8475,950
15,25,5566,-473,5566,-450
15,25,879,-812,879,-850
15,25,6772,-879,6772,-900
15,25,4373,585,4373,600
15,25,514,212,514,250
15,25,4363,-136,4363,-100
15,30,6260,815,6262,900
15,30,6831,542,6831,550
15,30,7331,448,7331,550
15,30,7139,-735,7139,-800
15,30,9775,-719,9773,-500
15,30,2708,663,2708,600
15,30,534,911,534,950
15,30,1214,934,1214,1050
15,30,1955,794,1955,800
15,30,272,-265,272,-350
15,30,7443,832,7443,900
15,30,3239,312,3238,150
15,30,7417,-233,7417,-150
15,30,816,393,816,300
15,30,6437,685,6437,600
15,30,4547,230,4546,200
15,30,2704,-540,6306,800
15,30,4268,741,4268,750
15,30,8172,-675,8172,-750
15,30,519,710,519,700
15,35,9587,264,6306,800
15,35,1039,951,6306,800
15,35,1033,377,1033,250
15,35,6905,723,6306,800
15,35,5953,-566,6306,800
15,35,1575,-600,6306,800
15,35,8937,402,6306,800
15,35,3613,-624,6306,800
15,35,4870,-785,6306,800
15,35,7217,-368,6306,800
15,35,3654,182,6306,800
15,35,5656,-506,6306,800
15,35,1054,-65,6306,800
15,35,8827,-546,6306,800
15,35,1321,509,6306,800
15,35,6595,-49,6306,800
15,35,926,612,6306,800
15,35,2931,-202,6306,800
15,35,7072,391,6306,800
15,35,3639,622,6306,800
15,40,4432,524,6306,800
15,40,7204,805,6306,800
15,40,9974,-435,6306,800
15,40,8851,718,6306,800
15,40,7481,354,6306,800
15,40,2067,-564,6306,800
15,40,1657,689,6306,800
15,40,3965,192,6306,800
15,40,3493,376,6306,800
15,40,1290,868,6306,800
15,40,5299,-314,6306,800
15,40,9617,635,6306,800
15,40,9067,-369,6306,800
15,40,1673,-813,6306,800
15,40,7758,561,6306,800
15,40,6221,-945,6306,800
15,40,4677,599,6306,800
15,40,6340,-778,6306,800
15,40,1019,-550,6306,800
15,40,7797,747,6306,800
15,45,954,1000,6306,800
15,45,1390,677,6306,800
15,45,4655,-643,6306,800
15,45,7102,907,6306,800
15,45,6000,-313,6306,800
15,45,3663,-257,6306,800
15,45,950,-775,6306,800
15,45,2946,-690,6306,800
15,45,6192,712,6306,800
15,45,7420,-769,6306,800
15,45,7614,641,6306,800
15,45,7009,704,6306,800
15,45,1158,-398,6306,800
15,45,3183,779,6306,800
15,45,9047,261,6306,800
15,45,8860,432,6306,800
15,45,1285,-532,6306,800
15,45,4188,229,6306,800
15,45,9493,-964,6306,800
15,45,2302,345,6306,800
15,50,8145,207,6306,800
15,50,529,-309,6306,800
15,50,2969,-436,6306,800
15,50,7172,-996,6306,800
15,50,174,-338,6306,800
15,50,6783,-529,6306,800
15,50,6069,837,6306,800
15,50,5485,-873,6306,800
15,50,1809,-692,6306,800
15,50,5074,-387,6306,800
15,50,849,518,6306,800
15,50,5477,-56,6306,800
15,50,2233,-143,6306,800
15,50,2321,-915,6306,800
15,50,8905,-107,6306,800
15,50,1599,499,6306,800
15,50,5807,642,6306,800
15,50,3282,688,6306,800
15,50,5370,-625,6306,800
15,50,4526,-219,6306,800
20,-100,1153,-430,1153,-450
20,-100,7509,223,7509,200
20,-100,9935,332,9935,350
20,-100,9519,801,9519,800
20,-100,5047,-867,5047,-850
20,-100,4781,738,4781,750
20,-100,3586,548,3586,550
20,-100,6335,410,6335,400
20,-100,2177,242,2177,250
20,-100,4349,977,4349,1000
20,-100,9214,847,9214,850
20,-100,5384,-175,5384,-200
20,-100,4458,-497,4458,-500
20,-100,4486,701,4486,700
20,-100,802,298,802,300
20,-100,1818,780,1818,800
20,-100,3865,526,3865,550
20,-100,9231,375,9231,400
20,-100,3037,-16,3037,0
20,-100,4071,-464,4071,-450
20,-95,7733,-209,7733,-200
20,-95,7689,-681,7689,-700
20,-95,4009,-197,4009,-200
20,-95,608,-809,608,-800
20,-95,2626,-998,2626,-1000
20,-95,4427,-398,4427,-400
20,-95,8272,-727,8272,-750
20,-95,2314,-488,2314,-500
20,-95,5779,256,5779,250
20,-95,25,-837,25,-850
20,-95,6251,19,6251,0
20,-95,1003,751,1003,750
20,-95,1984,219,1984,200
20,-95,4400,651,4400,650
20,-95,844,-650,844,-650
20,-95,7403,-427,7403,-450
20,-95,3545,-268,3545,-250
20,-95,6946,-327,6946,-350
20,-95,9780,278,9780,300
20,-95,4308,-265,4308,-250
20,-90,4878,-351,4878,-350
20,-90,5214,-677,5214,-700
20,-90,9865,868,9865,850
20,-90,839,229,839,250
20,-90,9262,804,9262,800
20,-90,4870,-288,4870,-300
20,-90,8076,-319,8076,-300
20,-90,7892,961,7892,950
20,-90,9212,-610,9212,-600
20,-90,9525,517,9525,500
20,-90,26,896,26,900
20,-90,5312,-788,5312,-800
20,-90,4526,954,4526,950
20,-90,1405,767,1405,750
20,-90,4895,-719,4895,-700
20,-90,9056,-459,9056,-450
20,-90,4101,994,4101,1000
20,-90,6486,-771,6486,-750
20,-90,7524,-584,7524,-600
20,-90,9858,831,9858,850
20,-85,7068,-214,7068,-200
20,-85,9295,399,9295,400
20,-85,8535,506,8535,500
20,-85,409,-193,409,-200
20,-85,8957,809,8957,800
20,-85,7256,-850,7256,-850
20,-85,9194,-254,9194,-250
20,-85,6517,172,6517,150
20,-85,4468,414,4468,400
20,-85,3885,-679,3885,-700
20,-85,7321,-852,7321,-850
20,-85,2518,-915,2518,-900
20,-85,8233,-970,8233,-950
20,-85,4676,877,4676,900
20,-85,2867,-368,2867,-350
20,-85,4517,-640,4517,-650
20,-85,393,-720,393,-700
20,-85,1110,695,1110,700
20,-85,7661,-935,7661,-950
20,-85,5069,10,5069,0
20,-80,9791,492,9791,500
20,-80,8498,7,8498,0
20,-80,5948,-686,5948,-700
20,-80,1362,-189,1362,-200
20,-80,3176,-673,3176,-650
20,-80,4821,-88,4821,-100
20,-80,266,283,266,300
20,-80,2164,528,2164,550
20,-80,3502,931,3502,950
20,-80,707,478,707,500
20,-80,5762,-640,5762,-650
20,-80,120,-477,120,-500
20,-80,7954,655,7954,650
20,-80,3492,933,3492,950
20,-80,1129,-422,1129,-400
20,-80,2158,-454,2158,-450
20,-80,6813,-618,6813,-600
20,-80,238,-715,238,-700
20,-80,7400,178,7400,200
20,-80,3464,924,3464,900
20,-75,8413,-878,8413,-900
20,-75,1482,-648,1482,-650
20,-75,766,-163,766,-150
20,-75,1977,975,1977,950
20,-75,6862,197,6862,200
20,-75,8078,-994,8078,-1000
20,-75,6780,244,6780,250
20,-75,3956,-846,3956,-850
20,-75,3885,694,3885,700
20,-75,7230,430,7230,450
20,-75,9202,-771,9202,-750
20,-75,6614,602,6614,600
20,-75,5836,-502,5836,-500
20,-75,6608,911,6608,900
20,-75,5471,-340,5471,-350
20,-75,3700,883,3700,900
20,-75,2893,262,2893,250
20,-75,9208,-289,9208,-300
20,-75,3672,720,3672,700
20,-75,49,221,49,200
20,-70,7075,284,7075,300
20,-70,6989,649,6989,650
20,-70,5678,-939,5678,-950
20,-70,2770,-365,2770,-350
20,-70,8521,-766,8521,-750
20,-70,2750,-116,2750,-100
20,-70,4513,-547,4513,-550
20,-70,8175,298,8175,300
20,-70,5932,318,5932,300
20,-70,5767,-316,5767,-300
20,-70,6749,-20,6749,0
20,-70,2770,142,2770,150
20,-70,8980,-62,8980,-50
20,-70,3219,-973,3219,-950
20,-70,3959,588,3959,600
20,-70,6878,-933,6878,-950
20,-70,9120,-722,9120,-700
20,-70,594,592,594,600
20,-70,3178,120,3178,100
20,-70,9564,-634,9564,-650
20,-65,1288,-225,1288,-200
20,-65,229,-270,229,-250
20,-65,204,515,204,500
20,-65,9342,781,9342,800
20,-65,4620,-605,4620,-600
20,-65,5588,914,5588,900
20,-65,5145,-417,5145,-400
20,-65,4246,-479,4246,-500
20,-65,20,-102,20,-100
20,-65,8210,-845,8210,-850
20,-65,1400,-35,1400,-50
20,-65,7499,923,7499,900
20,-65,8533,721,8533,700
20,-65,8665,-262,8665,-250
20,-65,4802,-215,4802,-200
20,-65,6104,-390,6104,-400
20,-65,1397,-2,1397,0
20,-65,6645,704,6645,700
20,-65,1642,-404,1642,-400
20,-65,5927,-858,5927,-850
20,-60,2794,2,2794,0
20,-60,2940,-600,2940,-600
20,-60,8262,626,8262,650
20,-60,2124,140,2124,150
20,-60,5923,-762,5923,-750
20,-60,6322,-655,6322,-650
20,-60,8913,977,8913,1000
20,-60,9916,88,9916,100
20,-60,8772,-754,8772,-750
20,-60,1076,-288,1076,-300
20,-60,1025,97,1025,100
20,-60,2808,-330,2808,-350
20,-60,5327,-145,5327,-150
20,-60,3572,716,3572,700
20,-60,9777,-841,9777,-850
20,-60,9882,510,9882,500
20,-60,2068,-964,2068,-950
20,-60,9617,742,9617,750
20,-60,2658,-49,2658,-50
20,-60,3814,-581,3814,-600
20,-55,1564,608,1564,600
20,-55,433,-149,433,-150
20,-55,6849,24,6849,0
20,-55,7234,-779,7234,-800
20,-55,4704,-467,4704,-450
20,-55,5439,-963,5439,-950
20,-55,2444,-703,2444,-700
20,-55,7524,-407,7524,-400
20,-55,3719,-997,3719,-1000
20,-55,2445,897,2445,900
20,-55,1717,509,1717,500
20,-55,3823,-94,3823,-100
20,-55,508,19,508,0
20,-55,5047,-971,5047,-950
20,-55,5963,868,5963,850
20,-55,6490,531,6490,550
20,-55,9386,-303,9386,-300
20,-55,291,147,291,150
20,-55,1240,977,1240,1000
20,-55,528,-990,528,-1000
20,-50,5844,-595,5844,-600
20,-50,5854,-292,5854,-300
20,-50,7435,280,7435,300
20,-50,7122,-607,7122,-600
20,-50,2946,822,2946,800
20,-50,7836,577,7836,600
20,-50,2204,-847,2204,-850
20,-50,5725,859,5725,850
20,-50,5325,671,5325,650
20,-50,7514,-636,7514,-650
20,-50,2440,955,2440,950
20,-50,2999,-677,2999,-700
20,-50,1745,-646,1745,-650
20,-50,7997,-133,7997,-150
20,-50,8741,-630,8741,-650
20,-50,1562,386,1562,400
20,-50,328,-843,328,-850
20,-50,3816,-141,3816,-150
20,-50,2049,343,2049,350
20,-50,9597,111,9597,100
20,-45,4515,-380,4515,-400
20,-45,4782,-281,4782,-300
20,-45,9596,424,9596,400
20,-45,2088,483,2088,500
20,-45,3927,-922,3927,-900
20,-45,9409,-154,9409,-150
20,-45,586,906,586,900
20,-45,4858,866,4858,850
20,-45,7814,172,7814,150
20,-45,1929,-340,1929,-350
20,-45,7527,-986,7527,-1000
20,-45,7569,-635,7569,-650
20,-45,4631,218,4631,200
20,-45,3817,-726,3817,-750
20,-45,1313,-108,1313,-100
20,-45,3552,-518,3552,-500
20,-45,4662,566,4662,550
20,-45,6332,-409,6332,-400
20,-45,4425,-166,4425,-150
20,-45,9081,-750,9081,-750
20,-40,5617,-200,5617,-200
20,-40,9885,268,9885,250
20,-40,697,563,697,550
20,-40,7885,285,7885,300
20,-40,721,-217,721,-200
20,-40,5597,-87,5597,-100
20,-40,8640,429,8640,450
20,-40,610,-40,610,-50
20,-40,8968,838,8968,850
20,-40,6890,300,6890,300
20,-40,5681,-215,5681,-200
20,-40,5584,-448,5584,-450
20,-40,3658,-599,3658,-600
20,-40,7631,-793,7631,-800
20,-40,9423,68,9423,50
20,-40,8115,733,8115,750
20,-40,8949,-856,8949,-850
20,-40,2667,997,2667,1000
20,-40,3360,843,3360,850
20,-40,2836,-6,2836,0
20,-35,6807,372,6807,350
20,-35,9273,575,9273,600
20,-35,8543,-406,8543,-400
20,-35,538,342,538,350
20,-35,7003,413,7003,400
20,-35,1053,-151,1053,-150
20,-35,513,763,513,750
20,-35,7632,-112,7632,-100
20,-35,14,130,14,150
20,-35,4481,-231,4481,-250
20,-35,2400,907,2400,900
20,-35,5254,220,5254,200
20,-35,4007,-771,4007,-750
20,-35,1481,-992,1481,-1000
20,-35,7921,202,7921,200
20,-35,3693,488,3693,500
20,-35,5079,-782,5079,-800
20,-35,9805,710,9805,700
20,-35,2198,260,2198,250
20,-35,4631,72,4631,50
20,-30,1505,927,1505,950
20,-30,9488,802,9488,800
20,-30,9425,707,9425,700
20,-30,8392,619,8392,600
20,-30,2265,-399,2265,-400
20,-30,4419,59,4419,50
20,-30,7108,-665,7108,-650
20,-30,2598,851,2598,850
20,-30,4817,-183,4817,-200
20,-30,673,-738,673,-750
20,-30,7105,66,7105,50
20,-30,11,389,11,400
20,-30,5384,-112,5384,-100
20,-30,683,35,683,50
20,-30,6387,-329,6387,-350
20,-30,2825,42,2825,50
20,-30,2975,603,2975,600
20,-30,5205,-728,5205,-750
20,-30,1122,554,1122,550
20,-30,3637,-871,3637,-850
20,-25,5315,-855,5315,-850
20,-25,1854,468,1854,450
20,-25,6800,-272,6800,-250
20,-25,9181,-256,9181,-250
20,-25,4030,-576,4030,-600
20,-25,959,-19,959,0
20,-25,4979,-41,4979,-50
20,-25,652,389,652,400
20,-25,5901,-430,5901,-450
20,-25,665,-183,665,-200
20,-25,9200,304,9200,300
20,-25,7679,617,7679,600
20,-25,9163,-156,9163,-150
20,-25,865,-591,865,-600
20,-25,9799,889,9799,900
20,-25,1839,-729,1839,-750
20,-25,4092,-507,4092,-500
20,-25,1144,-978,1144,-1000
20,-25,9233,-905,9233,-900
20,-25,8592,-799,8592,-800
20,-20,8184,-242,8184,-250
20,-20,6641,-683,6641,-700
20,-20,2777,362,2777,350
20,-20,9064,361,9064,350
20,-20,5223,-952,5223,-950
20,-20,3375,10,3375,0
20,-20,5647,860,5647,850
20,-20,5224,583,5224,600
20,-20,2426,389,2426,400
20,-20,4855,913,4855,900
20,-20,6340,346,6340,350
20,-20,1311,943,1311,950
20,-20,9375,901,9375,900
20,-20,7140,-909,7140,-900
20,-20,2024,-207,2024,-200
20,-20,9977,855,9977,850
20,-20,9137,270,9137,250
20,-20,1964,800,1964,800
20,-20,3913,-209,3913,-200
20,-20,93,883,93,900
20,-15,7843,-364,7843,-350
20,-15,8613,-637,8613,-650
20,-15,2562,534,2562,550
20,-15,9917,929,9917,950
20,-15,6631,139,6631,150
20,-15,8536,5,8536,0
20,-15,7951,-313,7951,-300
20,-15,7255,-903,7255,-900
20,-15,4880,-646,4880,-650
20,-15,6170,-799,6170,-800
20,-15,3820,-427,3820,-450
20,-15,8727,-588,8727,-600
20,-15,5561,240,5561,250
20,-15,165,-645,165,-650
20,-15,2180,-64,2180,-50
20,-15,4430,826,4430,850
20,-15,5669,-849,5669,-850
20,-15,7264,262,7264,250
20,-15,5302,-628,5302,-650
20,-15,777,-85,777,-100
20,-10,1563,595,1563,600
20,-10,7229,918,7229,900
20,-10,8354,-881,8354,-900
20,-10,4753,13,4753,0
20,-10,8991,575,8991,550
20,-10,2957,-87,2957,-100
20,-10,5716,-334,5716,-350
20,-10,8592,52,8592,50
20,-10,9426,-974,9426,-950
20,-10,9925,-919,9925,-900
20,-10,6562,209,6562,200
20,-10,5960,526,5960,550
20,-10,1410,-385,1410,-400
20,-10,3821,530,3821,550
20,-10,3731,468,3731,450
20,-10,5240,-102,5240,-100
20,-10,2727,-200,2727,-200
20,-10,3493,-592,3493,-600
20,-10,3150,168,3150,150
20,-10,7447,620,7447,600
20,-5,667,904,667,900
20,-5,7860,362,7860,350
20,-5,9864,289,9864,300
20,-5,8529,440,8529,450
20,-5,8288,-978,8288,-1000
20,-5,3217,374,3217,350
20,-5,5189,-613,5189,-600
20,-5,9869,437,9869,450
20,-5,9436,-1000,9436,-1000
20,-5,8274,-533,8274,-550
20,-5,6600,-562,6600,-550
20,-5,1421,-486,1421,-500
20,-5,3891,176,3891,150
20,-5,6343,-924,6343,-900
20,-5,8774,-581,8774,-600
20,-5,6184,405,6184,400
20,-5,7739,664,7739,650
20,-5,4592,-591,4592,-600
20,-5,263,-699,263,-700
20,-5,4666,882,4666,900
20,0,7413,-738,7413,-750
20,0,3031,-889,3031,-900
20,0,6651,25,6651,50
20,0,8188,-532,8188,-550
20,0,1041,55,1041,50
20,0,4575,839,4575,850
20,0,4754,-770,4754,-750
20,0,9015,-909,9015,-900
20,0,6540,-868,6540,-850
20,0,4364,-901,4364,-900
20,0,1630,-560,1630,-550
20,0,5625,-635,5625,-650
20,0,3529,-974,3529,-950
20,0,8741,211,8741,200
20,0,9656,-522,9656,-500
20,0,1948,716,1948,700
20,0,6030,-393,6030,-400
20,0,5985,-944,5985,-950
20,0,1548,286,1548,300
20,0,4653,880,4653,900
20,5,7494,-833,7494,-850
20,5,7124,-937,7124,-950
20,5,8620,-697,8620,-700
20,5,1219,325,1219,350
20,5,5693,-939,5693,-950
20,5,9422,407,9422,400
20,5,6040,-128,6040,-150
20,5,1652,-639,1652,-650
20,5,4146,-670,4146,-650
20,5,8588,50,8588,50
20,5,1079,-233,1079,-250
20,5,5553,423,5553,400
20,5,525,785,525,800
20,5,8349,-116,8349,-100
20,5,7019,-840,7019,-850
20,5,6688,-176,6688,-200
20,5,3276,-686,3276,-700
20,5,6840,671,6840,650
20,5,7808,546,7808,550
20,5,3892,-461,3892,-450
20,10,9753,274,9753,300
20,10,9818,507,9818,500
20,10,4841,-1000,4841,-1000
20,10,9221,-114,9221,-100
20,10,1580,-941,1580,-950
20,10,2619,-223,2619,-200
20,10,7094,268,7094,300
20,10,3966,213,3966,200
20,10,4966,-715,4966,-750
20,10,2816,840,2816,850
20,10,62,827,62,850
20,10,6957,-500,6957,-500
20,10,8756,-418,8756,-400
20,10,6441,-672,6441,-650
20,10,8593,67,8593,50
20,10,2638,862,2638,850
20,10,6375,971,6375,950
20,10,4111,-823,4111,-850
20,10,7126,861,7126,900
20,10,8660,-380,8660,-400
20,15,2247,-68,2247,-50
20,15,5955,-548,5955,-550
20,15,6724,2,6724,0
20,15,8083,791,8083,800
20,15,4421,-278,4421,-300
20,15,5004,60,5004,50
20,15,6841,505,6841,500
20,15,3319,356,3319,350
20,15,7934,949,7934,950
20,15,9706,933,9706,950
20,15,3689,-417,3689,-400
20,15,6394,-197,6394,-150
20,15,692,-228,692,-250
20,15,1777,250,1777,250
20,15,4711,317,4711,350
20,15,6026,-769,6026,-800
20,15,8296,-468,8296,-500
20,15,5681,889,5681,900
20,15,507,947,507,950
20,15,9815,637,9815,650
20,20,9714,900,9714,900
20,20,1724,-626,1724,-650
20,20,7700,-714,7700,-700
20,20,3794,-242,3794,-250
20,20,8494,-5,8494,-50
20,20,9469,82,9469,100
20,20,4057,-585,4057,-550
20,20,9133,-426,9133,-450
20,20,8035,992,8035,950
20,20,3373,-199,3373,-200
20,20,1529,440,1529,450
20,20,4696,506,4696,500
20,20,6959,656,6959,700
20,20,3849,47,3849,50
20,20,6589,-29,6589,-50
20,20,2397,-420,2397,-400
20,20,160,111,160,100
20,20,8477,-30,8477,-50
20,20,6267,-380,6267,-400
20,20,3711,69,3711,50
20,25,4628,959,4628,950
20,25,7813,710,7813,700
20,25,4304,853,4304,900
20,25,2955,912,2955,950
20,25,9944,-437,9944,-450
20,25,8455,-850,8455,-900
20,25,5041,474,5041,500
20,25,9997,936,9997,950
20,25,4463,966,4463,900
20,25,7897,-580,7897,-650
20,25,8060,-663,8060,-650
20,25,97,551,97,500
20,25,187,690,187,650
20,25,4573,973,4573,1000
20,25,4101,-348,4101,-450
20,25,6975,925,6975,900
20,25,3127,-928,3127,-1000
20,25,2418,-804,2418,-900
20,25,4027,-508,4027,-500
20,25,7377,-373,7377,-350
20,30,1647,819,6306,800
20,30,8803,-899,8801,-850
20,30,4686,333,6306,800
20,30,2978,243,2978,300
20,30,3,-572,4,-700
20,30,8496,921,8496,900
20,30,8527,-639,8529,-600
20,30,365,615,365,650
20,30,7154,-507,6306,800
20,30,3127,470,6306,800
20,30,4976,-339,4976,-400
20,30,5795,-13,5795,100
20,30,3893,283,3893,250
20,30,3500,-805,3500,-950
20,30,1935,-925,1935,-850
20,30,920,575,921,500
20,30,2874,819,2873,850
20,30,5324,25,5324,100
20,30,3394,-465,3394,-400
20,30,5496,184,6306,800
20,35,6929,935,6306,800
20,35,4936,-897,4936,-1200
20,35,3845,-758,6306,800
20,35,6478,-80,6306,800
20,35,8895,892,6306,800
20,35,5613,425,6306,800
20,35,8879,-690,6306,800
20,35,5249,-754,6306,800
20,35,6801,470,6306,800
20,35,8418,684,6306,750
20,35,9300,887,6306,800
20,35,7097,-24,6306,800
20,35,6344,-585,6306,800
20,35,4176,-715,6306,800
20,35,3699,-866,6306,800
20,35,8245,-411,6306,800
20,35,8809,-77,6306,800
20,35,6676,-693,6306,800
20,35,919,258,6306,800
20,35,6629,-504,6306,800
20,40,1550,716,6306,800
20,40,7904,75,6306,800
20,40,2899,699,6306,800
20,40,3947,429,6306,800
20,40,1719,-465,6306,800
20,40,5671,-135,6306,800
20,40,3615,296,6306,800
20,40,7286,-891,6306,800
20,40,5425,-462,6306,800
20,40,3322,-750,6306,800
20,40,9624,-856,6306,800
20,40,3938,-958,6306,800
20,40,6263,-983,6306,800
20,40,8657,514,6306,800
20,40,7019,-777,6306,800
20,40,9147,-225,6306,800
20,40,738,-349,6306,800
20,40,9847,889,6306,800
20,40,4329,426,6306,800
20,40,1500,166,6306,800
20,45,9532,696,6306,800
20,45,745,-854,6306,800
20,45,9758,564,6306,800
20,45,1410,813,6306,800
20,45,6760,-253,6306,800
20,45,2107,402,6306,800
20,45,2818,-975,6306,800
20,45,2558,-335,6306,800
20,45,973,51,6306,800
20,45,9160,-247,6306,800
20,45,4310,-48,6306,800
20,45,6830,135,6306,800
20,45,2126,317,6306,800
20,45,5666,322,6306,800
20,45,3105,-67,6306,800
20,45,1186,103,6306,800
20,45,5241,758,6306,800
20,45,533,719,6306,800
20,45,3040,-357,6306,800
20,45,5439,890,6306,800
20,50,9964,70,6306,800
20,50,4965,279,6306,800
20,50,1146,-147,6306,800
20,50,1580,-647,6306,800
20,50,7253,-919,6306,800
20,50,8119,-789,6306,800
20,50,4260,64,6306,800
20,50,8665,-543,6306,800
20,50,1584,-825,6306,800
20,50,4165,800,6306,800
20,50,4936,-602,6306,800
20,50,632,843,6306,800
20,50,9378,-417,6306,800
20,50,3587,-775,6306,800
20,50,315,667,6306,800
20,50,6614,-668,6306,800
20,50,889,-331,6306,800
20,50,8549,-78,6306,800
20,50,9272,-387,6306,800
20,50,8182,-506,6306,800
25,-100,4587,-357,4587,-350
25,-100,954,-243,954,-250
25,-100,1908,798,1908,800
25,-100,6435,-701,6435,-700
25,-100,5193,318,5193,300
25,-100,7052,-467,7052,-450
25,-100,286,-92,286,-100
25,-100,5024,909,5024,900
25,-100,7528,198,7528,200
25,-100,1337,-401,1337,-400
25,-100,2875,672,2875,650
25,-100,5323,518,5323,500
25,-100,663,-250,663,-250
25,-100,8238,-599,8238,-600
25,-100,272,-93,272,-100
25,-100,3029,758,3029,750
25,-100,1690,835,1690,850
25,-100,9918,278,9918,300
25,-100,6106,-899,6106,-900
25,-100,8261,-866,8261,-850
25,-95,2167,935,2167,950
25,-95,1786,-963,1786,-950
25,-95,9212,-553,9212,-550
25,-95,5218,324,5218,300
25,-95,165,774,165,750
25,-95,3161,-489,3161,-500
25,-95,9214,-334,9214,-350
25,-95,2647,-492,2647,-500
25,-95,3781,-959,3781,-950
25,-95,9356,-32,9356,-50
25,-95,2527,-820,2527,-800
25,-95,6723,-22,6723,0
25,-95,3190,387,3190,400
25,-95,1867,-623,1867,-600
25,-95,3520,-195,3520,-200
25,-95,5800,-218,5800,-200
25,-95,6817,761,6817,750
25,-95,4586,-166,4586,-150
25,-95,9841,-846,9841,-850
25,-95,1731,-448,1731,-450
25,-90,1840,-677,1840,-700
25,-90,6997,-174,6997,-150
25,-90,8656,-977,8656,-1000
25,-90,6528,560,6528,550
25,-90,757,468,757,450
25,-90,6083,895,6083,900
25,-90,1591,-946,1591,-950
25,-90,222,-465,222,-450
25,-90,4494,330,4494,350
25,-90,2154,-657,2154,-650
25,-90,9359,98,9359,100
25,-90,1085,-927,1085,-950
25,-90,3399,-746,3399,-750
25,-90,1834,787,1834,800
25,-90,8702,-119,8702,-100
25,-90,1193,855,1193,850
25,-90,6485,455,6485,450
25,-90,3543,364,3543,350
25,-90,2098,502,2098,500
25,-90,2736,-736,2736,-750
25,-85,7691,766,7691,750
25,-85,7252,-361,7252,-350
25,-85,1077,899,1077,900
25,-85,452,938,452,950
25,-85,4657,-169,4657,-150
25,-85,6972,-140,6972,-150
25,-85,6630,390,6630,400
25,-85,2565,627,2565,650
25,-85,9362,677,9362,700
25,-85,1859,657,1859,650
25,-85,641,-907,641,-900
25,-85,188,-497,188,-500
25,-85,9364,247,9364,250
25,-85,7665,456,7665,450
25,-85,2966,319,2966,300
25,-85,461,-246,461,-250
25,-85,8550,593,8550,600
25,-85,3938,247,3938,250
25,-85,7120,-395,7120,-400
25,-85,2842,-799,2842,-800
25,-80,4969,686,4969,700
25,-80,2293,805,2293,800
25,-80,294,756,294,750
25,-80,7483,256,7483,250
25,-80,7404,-915,7404,-900
25,-80,7387,-358,7387,-350
25,-80,3484,-617,3484,-600
25,-80,2,-713,2,-700
25,-80,4365,-337,4365,-350
25,-80,3385,607,3385,600
25,-80,7592,-656,7592,-650
25,-80,4509,-961,4509,-950
25,-80,3317,-733,3317,-750
25,-80,3358,-911,3358,-900
25,-80,3439,-34,3439,-50
25,-80,3452,-518,3452,-500
25,-80,4089,-986,4089,-1000
25,-80,7547,-153,7547,-150
25,-80,8136,-953,8136,-950
25,-80,5288,-218,5288,-200
25,-75,1310,712,1310,700
25,-75,3242,-383,3242,-400
25,-75,2327,947,2327,950
25,-75,649,945,649,950
25,-75,3587,224,3587,200
25,-75,385,-642,385,-650
25,-75,9792,-861,9792,-850
25,-75,9042,889,9042,900
25,-75,6154,-770,6154,-750
25,-75,437,592,437,600
25,-75,9195,-238,9195,-250
25,-75,8673,724,8673,700
25,-75,7516,889,7516,900
25,-75,2494,-159,2494,-150
25,-75,9477,489,9477,500
25,-75,6754,813,6754,800
25,-75,2487,-110,2487,-100
25,-75,1324,-665,1324,-650
25,-75,1239,764,1239,750
25,-75,6286,468,6286,450
25,-70,9612,-210,9612,-200
25,-70,961,487,961,500
25,-70,1398,468,1398,450
25,-70,451,-386,451,-400
25,-70,8606,383,8606,400
25,-70,9325,-377,9325,-400
25,-70,2349,472,2349,450
25,-70,9298,-273,9298,-250
25,-70,2037,316,2037,300
25,-70,8148,-80,8148,-100
25,-70,7686,-770,7686,-750
25,-70,4561,-131,4561,-150
25,-70,6327,274,6327,250
25,-70,9605,943,9605,950
25,-70,1830,536,1830,550
25,-70,1214,248,1214,250
25,-70,766,371,766,350
25,-70,703,426,703,450
25,-70,4130,-779,4130,-800
25,-70,7724,940,7724,950
25,-65,186,212,186,200
25,-65,8736,383,8736,400
25,-65,7743,992,7743,1000
25,-65,4021,58,4021,50
25,-65,6272,-87,6272,-100
25,-65,1024,-152,1024,-150
25,-65,2325,-984,2325,-1000
25,-65,7594,-645,7594,-650
25,-65,9611,-354,9611,-350
25,-65,6717,838,6717,850
25,-65,346,-994,346,-1000
25,-65,5054,-983,5054,-1000
25,-65,6428,541,6428,550
25,-65,9084,360,9084,350
25,-65,4717,955,4717,950
25,-65,5024,298,5024,300
25,-65,8735,-649,8735,-650
25,-65,1067,-578,1067,-600
25,-65,935,618,935,600
25,-65,3153,860,3153,850
25,-60,3733,435,3733,450
25,-60,2218,-991,2218,-1000
25,-60,9245,729,9245,750
25,-60,8577,-978,8577,-1000
25,-60,9643,872,9643,850
25,-60,61,-262,61,-250
25,-60,9112,1000,9112,1000
25,-60,7206,-798,7206,-800
25,-60,6943,-980,6943,-1000
25,-60,6892,321,6892,300
25,-60,6804,248,6804,250
25,-60,8786,759,8786,750
25,-60,1802,-145,1802,-150
25,-60,9136,-170,9136,-150
25,-60,8781,436,8781,450
25,-60,8211,447,8211,450
25,-60,614,590,614,600
25,-60,5308,800,5308,800
25,-60,3395,-412,3395,-400
25,-60,7100,115,7100,100
25,-55,1218,-524,1218,-500
25,-55,1336,313,1336,300
25,-55,1638,706,1638,700
25,-55,1106,932,1106,950
25,-55,8115,-933,8115,-950
25,-55,7968,-577,7968,-600
25,-55,9015,-173,9015,-150
25,-55,243,39,243,50
25,-55,9174,-885,9174,-900
25,-55,9280,-596,9280,-600
25,-55,5613,752,5613,750
25,-55,4490,233,4490,250
25,-55,3445,841,3445,850
25,-55,3095,-616,3095,-600
25,-55,1913,-526,1913,-550
25,-55,1106,200,1106,200
25,-55,2630,185,2630,200
25,-55,3161,-833,3161,-850
25,-55,4684,-69,4684,-50
25,-55,6383,30,6383,50
25,-50,7284,-179,7284,-200
25,-50,7851,-427,7851,-450
25,-50,3861,940,3861,950
25,-50,3703,638,3703,650
25,-50,6347,161,6347,150
25,-50,206,955,206,950
25,-50,3178,936,3178,950
25,-50,6623,-36,6623,-50
25,-50,9458,873,9458,850
25,-50,1451,-230,1451,-250
25,-50,6446,597,6446,600
25,-50,3751,-416,3751,-400
25,-50,5236,-646,5236,-650
25,-50,1546,305,1546,300
25,-50,7377,-361,7377,-350
25,-50,2507,-291,2507,-300
25,-50,5006,687,5006,700
25,-50,9765,305,9765,300
25,-50,4648,-784,4648,-800
25,-50,2855,771,2855,750
25,-45,4847,-192,4847,-200
25,-45,2146,484,2146,500
25,-45,8674,754,8674,750
25,-45,4479,-988,4479,-1000
25,-45,6039,-315,6039,-300
25,-45,3456,-589,3456,-600
25,-45,5444,184,5444,200
25,-45,2594,-288,2594,-300
25,-45,4362,986,4362,1000
25,-45,3984,929,3984,950
25,-45,9685,297,9685,300
25,-45,1069,-192,1069,-200
25,-45,3716,-169,3716,-150
25,-45,3340,-454,3340,-450
25,-45,6894,-223,6894,-200
25,-45,3793,-313,3793,-300
25,-45,7736,650,7736,650
25,-45,7130,523,7130,500
25,-45,1255,65,1255,50
25,-45,1155,623,1155,600
25,-40,1710,1000,1710,1000
25,-40,6374,932,6374,950
25,-40,1006,266,1006,250
25,-40,1675,-925,1675,-950
25,-40,7954,805,7954,800
25,-40,509,699,509,700
25,-40,8118,-920,8118,-900
25,-40,664,120,664,100
25,-40,561,-249,561,-250
25,-40,1881,-158,1881,-150
25,-40,3180,-420,3180,-400
25,-40,8448,946,8448,950
25,-40,9576,-879,9576,-900
25,-40,2338,-218,2338,-200
25,-40,1011,400,1011,400
25,-40,3982,254,3982,250
25,-40,4638,-645,4638,-650
25,-40,6238,-805,6238,-800
25,-40,7757,-376,7757,-400
25,-40,5706,860,5706,850
25,-35,3904,571,3904,550
25,-35,2359,-995,2359,-1000
25,-35,5218,-913,5218,-900
25,-35,1461,863,1461,850
25,-35,1688,244,1688,250
25,-35,0,-306,0,-300
25,-35,5749,896,5749,900
25,-35,7575,835,7575,850
25,-35,673,-945,673,-950
25,-35,5747,-356,5747,-350
25,-35,4778,720,4778,700
25,-35,3348,778,3348,800
25,-35,6071,212,6071,200
25,-35,7742,428,7742,450
25,-35,6426,-823,6426,-800
25,-35,804,-614,804,-600
25,-35,2882,744,2882,750
25,-35,4655,-51,4655,-50
25,-35,3858,602,3858,600
25,-35,6503,883,6503,900
25,-30,8492,776,8492,800
25,-30,2893,328,2893,350
25,-30,5999,50,5999,50
25,-30,5269,537,5269,550
25,-30,1202,-508,1202,-500
25,-30,9357,435,9357,450
25,-30,9579,-251,9579,-250
25,-30,4789,-725,4789,-750
25,-30,6896,-325,6896,-300
25,-30,8918,-424,8918,-400
25,-30,8104,-438,8104,-450
25,-30,5554,792,5554,800
25,-30,3423,-665,3423,-650
25,-30,3451,456,3451,450
25,-30,4362,2,4362,0
25,-30,9192,463,9192,450
25,-30,9466,-593,9466,-600
25,-30,1233,470,1233,450
25,-30,8462,435,8462,450
25,-30,4078,381,4078,400
25,-25,5189,682,5189,700
25,-25,5844,68,5844,50
25,-25,7677,142,7677,150
25,-25,683,183,683,200
25,-25,8298,137,8298,150
25,-25,3390,872,3390,850
25,-25,1322,713,1322,700
25,-25,3724,-566,3724,-550
25,-25,6749,-82,6749,-100
25,-25,4997,798,4997,800
25,-25,5565,630,5565,650
25,-25,7641,138,7641,150
25,-25,9682,-182,9682,-200
25,-25,2251,938,2251,950
25,-25,9247,800,9247,800
25,-25,3628,819,3628,800
25,-25,9509,400,9509,400
25,-25,9603,899,9603,900
25,-25,4773,467,4773,450
25,-25,3670,65,3670,50
25,-20,8210,774,8210,750
25,-20,6121,37,6121,50
25,-20,1296,-19,1296,0
25,-20,7291,-537,7291,-550
25,-20,9271,-404,9271,-400
25,-20,4385,-877,4385,-900
25,-20,4051,-655,4051,-650
25,-20,5786,37,5786,50
25,-20,6074,-818,6074,-800
25,-20,4080,403,4080,400
25,-20,5133,-381,5133,-400
25,-20,7700,994,7700,1000
25,-20,6159,46,6159,50
25,-20,6604,-184,6604,-200
25,-20,2111,-741,2111,-750
25,-20,6792,-423,6792,-400
25,-20,6358,-968,6358,-950
25,-20,2241,-940,2241,-950
25,-20,153,185,153,200
25,-20,5828,-23,5828,0
25,-15,854,-246,854,-250
25,-15,6022,-587,6022,-600
25,-15,7887,422,7887,400
25,-15,506,363,506,350
25,-15,9415,-870,9415,-850
25,-15,3829,206,3829,200
25,-15,1881,-200,1881,-200
25,-15,6436,619,6436,600
25,-15,4332,-164,4332,-150
25,-15,4818,897,4818,900
25,-15,9717,-226,9717,-250
25,-15,2165,780,2165,800
25,-15,8471,778,8471,800
25,-15,8277,-714,8277,-700
25,-15,4934,603,4934,600
25,-15,9144,-536,9144,-550
25,-15,9959,121,9959,100
25,-15,5417,99,5417,100
25,-15,4088,304,4088,300
25,-15,1861,-307,1861,-300
25,-10,3411,669,3411,650
25,-10,5458,242,5458,250
25,-10,2320,251,2320,250
25,-10,4953,-346,4953,-350
25,-10,6571,749,6571,750
25,-10,6495,510,6495,500
25,-10,3251,-524,3251,-500
25,-10,4359,378,4359,400
25,-10,6994,-236,6994,-250
25,-10,182,-428,182,-450
25,-10,6329,822,6329,800
25,-10,9096,793,9096,800
25,-10,6878,919,6878,900
25,-10,3377,218,3377,200
25,-10,1732,-492,1732,-500
25,-10,4095,343,4095,350
25,-10,9005,327,9005,350
25,-10,8216,-302,8216,-300
25,-10,37,610,37,600
25,-10,8227,403,8227,400
25,-5,7705,517,7705,500
25,-5,8445,-916,8445,-900
25,-5,2669,-668,2669,-650
25,-5,1084,-725,1084,-700
25,-5,8859,-662,8859,-650
25,-5,1597,623,1597,650
25,-5,3226,-679,3226,-700
25,-5,967,-118,967,-100
25,-5,7470,-846,7470,-850
25,-5,8019,623,8019,600
25,-5,8738,90,8738,100
25,-5,6135,646,6135,650
25,-5,4728,969,4728,950
25,-5,9692,-251,9692,-250
25,-5,2067,-73,2067,-50
25,-5,9388,28,9388,50
25,-5,8899,474,8899,450
25,-5,2258,-475,2258,-500
25,-5,5528,-477,5528,-500
25,-5,7767,877,7767,900
25,0,2829,-991,2829,-1000
25,0,2692,-745,2692,-750
25,0,3923,-918,3923,-900
25,0,7503,322,7503,300
25,0,111,-939,111,-950
25,0,7070,-81,7070,-100
25,0,2248,656,2248,650
25,0,7617,-813,7617,-800
25,0,1461,82,1461,100
25,0,3105,895,3105,900
25,0,327,56,327,50
25,0,4925,288,4925,300
25,0,4434,-582,4434,-600
25,0,1386,-337,1386,-350
25,0,5013,269,5013,250
25,0,2085,-89,2085,-100
25,0,1363,842,1363,850
25,0,4559,-938,4559,-950
25,0,4904,246,4904,250
25,0,9188,-47,9188,-50
25,5,2109,-134,2109,-150
25,5,1901,918,1901,900
25,5,8983,491,8983,500
25,5,6447,236,6447,250
25,5,510,723,510,750
25,5,510,557,510,550
25,5,6940,139,6940,150
25,5,6714,708,6714,700
25,5,8055,398,8055,400
25,5,3163,-253,3163,-250
25,5,2676,-22,2676,0
25,5,4459,-608,4459,-600
25,5,1904,620,1904,650
25,5,7845,-915,7845,-900
25,5,1440,794,1440,800
25,5,5745,452,5745,450
25,5,952,-877,952,-850
25,5,968,-251,968,-250
25,5,1787,-380,1787,-400
25,5,9757,-806,9757,-800
25,10,9890,-54,9890,-50
25,10,4441,14,4441,0
25,10,6373,-223,6373,-250
25,10,3896,901,3896,900
25,10,6374,126,6374,100
25,10,7671,-60,7671,-50
25,10,8792,-943,8792,-950
25,10,4650,-841,4650,-850
25,10,4187,-292,4187,-300
25,10,8912,154,8912,150
25,10,8477,-973,8477,-1000
25,10,4387,-798,4387,-800
25,10,9134,469,9134,450
25,10,2575,-31,2575,-50
25,10,1548,153,1548,150
25,10,3246,270,3246,250
25,10,7242,554,7242,550
25,10,4751,329,4751,300
25,10,2935,201,2935,200
25,10,6918,-535,6918,-550
25,15,2398,839,2398,850
25,15,9391,575,9391,550
25,15,4407,656,4407,650
25,15,3906,-620,3906,-600
25,15,1350,-854,1350,-850
25,15,81,109,81,100
25,15,2997,-833,2997,-850
25,15,2638,639,2638,650
25,15,791,210,791,200
25,15,1274,-896,1274,-900
25,15,9556,125,9556,100
25,15,2717,-898,2717,-850
25,15,8373,774,8373,800
25,15,8567,244,8567,250
25,15,2559,699,2559,700
25,15,6423,320,6423,350
25,15,4992,122,4992,100
25,15,3035,-483,3035,-450
25,15,6661,877,6661,850
25,15,5098,88,5098,100
25,20,7965,-753,7965,-750
25,20,27,-232,27,-250
25,20,1818,-254,1818,-250
25,20,618,-574,618,-550
25,20,920,-50,920,-100
25,20,4212,-466,4212,-500
25,20,4933,969,4933,950
25,20,5223,-952,5223,-950
25,20,7222,802,7222,800
25,20,5856,101,5856,100
25,20,2496,-806,2496,-800
25,20,7569,-62,7569,-100
25,20,5841,-798,5841,-800
25,20,4166,-288,4166,-250
25,20,4478,181,4478,150
25,20,1993,48,1993,0
25,20,5351,538,5351,550
25,20,6115,957,6115,950
25,20,8769,144,8769,200
25,20,4644,-577,4644,-600
25,25,2340,-564,2340,-550
25,25,5904,-91,5904,-100
25,25,7968,173,7968,250
25,25,4947,114,4947,150
25,25,8806,504,8806,500
25,25,3249,416,3249,400
25,25,6075,727,6075,700
25,25,6508,284,6508,250
25,25,4387,487,4387,450
25,25,7618,601,7618,550
25,25,9209,-83,9209,-50
25,25,806,482,806,400
25,25,4188,-328,4188,-300
25,25,896,709,896,650
25,25,2904,-694,2904,-650
25,25,9370,334,9370,300
25,25,4262,945,4262,950
25,25,9578,-989,9578,-1000
25,25,3065,288,3065,350
25,25,7251,-551,7251,-550
25,30,6303,-647,6302,-550
25,30,1225,-662,1226,-650
25,30,5048,-153,5049,100
25,30,9153,-616,9153,-500
25,30,8949,769,8949,700
25,30,9902,755,9902,800
25,30,6678,-148,6678,-300
25,30,3575,803,3575,700
25,30,6231,-919,6232,-850
25,30,676,351,6306,800
25,30,1267,-693,1266,-750
25,30,7075,762,7074,700
25,30,3558,861,3557,850
25,30,7582,147,7582,250
25,30,4209,528,4210,500
25,30,4952,-155,4952,-200
25,30,9579,738,9579,800
25,30,3682,-396,3682,-400
25,30,4759,192,6306,800
25,30,5719,-458,5719,-500
25,35,1059,659,6306,800
25,35,7225,-921,6306,800
25,35,1070,-34,6306,800
25,35,2862,-116,6306,800
25,35,4211,-266,6306,800
25,35,5755,884,6306,800
25,35,336,832,6306,800
25,35,7159,778,6306,800
25,35,2080,-719,6306,800
25,35,9343,-381,6306,800
25,35,8505,374,6306,800
25,35,8337,760,6306,800
25,35,8927,-172,6306,800
25,35,283,96,6306,800
25,35,9319,-772,9319,-600
25,35,3946,-318,6306,800
25,35,578,-236,6306,800
25,35,4276,-385,6306,800
25,35,6471,-733,6470,-750
25,35,7999,476,6306,800
25,40,6482,845,6306,800
25,40,2261,-42,6306,800
25,40,754,-192,6306,800
25,40,9507,797,6306,800
25,40,3099,433,6306,800
25,40,5603,-177,6306,800
25,40,2005,236,6306,800
25,40,3512,-548,3511,-450
25,40,3179,768,6306,800
25,40,4030,795,6306,800
25,40,9154,-986,6306,800
25,40,4985,987,6306,800
25,40,6384,736,6306,800
25,40,8443,7,6306,800
25,40,5345,-622,6306,800
25,40,5168,-601,6306,800
25,40,3952,-184,6306,800
25,40,8380,10,6306,800
25,40,8853,230,6306,800
25,40,3747,-481,6306,800
25,45,1101,843,6306,800
25,45,7060,406,6306,800
25,45,8814,162,6306,800
25,45,5802,-775,6306,800
25,45,1380,-807,6306,800
25,45,7751,-71,6306,800
25,45,6475,571,6306,800
25,45,8086,819,6306,800
25,45,2218,631,6306,800
25,45,1415,-77,6306,800
25,45,3946,761,6306,800
25,45,5316,-474,6306,800
25,45,5314,385,6306,800
25,45,5127,-99,6306,800
25,45,4185,33,6306,800
25,45,7549,570,6306,800
25,45,4447,380,6306,800
25,45,5798,38,6306,800
25,45,3630,-984,6306,800
25,45,4587,-453,6306,800
25,50,9466,83,6306,800
25,50,778,349,6306,800
25,50,4572,-49,6306,800
25,50,9839,54,6306,800
25,50,4025,537,6306,800
25,50,2519,-721,6306,800
25,50,1751,-75,6306,800
25,50,2443,-527,6306,800
25,50,9797,434,6306,800
25,50,9348,-453,6306,800
25,50,6328,510,6306,800
25,50,5193,-287,6306,800
25,50,142,-455,6306,800
25,50,2454,187,6306,800
25,50,3713,663,6306,800
25,50,4193,622,6306,800
25,50,136,640,6306,800
25,50,9533,-223,6306,800
25,50,2412,251,6306,800
25,50,9662,-784,6306,800
30,-100,6288,985,6288,1000
30,-100,6245,-938,6245,-950
30,-100,7112,794,7112,800
30,-100,8075,-174,8075,-150
30,-100,4424,138,4424,150
30,-100,7351,588,7351,600
30,-100,8973,714,8973,700
30,-100,4531,835,4531,850
30,-100,5740,-937,5740,-950
30,-100,7932,-143,7932,-150
30,-100,2543,255,2543,250
30,-100,6052,14,6052,0
30,-100,2234,715,2234,700
30,-100,7789,199,7789,200
30,-100,6117,693,6117,700
30,-100,7112,891,7112,900
30,-100,6436,-296,6436,-300
30,-100,1423,-804,1423,-800
30,-100,180,-84,180,-100
30,-100,2957,810,2957,800
30,-95,3650,271,3650,250
30,-95,3159,120,3159,100
30,-95,5530,-81,5530,-100
30,-95,7966,838,7966,850
30,-95,6510,202,6510,200
30,-95,7784,-948,7784,-950
30,-95,8984,14,8984,0
30,-95,4553,81,4553,100
30,-95,5770,691,5770,700
30,-95,2516,-424,2516,-400
30,-95,4987,-195,4987,-200
30,-95,9713,-181,9713,-200
30,-95,4152,506,4152,500
30,-95,4726,-716,4726,-700
30,-95,1830,949,1830,950
30,-95,1685,-181,1685,-200
30,-95,1932,-795,1932,-800
30,-95,6297,-330,6297,-350
30,-95,790,-455,790,-450
30,-95,1461,-9,1461,0
30,-90,6147,-177,6147,-200
30,-90,2649,-776,2649,-800
30,-90,373,967,373,950
30,-90,1974,-780,1974,-800
30,-90,1245,501,1245,500
30,-90,311,-671,311,-650
30,-90,5434,-431,5434,-450
30,-90,2591,-994,2591,-1000
30,-90,1664,332,1664,350
30,-90,2527,-702,2527,-700
30,-90,3492,-412,3492,-400
30,-90,470,776,470,800
30,-90,5851,-14,5851,0
30,-90,7222,-612,7222,-600
30,-90,3010,747,3010,750
30,-90,1858,-858,1858,-850
30,-90,3756,782,3756,800
30,-90,9360,-397,9360,-400
30,-90,1916,526,1916,550
30,-90,1180,841,1180,850
30,-85,7552,-677,7552,-700
30,-85,3697,-234,3697,-250
30,-85,4921,689,4921,700
30,-85,5418,537,5418,550
30,-85,90,-923,90,-900
30,-85,8233,-880,8233,-900
30,-85,9696,314,9696,300
30,-85,9430,-640,9430,-650
30,-85,3405,-120,3405,-100
30,-85,7353,-268,7353,-250
30,-85,4392,-418,4392,-400
30,-85,5590,586,5590,600
30,-85,1652,434,1652,450
30,-85,9257,224,9257,200
30,-85,7514,-778,7514,-800
30,-85,7610,-832,7610,-850
30,-85,6885,645,6885,650
30,-85,6119,775,6119,800
30,-85,2410,-623,2410,-600
30,-85,5949,-121,5949,-100
30,-80,1328,467,1328,450
30,-80,7559,659,7559,650
30,-80,1554,646,1554,650
30,-80,9993,695,9993,700
30,-80,5211,512,5211,500
30,-80,6720,-676,6720,-700
30,-80,6155,-693,6155,-700
30,-80,6811,719,6811,700
30,-80,5596,-26,5596,-50
30,-80,2027,-253,2027,-250
30,-80,2505,-592,2505,-600
30,-80,7662,833,7662,850
30,-80,6256,-627,6256,-650
30,-80,3721,156,3721,150
30,-80,4328,-645,4328,-650
30,-80,6560,-127,6560,-150
30,-80,5971,720,5971,700
30,-80,6834,280,6834,300
30,-80,4256,24,4256,0
30,-80,5577,997,5577,1000
30,-75,5044,437,5044,450
30,-75,5814,850,5814,850
30,-75,2881,-851,2881,-850
30,-75,8506,459,8506,450
30,-75,3789,-42,3789,-50
30,-75,7405,323,7405,300
30,-75,7594,141,7594,150
30,-75,3228,995,3228,1000
30,-75,1419,-692,1419,-700
30,-75,7861,887,7861,900
30,-75,2555,2,2555,0
30,-75,6468,972,6468,950
30,-75,5974,-344,5974,-350
30,-75,3660,-473,3660,-450
30,-75,2148,-39,2148,-50
30,-75,1660,-672,1660,-650
30,-75,2964,-466,2964,-450
30,-75,2384,369,2384,350
30,-75,7665,422,7665,400
30,-75,4477,-129,4477,-150
30,-70,2313,-368,2313,-350
30,-70,8772,547,8772,550
30,-70,7713,975,7713,1000
30,-70,776,295,776,300
30,-70,8903,-532,8903,-550
30,-70,4439,231,4439,250
30,-70,234,179,234,200
30,-70,7755,-533,7755,-550
30,-70,5525,152,5525,150
30,-70,2243,-252,2243,-250
30,-70,4577,-100,4577,-100
30,-70,6923,362,6923,350
30,-70,8636,256,8636,250
30,-70,9553,-360,9553,-350
30,-70,177,212,177,200
30,-70,7432,-526,7432,-550
30,-70,9653,-507,9653,-500
30,-70,2305,-674,2305,-650
30,-70,3912,-297,3912,-300
30,-70,4722,481,4722,500
30,-65,1206,-344,1206,-350
30,-65,4482,233,4482,250
30,-65,8639,-968,8639,-950
30,-65,5890,405,5890,400
30,-65,7478,417,7478,400
30,-65,6836,-749,6836,-750
30,-65,4463,-402,4463,-400
30,-65,6130,-131,6130,-150
30,-65,8934,598,8934,600
30,-65,6136,-775,6136,-800
30,-65,2091,-925,2091,-950
30,-65,4211,623,4211,600
30,-65,5292,840,5292,850
30,-65,6829,603,6829,600
30,-65,8231,455,8231,450
30,-65,9216,-143,9216,-150
30,-65,5316,-51,5316,-50
30,-65,8049,124,8049,100
30,-65,5160,675,5160,650
30,-65,7118,-274,7118,-250
30,-60,2230,487,2230,500
30,-60,2739,176,2739,200
30,-60,8897,-824,8897,-800
30,-60,9308,715,9308,700
30,-60,4950,544,4950,550
30,-60,516,850,516,850
30,-60,4167,603,4167,600
30,-60,293,2,293,0
30,-60,4260,-574,4260,-550
30,-60,2728,-163,2728,-150
30,-60,8748,-413,8748,-400
30,-60,6171,-649,6171,-650
30,-60,6266,-946,6266,-950
30,-60,3702,522,3702,500
30,-60,9331,-787,9331,-800
30,-60,8544,-885,8544,-900
30,-60,21,426,21,450
30,-60,7198,-823,7198,-800
30,-60,9263,-52,9263,-50
30,-60,4914,50,4914,50
30,-55,5599,-195,5599,-200
30,-55,9182,588,9182,600
30,-55,2914,-364,2914,-350
30,-55,7529,65,7529,50
30,-55,5648,651,5648,650
30,-55,1101,621,1101,600
30,-55,1073,442,1073,450
30,-55,4158,984,4158,1000
30,-55,6916,210,6916,200
30,-55,2347,-674,2347,-650
30,-55,5568,64,5568,50
30,-55,7332,690,7332,700
30,-55,3992,458,3992,450
30,-55,6501,-941,6501,-950
30,-55,7518,230,7518,250
30,-55,9025,831,9025,850
30,-55,7241,998,7241,1000
30,-55,269,-109,269,-100
30,-55,9533,886,9533,900
30,-55,9123,662,9123,650
30,-50,1645,-71,1645,-50
30,-50,3588,873,3588,850
30,-50,7240,-658,7240,-650
30,-50,6203,288,6203,300
30,-50,2162,802,2162,800
30,-50,1679,653,1679,650
30,-50,7931,34,7931,50
30,-50,4407,-889,4407,-900
30,-50,7715,-649,7715,-650
30,-50,573,-578,573,-600
30,-50,5305,-467,5305,-450
30,-50,4526,729,4526,750
30,-50,9747,35,9747,50
30,-50,1752,130,1752,150
30,-50,5039,-273,5039,-250
30,-50,5105,-359,5105,-350
30,-50,570,-255,570,-250
30,-50,4816,-401,4816,-400
30,-50,2902,381,2902,400
30,-50,9467,320,9467,300
30,-45,6527,342,6527,350
30,-45,9298,-776,9298,-800
30,-45,480,362,480,350
30,-45,4415,446,4415,450
30,-45,390,451,390,450
30,-45,9054,-106,9054,-100
30,-45,6276,-533,6276,-550
30,-45,9813,-300,9813,-300
30,-45,884,-99,884,-100
30,-45,7285,-959,7285,-950
30,-45,3315,572,3315,550
30,-45,6561,857,6561,850
30,-45,8102,-284,8102,-300
30,-45,6435,124,6435,100
30,-45,802,-3,802,0
30,-45,8200,-506,8200,-500
30,-45,1771,484,1771,500
30,-45,3373,-36,3373,-50
30,-45,5538,-439,5538,-450
30,-45,3539,-339,3539,-350
30,-40,3333,-60,3333,-50
30,-40,2848,346,2848,350
30,-40,8862,294,8862,300
30,-40,6587,-313,6587,-300
30,-40,4384,-52,4384,-50
30,-40,7722,-849,7722,-850
30,-40,1583,-711,1583,-700
30,-40,1968,970,1968,950
30,-40,2858,473,2858,450
30,-40,6688,-835,6688,-850
30,-40,8545,463,8545,450
30,-40,3794,-120,3794,-100
30,-40,8733,-849,8733,-850
30,-40,5545,-533,5545,-550
30,-40,9053,202,9053,200
30,-40,3700,-630,3700,-650
30,-40,6410,811,6410,800
30,-40,7811,-261,7811,-250
30,-40,6066,598,6066,600
30,-40,3949,670,3949,650
30,-35,2032,-59,2032,-50
30,-35,9414,944,9414,950
30,-35,1309,-114,1309,-100
30,-35,5888,860,5888,850
30,-35,5427,-220,5427,-200
30,-35,7972,848,7972,850
30,-35,8561,-623,8561,-600
30,-35,457,769,457,750
30,-35,2689,343,2689,350
30,-35,57,854,57,850
30,-35,854,597,854,600
30,-35,9062,776,9062,800
30,-35,4569,-650,4569,-650
30,-35,4757,-76,4757,-100
30,-35,223,-311,223,-300
30,-35,1279,526,1279,550
30,-35,8755,227,8755,250
30,-35,6469,52,6469,50
30,-35,2509,-427,2509,-450
30,-35,2670,768,2670,750
30,-30,2099,-454,2099,-450
30,-30,2446,541,2446,550
30,-30,6278,-915,6278,-900
30,-30,6725,-599,6725,-600
30,-30,6228,-619,6228,-600
30,-30,5470,216,5470,200
30,-30,7512,-429,7512,-450
30,-30,8082,-24,8082,0
30,-30,6490,764,6490,750
30,-30,3672,-340,3672,-350
30,-30,7661,941,7661,950
30,-30,845,955,845,950
30,-30,3469,-695,3469,-700
30,-30,6676,-268,6676,-250
30,-30,3512,-884,3512,-900
30,-30,4337,943,4337,950
30,-30,2469,-83,2469,-100
30,-30,538,862,538,850
30,-30,1524,32,1524,50
30,-30,1238,55,1238,50
30,-25,3649,838,3649,850
30,-25,9313,695,9313,700
30,-25,8408,689,8408,700
30,-25,147,-281,147,-300
30,-25,8338,382,8338,400
30,-25,4596,528,4596,550
30,-25,8516,377,8516,400
30,-25,8468,-496,8468,-500
30,-25,1252,940,1252,950
30,-25,8321,-23,8321,0
30,-25,6358,814,6358,800
30,-25,3737,-603,3737,-600
30,-25,9613,65,9613,50
30,-25,3351,445,3351,450
30,-25,6371,-469,6371,-450
30,-25,6277,-303,6277,-300
30,-25,8333,841,8333,850
30,-25,386,975,386,1000
30,-25,8162,-531,8162,-550
30,-25,7028,725,7028,700
30,-20,9755,2,9755,0
30,-20,4586,523,4586,500
30,-20,5601,-116,5601,-100
30,-20,7722,49,7722,50
30,-20,7850,294,7850,300
30,-20,5524,207,5524,200
30,-20,3726,-481,3726,-500
30,-20,4382,-408,4382,-400
30,-20,3227,188,3227,200
30,-20,7942,669,7942,650
30,-20,6229,-495,6229,-500
30,-20,1386,-864,1386,-850
30,-20,8173,-675,8173,-700
30,-20,8782,924,8782,900
30,-20,2720,362,2720,350
30,-20,9697,-964,9697,-950
30,-20,7610,-411,7610,-400
30,-20,1639,-817,1639,-800
30,-20,7650,947,7650,950
30,-20,872,428,872,450
30,-15,6879,855,6879,850
30,-15,6608,-664,6608,-650
30,-15,6166,924,6166,900
30,-15,1589,-973,1589,-950
30,-15,7801,-739,7801,-750
30,-15,7628,-791,7628,-800
30,-15,5360,-328,5360,-350
30,-15,5616,959,5616,950
30,-15,4613,-540,4613,-550
30,-15,1810,-57,1810,-50
30,-15,3566,-700,3566,-700
30,-15,4469,738,4469,750
30,-15,8609,-891,8609,-900
30,-15,3696,-712,3696,-700
30,-15,748,-475,748,-450
30,-15,6264,-33,6264,-50
30,-15,3610,932,3610,950
30,-15,3797,562,3797,550
30,-15,5435,474,5435,450
30,-15,18,-775,18,-800
30,-10,3822,-182,3822,-200
30,-10,5187,939,5187,950
30,-10,3862,-86,3862,-100
30,-10,187,-436,187,-450
30,-10,1989,720,1989,700
30,-10,5475,-670,5475,-650
30,-10,1594,-476,1594,-450
30,-10,4888,520,4888,500
30,-10,3648,-674,3648,-650
30,-10,4025,142,4025,150
30,-10,367,-392,367,-400
30,-10,1204,-758,1204,-750
30,-10,9106,450,9106,450
30,-10,6785,379,6785,400
30,-10,8979,136,8979,150
30,-10,1992,896,1992,900
30,-10,9817,-870,9817,-850
30,-10,4141,-943,4141,-950
30,-10,5191,-26,5191,-50
30,-10,3380,124,3380,100
30,-5,6918,-304,6918,-300
30,-5,9531,-108,9531,-100
30,-5,942,-6,942,0
30,-5,5444,200,5444,200
30,-5,9962,-399,9962,-400
30,-5,7423,734,7423,750
30,-5,7138,-310,7138,-300
30,-5,6921,247,6921,250
30,-5,9589,291,9589,300
30,-5,8420,-413,8420,-400
30,-5,5377,-137,5377,-150
30,-5,1191,178,1191,200
30,-5,1049,258,1049,250
30,-5,691,710,691,700
30,-5,2509,615,2509,600
30,-5,979,-461,979,-450
30,-5,5382,799,5382,800
30,-5,9957,119,9957,100
30,-5,5561,-890,5561,-900
30,-5,3411,-962,3411,-950
30,0,2111,-448,2111,-450
30,0,1962,-894,1962,-900
30,0,6159,695,6159,700
30,0,9421,229,9421,250
30,0,2977,-774,2977,-750
30,0,2634,-688,2634,-700
30,0,5417,-838,5417,-850
30,0,3579,-388,3579,-400
30,0,1775,218,1775,200
30,0,2072,313,2072,300
30,0,8735,-402,8735,-400
30,0,6342,185,6342,200
30,0,2068,-597,2068,-600
30,0,1070,22,1070,50
30,0,7513,488,7513,500
30,0,3334,-95,3334,-100
30,0,3688,258,3688,250
30,0,3401,551,3401,550
30,0,9515,-458,9515,-450
30,0,7033,394,7033,400
30,5,9360,650,9360,650
30,5,4858,-228,4858,-250
30,5,7766,749,7766,750
30,5,3635,-160,3635,-150
30,5,5890,183,5890,200
30,5,3154,804,3154,800
30,5,7378,866,7378,850
30,5,6662,-516,6662,-500
30,5,8336,47,8336,50
30,5,4025,326,4025,350
30,5,9353,-824,9353,-850
30,5,1979,-837,1979,-850
30,5,9714,105,9714,100
30,5,7171,-183,7171,-200
30,5,9304,42,9304,50
30,5,6149,-706,6149,-700
30,5,8194,699,8194,700
30,5,6921,948,6921,950
30,5,9422,33,9422,50
30,5,7006,-658,7006,-650
30,10,4155,497,4155,500
30,10,1138,326,1138,350
30,10,5297,-962,5297,-950
30,10,8304,-896,8304,-900
30,10,8511,871,8511,850
30,10,3773,697,3773,700
30,10,4094,603,4094,600
30,10,1816,-146,1816,-150
30,10,3513,889,3513,900
30,10,784,123,784,150
30,10,298,942,298,950
30,10,9562,-83,9562,-100
30,10,90,777,90,800
30,10,3576,-869,3576,-900
30,10,177,326,177,300
30,10,3627,815,3627,800
30,10,8514,267,8514,250
30,10,1629,-84,1629,-100
30,10,4169,-461,4169,-450
30,10,6947,933,6947,950
30,15,8775,421,8775,450
30,15,4604,-304,4604,-300
30,15,1026,774,1026,800
30,15,9384,-151,9384,-150
30,15,7352,701,7352,700
30,15,6092,801,6092,800
30,15,5668,565,5668,550
30,15,2591,-685,2591,-700
30,15,6291,203,6291,200
30,15,1418,907,1418,900
30,15,6108,637,6108,600
30,15,614,913,614,900
30,15,9922,-840,9922,-850
30,15,5735,-922,5735,-950
30,15,5186,235,5186,200
30,15,7230,-508,7230,-500
30,15,1041,130,1041,150
30,15,2189,796,2189,800
30,15,7352,-121,7352,-100
30,15,6619,-133,6619,-150
30,20,4683,597,4683,550
30,20,552,-119,552,-150
30,20,8536,335,8536,300
30,20,8331,-403,8331,-450
30,20,7915,-771,7915,-750
30,20,9597,982,9597,1000
30,20,9677,-671,9677,-700
30,20,4536,-305,4536,-300
30,20,5792,-140,5792,-100
30,20,9890,665,9890,650
30,20,2295,816,2295,850
30,20,9544,515,9544,550
30,20,2182,-512,2182,-500
30,20,36,718,36,700
30,20,8008,-550,8008,-550
30,20,5709,789,5709,800
30,20,9674,-541,9674,-550
30,20,1443,904,1443,900
30,20,7235,546,7235,550
30,20,8616,823,8616,800
30,25,3413,987,3413,950
30,25,9078,243,9078,250
30,25,8640,894,8640,900
30,25,5500,790,5500,850
30,25,5570,-322,5570,-250
30,25,5980,164,5980,200
30,25,2251,219,2251,250
30,25,7692,433,7692,450
30,25,9377,-904,9377,-950
30,25,6848,-813,6848,-800
30,25,1689,-793,1689,-750
30,25,1668,636,1668,600
30,25,8742,-770,8742,-800
30,25,4569,-451,4569,-450
30,25,2449,-111,2449,-50
30,25,5656,544,5656,600
30,25,1077,-492,1077,-450
30,25,104,704,104,700
30,25,6636,-926,6636,-950
30,25,9903,-993,9903,-1000
30,30,4871,-710,4871,-700
30,30,8747,-571,8747,-550
30,30,4530,509,4530,550
30,30,481,-874,481,-750
30,30,6419,-323,6419,-300
30,30,6573,179,6573,200
30,30,1516,635,1516,650
30,30,6967,-102,6967,-200
30,30,5683,-559,5683,-600
30,30,6058,-389,6058,-450
30,30,2684,757,2685,650
30,30,5044,-257,5044,-300
30,30,1361,-756,1360,-950
30,30,1907,-811,1907,-800
30,30,6544,-536,6544,-400
30,30,3208,219,3208,150
30,30,5140,-321,5140,-450
30,30,2314,43,6306,800
30,30,763,-541,763,-350
30,30,8837,-592,8837,-550
30,35,8998,-46,6306,800
30,35,3931,-158,6306,800
30,35,869,246,6306,800
30,35,7660,235,6306,800
30,35,6724,551,6306,800
30,35,490,-480,6306,800
30,35,98,-200,6306,800
30,35,4134,-963,6306,800
30,35,3185,-209,6306,800
30,35,9407,-492,6306,800
30,35,3609,683,6306,800
30,35,3510,137,3511,-50
30,35,5987,998,6306,800
30,35,1234,-830,6306,800
30,35,9281,-441,6306,800
30,35,1463,535,6306,800
30,35,5723,628,6306,800
30,35,7877,253,6306,800
30,35,3708,757,6306,800
30,35,2258,686,6306,800
30,40,4499,-914,6306,800
30,40,8379,-959,6306,800
30,40,1723,435,6306,800
30,40,4449,-982,6306,800
30,40,7929,282,6306,800
30,40,3593,-668,6306,800
30,40,1786,221,6306,800
30,40,6810,-959,6306,800
30,40,3068,-706,6306,800
30,40,3591,-771,6306,800
30,40,1601,760,6306,800
30,40,4558,-248,6306,800
30,40,8360,58,6306,800
30,40,9123,-606,6306,800
30,40,1299,218,6306,800
30,40,1883,-725,6306,800
30,40,3861,-5,6306,800
30,40,7243,-898,6306,800
30,40,8580,-521,6306,800
30,40,5920,-99,6306,800
30,45,9746,-220,6306,800
30,45,396,176,6306,800
30,45,4663,160,6306,800
30,45,7229,-154,6306,800
30,45,9792,479,6306,800
30,45,8000,409,6306,800
30,45,5594,763,6306,800
30,45,5684,-359,6306,800
30,45,4483,178,6306,800
30,45,243,-677,6306,800
30,45,7820,27,6306,800
30,45,2928,-343,6306,800
30,45,9803,320,6306,800
30,45,6562,66,6306,800
30,45,8314,48,6306,800
30,45,7592,909,6306,800
30,45,3539,-266,6306,800
30,45,3130,-725,6306,800
30,45,7240,-944,6306,800
30,45,8896,652,6306,800
30,50,8227,56,6306,800
30,50,107,398,6306,800
30,50,2850,418,6306,800
30,50,6918,613,6306,800
30,50,165,-357,6306,800
30,50,8356,-635,6306,800
30,50,3341,574,6306,800
30,50,5662,-172,6306,800
30,50,5846,134,6306,800
30,50,808,951,6306,800
30,50,9044,34,6306,800
30,50,2925,-887,6306,800
30,50,5893,431,6306,800
30,50,9883,8,6306,800
30,50,4045,-966,6306,800
30,50,5859,803,6306,800
30,50,543,-847,6306,800
30,50,1857,-141,6306,800
30,50,2514,-861,6306,800
30,50,8897,380,6306,800
35,-100,9023,316,9023,300
35,-100,138,-649,138,-650
35,-100,1299,531,1299,550
35,-100,2384,812,2384,800
35,-100,9706,-295,9706,-300
35,-100,446,-42,446,-50
35,-100,2493,395,2493,400
35,-100,9142,-56,9142,-50
35,-100,1911,355,1911,350
35,-100,771,-616,771,-600
35,-100,7647,489,7647,500
35,-100,4920,-867,4920,-850
35,-100,4183,-977,4183,-1000
35,-100,7780,-908,7780,-900
35,-100,8207,-896,8207,-900
35,-100,4473,991,4473,1000
35,-100,9695,898,9695,900
35,-100,2315,-960,2315,-950
35,-100,114,-485,114,-500
35,-100,335,-280,335,-300
35,-95,7718,-473,7718,-450
35,-95,2065,422,2065,400
35,-95,1451,188,1451,200
35,-95,5009,-894,5009,-900
35,-95,5540,223,5540,200
35,-95,344,763,344,750
35,-95,2326,-293,2326,-300
35,-95,3643,887,3643,900
35,-95,8006,-625,8006,-650
35,-95,6078,794,6078,800
35,-95,7154,-606,7154,-600
35,-95,8385,-65,8385,-50
35,-95,9436,-601,9436,-600
35,-95,7334,-714,7334,-700
35,-95,1860,455,1860,450
35,-95,7262,-421,7262,-400
35,-95,3495,111,3495,100
35,-95,1139,-749,1139,-750
35,-95,2227,-798,2227,-800
35,-95,979,206,979,200
35,-90,1415,588,1415,600
35,-90,9039,281,9039,300
35,-90,4172,-991,4172,-1000
35,-90,2388,-763,2388,-750
35,-90,7829,-398,7829,-400
35,-90,5054,489,5054,500
35,-90,6152,943,6152,950
35,-90,1428,887,1428,900
35,-90,9397,-316,9397,-300
35,-90,838,384,838,400
35,-90,7906,-886,7906,-900
35,-90,6808,645,6808,650
35,-90,8989,-96,8989,-100
35,-90,5448,573,5448,550
35,-90,9640,185,9640,200
35,-90,7311,892,7311,900
35,-90,9424,930,9424,950
35,-90,6575,682,6575,700
35,-90,2361,824,2361,800
35,-90,6322,640,6322,650
35,-85,6176,514,6176,500
35,-85,8248,530,8248,550
35,-85,1989,743,1989,750
35,-85,8755,9,8755,0
35,-85,9433,265,9433,250
35,-85,1408,902,1408,900
35,-85,249,124,249,100
35,-85,7975,-761,7975,-750
35,-85,9714,-318,9714,-300
35,-85,9602,-183,9602,-200
35,-85,2689,152,2689,150
35,-85,1233,-724,1233,-700
35,-85,2327,346,2327,350
35,-85,7080,-934,7080,-950
35,-85,2748,779,2748,800
35,-85,5515,558,5515,550
35,-85,5875,-284,5875,-300
35,-85,5135,305,5135,300
35,-85,8234,957,8234,950
35,-85,962,225,962,250
35,-80,2764,499,2764,500
35,-80,5215,-157,5215,-150
35,-80,6349,-785,6349,-800
35,-80,7149,-865,7149,-850
35,-80,7133,-287,7133,-300
35,-80,9749,799,9749,800
35,-80,1816,-321,1816,-300
35,-80,1404,599,1404,600
35,-80,7825,707,7825,700
35,-80,8476,-78,8476,-100
35,-80,2813,12,2813,0
35,-80,5696,124,5696,100
35,-80,7040,937,7040,950
35,-80,5768,-569,5768,-550
35,-80,3897,-843,3897,-850
35,-80,2915,-763,2915,-750
35,-80,9167,-552,9167,-550
35,-80,7110,467,7110,450
35,-80,739,-670,739,-650
35,-80,5164,-617,5164,-600
35,-75,3099,442,3099,450
35,-75,7938,-15,7938,0
35,-75,5319,-163,5319,-150
35,-75,1780,-245,1780,-250
35,-75,1838,951,1838,950
35,-75,9053,-165,9053,-150
35,-75,6541,-74,6541,-50
35,-75,1324,-1000,1324,-1000
35,-75,6804,303,6804,300
35,-75,3343,782,3343,800
35,-75,2004,179,2004,200
35,-75,6959,360,6959,350
35,-75,9531,144,9531,150
35,-75,8986,859,8986,850
35,-75,5681,659,5681,650
35,-75,8320,-141,8320,-150
35,-75,1334,69,1334,50
35,-75,2519,-603,2519,-600
35,-75,2668,979,2668,1000
35,-75,3025,-794,3025,-800
35,-70,6847,866,6847,850
35,-70,6700,879,6700,900
35,-70,2214,997,2214,1000
35,-70,3766,-638,3766,-650
35,-70,3291,-950,3291,-950
35,-70,6063,397,6063,400
35,-70,3564,-700,3564,-700
35,-70,9962,297,9962,300
35,-70,9610,906,9610,900
35,-70,5257,896,5257,900
35,-70,515,364,515,350
35,-70,6103,-861,6103,-850
35,-70,5678,-622,5678,-600
35,-70,3852,-316,3852,-300
35,-70,6183,759,6183,750
35,-70,9380,-380,9380,-400
35,-70,9209,-972,9209,-950
35,-70,626,-261,626,-250
35,-70,936,-946,936,-950
35,-70,3169,-793,3169,-800
35,-65,3254,-545,3254,-550
35,-65,2867,-831,2867,-850
35,-65,9655,201,9655,200
35,-65,9988,959,9988,950
35,-65,6824,-513,6824,-500
35,-65,2137,-843,2137,-850
35,-65,7951,-27,7951,-50
35,-65,9473,-199,9473,-200
35,-65,330,827,330,850
35,-65,9135,-145,9135,-150
35,-65,7107,376,7107,400
35,-65,6725,-68,6725,-50
35,-65,9963,43,9963,50
35,-65,7599,874,7599,850
35,-65,2438,-844,2438,-850
35,-65,4302,-203,4302,-200
35,-65,7964,673,7964,650
35,-65,6453,-834,6453,-850
35,-65,9627,207,9627,200
35,-65,6274,420,6274,400
35,-60,3378,9,3378,0
35,-60,4996,-358,4996,-350
35,-60,6577,-401,6577,-400
35,-60,7597,354,7597,350
35,-60,1417,271,1417,250
35,-60,1591,-611,1591,-600
35,-60,9876,-165,9876,-150
35,-60,6671,-750,6671,-750
35,-60,3254,442,3254,450
35,-60,376,234,376,250
35,-60,5381,172,5381,150
35,-60,7416,727,7416,750
35,-60,6804,-632,6804,-650
35,-60,2633,19,2633,0
35,-60,5292,959,5292,950
35,-60,6567,-254,6567,-250
35,-60,4807,-410,4807,-400
35,-60,7611,434,7611,450
35,-60,3666,-663,3666,-650
35,-60,6381,157,6381,150
35,-55,7637,544,7637,550
35,-55,1308,-782,1308,-800
35,-55,6694,741,6694,750
35,-55,9458,614,9458,600
35,-55,7067,-897,7067,-900
35,-55,9207,870,9207,850
35,-55,551,-447,551,-450
35,-55,7142,421,7142,400
35,-55,1071,523,1071,500
35,-55,7193,-763,7193,-750
35,-55,9282,20,9282,0
35,-55,6089,547,6089,550
35,-55,9489,-472,9489,-450
35,-55,9906,-786,9906,-800
35,-55,6097,677,6097,700
35,-55,7418,-392,7418,-400
35,-55,924,581,924,600
35,-55,3096,-872,3096,-850
35,-55,7822,-355,7822,-350
35,-55,4953,774,4953,750
35,-50,2998,-573,2998,-550
35,-50,7668,-185,7668,-200
35,-50,709,-807,709,-800
35,-50,4856,-756,4856,-750
35,-50,3843,200,3843,200
35,-50,7910,-136,7910,-150
35,-50,6970,511,6970,500
35,-50,2145,697,2145,700
35,-50,4126,-734,4126,-750
35,-50,2657,995,2657,1000
35,-50,7011,901,7011,900
35,-50,9293,297,9293,300
35,-50,8214,-162,8214,-150
35,-50,4900,821,4900,800
35,-50,3850,-84,3850,-100
35,-50,393,-40,393,-50
35,-50,7004,613,7004,600
35,-50,225,-508,225,-500
35,-50,3548,487,3548,500
35,-50,955,-138,955,-150
35,-45,3611,-638,3611,-650
35,-45,4150,-314,4150,-300
35,-45,2368,225,2368,250
35,-45,2218,155,2218,150
35,-45,6616,506,6616,500
35,-45,452,-26,452,-50
35,-45,7750,226,7750,250
35,-45,160,459,160,450
35,-45,6198,773,6198,750
35,-45,5612,323,5612,300
35,-45,8792,308,8792,300
35,-45,4891,994,4891,1000
35,-45,5204,952,5204,950
35,-45,5650,-989,5650,-1000
35,-45,7734,937,7734,950
35,-45,894,-883,894,-900
35,-45,2550,-227,2550,-250
35,-45,3219,958,3219,950
35,-45,6614,-454,6614,-450
35,-45,65,411,65,400
35,-40,8559,151,8559,150
35,-40,9495,-480,9495,-500
35,-40,2173,997,2173,1000
35,-40,1104,531,1104,550
35,-40,7590,233,7590,250
35,-40,9263,306,9263,300
35,-40,6814,-777,6814,-800
35,-40,9965,529,9965,550
35,-40,2683,-262,2683,-250
35,-40,2016,431,2016,450
35,-40,5069,-745,5069,-750
35,-40,6161,-443,6161,-450
35,-40,74,556,74,550
35,-40,1146,-376,1146,-400
35,-40,3244,700,3244,700
35,-40,6400,-168,6400,-150
35,-40,6111,-901,6111,-900
35,-40,997,-95,997,-100
35,-40,4025,-361,4025,-350
35,-40,8837,-404,8837,-400
35,-35,2269,817,2269,800
35,-35,7847,618,7847,600
35,-35,2221,-660,2221,-650
35,-35,1456,-388,1456,-400
35,-35,2104,-82,2104,-100
35,-35,5622,666,5622,650
35,-35,6998,-135,6998,-150
35,-35,4767,701,4767,700
35,-35,5748,958,5748,950
35,-35,1639,-203,1639,-200
35,-35,759,172,759,150
35,-35,3382,-865,3382,-850
35,-35,5232,-992,5232,-1000
35,-35,4705,-153,4705,-150
35,-35,8942,32,8942,50
35,-35,330,588,330,600
35,-35,7926,-675,7926,-700
35,-35,2946,774,2946,750
35,-35,3572,401,3572,400
35,-35,153,-584,153,-600
35,-30,2057,-735,2057,-750
35,-30,4312,380,4312,400
35,-30,1541,-268,1541,-250
35,-30,4435,173,4435,150
35,-30,6820,-544,6820,-550
35,-30,8006,-127,8006,-150
35,-30,1125,448,1125,450
35,-30,2092,477,2092,500
35,-30,4190,-451,4190,-450
35,-30,5313,407,5313,400
35,-30,2839,-287,2839,-300
35,-30,8066,-165,8066,-150
35,-30,4205,-779,4205,-800
35,-30,5404,624,5404,600
35,-30,2050,870,2050,850
35,-30,1480,375,1480,400
35,-30,5427,996,5427,1000
35,-30,1002,432,1002,450
35,-30,2949,70,2949,50
35,-30,6899,733,6899,750
35,-25,3520,-304,3520,-300
35,-25,6395,578,6395,600
35,-25,6874,96,6874,100
35,-25,4805,-693,4805,-700
35,-25,2023,367,2023,350
35,-25,8209,46,8209,50
35,-25,2106,981,2106,1000
35,-25,1350,-794,1350,-800
35,-25,5828,-27,5828,-50
35,-25,7915,104,7915,100
35,-25,5562,-197,5562,-200
35,-25,2707,-314,2707,-300
35,-25,7852,-626,7852,-650
35,-25,1645,370,1645,350
35,-25,8014,210,8014,200
35,-25,1024,-844,1024,-850
35,-25,8681,-63,8681,-50
35,-25,9445,948,9445,950
35,-25,5805,39,5805,50
35,-25,4866,691,4866,700
35,-20,8202,-50,8202,-50
35,-20,1347,666,1347,650
35,-20,3380,283,3380,300
35,-20,9750,532,9750,550
35,-20,7862,-819,7862,-800
35,-20,1301,-64,1301,-50
35,-20,8553,-699,8553,-700
35,-20,3624,585,3624,600
35,-20,1900,-673,1900,-650
35,-20,5820,-800,5820,-800
35,-20,6379,696,6379,700
35,-20,9657,120,9657,100
35,-20,6343,854,6343,850
35,-20,5378,-717,5378,-700
35,-20,4552,-587,4552,-600
35,-20,376,28,376,50
35,-20,2480,208,2480,200
35,-20,5453,756,5453,750
35,-20,5844,-30,5844,-50
35,-20,7857,-472,7857,-450
35,-15,9370,-450,9370,-450
35,-15,924,225,924,250
35,-15,2844,590,2844,600
35,-15,4979,-342,4979,-350
35,-15,8117,-722,8117,-700
35,-15,3458,-173,3458,-150
35,-15,2182,-290,2182,-300
35,-15,5920,-538,5920,-550
35,-15,2195,-899,2195,-900
35,-15,3117,-317,3117,-300
35,-15,4933,608,4933,600
35,-15,1507,-516,1507,-500
35,-15,2305,257,2305,250
35,-15,2528,797,2528,800
35,-15,2037,817,2037,800
35,-15,5970,32,5970,50
35,-15,8433,166,8433,150
35,-15,7150,69,7150,50
35,-15,6394,-756,6394,-750
35,-15,3064,848,3064,850
35,-10,3360,908,3360,900
35,-10,9889,-56,9889,-50
35,-10,9884,-62,9884,-50
35,-10,654,-894,654,-900
35,-10,3222,-327,3222,-350
35,-10,8254,-271,8254,-250
35,-10,5456,771,5456,750
35,-10,264,-420,264,-400
35,-10,1982,-654,1982,-650
35,-10,7169,-825,7169,-800
35,-10,9199,739,9199,750
35,-10,9824,600,9824,600
35,-10,2810,62,2810,50
35,-10,5995,33,5995,50
35,-10,4285,388,4285,400
35,-10,9503,-305,9503,-300
35,-10,3390,-748,3390,-750
35,-10,5485,-340,5485,-350
35,-10,9136,-817,9136,-800
35,-10,3378,616,3378,600
35,-5,3084,225,3084,250
35,-5,3464,273,3464,250
35,-5,7171,270,7171,250
35,-5,8751,-631,8751,-650
35,-5,9400,35,9400,50
35,-5,4058,-377,4058,-400
35,-5,452,206,452,200
35,-5,1427,664,1427,650
35,-5,9944,-130,9944,-150
35,-5,1039,615,1039,600
35,-5,4558,-747,4558,-750
35,-5,437,-539,437,-550
35,-5,1673,-482,1673,-500
35,-5,5823,111,5823,100
35,-5,2519,78,2519,100
35,-5,4824,325,4824,300
35,-5,4853,489,4853,500
35,-5,3884,723,3884,700
35,-5,9877,7,9877,0
35,-5,1156,828,1156,850
35,0,3177,99,3177,100
35,0,5769,990,5769,1000
35,0,8076,224,8076,250
35,0,62,-979,62,-950
35,0,8686,-605,8686,-600
35,0,5690,68,5690,50
35,0,4180,692,4180,700
35,0,6410,-364,6410,-350
35,0,4099,-519,4099,-500
35,0,1632,182,1632,200
35,0,3252,-91,3252,-100
35,0,4388,987,4388,1000
35,0,3442,623,3442,600
35,0,1682,893,1682,900
35,0,9389,-319,9389,-300
35,0,8199,287,8199,300
35,0,5030,-217,5030,-200
35,0,2669,611,2669,600
35,0,3834,310,3834,300
35,0,4873,476,4873,500
35,5,610,898,610,900
35,5,7584,373,7584,350
35,5,7676,461,7676,450
35,5,9317,650,9317,650
35,5,6730,806,6730,800
35,5,9045,-153,9045,-150
35,5,3397,655,3397,650
35,5,1992,-596,1992,-600
35,5,4816,-451,4816,-450
35,5,7807,-290,7807,-300
35,5,8924,-346,8924,-350
35,5,8897,707,8897,700
35,5,5099,-823,5099,-800
35,5,9257,-25,9257,0
35,5,9377,-429,9377,-450
35,5,6283,-395,6283,-400
35,5,8112,-377,8112,-400
35,5,7789,110,7789,100
35,5,6092,-559,6092,-550
35,5,3039,251,3039,250
35,10,8106,561,8106,550
35,10,4976,-331,4976,-350
35,10,9742,-87,9742,-100
35,10,2231,-713,2231,-700
35,10,5886,816,5886,800
35,10,6230,328,6230,300
35,10,1099,577,1099,600
35,10,5067,-274,5067,-300
35,10,5289,649,5289,650
35,10,4541,-189,4541,-200
35,10,3756,-995,3756,-1000
35,10,3845,619,3845,600
35,10,2438,642,2438,650
35,10,7111,-500,7111,-500
35,10,7056,304,7056,300
35,10,993,-935,993,-950
35,10,4986,202,4986,200
35,10,6254,-47,6254,-50
35,10,8709,844,8709,850
35,10,3004,-107,3004,-100
35,15,9595,851,9595,850
35,15,2543,143,2543,150
35,15,2112,137,2112,150
35,15,4447,684,4447,700
35,15,3620,-992,3620,-1000
35,15,3882,-931,3882,-900
35,15,4174,-319,4174,-300
35,15,9383,-277,9383,-250
35,15,1088,635,1088,650
35,15,7017,317,7017,350
35,15,7797,-426,7797,-400
35,15,9040,-881,9040,-900
35,15,785,-871,785,-850
35,15,5575,-125,5575,-150
35,15,6077,-706,6077,-700
35,15,1369,-971,1369,-1000
35,15,3307,-919,3307,-900
35,15,1266,-886,1266,-900
35,15,2759,520,2759,500
35,15,5412,-851,5412,-850
35,20,7308,-38,7308,-50
35,20,5128,834,5128,800
35,20,5326,-884,5326,-900
35,20,2181,-348,2181,-350
35,20,2855,171,2855,150
35,20,8259,-779,8259,-750
35,20,1283,-417,1283,-450
35,20,2892,-830,2892,-850
35,20,2666,-138,2666,-150
35,20,1952,-588,1952,-600
35,20,7716,654,7716,650
35,20,9838,-187,9838,-150
35,20,3565,156,3565,150
35,20,9725,-154,9725,-150
35,20,4355,160,4355,200
35,20,3651,73,3651,50
35,20,3714,826,3714,850
35,20,27,-873,27,-800
35,20,6533,-981,6533,-1000
35,20,9841,-457,9841,-400
35,25,1017,772,1017,800
35,25,2425,621,2425,650
35,25,4503,-137,4503,-150
35,25,7574,-225,7574,-250
35,25,9033,869,9033,1000
35,25,5010,-656,5010,-650
35,25,5016,-277,5016,-300
35,25,1423,-275,1423,-250
35,25,6668,-71,6668,-50
35,25,6071,359,6071,400
35,25,7234,-87,7234,-150
35,25,4889,-658,4889,-650
35,25,8796,581,8796,500
35,25,876,357,876,400
35,25,899,274,899,150
35,25,9171,56,9171,0
35,25,757,-953,757,-1000
35,25,5938,649,5938,600
35,25,2909,696,2909,750
35,25,9767,-99,9767,-100
35,30,6728,313,6306,800
35,30,4298,295,4298,550
35,30,9151,-422,6306,800
35,30,8286,-738,8286,-850
35,30,1483,-441,1483,-350
35,30,3111,-504,3111,-500
35,30,6911,725,6911,700
35,30,3805,788,3805,850
35,30,2133,484,2133,550
35,30,8147,56,8147,-50
35,30,9007,314,9008,400
35,30,9660,-827,9660,-800
35,30,8514,-385,8515,-600
35,30,4030,-924,4030,-1000
35,30,9004,187,6306,800
35,30,983,-289,983,-250
35,30,5148,321,5147,350
35,30,4394,-23,4394,-100
35,30,7449,-984,7449,-950
35,30,8083,440,8083,600
35,35,9750,-864,6306,800
35,35,7875,290,6306,800
35,35,3121,-493,6306,800
35,35,3833,-895,6306,800
35,35,3688,-643,6306,800
35,35,9359,-239,6306,800
35,35,5173,83,6306,800
35,35,3308,430,6306,800
35,35,6711,257,6306,800
35,35,1089,313,6306,750
35,35,2008,-571,6306,800
35,35,1673,454,6306,800
35,35,6028,833,6306,800
35,35,575,-305,6306,800
35,35,2362,-152,6306,800
35,35,265,221,6306,800
35,35,8073,91,6306,800
35,35,5198,0,6306,800
35,35,7053,168,6306,800
35,35,3536,-933,6306,800
35,40,7650,902,6306,800
35,40,698,-229,6306,800
35,40,5735,929,6306,800
35,40,7412,-239,6306,800
35,40,2504,506,6306,800
35,40,7758,295,6306,800
35,40,570,988,6306,800
35,40,7471,-492,6306,800
35,40,2288,300,6306,800
35,40,467,-442,6306,800
35,40,6948,547,6306,800
35,40,1106,693,6306,800
35,40,1319,-321,6306,800
35,40,7123,881,6306,800
35,40,3755,-245,6306,800
35,40,1387,-808,6306,800
35,40,7036,-647,6306,800
35,40,1933,305,6306,800
35,40,1182,-62,6306,800
35,40,4679,-485,6306,800
35,45,1418,-249,6306,800
35,45,8607,369,6306,800
35,45,5310,395,6306,800
35,45,3973,-732,6306,800
35,45,9928,-173,6306,800
35,45,6785,591,6306,800
35,45,14,-202,6306,800
35,45,5858,964,6306,800
35,45,9771,819,6306,800
35,45,4576,-118,6306,800
35,45,9192,-165,6306,800
35,45,5701,-761,6306,800
35,45,3318,-513,6306,800
35,45,1065,881,6306,800
35,45,6523,397,6306,800
35,45,663,194,6306,800
35,45,3244,-574,6306,800
35,45,2700,-315,6306,800
35,45,2906,487,6306,800
35,45,5282,-641,6306,800
35,50,8104,715,6306,800
35,50,9793,-2,6306,800
35,50,3108,542,6306,800
35,50,2171,179,6306,800
35,50,1083,-493,6306,800
35,50,9707,343,6306,800
35,50,50,956,6306,800
35,50,3794,362,6306,800
35,50,5610,623,6306,800
35,50,1667,102,6306,800
35,50,3884,295,6306,800
35,50,2932,836,6306,800
35,50,8914,-964,6306,800
35,50,1979,-98,6306,800
35,50,882,-968,6306,800
35,50,4767,366,6306,800
35,50,8103,-884,6306,800
35,50,8217,456,6306,800
35,50,1349,-561,6306,800
35,50,7635,-498,6306,800
40,-100,2446,550,2446,550
40,-100,7234,-239,7234,-250
40,-100,1439,-546,1439,-550
40,-100,77,681,77,700
40,-100,5599,133,5599,150
40,-100,967,-925,967,-950
40,-100,3106,872,3106,850
40,-100,8526,571,8526,550
40,-100,197,286,197,300
40,-100,3629,-597,3629,-600
40,-100,4319,-488,4319,-500
40,-100,4753,-322,4753,-300
40,-100,9716,-38,9716,-50
40,-100,8760,855,8760,850
40,-100,9942,751,9942,750
40,-100,9121,-309,9121,-300
40,-100,1446,472,1446,450
40,-100,3843,832,3843,850
40,-100,540,432,540,450
40,-100,9883,-197,9883,-200
40,-95,605,-978,605,-1000
40,-95,1094,-6,1094,0
40,-95,7856,-274,7856,-250
40,-95,3198,-517,3198,-500
40,-95,4158,148,4158,150
40,-95,8130,-899,8130,-900
40,-95,8994,710,8994,700
40,-95,9725,-452,9725,-450
40,-95,9647,320,9647,300
40,-95,5924,144,5924,150
40,-95,6411,-448,6411,-450
40,-95,7423,391,7423,400
40,-95,3500,-564,3500,-550
40,-95,5085,119,5085,100
40,-95,4963,-863,4963,-850
40,-95,3001,-169,3001,-150
40,-95,8976,-33,8976,-50
40,-95,6642,-891,6642,-900
40,-95,3925,-904,3925,-900
40,-95,396,-480,396,-500
40,-90,8913,-134,8913,-150
40,-90,574,-893,574,-900
40,-90,2604,-965,2604,-950
40,-90,681,-135,681,-150
40,-90,890,-854,890,-850
40,-90,5008,397,5008,400
40,-90,136,762,136,750
40,-90,6776,365,6776,350
40,-90,4123,-684,4123,-700
40,-90,2098,-841,2098,-850
40,-90,454,-552,454,-550
40,-90,51,141,51,150
40,-90,1654,-564,1654,-550
40,-90,7694,-574,7694,-550
40,-90,2002,336,2002,350
40,-90,5265,257,5265,250
40,-90,4084,-269,4084,-250
40,-90,4769,757,4769,750
40,-90,7241,-975,7241,-1000
40,-90,171,-182,171,-200
40,-85,4821,-900,4821,-900
40,-85,9668,57,9668,50
40,-85,7653,-554,7653,-550
40,-85,3803,-592,3803,-600
40,-85,8691,815,8691,800
40,-85,6769,612,6769,600
40,-85,116,-388,116,-400
40,-85,8722,167,8722,150
40,-85,9676,-460,9676,-450
40,-85,2496,118,2496,100
40,-85,7458,6,7458,0
40,-85,7390,-697,7390,-700
40,-85,3579,72,3579,50
40,-85,3521,-493,3521,-500
40,-85,5196,837,5196,850
40,-85,5957,-370,5957,-350
40,-85,4218,-165,4218,-150
40,-85,193,401,193,400
40,-85,453,-656,453,-650
40,-85,6125,61,6125,50
40,-80,3948,-376,3948,-400
40,-80,5672,127,5672,150
40,-80,4768,13,4768,0
40,-80,4639,294,4639,300
40,-80,2590,-60,2590,-50
40,-80,2704,-558,2704,-550
40,-80,2514,94,2514,100
40,-80,6726,90,6726,100
40,-80,2995,-588,2995,-600
40,-80,9108,152,9108,150
40,-80,9899,-813,9899,-800
40,-80,6696,-234,6696,-250
40,-80,4095,692,4095,700
40,-80,8981,166,8981,150
40,-80,8415,-491,8415,-500
40,-80,8333,571,8333,550
40,-80,1972,-360,1972,-350
40,-80,529,-999,529,-1000
40,-80,188,212,188,200
40,-80,7674,-287,7674,-300
40,-75,8708,-994,8708,-1000
40,-75,4387,-56,4387,-50
40,-75,8006,680,8006,700
40,-75,3344,-91,3344,-100
40,-75,7402,-692,7402,-700
40,-75,6384,345,6384,350
40,-75,3227,-204,3227,-200
40,-75,3957,-82,3957,-100
40,-75,6760,-389,6760,-400
40,-75,9783,56,9783,50
40,-75,8914,-272,8914,-250
40,-75,1690,-584,1690,-600
40,-75,9496,-510,9496,-500
40,-75,3017,-89,3017,-100
40,-75,1509,206,1509,200
40,-75,3541,411,3541,400
40,-75,744,-218,744,-200
40,-75,82,226,82,250
40,-75,4109,277,4109,300
40,-75,5757,430,5757,450
40,-70,8109,-286,8109,-300
40,-70,4719,-498,4719,-500
40,-70,2369,-400,2369,-400
40,-70,5710,561,5710,550
40,-70,8087,181,8087,200
40,-70,4453,236,4453,250
40,-70,1799,-541,1799,-550
40,-70,478,-499,478,-500
40,-70,6820,728,6820,750
40,-70,964,11,964,0
40,-70,4137,-424,4137,-400
40,-70,9173,721,9173,700
40,-70,2400,-387,2400,-400
40,-70,6617,586,6617,600
40,-70,1774,525,1774,500
40,-70,9970,782,9970,800
40,-70,5223,786,5223,800
40,-70,7149,496,7149,500
40,-70,4021,661,4021,650
40,-70,7621,593,7621,600
40,-65,8563,944,8563,950
40,-65,1322,-690,1322,-700
40,-65,148,985,148,1000
40,-65,5591,-556,5591,-550
40,-65,3918,886,3918,900
40,-65,8576,698,8576,700
40,-65,529,-446,529,-450
40,-65,557,196,557,200
40,-65,2609,755,2609,750
40,-65,8620,-562,8620,-550
40,-65,2488,847,2488,850
40,-65,3015,411,3015,400
40,-65,4540,232,4540,250
40,-65,6025,-823,6025,-800
40,-65,5606,568,5606,550
40,-65,1980,-52,1980,-50
40,-65,5424,668,5424,650
40,-65,326,-938,326,-950
40,-65,1544,523,1544,500
40,-65,4668,459,4668,450
40,-60,4880,-631,4880,-650
40,-60,6727,397,6727,400
40,-60,9864,235,9864,250
40,-60,5176,-619,5176,-600
40,-60,6148,-12,6148,0
40,-60,1289,802,1289,800
40,-60,631,-876,631,-900
40,-60,1134,-974,1134,-950
40,-60,210,-383,210,-400
40,-60,9032,244,9032,250
40,-60,8373,-536,8373,-550
40,-60,9458,-604,9458,-600
40,-60,2589,587,2589,600
40,-60,3860,644,3860,650
40,-60,5501,-361,5501,-350
40,-60,640,-821,640,-800
40,-60,1553,-521,1553,-500
40,-60,520,347,520,350
40,-60,5201,556,5201,550
40,-60,3148,513,3148,500
40,-55,2293,-649,2293,-650
40,-55,8523,-341,8523,-350
40,-55,7195,432,7195,450
40,-55,3245,499,3245,500
40,-55,6991,951,6991,950
40,-55,612,-486,612,-500
40,-55,1156,-144,1156,-150
40,-55,9354,-866,9354,-850
40,-55,2196,85,2196,100
40,-55,8082,350,8082,350
40,-55,514,421,514,400
40,-55,4927,-838,4927,-850
40,-55,3627,-526,3627,-550
40,-55,9507,-310,9507,-300
40,-55,9075,-982,9075,-1000
40,-55,6687,-115,6687,-100
40,-55,5597,124,5597,100
40,-55,3833,-445,3833,-450
40,-55,7818,570,7818,550
40,-55,7648,674,7648,650
40,-50,8896,-743,8896,-750
40,-50,9722,-616,9722,-600
40,-50,3024,-822,3024,-800
40,-50,4241,-438,4241,-450
40,-50,5775,-179,5775,-200
40,-50,9864,69,9864,50
40,-50,8664,593,8664,600
40,-50,2667,-941,2667,-950
40,-50,7014,-301,7014,-300
40,-50,5073,-344,5073,-350
40,-50,7813,-234,7813,-250
40,-50,8592,-28,8592,-50
40,-50,4562,747,4562,750
40,-50,2451,34,2451,50
40,-50,3144,851,3144,850
40,-50,2811,991,2811,1000
40,-50,2426,-105,2426,-100
40,-50,4583,-706,4583,-700
40,-50,9408,969,9408,950
40,-50,7630,-278,7630,-300
40,-45,9009,770,9009,750
40,-45,4273,-340,4273,-350
40,-45,3562,-183,3562,-200
40,-45,909,32,909,50
40,-45,8039,39,8039,50
40,-45,7062,732,7062,750
40,-45,7970,36,7970,50
40,-45,3232,-803,3232,-800
40,-45,3379,-269,3379,-250
40,-45,3645,753,3645,750
40,-45,6921,-662,6921,-650
40,-45,7603,-545,7603,-550
40,-45,6236,-282,6236,-300
40,-45,9795,401,9795,400
40,-45,9172,439,9172,450
40,-45,3421,146,3421,150
40,-45,5794,-258,5794,-250
40,-45,7885,628,7885,650
40,-45,1612,-883,1612,-900
40,-45,7844,136,7844,150
40,-40,6506,-939,6506,-950
40,-40,1401,418,1401,400
40,-40,3320,-75,3320,-50
40,-40,5620,494,5620,500
40,-40,9056,544,9056,550
40,-40,8638,-755,8638,-750
40,-40,8362,139,8362,150
40,-40,2971,-878,2971,-900
40,-40,7662,-713,7662,-700
40,-40,6544,-371,6544,-350
40,-40,2655,821,2655,800
40,-40,1156,523,1156,500
40,-40,1542,428,1542,450
40,-40,2656,-40,2656,-50
40,-40,7172,222,7172,200
40,-40,1428,-979,1428,-1000
40,-40,9398,932,9398,950
40,-40,170,-168,170,-150
40,-40,4522,-976,4522,-1000
40,-40,8655,-800,8655,-800
40,-35,4732,-533,4732,-550
40,-35,9785,535,9785,550
40,-35,557,545,557,550
40,-35,7824,459,7824,450
40,-35,6241,-24,6241,0
40,-35,8306,894,8306,900
40,-35,8190,-79,8190,-100
40,-35,9497,-13,9497,0
40,-35,5976,528,5976,550
40,-35,1237,-611,1237,-600
40,-35,2569,660,2569,650
40,-35,2642,759,2642,750
40,-35,8512,-151,8512,-150
40,-35,2228,-402,2228,-400
40,-35,1117,-835,1117,-850
40,-35,9968,-51,9968,-50
40,-35,4309,261,4309,250
40,-35,4272,-102,4272,-100
40,-35,4757,343,4757,350
40,-35,6190,-930,6190,-950
40,-30,6585,759,6585,750
40,-30,366,120,366,100
40,-30,7994,-91,7994,-100
40,-30,874,-461,874,-450
40,-30,2440,-817,2440,-800
40,-30,1061,-733,1061,-750
40,-30,3247,-141,3247,-150
40,-30,3055,1,3055,0
40,-30,1137,178,1137,200
40,-30,490,-921,490,-900
40,-30,3165,-241,3165,-250
40,-30,7343,-811,7343,-800
40,-30,9893,937,9893,950
40,-30,4887,273,4887,250
40,-30,4182,805,4182,800
40,-30,447,-64,447,-50
40,-30,7547,-177,7547,-200
40,-30,4681,-505,4681,-500
40,-30,3371,245,3371,250
40,-30,62,346,62,350
40,-25,4107,-891,4107,-900
40,-25,1755,156,1755,150
40,-25,4456,-494,4456,-500
40,-25,3016,-3,3016,0
40,-25,205,-658,205,-650
40,-25,7590,819,7590,800
40,-25,7017,-961,7017,-950
40,-25,7976,939,7976,950
40,-25,6357,-750,6357,-750
40,-25,5629,272,5629,250
40,-25,7319,-440,7319,-450
40,-25,4535,905,4535,900
40,-25,2793,581,2793,600
40,-25,9810,15,9810,0
40,-25,9636,11,9636,0
40,-25,5646,895,5646,900
40,-25,1733,102,1733,100
40,-25,1311,379,1311,400
40,-25,7734,151,7734,150
40,-25,2438,-971,2438,-950
40,-20,258,619,258,600
40,-20,2528,-194,2528,-200
40,-20,568,-334,568,-350
40,-20,6807,610,6807,600
40,-20,9250,669,9250,650
40,-20,7223,462,7223,450
40,-20,9866,665,9866,650
40,-20,1907,-65,1907,-50
40,-20,5042,-678,5042,-700
40,-20,9945,265,9945,250
40,-20,3176,-750,3176,-750
40,-20,6163,-299,6163,-300
40,-20,9405,-828,9405,-850
40,-20,5539,-349,5539,-350
40,-20,9510,781,9510,800
40,-20,1605,849,1605,850
40,-20,3489,460,3489,450
40,-20,9205,229,9205,250
40,-20,5352,869,5352,850
40,-20,224,49,224,50
40,-15,169,784,169,800
40,-15,9348,632,9348,650
40,-15,3626,-390,3626,-400
40,-15,6030,739,6030,750
40,-15,9382,590,9382,600
40,-15,927,-365,927,-350
40,-15,5001,-903,5001,-900
40,-15,8309,137,8309,150
40,-15,270,-148,270,-150
40,-15,3514,716,3514,700
40,-15,8539,198,8539,200
40,-15,1414,763,1414,750
40,-15,9389,-753,9389,-750
40,-15,802,250,802,250
40,-15,5860,994,5860,1000
40,-15,1060,-953,1060,-950
40,-15,2755,331,2755,350
40,-15,9620,346,9620,350
40,-15,7116,422,7116,400
40,-15,6203,-789,6203,-800
40,-10,7051,9,7051,0
40,-10,6364,267,6364,250
40,-10,5345,872,5345,850
40,-10,8977,244,8977,250
40,-10,2923,-318,2923,-300
40,-10,5408,-88,5408,-100
40,-10,3042,511,3042,500
40,-10,3661,743,3661,750
40,-10,7317,905,7317,900
40,-10,6326,-349,6326,-350
40,-10,2530,123,2530,100
40,-10,5211,-380,5211,-400
40,-10,1373,-630,1373,-650
40,-10,7240,-753,7240,-750
40,-10,1139,-355,1139,-350
40,-10,2268,838,2268,850
40,-10,6384,264,6384,250
40,-10,8138,-736,8138,-750
40,-10,2273,-392,2273,-400
40,-10,7505,-82,7505,-100
40,-5,7588,227,7588,250
40,-5,2016,35,2016,50
40,-5,729,-820,729,-800
40,-5,2545,112,2545,100
40,-5,8164,219,8164,200
40,-5,5891,732,5891,750
40,-5,2715,210,2715,200
40,-5,6362,37,6362,50
40,-5,7326,-336,7326,-350
40,-5,6746,-142,6746,-150
40,-5,9380,-818,9380,-800
40,-5,7120,121,7120,100
40,-5,1797,-301,1797,-300
40,-5,9436,-404,9436,-400
40,-5,3671,613,3671,600
40,-5,6256,-450,6256,-450
40,-5,1369,673,1369,650
40,-5,6274,-390,6274,-400
40,-5,4085,211,4085,200
40,-5,9947,-440,9947,-450
40,0,6352,-153,6352,-150
40,0,5656,-958,5656,-950
40,0,1983,-572,1983,-550
40,0,6803,-275,6803,-300
40,0,8935,-131,8935,-150
40,0,8893,-687,8893,-700
40,0,2465,-768,2465,-750
40,0,8362,867,8362,850
40,0,1814,-174,1814,-150
40,0,3135,-13,3135,0
40,0,4743,-444,4743,-450
40,0,2602,95,2602,100
40,0,4252,763,4252,750
40,0,4103,870,4103,850
40,0,7839,-261,7839,-250
40,0,8091,776,8091,800
40,0,4189,834,4189,850
40,0,5976,-336,5976,-350
40,0,1689,422,1689,400
40,0,5569,-588,5569,-600
40,5,8323,64,8323,50
40,5,2983,-817,2983,-800
40,5,1009,577,1009,550
40,5,4109,218,4109,200
40,5,6450,-291,6450,-300
40,5,6730,42,6730,50
40,5,3401,176,3401,200
40,5,5658,961,5658,950
40,5,9930,913,9930,900
40,5,2077,-657,2077,-650
40,5,2078,616,2078,600
40,5,5074,289,5074,300
40,5,964,-286,964,-300
40,5,1000,114,1000,100
40,5,2578,-321,2578,-300
40,5,6103,647,6103,650
40,5,5340,-281,5340,-300
40,5,4060,859,4060,850
40,5,3101,-700,3101,-700
40,5,2481,937,2481,950
40,10,6692,549,6692,550
40,10,7019,-747,7019,-750
40,10,6057,-228,6057,-250
40,10,8241,619,8241,600
40,10,3792,317,3792,300
40,10,4750,-715,4750,-700
40,10,8253,-444,8253,-450
40,10,9911,13,9911,0
40,10,23,-334,23,-350
40,10,3731,-372,3731,-400
40,10,1804,828,1804,850
40,10,1116,-567,1116,-550
40,10,5849,-238,5849,-250
40,10,3361,626,3361,600
40,10,2679,-643,2679,-650
40,10,9244,478,9244,450
40,10,8218,-520,8218,-500
40,10,3794,-199,3794,-200
40,10,1755,-658,1755,-650
40,10,4080,987,4080,1000
40,15,2346,-538,2346,-550
40,15,398,-134,398,-150
40,15,9889,-114,9889,-100
40,15,8648,-843,8648,-850
40,15,3391,217,3391,200
40,15,172,-500,172,-500
40,15,6354,447,6354,400
40,15,6764,887,6764,900
40,15,4449,691,4449,700
40,15,1610,94,1610,50
40,15,7536,984,7536,1000
40,15,3836,315,3836,300
40,15,2300,-784,2300,-800
40,15,7608,264,7608,300
40,15,7186,-939,7186,-900
40,15,2406,-255,2406,-250
40,15,3532,-578,3532,-600
40,15,8687,-882,8687,-900
40,15,7480,-456,7480,-450
40,15,8076,310,8076,300
40,20,7965,895,7965,900
40,20,9888,833,9888,850
40,20,1477,-405,1477,-450
40,20,6227,575,6227,600
40,20,4074,-75,4074,-50
40,20,8308,162,8308,150
40,20,2129,334,2129,350
40,20,6788,136,6788,150
40,20,1735,-725,1735,-700
40,20,4159,-975,4159,-950
40,20,289,-229,289,-250
40,20,7878,52,7878,50
40,20,6657,-327,6657,-300
40,20,5701,-951,5701,-1000
40,20,2338,279,2338,200
40,20,3547,792,3547,800
40,20,9946,566,9946,600
40,20,7704,-331,7704,-350
40,20,9997,-479,9997,-500
40,20,5259,835,5259,850
40,25,9255,754,9255,700
40,25,5785,-545,5785,-550
40,25,484,717,484,550
40,25,1162,500,1162,500
40,25,7520,-566,7520,-550
40,25,5346,437,5346,450
40,25,7004,-638,7004,-650
40,25,9583,-117,9583,-100
40,25,2884,-986,2884,-1000
40,25,8736,442,8736,450
40,25,3445,-886,3445,-900
40,25,7328,-814,7328,-850
40,25,2165,-708,2165,-650
40,25,1190,240,1190,250
40,25,8930,791,8930,750
40,25,6679,638,6679,650
40,25,1409,316,1409,300
40,25,1640,-109,1640,-100
40,25,6182,665,6182,650
40,25,2458,540,2458,500
40,30,7753,-470,7753,-450
40,30,4145,-38,4145,-50
40,30,9541,-352,9541,-300
40,30,7789,-232,7789,-200
40,30,6811,-214,6811,-150
40,30,2852,-452,2853,-450
40,30,267,11,267,0
40,30,4347,-809,4347,-750
40,30,9782,-388,9782,-400
40,30,5622,-902,6306,800
40,30,8547,-23,8547,150
40,30,5223,-176,5223,0
40,30,9544,-189,9544,-200
40,30,402,-346,402,-400
40,30,368,697,368,900
40,30,7921,-582,7921,-600
40,30,8336,-213,8336,-300
40,30,4538,-725,4538,-750
40,30,8757,548,6306,800
40,30,8661,-250,8661,-150
40,35,4908,-33,6306,800
40,35,7392,647,6306,800
40,35,8298,-470,6306,800
40,35,1837,-948,6306,800
40,35,2059,743,6306,800
40,35,3072,394,6306,800
40,35,1764,767,6306,800
40,35,3504,891,6306,800
40,35,1294,-764,6306,800
40,35,9889,-742,6306,800
40,35,7660,140,6306,800
40,35,1131,-916,6306,800
40,35,6463,-891,6306,800
40,35,7894,-442,6306,800
40,35,7767,-692,6306,800
40,35,8984,-43,6306,800
40,35,8589,-969,6306,800
40,35,5312,434,6306,800
40,35,768,120,6306,800
40,35,2478,-298,2479,-200
40,40,4407,-28,6306,800
40,40,4262,-956,6306,800
40,40,5548,-319,6306,750
40,40,5784,611,6306,800
40,40,9006,-282,6306,800
40,40,9048,-84,6306,800
40,40,4514,-797,6306,800
40,40,3847,504,6306,800
40,40,7530,-406,6306,800
40,40,3088,178,6306,800
40,40,9843,973,6306,800
40,40,7400,-442,6306,800
40,40,4256,604,6306,800
40,40,311,-47,6306,800
40,40,4023,-429,6306,800
40,40,923,-507,6306,800
40,40,2220,404,6306,800
40,40,1231,-7,6306,800
40,40,3720,156,6306,800
40,40,3937,464,6306,800
40,45,3400,-850,6306,800
40,45,9935,453,6306,800
40,45,5714,-21,6306,800
40,45,5436,-273,6306,800
40,45,3329,-109,6306,800
40,45,860,-795,6306,800
40,45,4931,982,6306,800
40,45,2615,-62,6306,800
40,45,7018,-127,6306,800
40,45,7392,-259,6306,800
40,45,7045,-385,6306,800
40,45,5482,934,6306,800
40,45,258,-669,6306,800
40,45,6941,-23,6306,800
40,45,4420,827,6306,800
40,45,9934,791,6306,800
40,45,3051,329,6306,800
40,45,1961,-514,6306,800
40,45,907,181,6306,800
40,45,6960,52,6306,800
40,50,8023,513,6306,800
40,50,2238,349,6306,800
40,50,6952,-582,6306,800
40,50,4201,365,6306,800
40,50,1751,211,6306,800
40,50,2120,-597,6306,800
40,50,796,-162,6306,800
40,50,6020,-320,6306,800
40,50,3475,-958,6306,800
40,50,8436,-511,6306,800
40,50,2428,-362,6306,800
40,50,7765,437,6306,800
40,50,938,-419,6306,800
40,50,9907,-417,6306,800
40,50,3051,-491,6306,800
40,50,8652,-494,6306,800
40,50,9904,-852,6306,800
40,50,2434,823,6306,800
40,50,9846,-933,6306,800
40,50,9534,-866,6306,800
45,-100,5692,807,5692,800
45,-100,4164,457,4164,450
45,-100,5417,516,5417,500
45,-100,4591,516,4591,500
45,-100,4377,-691,4377,-700
45,-100,675,-421,675,-400
45,-100,8481,-901,8481,-900
45,-100,5467,-667,5467,-650
45,-100,5729,-987,5729,-1000
45,-100,6219,697,6219,700
45,-100,7276,451,7276,450
45,-100,2701,-608,2701,-600
45,-100,1886,-55,1886,-50
45,-100,9134,-528,9134,-550
45,-100,9613,-530,9613,-550
45,-100,7633,-12,7633,0
45,-100,7807,993,7807,1000
45,-100,6740,-614,6740,-600
45,-100,9184,-596,9184,-600
45,-100,3541,-369,3541,-350
45,-95,2998,315,2998,300
45,-95,6442,-284,6442,-300
45,-95,3774,689,3774,700
45,-95,6059,726,6059,750
45,-95,2481,-899,2481,-900
45,-95,3000,794,3000,800
45,-95,5950,-740,5950,-750
45,-95,4572,782,4572,800
45,-95,9529,271,9529,250
45,-95,9949,-168,9949,-150
45,-95,102,-918,102,-900
45,-95,6744,-992,6744,-1000
45,-95,5481,181,5481,200
45,-95,2840,-547,2840,-550
45,-95,8818,67,8818,50
45,-95,6659,25,6659,0
45,-95,5245,61,5245,50
45,-95,9229,-855,9229,-850
45,-95,4127,542,4127,550
45,-95,8974,297,8974,300
45,-90,3214,-880,3214,-900
45,-90,9428,551,9428,550
45,-90,705,-392,705,-400
45,-90,7233,671,7233,650
45,-90,7255,-9,7255,0
45,-90,1484,317,1484,300
45,-90,1343,-548,1343,-550
45,-90,5591,69,5591,50
45,-90,169,690,169,700
45,-90,7012,341,7012,350
45,-90,9869,-815,9869,-800
45,-90,701,-549,701,-550
45,-90,2654,93,2654,100
45,-90,7300,-555,7300,-550
45,-90,5304,577,5304,600
45,-90,8055,686,8055,700
45,-90,9150,-527,9150,-550
45,-90,5819,-405,5819,-400
45,-90,5581,302,5581,300
45,-90,5515,326,5515,350
45,-85,5894,877,5894,900
45,-85,5735,-250,5735,-250
45,-85,1237,584,1237,600
45,-85,6603,-729,6603,-750
45,-85,7541,-226,7541,-250
45,-85,2485,572,2485,550
45,-85,9515,139,9515,150
45,-85,4427,267,4427,250
45,-85,6280,-919,6280,-900
45,-85,2063,929,2063,950
45,-85,9359,280,9359,300
45,-85,7384,921,7384,900
45,-85,3636,-685,3636,-700
45,-85,6108,729,6108,750
45,-85,9566,-583,9566,-600
45,-85,258,-515,258,-500
45,-85,6760,340,6760,350
45,-85,5291,29,5291,50
45,-85,4849,456,4849,450
45,-85,2657,779,2657,800
45,-80,4783,875,4783,900
45,-80,5981,-276,5981,-300
45,-80,5749,230,5749,250
45,-80,3983,-59,3983,-50
45,-80,9767,43,9767,50
45,-80,1529,-98,1529,-100
45,-80,2887,84,2887,100
45,-80,2102,-988,2102,-1000
45,-80,8768,623,8768,600
45,-80,4047,491,4047,500
45,-80,8234,-438,8234,-450
45,-80,5524,-448,5524,-450
45,-80,1480,799,1480,800
45,-80,5559,611,5559,600
45,-80,261,579,261,600
45,-80,4057,-22,4057,0
45,-80,1779,898,1779,900
45,-80,2290,545,2290,550
45,-80,9356,922,9356,900
45,-80,3412,-592,3412,-600
45,-75,9049,953,9049,950
45,-75,6321,-592,6321,-600
45,-75,3842,-433,3842,-450
45,-75,5936,-823,5936,-800
45,-75,5274,-368,5274,-350
45,-75,9743,-899,9743,-900
45,-75,5303,359,5303,350
45,-75,5226,-62,5226,-50
45,-75,1329,446,1329,450
45,-75,1661,17,1661,0
45,-75,4125,-359,4125,-350
45,-75,1166,-735,1166,-750
45,-75,6824,-553,6824,-550
45,-75,2477,-273,2477,-250
45,-75,965,-781,965,-800
45,-75,3735,-117,3735,-100
45,-75,5659,-727,5659,-750
45,-75,612,-285,612,-300
45,-75,8066,-719,8066,-700
45,-75,5546,517,5546,500
45,-70,4846,-806,4846,-800
45,-70,6119,394,6119,400
45,-70,4858,753,4858,750
45,-70,5344,-208,5344,-200
45,-70,424,214,424,200
45,-70,4382,-663,4382,-650
45,-70,8934,-922,8934,-900
45,-70,3081,160,3081,150
45,-70,465,335,465,350
45,-70,3339,-99,3339,-100
45,-70,2255,833,2255,850
45,-70,4682,403,4682,400
45,-70,5889,114,5889,100
45,-70,5030,412,5030,400
45,-70,4560,653,4560,650
45,-70,8526,709,8526,700
45,-70,1171,990,1171,1000
45,-70,6155,-143,6155,-150
45,-70,421,-279,421,-300
45,-70,3065,595,3065,600
45,-65,5355,893,5355,900
45,-65,9537,574,9537,550
45,-65,8969,109,8969,100
45,-65,6840,574,6840,550
45,-65,3197,-478,3197,-500
45,-65,8743,814,8743,800
45,-65,5117,44,5117,50
45,-65,6883,418,6883,400
45,-65,5862,88,5862,100
45,-65,1968,124,1968,100
45,-65,8217,-750,8217,-750
45,-65,9577,890,9577,900
45,-65,1509,-181,1509,-200
45,-65,7328,-822,7328,-800
45,-65,7100,835,7100,850
45,-65,2358,-421,2358,-400
45,-65,6475,-511,6475,-500
45,-65,1848,705,1848,700
45,-65,8996,537,8996,550
45,-65,8161,-255,8161,-250
45,-60,2903,-411,2903,-400
45,-60,7358,158,7358,150
45,-60,9646,575,9646,600
45,-60,4674,-928,4674,-950
45,-60,5717,-267,5717,-250
45,-60,315,702,315,700
45,-60,8267,-101,8267,-100
45,-60,1183,757,1183,750
45,-60,5155,-777,5155,-800
45,-60,8427,5,8427,0
45,-60,4950,952,4950,950
45,-60,3667,-272,3667,-250
45,-60,97,323,97,300
45,-60,7839,-176,7839,-200
45,-60,6247,819,6247,800
45,-60,8594,-717,8594,-700
45,-60,3323,157,3323,150
45,-60,6895,-205,6895,-200
45,-60,7867,175,7867,200
45,-60,9732,-802,9732,-800
45,-55,9127,201,9127,200
45,-55,5561,100,5561,100
45,-55,0,57,0,50
45,-55,3728,238,3728,250
45,-55,2525,744,2525,750
45,-55,7800,-648,7800,-650
45,-55,8181,724,8181,700
45,-55,7659,-212,7659,-200
45,-55,2782,-79,2782,-100
45,-55,7382,119,7382,100
45,-55,8265,847,8265,850
45,-55,4254,442,4254,450
45,-55,5521,209,5521,200
45,-55,2950,649,2950,650
45,-55,1327,859,1327,850
45,-55,8036,-200,8036,-200
45,-55,8737,-459,8737,-450
45,-55,3124,468,3124,450
45,-55,7705,201,7705,200
45,-55,9496,-301,9496,-300
45,-50,1286,-906,1286,-900
45,-50,8405,-553,8405,-550
45,-50,4347,42,4347,50
45,-50,6488,52,6488,50
45,-50,7027,-219,7027,-200
45,-50,5373,-707,5373,-700
45,-50,999,152,999,150
45,-50,7133,911,7133,900
45,-50,132,-600,132,-600
45,-50,3734,-189,3734,-200
45,-50,8343,967,8343,950
45,-50,2948,666,2948,650
45,-50,1018,418,1018,400
45,-50,6274,-188,6274,-200
45,-50,8727,-963,8727,-950
45,-50,8007,-639,8007,-650
45,-50,1046,-481,1046,-500
45,-50,938,-120,938,-100
45,-50,2674,931,2674,950
45,-50,4746,-552,4746,-550
45,-45,3440,-50,3440,-50
45,-45,3944,365,3944,350
45,-45,1288,501,1288,500
45,-45,8885,-128,8885,-150
45,-45,2189,175,2189,200
45,-45,9555,747,9555,750
45,-45,4818,-643,4818,-650
45,-45,2325,131,2325,150
45,-45,6253,302,6253,300
45,-45,4983,-928,4983,-950
45,-45,9025,300,9025,300
45,-45,3300,-492,3300,-500
45,-45,4742,138,4742,150
45,-45,9812,165,9812,150
45,-45,5308,280,5308,300
45,-45,3212,536,3212,550
45,-45,9148,-999,9148,-1000
45,-45,2984,2,2984,0
45,-45,5779,-787,5779,-800
45,-45,7584,700,7584,700
45,-40,3180,-294,3180,-300
45,-40,2822,-50,2822,-50
45,-40,3294,-354,3294,-350
45,-40,9786,271,9786,250
45,-40,8191,753,8191,750
45,-40,9130,966,9130,950
45,-40,750,-486,750,-500
45,-40,4434,-218,4434,-200
45,-40,1181,-931,1181,-950
45,-40,752,-497,752,-500
45,-40,7468,-810,7468,-800
45,-40,4608,-140,4608,-150
45,-40,7321,823,7321,800
45,-40,3516,-238,3516,-250
45,-40,4992,-939,4992,-950
45,-40,7953,12,7953,0
45,-40,6900,368,6900,350
45,-40,6397,815,6397,800
45,-40,8237,443,8237,450
45,-40,5764,752,5764,750
45,-35,4359,559,4359,550
45,-35,5653,303,5653,300
45,-35,1606,-989,1606,-1000
45,-35,6337,648,6337,650
45,-35,1594,-367,1594,-350
45,-35,6538,215,6538,200
45,-35,3295,549,3295,550
45,-35,4332,487,4332,500
45,-35,8880,-245,8880,-250
45,-35,5522,875,5522,850
45,-35,4795,377,4795,400
45,-35,3419,-730,3419,-750
45,-35,5841,188,5841,200
45,-35,8144,-548,8144,-550
45,-35,5958,-865,5958,-850
45,-35,862,-794,862,-800
45,-35,3032,-645,3032,-650
45,-35,7762,-473,7762,-450
45,-35,1989,672,1989,650
45,-35,3713,-194,3713,-200
45,-30,4066,-908,4066,-900
45,-30,8891,180,8891,200
45,-30,8825,-905,8825,-900
45,-30,5491,944,5491,950
45,-30,1079,584,1079,600
45,-30,6018,622,6018,600
45,-30,3000,62,3000,50
45,-30,7761,-395,7761,-400
45,-30,3869,-258,3869,-250
45,-30,1915,-426,1915,-450
45,-30,2983,-237,2983,-250
45,-30,6634,-602,6634,-600
45,-30,2374,784,2374,800
45,-30,1148,437,1148,450
45,-30,6745,-12,6745,0
45,-30,30,110,30,100
45,-30,9233,813,9233,800
45,-30,4515,-10,4515,0
45,-30,3343,-903,3343,-900
45,-30,10,-277,10,-300
45,-25,9464,833,9464,850
45,-25,7752,-805,7752,-800
45,-25,1402,-719,1402,-700
45,-25,3124,286,3124,300
45,-25,413,256,413,250
45,-25,5079,747,5079,750
45,-25,3049,-646,3049,-650
45,-25,4531,-819,4531,-800
45,-25,3424,846,3424,850
45,-25,3414,778,3414,800
45,-25,1612,-418,1612,-400
45,-25,3310,363,3310,350
45,-25,3190,32,3190,50
45,-25,8783,-112,8783,-100
45,-25,7416,-397,7416,-400
45,-25,5043,-921,5043,-900
45,-25,6630,274,6630,250
45,-25,3931,-916,3931,-900
45,-25,5838,695,5838,700
45,-25,7573,-444,7573,-450
45,-20,445,-665,445,-650
45,-20,7227,733,7227,750
45,-20,6914,819,6914,800
45,-20,8020,747,8020,750
45,-20,2955,799,2955,800
45,-20,8158,-75,8158,-100
45,-20,6917,-444,6917,-450
45,-20,9820,849,9820,850
45,-20,5285,636,5285,650
45,-20,2433,-10,2433,0
45,-20,1304,-116,1304,-100
45,-20,7617,42,7617,50
45,-20,7974,287,7974,300
45,-20,8185,-377,8185,-400
45,-20,6537,-449,6537,-450
45,-20,7783,-498,7783,-500
45,-20,5032,202,5032,200
45,-20,9643,954,9643,950
45,-20,7423,-819,7423,-800
45,-20,2114,-561,2114,-550
45,-15,585,120,585,100
45,-15,5711,-644,5711,-650
45,-15,4783,461,4783,450
45,-15,3992,624,3992,600
45,-15,9001,96,9001,100
45,-15,132,307,132,300
45,-15,6055,-131,6055,-150
45,-15,8058,-525,8058,-500
45,-15,8171,255,8171,250
45,-15,1361,960,1361,950
45,-15,7983,143,7983,150
45,-15,9705,-197,9705,-200
45,-15,3712,-59,3712,-50
45,-15,3940,397,3940,400
45,-15,3262,-79,3262,-100
45,-15,4192,-466,4192,-450
45,-15,2781,698,2781,700
45,-15,1514,-154,1514,-150
45,-15,3791,298,3791,300
45,-15,7037,-479,7037,-500
45,-10,7299,-407,7299,-400
45,-10,949,-868,949,-850
45,-10,1174,65,1174,50
45,-10,6796,-153,6796,-150
45,-10,9246,345,9246,350
45,-10,8319,176,8319,200
45,-10,8512,-699,8512,-700
45,-10,3516,180,3516,200
45,-10,9443,994,9443,1000
45,-10,4344,-20,4344,0
45,-10,1382,-611,1382,-600
45,-10,5840,-704,5840,-700
45,-10,8015,-849,8015,-850
45,-10,9445,-502,9445,-500
45,-10,9061,181,9061,200
45,-10,4620,99,4620,100
45,-10,6861,415,6861,400
45,-10,7373,-250,7373,-250
45,-10,6799,4,6799,0
45,-10,901,-785,901,-800
45,-5,6306,-68,6306,-50
45,-5,2423,638,2423,650
45,-5,3653,-298,3653,-300
45,-5,1719,-698,1719,-700
45,-5,3070,-107,3070,-100
45,-5,5770,-927,5770,-950
45,-5,4292,-406,4292,-400
45,-5,7473,894,7473,900
45,-5,2707,-547,2707,-550
45,-5,1186,378,1186,400
45,-5,4049,616,4049,600
45,-5,7335,-519,7335,-500
45,-5,9932,-860,9932,-850
45,-5,3329,-429,3329,-450
45,-5,975,-490,975,-500
45,-5,4249,-541,4249,-550
45,-5,119,-179,119,-200
45,-5,8978,686,8978,700
45,-5,7868,381,7868,400
45,-5,6021,425,6021,400
45,0,737,909,737,900
45,0,1334,-768,1334,-750
45,0,2767,66,2767,50
45,0,652,989,652,1000
45,0,5279,155,5279,150
45,0,5086,198,5086,200
45,0,386,-681,386,-700
45,0,9417,-172,9417,-200
45,0,8184,844,8184,850
45,0,6444,842,6444,850
45,0,3792,635,3792,650
45,0,119,-309,119,-300
45,0,6630,732,6630,750
45,0,9787,-462,9787,-450
45,0,5167,528,5167,500
45,0,6297,-610,6297,-600
45,0,438,169,438,150
45,0,8365,-978,8365,-1000
45,0,2270,-612,2270,-600
45,0,1424,615,1424,600
45,5,2966,278,2966,300
45,5,668,701,668,700
45,5,9121,709,9121,700
45,5,6631,-219,6631,-200
45,5,4367,-547,4367,-550
45,5,9066,-202,9066,-200
45,5,3884,93,3884,100
45,5,2042,100,2042,100
45,5,7903,279,7903,300
45,5,823,-629,823,-650
45,5,2200,673,2200,700
45,5,1340,951,1340,950
45,5,1710,242,1710,250
45,5,3668,-91,3668,-100
45,5,3298,244,3298,250
45,5,7183,350,7183,350
45,5,3800,207,3800,200
45,5,5569,910,5569,900
45,5,4389,612,4389,600
45,5,6442,36,6442,50
45,10,1624,-413,1624,-400
45,10,7338,-100,7338,-100
45,10,2121,292,2121,300
45,10,6306,-305,6306,-300
45,10,9307,239,9307,250
45,10,2966,-984,2966,-1000
45,10,7939,434,7939,450
45,10,6863,-836,6863,-850
45,10,8470,258,8470,250
45,10,5462,130,5462,100
45,10,3250,-206,3250,-200
45,10,5619,907,5619,900
45,10,1644,415,1644,400
45,10,6856,498,6856,500
45,10,8597,189,8597,200
45,10,4241,641,4241,650
45,10,518,533,518,500
45,10,9687,-301,9687,-300
45,10,2586,-118,2586,-100
45,10,8577,909,8577,900
45,15,7070,361,7070,350
45,15,1283,-254,1283,-200
45,15,3420,228,3420,200
45,15,318,147,318,150
45,15,9661,-222,9661,-200
45,15,2612,-790,2612,-800
45,15,1020,968,1020,950
45,15,8137,-793,8137,-800
45,15,1523,275,1523,300
45,15,122,557,122,550
45,15,6522,580,6522,550
45,15,7228,-632,7228,-650
45,15,366,-831,366,-800
45,15,1873,121,1873,150
45,15,7047,388,7047,400
45,15,5183,512,5183,500
45,15,9963,-292,9963,-300
45,15,2130,-934,2130,-950
45,15,225,-264,225,-250
45,15,7700,943,7700,950
45,20,7611,-850,7611,-850
45,20,4698,-726,4698,-750
45,20,5254,-556,5254,-550
45,20,6881,-478,6881,-550
45,20,968,-629,968,-650
45,20,4129,-990,4129,-1000
45,20,6950,505,6950,500
45,20,2319,898,2319,850
45,20,4784,-106,4784,-150
45,20,6301,839,6301,900
45,20,8795,-599,8795,-550
45,20,3975,-969,3975,-950
45,20,7906,-909,7906,-950
45,20,3309,-781,3309,-850
45,20,1692,-855,1692,-850
45,20,254,944,254,950
45,20,9991,-821,9991,-800
45,20,6390,287,6390,250
45,20,4655,-326,4655,-300
45,20,8083,-447,8083,-450
45,25,7823,996,7823,1000
45,25,7308,-503,7308,-550
45,25,3325,-532,3325,-550
45,25,3865,677,3865,700
45,25,503,-716,503,-600
45,25,5634,294,5634,300
45,25,6414,527,6414,550
45,25,4007,156,4007,100
45,25,6042,-898,6042,-900
45,25,9654,449,9654,450
45,25,5589,40,5589,0
45,25,1029,-860,1029,-900
45,25,4014,212,4014,200
45,25,4323,-119,4323,-100
45,25,6197,-652,6197,-600
45,25,4030,745,4030,800
45,25,9460,-86,9460,-150
45,25,4079,171,4079,150
45,25,8607,647,8607,650
45,25,338,-550,338,-550
45,30,2989,-894,2989,-1100
45,30,640,365,6306,800
45,30,9010,994,6306,800
45,30,1796,-650,1796,-650
45,30,5399,566,5399,550
45,30,3011,90,3011,150
45,30,5817,-157,5817,-200
45,30,8518,-937,8518,-850
45,30,5407,336,5407,250
45,30,6155,-991,6156,-1000
45,30,1243,-735,1243,-650
45,30,6817,-784,6817,-700
45,30,893,870,893,800
45,30,2023,101,2023,-50
45,30,6621,988,6621,900
45,30,8586,233,8586,350
45,30,8256,913,8257,850
45,30,1667,-374,1666,-150
45,30,1738,-835,1738,-750
45,30,7775,833,6306,800
45,35,4595,720,6306,800
45,35,154,-372,6306,800
45,35,6947,-2,6306,800
45,35,331,-613,6306,800
45,35,495,976,6306,800
45,35,3484,-587,6306,800
45,35,9396,683,6306,800
45,35,892,-537,6306,800
45,35,4783,-917,6306,800
45,35,9474,372,6306,800
45,35,9895,289,6306,800
45,35,9678,344,6306,800
45,35,5292,-916,5292,-1250
45,35,4729,382,6306,800
45,35,8998,-298,6306,800
45,35,4652,-552,6306,800
45,35,3812,599,6306,750
45,35,2667,162,6306,800
45,35,5181,-312,6306,800
45,35,944,433,6306,800
45,40,749,828,6306,800
45,40,7632,-328,6306,800
45,40,8488,-130,6306,800
45,40,6579,170,6306,800
45,40,7861,75,6306,800
45,40,185,-449,6306,800
45,40,7979,-386,6306,800
45,40,305,775,6306,800
45,40,8507,-279,6306,800
45,40,4162,878,6306,800
45,40,3909,505,6306,800
45,40,4157,126,6306,800
45,40,6114,212,6306,800
45,40,7629,-418,6306,800
45,40,5629,952,6306,800
45,40,1848,-628,6306,800
45,40,9523,291,6306,800
45,40,3240,306,6306,800
45,40,3409,806,6306,800
45,40,3646,614,6306,800
45,45,9440,536,6306,800
45,45,1271,-213,6306,800
45,45,349,14,6306,800
45,45,8805,458,6306,800
45,45,4986,-521,6306,800
45,45,1997,-816,6306,800
45,45,5707,-490,6306,800
45,45,2561,780,6306,800
45,45,8227,657,6306,800
45,45,4872,-161,6306,800
45,45,6361,700,6306,800
45,45,1945,841,6306,800
45,45,2356,-853,6306,800
45,45,1145,142,6306,800
45,45,1565,422,6306,800
45,45,8167,907,6306,800
45,45,880,377,6306,800
45,45,4101,857,6306,800
45,45,680,738,6306,800
45,45,3312,-231,6306,800
45,50,2867,570,6306,800
45,50,5410,186,6306,800
45,50,5917,-738,6306,800
45,50,5647,-591,6306,800
45,50,6890,728,6306,800
45,50,6699,513,6306,800
45,50,6355,-905,6306,800
45,50,4197,-77,6306,800
45,50,7228,-553,6306,800
45,50,1393,867,6306,800
45,50,447,434,6306,800
45,50,1440,-472,6306,800
45,50,2390,658,6306,800
45,50,193,844,6306,800
45,50,215,-864,6306,800
45,50,3221,710,6306,800
45,50,7490,61,6306,800
45,50,3351,508,6306,800
45,50,6597,125,6306,800
45,50,7719,-365,6306,800
50,-100,5877,983,5877,1000
50,-100,9672,-797,9672,-800
50,-100,3048,-710,3048,-700
50,-100,8811,810,8811,800
50,-100,4093,-596,4093,-600
50,-100,6359,-330,6359,-350
50,-100,2857,-857,2857,-850
50,-100,7618,-858,7618,-850
50,-100,2013,-977,2013,-1000
50,-100,2468,-87,2468,-100
50,-100,7281,603,7281,600
50,-100,5253,448,5253,450
50,-100,4294,-920,4294,-900
50,-100,5842,-193,5842,-200
50,-100,5537,244,5537,250
50,-100,9017,26,9017,50
50,-100,1760,257,1760,250
50,-100,1069,41,1069,50
50,-100,1195,-709,1195,-700
50,-100,3842,-911,3842,-900
50,-95,2660,-63,2660,-50
50,-95,5823,-891,5823,-900
50,-95,3254,-500,3254,-500
50,-95,1601,-348,1601,-350
50,-95,2466,-310,2466,-300
50,-95,484,940,484,950
50,-95,865,945,865,950
50,-95,6629,-587,6629,-600
50,-95,1659,-715,1659,-700
50,-95,5293,-761,5293,-750
50,-95,1323,664,1323,650
50,-95,2668,733,2668,750
50,-95,7572,-203,7572,-200
50,-95,4084,364,4084,350
50,-95,7508,-475,7508,-500
50,-95,4026,-270,4026,-250
50,-95,3743,-7,3743,0
50,-95,7447,-305,7447,-300
50,-95,8002,-334,8002,-350
50,-95,1706,588,1706,600
50,-90,9138,864,9138,850
50,-90,5007,-473,5007,-450
50,-90,3593,-810,3593,-800
50,-90,9764,402,9764,400
50,-90,2717,-423,2717,-400
50,-90,6780,959,6780,950
50,-90,4105,-209,4105,-200
50,-90,3809,-378,3809,-400
50,-90,7561,591,7561,600
50,-90,781,-62,781,-50
50,-90,7284,-865,7284,-850
50,-90,5595,-147,5595,-150
50,-90,4963,-587,4963,-600
50,-90,563,526,563,550
50,-90,6436,-194,6436,-200
50,-90,1882,413,1882,400
50,-90,948,-845,948,-850
50,-90,7593,21,7593,0
50,-90,8470,-899,8470,-900
50,-90,4096,-684,4096,-700
50,-85,461,612,461,600
50,-85,1871,921,1871,900
50,-85,5068,-909,5068,-900
50,-85,6173,-316,6173,-300
50,-85,4101,-988,4101,-1000
50,-85,3974,-233,3974,-250
50,-85,4197,-145,4197,-150
50,-85,9316,-811,9316,-800
50,-85,1215,-995,1215,-1000
50,-85,9513,270,9513,250
50,-85,3052,-250,3052,-250
50,-85,4463,697,4463,700
50,-85,8943,-391,8943,-400
50,-85,272,925,272,950
50,-85,4617,682,4617,700
50,-85,3909,-38,3909,-50
50,-85,4884,454,4884,450
50,-85,64,-960,64,-950
50,-85,4515,531,4515,550
50,-85,4696,674,4696,650
50,-80,8360,-190,8360,-200
50,-80,4663,-87,4663,-100
50,-80,890,304,890,300
50,-80,5476,-415,5476,-400
50,-80,8755,-351,8755,-350
50,-80,815,-116,815,-100
50,-80,9180,-255,9180,-250
50,-80,1293,998,1293,1000
50,-80,8108,-733,8108,-750
50,-80,8032,767,8032,750
50,-80,6748,-462,6748,-450
50,-80,9479,338,9479,350
50,-80,163,562,163,550
50,-80,1039,401,1039,400
50,-80,2968,-534,2968,-550
50,-80,1826,-423,1826,-400
50,-80,4061,-164,4061,-150
50,-80,704,892,704,900
50,-80,9032,-909,9032,-900
50,-80,2281,542,2281,550
50,-75,7892,-503,7892,-500
50,-75,5261,-967,5261,-950
50,-75,726,679,726,700
50,-75,279,-792,279,-800
50,-75,4922,813,4922,800
50,-75,9936,166,9936,150
50,-75,8052,-762,8052,-750
50,-75,5906,-488,5906,-500
50,-75,4392,560,4392,550
50,-75,209,183,209,200
50,-75,5539,-494,5539,-500
50,-75,9203,980,9203,1000
50,-75,8103,906,8103,900
50,-75,9023,-253,9023,-250
50,-75,6412,-492,6412,-500
50,-75,7891,738,7891,750
50,-75,7890,-805,7890,-800
50,-75,7922,-21,7922,0
50,-75,4830,-750,4830,-750
50,-75,3763,745,3763,750
50,-70,2785,339,2785,350
50,-70,7933,-622,7933,-600
50,-70,3513,-243,3513,-250
50,-70,2182,35,2182,50
50,-70,7619,-110,7619,-100
50,-70,1045,131,1045,150
50,-70,6802,-880,6802,-900
50,-70,7071,975,7071,1000
50,-70,1902,956,1902,950
50,-70,282,933,282,950
50,-70,6678,431,6678,450
50,-70,3972,-317,3972,-300
50,-70,3699,-602,3699,-600
50,-70,4944,-858,4944,-850
50,-70,6999,920,6999,900
50,-70,894,857,894,850
50,-70,5765,-295,5765,-300
50,-70,9691,455,9691,450
50,-70,6220,988,6220,1000
50,-70,3563,417,3563,400
50,-65,1387,800,1387,800
50,-65,8585,-636,8585,-650
50,-65,6222,755,6222,750
50,-65,9386,-316,9386,-300
50,-65,312,514,312,500
50,-65,7692,876,7692,900
50,-65,3180,-543,3180,-550
50,-65,1340,782,1340,800
50,-65,5531,-706,5531,-700
50,-65,8892,-827,8892,-850
50,-65,5599,-719,5599,-700
50,-65,5069,-927,5069,-950
50,-65,608,941,608,950
50,-65,8865,721,8865,700
50,-65,3767,884,3767,900
50,-65,2324,-516,2324,-500
50,-65,9065,487,9065,500
50,-65,4004,-397,4004,-400
50,-65,3939,-970,3939,-950
50,-65,3212,-348,3212,-350
50,-60,9963,488,9963,500
50,-60,8717,329,8717,350
50,-60,6280,-110,6280,-100
50,-60,8373,-358,8373,-350
50,-60,5413,478,5413,500
50,-60,198,-405,198,-400
50,-60,1576,-205,1576,-200
50,-60,603,899,603,900
50,-60,2987,312,2987,300
50,-60,748,-533,748,-550
50,-60,2807,-329,2807,-350
50,-60,7375,-286,7375,-300
50,-60,8678,-44,8678,-50
50,-60,4388,-538,4388,-550
50,-60,7272,-184,7272,-200
50,-60,1280,-251,1280,-250
50,-60,7712,-187,7712,-200
50,-60,699,53,699,50
50,-60,1962,368,1962,350
50,-60,6252,-644,6252,-650
50,-55,1330,-948,1330,-950
50,-55,1130,936,1130,950
50,-55,8552,389,8552,400
50,-55,4371,676,4371,700
50,-55,7868,-923,7868,-900
50,-55,567,-257,567,-250
50,-55,2652,-255,2652,-250
50,-55,4736,281,4736,300
50,-55,6243,-468,6243,-450
50,-55,7545,-922,7545,-900
50,-55,4754,544,4754,550
50,-55,10,-248,10,-250
50,-55,3182,-719,3182,-700
50,-55,9578,-255,9578,-250
50,-55,5066,-175,5066,-150
50,-55,4876,-247,4876,-250
50,-55,4169,261,4169,250
50,-55,9142,315,9142,300
50,-55,6855,881,6855,900
50,-55,3569,347,3569,350
50,-50,7746,-775,7746,-800
50,-50,7620,-169,7620,-150
50,-50,9098,-72,9098,-50
50,-50,3546,-101,3546,-100
50,-50,9029,974,9029,950
50,-50,1305,236,1305,250
50,-50,1881,811,1881,800
50,-50,447,185,447,200
50,-50,5721,875,5721,900
50,-50,1163,299,1163,300
50,-50,6127,-116,6127,-100
50,-50,5981,-457,5981,-450
50,-50,9364,-705,9364,-700
50,-50,1728,-234,1728,-250
50,-50,1610,980,1610,1000
50,-50,9466,45,9466,50
50,-50,6195,-724,6195,-700
50,-50,2270,-916,2270,-900
50,-50,9401,-34,9401,-50
50,-50,1902,637,1902,650
50,-45,8093,391,8093,400
50,-45,6677,550,6677,550
50,-45,7826,439,7826,450
50,-45,3459,767,3459,750
50,-45,9497,-493,9497,-500
50,-45,8458,45,8458,50
50,-45,5737,627,5737,650
50,-45,8802,520,8802,500
50,-45,7005,520,7005,500
50,-45,9686,-934,9686,-950
50,-45,5092,-428,5092,-450
50,-45,7658,686,7658,700
50,-45,4073,-691,4073,-700
50,-45,849,321,849,300
50,-45,2827,776,2827,800
50,-45,4199,764,4199,750
50,-45,8179,-876,8179,-900
50,-45,5070,571,5070,550
50,-45,3520,-13,3520,0
50,-45,9651,501,9651,500
50,-40,7197,900,7197,900
50,-40,3172,-555,3172,-550
50,-40,7500,-416,7500,-400
50,-40,2668,458,2668,450
50,-40,5778,659,5778,650
50,-40,1782,-807,1782,-800
50,-40,4158,732,4158,750
50,-40,5037,928,5037,950
50,-40,7766,-699,7766,-700
50,-40,5833,228,5833,250
50,-40,8440,144,8440,150
50,-40,2912,-844,2912,-850
50,-40,7976,307,7976,300
50,-40,1971,-511,1971,-500
50,-40,8319,343,8319,350
50,-40,3721,-669,3721,-650
50,-40,3007,589,3007,600
50,-40,2654,731,2654,750
50,-40,5492,-25,5492,0
50,-40,5965,648,5965,650
50,-35,8081,812,8081,800
50,-35,6966,342,6966,350
50,-35,6294,497,6294,500
50,-35,258,888,258,900
50,-35,4498,163,4498,150
50,-35,5619,-226,5619,-250
50,-35,6059,197,6059,200
50,-35,9138,-420,9138,-400
50,-35,583,277,583,300
50,-35,4502,-661,4502,-650
50,-35,8006,-447,8006,-450
50,-35,7791,-29,7791,-50
50,-35,2722,-917,2722,-900
50,-35,4506,-777,4506,-800
50,-35,649,-439,649,-450
50,-35,3386,-805,3386,-800
50,-35,4423,-245,4423,-250
50,-35,3365,352,3365,350
50,-35,9223,-829,9223,-850
50,-35,1071,-605,1071,-600
50,-30,5653,-378,5653,-400
50,-30,817,-602,817,-600
50,-30,1125,261,1125,250
50,-30,9756,633,9756,650
50,-30,4559,-659,4559,-650
50,-30,747,316,747,300
50,-30,4715,685,4715,700
50,-30,4349,-796,4349,-800
50,-30,572,-882,572,-900
50,-30,2926,-744,2926,-750
50,-30,8849,173,8849,150
50,-30,9601,-385,9601,-400
50,-30,4220,325,4220,350
50,-30,6559,757,6559,750
50,-30,857,-701,857,-700
50,-30,6398,557,6398,550
50,-30,1134,642,1134,650
50,-30,7980,-193,7980,-200
50,-30,5043,-496,5043,-500
50,-30,8689,64,8689,50
50,-25,4938,567,4938,550
50,-25,8685,494,8685,500
50,-25,7570,-912,7570,-900
50,-25,6047,675,6047,700
50,-25,4742,300,4742,300
50,-25,749,550,749,550
50,-25,1029,144,1029,150
50,-25,545,349,545,350
50,-25,2864,177,2864,200
50,-25,1579,-178,1579,-200
50,-25,2678,-362,2678,-350
50,-25,466,-963,466,-950
50,-25,9546,576,9546,600
50,-25,889,346,889,350
50,-25,2197,128,2197,150
50,-25,5357,93,5357,100
50,-25,2163,-45,2163,-50
50,-25,9153,966,9153,950
50,-25,1795,906,1795,900
50,-25,9018,109,9018,100
50,-20,4713,-696,4713,-700
50,-20,87,-977,87,-1000
50,-20,8420,165,8420,150
50,-20,5218,814,5218,800
50,-20,1751,-92,1751,-100
50,-20,9952,-471,9952,-450
50,-20,7597,121,7597,100
50,-20,1423,-115,1423,-100
50,-20,6483,288,6483,300
50,-20,1285,-26,1285,-50
50,-20,1306,618,1306,600
50,-20,4684,-872,4684,-850
50,-20,4312,783,4312,800
50,-20,9138,951,9138,950
50,-20,3255,363,3255,350
50,-20,3216,-141,3216,-150
50,-20,2051,-445,2051,-450
50,-20,4706,-563,4706,-550
50,-20,8539,-361,8539,-350
50,-20,3535,742,3535,750
50,-15,63,318,63,300
50,-15,1984,-784,1984,-800
50,-15,2057,183,2057,200
50,-15,8588,244,8588,250
50,-15,5581,-507,5581,-500
50,-15,7332,-80,7332,-100
50,-15,9835,15,9835,0
50,-15,3631,-564,3631,-550
50,-15,8865,-343,8865,-350
50,-15,9468,-104,9468,-100
50,-15,7558,-598,7558,-600
50,-15,7315,-487,7315,-500
50,-15,1171,-519,1171,-500
50,-15,2350,905,2350,900
50,-15,2554,-657,2554,-650
50,-15,4156,-237,4156,-250
50,-15,4883,-129,4883,-150
50,-15,5422,383,5422,400
50,-15,831,305,831,300
50,-15,3741,57,3741,50
50,-10,8104,-453,8104,-450
50,-10,8468,823,8468,800
50,-10,9553,-248,9553,-250
50,-10,8775,659,8775,650
50,-10,9483,-131,9483,-150
50,-10,1320,2,1320,0
50,-10,9244,260,9244,250
50,-10,527,764,527,750
50,-10,8994,-670,8994,-650
50,-10,2929,-758,2929,-750
50,-10,6263,698,6263,700
50,-10,7287,732,7287,750
50,-10,6646,96,6646,100
50,-10,8894,-802,8894,-800
50,-10,9633,879,9633,900
50,-10,4275,-488,4275,-500
50,-10,4751,-690,4751,-700
50,-10,4927,407,4927,400
50,-10,373,233,373,250
50,-10,7436,71,7436,50
50,-5,6824,5,6824,0
50,-5,7978,9,7978,0
50,-5,5251,475,5251,450
50,-5,7112,214,7112,200
50,-5,6160,300,6160,300
50,-5,6224,312,6224,300
50,-5,9389,-216,9389,-200
50,-5,2544,728,2544,750
50,-5,720,804,720,800
50,-5,3302,648,3302,650
50,-5,5780,828,5780,850
50,-5,974,948,974,950
50,-5,5821,-788,5821,-800
50,-5,9229,-994,9229,-1000
50,-5,2253,900,2253,900
50,-5,4204,-935,4204,-950
50,-5,2069,-588,2069,-600
50,-5,5254,335,5254,350
50,-5,9767,-144,9767,-150
50,-5,5310,833,5310,850
50,0,4698,430,4698,450
50,0,6042,679,6042,700
50,0,8875,-657,8875,-650
50,0,4680,707,4680,700
50,0,1447,310,1447,300
50,0,5315,15,5315,0
50,0,3304,-661,3304,-650
50,0,9045,-687,9045,-700
50,0,5562,561,5562,550
50,0,3748,-4,3748,0
50,0,4620,402,4620,400
50,0,8736,-940,8736,-950
50,0,3566,-615,3566,-600
50,0,8808,-697,8808,-700
50,0,9724,-932,9724,-950
50,0,5115,-743,5115,-750
50,0,2911,-20,2911,0
50,0,7195,-721,7195,-700
50,0,9562,844,9562,850
50,0,5198,-207,5198,-200
50,5,9551,-703,9551,-700
50,5,1948,963,1948,950
50,5,5148,-347,5148,-350
50,5,2103,397,2103,400
50,5,348,-908,348,-900
50,5,4195,108,4195,100
50,5,7457,523,7457,550
50,5,3128,-665,3128,-650
50,5,6573,256,6573,250
50,5,9287,-346,9287,-350
50,5,2617,657,2617,650
50,5,253,-865,253,-900
50,5,8594,484,8594,500
50,5,8364,-613,8364,-600
50,5,4854,484,4854,500
50,5,2623,10,2623,0
50,5,567,649,567,650
50,5,6726,-581,6726,-600
50,5,1521,74,1521,100
50,5,5554,452,5554,450
50,10,1234,-482,1234,-450
50,10,6769,343,6769,350
50,10,3806,743,3806,750
50,10,6113,-527,6113,-550
50,10,9596,884,9596,900
50,10,5166,52,5166,50
50,10,4023,327,4023,350
50,10,2592,382,2592,400
50,10,9581,-285,9581,-300
50,10,2914,-967,2914,-950
50,10,2259,-657,2259,-700
50,10,4985,757,4985,750
50,10,3500,260,3500,250
50,10,2220,387,2220,400
50,10,5927,805,5927,800
50,10,6034,-588,6034,-600
50,10,4460,-959,4460,-950
50,10,5207,900,5207,900
50,10,7159,344,7159,350
50,10,8223,522,8223,550
50,15,3777,27,3777,0
50,15,9671,610,9671,650
50,15,52,-5,52,0
50,15,4212,-809,4212,-800
50,15,2805,971,2805,1000
50,15,6825,270,6825,300
50,15,8400,687,8400,700
50,15,6940,-806,6940,-800
50,15,1281,-668,1281,-650
50,15,6145,417,6145,400
50,15,8338,-908,8338,-900
50,15,8648,-312,8648,-300
50,15,6883,-55,6883,-100
50,15,5182,-26,5182,-50
50,15,7849,-375,7849,-400
50,15,2330,303,2330,300
50,15,4733,520,4733,500
50,15,3808,361,3808,350
50,15,5267,45,5267,50
50,15,4740,-46,4740,-50
50,20,9847,990,9847,950
50,20,6132,-629,6132,-650
50,20,5375,233,5375,200
50,20,2477,-329,2477,-300
50,20,8383,-74,8383,-50
50,20,3481,-966,3481,-950
50,20,8431,341,8431,350
50,20,4897,-214,4897,-200
50,20,6142,859,6142,850
50,20,8898,-673,8898,-700
50,20,8283,879,8283,850
50,20,3077,232,3077,250
50,20,8882,238,8882,250
50,20,1713,434,1713,400
50,20,1739,-285,1739,-250
50,20,6781,517,6781,500
50,20,4389,-148,4389,-150
50,20,7237,-59,7237,-50
50,20,1734,238,1734,200
50,20,6939,-294,6939,-350
50,25,4262,922,4262,950
50,25,9521,32,9521,50
50,25,2958,-772,2958,-800
50,25,636,589,636,650
50,25,7250,680,7250,700
50,25,1960,-496,1960,-500
50,25,9394,131,9394,100
50,25,6772,666,6772,650
50,25,560,-92,560,-150
50,25,2923,-69,2923,-150
50,25,8061,752,8061,750
50,25,318,-721,318,-650
50,25,2996,297,2996,400
50,25,5038,104,5038,100
50,25,2373,-538,2373,-500
50,25,3454,-570,3454,-550
50,25,6447,224,6447,250
50,25,4525,-280,4525,-250
50,25,9905,458,9905,400
50,25,6738,-177,6738,-200
50,30,8817,215,8817,150
50,30,7428,-685,7429,-650
50,30,9963,-881,6306,800
50,30,3806,-362,6306,800
50,30,1052,-5,1052,50
50,30,8634,-342,8634,-500
50,30,9520,-442,9520,-400
50,30,7799,-699,7799,-950
50,30,2505,134,6306,800
50,30,2963,728,2963,800
50,30,5081,-849,5081,-700
50,30,5509,662,5509,700
50,30,1775,617,1775,550
50,30,8403,-472,8403,-450
50,30,3333,390,3333,350
50,30,2546,-967,6306,800
50,30,6088,-435,6088,-600
50,30,9823,-260,9823,-300
50,30,4596,417,4596,450
50,30,415,-525,415,-400
50,35,348,-977,6306,800
50,35,5133,-466,6306,800
50,35,3982,195,3986,300
50,35,6422,-243,6306,800
50,35,1363,-136,6306,800
50,35,581,-737,6306,800
50,35,2147,7,6306,800
50,35,4457,110,6306,800
50,35,1042,88,6306,800
50,35,1231,-468,1229,-350
50,35,6922,-132,6306,800
50,35,559,898,559,1050
50,35,7678,747,6306,800
50,35,5632,-872,6306,800
50,35,2310,-883,6306,800
50,35,9762,-276,6306,800
50,35,4736,-392,6306,800
50,35,4218,-746,6306,800
50,35,7280,-172,6306,800
50,35,5026,-62,6306,800
50,40,2361,-675,6306,800
50,40,5557,-600,6306,800
50,40,2615,-954,6306,800
50,40,6729,663,6306,800
50,40,5377,789,6306,800
50,40,3200,-26,6306,800
50,40,7823,-416,6306,800
50,40,628,217,6306,800
50,40,2559,-124,6306,800
50,40,7212,-261,6306,800
50,40,1766,-282,6306,800
50,40,5775,-516,6306,800
50,40,7498,649,6306,800
50,40,700,-4,6306,800
50,40,8272,-985,6306,800
50,40,5784,626,6306,800
50,40,3161,766,6306,800
50,40,8265,442,6306,800
50,40,2866,577,6306,800
50,40,5620,467,6306,800
50,45,3567,-28,6306,800
50,45,1550,-830,6306,800
50,45,3734,243,6306,800
50,45,5828,773,6306,800
50,45,2749,-65,6306,800
50,45,629,-753,6306,800
50,45,1548,657,6306,800
50,45,8336,-399,6306,800
50,45,1778,-150,6306,800
50,45,6430,-674,6306,800
50,45,366,835,6306,800
50,45,8322,-213,6306,800
50,45,817,-998,6306,800
50,45,4054,359,6306,800
50,45,8043,-333,6306,800
50,45,171,-558,6306,800
50,45,8632,-838,6306,800
50,45,1428,924,6306,800
50,45,3854,-510,6306,800
50,45,4264,-490,6306,800
50,50,1869,-877,6306,800
50,50,3948,-158,6306,800
50,50,8036,-73,6306,800
50,50,1568,250,6306,800
50,50,5403,887,6306,800
50,50,5255,-655,6306,800
50,50,7354,889,6306,800
50,50,2313,320,6306,800
50,50,9793,-609,6306,800
50,50,3751,120,6306,800
50,50,7712,-234,6306,800
50,50,6237,-754,6306,800
50,50,5234,-301,6306,800
50,50,3794,390,6306,800
50,50,9167,-606,6306,800
50,50,2861,-666,6306,800
50,50,2581,465,6306,800
50,50,8229,924,6306,800
50,50,6646,410,6306,800
50,50,2919,-873,6306,800
