snr,wifi_db,exp_phase_shift,exp_doppler_shift,found_phase_shift,found_doppler_shift
-50,-100,9314,783,6318,0
-50,-100,7554,933,9644,-300
-50,-100,2923,197,3228,0
-50,-100,4688,-145,4101,300
-50,-100,2190,-865,9809,700
-50,-100,807,-962,6025,-100
-50,-100,5735,366,6263,-200
-50,-100,2091,157,4068,-800
-50,-100,5103,832,2661,-100
-50,-100,375,364,6020,900
-50,-100,1527,436,3546,300
-50,-100,7354,652,5068,-900
-50,-100,2015,601,5887,900
-50,-100,4450,-225,6404,200
-50,-100,3137,-612,4465,-500
-50,-100,1890,-458,6937,100
-50,-100,4666,-841,4869,-1000
-50,-100,2839,-865,9216,-800
-50,-100,5628,-906,2334,-600
-50,-100,9420,570,9859,-200
-50,-100,5528,-897,5951,-300
-50,-100,7455,765,3781,-800
-50,-100,9538,780,8236,800
-50,-100,9324,-346,1815,-800
-50,-100,1290,64,7467,-300
-50,-100,6119,-461,7624,900
-50,-100,4692,31,8398,900
-50,-100,4903,852,1779,-500
-50,-100,1030,450,7774,-400
-50,-100,9889,652,8806,-1000
-50,-100,6019,-771,6194,500
-50,-100,2480,408,3525,-400
-50,-100,1574,-148,1639,-1000
-50,-100,3501,-405,9695,900
-50,-100,2253,122,132,800
-50,-100,6986,211,9215,-800
-50,-100,3990,-449,2248,-900
-50,-100,1463,254,6911,900
-50,-100,1603,662,6304,800
-50,-100,3913,450,8856,200
-50,-100,1673,-168,3515,-600
-50,-100,1592,750,8958,900
-50,-100,4847,173,4682,100
-50,-100,1733,245,9091,700
-50,-100,3147,274,6865,-300
-50,-100,4922,-784,6078,0
-50,-100,2067,670,1381,600
-50,-100,7167,-966,7068,300
-50,-100,6083,-878,7243,-1000
-50,-100,2185,442,31,900
-50,-100,7980,937,3743,-100
-50,-100,9299,-734,8287,-100
-50,-100,5487,-975,6112,0
-50,-100,4783,-989,7791,-1000
-50,-100,7563,476,3926,-1000
-50,-100,6097,-879,7896,-500
-50,-100,4543,757,606,300
-50,-100,7874,374,1288,300
-50,-100,5690,222,450,-800
-50,-100,982,-994,8949,-300
-50,-100,9494,579,6242,500
-50,-100,3438,-548,8960,900
-50,-100,5498,616,8522,-400
-50,-100,3336,417,150,-200
-50,-100,9092,128,2633,-500
-50,-100,4140,918,9650,900
-50,-100,5284,551,6233,900
-50,-100,1326,992,6087,-100
-50,-100,993,479,8447,-1000
-50,-100,868,599,6319,400
-50,-100,7798,512,9384,-700
-50,-100,7542,596,2743,-600
-50,-100,3048,-801,6604,400
-50,-100,4994,986,3511,600
-50,-100,806,-497,5397,900
-50,-100,7763,2,6708,-1000
-50,-100,6484,148,5882,300
-50,-100,1075,136,1232,300
-50,-100,9077,-315,8365,-300
-50,-100,5056,592,6153,500
-50,-100,593,-418,9756,-900
-50,-100,8835,-698,6147,-400
-50,-100,6143,-960,9229,600
-50,-100,4369,706,2677,600
-50,-100,9770,-866,7338,0
-50,-100,8246,-154,865,200
-50,-100,288,601,6094,900
-50,-100,3451,-125,2946,-100
-50,-100,4504,557,6210,-100
-50,-100,7866,245,8758,-700
-50,-100,4363,66,9045,900
-50,-100,1612,-194,3856,100
-50,-100,2948,384,4290,800
-50,-100,1999,218,3752,-1000
-50,-100,2280,-530,4816,-200
-50,-100,8522,74,5466,-300
-50,-100,7891,178,8162,-800
-50,-100,9522,-345,4988,500
-50,-100,1372,-860,5896,-700
-50,-100,5550,76,3180,-500
-50,-90,4556,17,7024,900
-50,-90,3597,186,7237,-700
-50,-90,6566,-494,9308,900
-50,-90,816,891,3671,700
-50,-90,543,999,6039,600
-50,-90,1522,-281,8830,900
-50,-90,8104,-924,2184,400
-50,-90,1879,389,9607,600
-50,-90,6103,414,2015,-400
-50,-90,4237,799,5204,500
-50,-90,5319,-359,4857,400
-50,-90,3202,-334,727,-700
-50,-90,1008,-370,1192,800
-50,-90,584,-844,3601,400
-50,-90,1211,-21,3908,-1000
-50,-90,9038,-999,6929,900
-50,-90,6080,445,2626,-1000
-50,-90,8325,-683,8081,400
-50,-90,9329,-6,6422,800
-50,-90,3458,-972,645,400
-50,-90,1253,-181,2009,-700
-50,-90,2921,256,7237,-800
-50,-90,568,-755,239,600
-50,-90,9827,109,9380,0
-50,-90,4584,-300,1504,300
-50,-90,2569,-634,6377,900
-50,-90,6601,798,3445,-500
-50,-90,4489,-638,1243,200
-50,-90,4514,959,2326,500
-50,-90,5566,938,5837,-400
-50,-90,7535,611,1227,-200
-50,-90,125,-313,8255,900
-50,-90,3060,-542,3546,900
-50,-90,8715,-371,5763,-800
-50,-90,8487,-363,5414,-1000
-50,-90,6880,18,3861,900
-50,-90,3907,-884,227,-900
-50,-90,514,-798,9740,600
-50,-90,6038,590,2814,-200
-50,-90,8400,-653,3638,200
-50,-90,8348,270,4804,400
-50,-90,7619,401,1670,-1000
-50,-90,7362,225,8469,600
-50,-90,1045,-72,4628,-900
-50,-90,757,-419,9615,200
-50,-90,2017,-249,2758,700
-50,-90,6460,-134,6181,-1000
-50,-90,5968,-468,8811,-600
-50,-90,9082,253,391,-300
-50,-90,3472,-837,1802,700
-50,-90,4351,888,6390,-1000
-50,-90,1495,-938,9897,-600
-50,-90,3809,48,8218,-300
-50,-90,455,449,9065,400
-50,-90,3636,-971,8539,0
-50,-90,2511,-521,8591,-500
-50,-90,7722,-196,5249,600
-50,-90,6544,864,9069,-600
-50,-90,7733,-908,948,-400
-50,-90,6112,-802,6771,800
-50,-90,184,628,9213,600
-50,-90,5053,583,3980,-700
-50,-90,1018,244,3330,900
-50,-90,5573,616,3183,100
-50,-90,2790,748,939,0
-50,-90,4017,400,1100,900
-50,-90,4638,-695,1393,800
-50,-90,9389,229,1945,-800
-50,-90,6826,882,7331,900
-50,-90,7451,849,7175,-1000
-50,-90,245,-26,8137,200
-50,-90,2515,859,2857,-300
-50,-90,8240,635,2170,200
-50,-90,7728,895,7222,-800
-50,-90,161,29,1474,-200
-50,-90,9476,-83,2687,-200
-50,-90,9243,526,1022,900
-50,-90,1503,-200,9635,300
-50,-90,644,-415,8663,-700
-50,-90,1829,-9,739,900
-50,-90,9944,824,8261,-1000
-50,-90,6494,216,6516,300
-50,-90,2679,811,8443,-500
-50,-90,5415,-312,8124,900
-50,-90,298,972,99,-700
-50,-90,9623,390,3180,-900
-50,-90,5695,202,9819,-1000
-50,-90,4266,-77,9213,300
-50,-90,6266,586,7947,300
-50,-90,1122,872,5957,0
-50,-90,8624,858,3857,-300
-50,-90,8414,-139,1725,400
-50,-90,2596,-551,5914,0
-50,-90,6165,-590,1857,-900
-50,-90,8500,48,8179,900
-50,-90,1873,-422,7649,700
-50,-90,572,-199,9635,300
-50,-90,8968,-149,3268,-600
-50,-90,1983,93,8271,-900
-50,-90,693,-940,8164,200
-50,-80,1218,142,2499,700
-50,-80,8597,989,1210,-800
-50,-80,5198,-822,3438,500
-50,-80,9845,-222,3930,400
-50,-80,1394,189,1312,500
-50,-80,5054,-580,5715,800
-50,-80,6246,-539,4866,-100
-50,-80,3011,-919,461,800
-50,-80,9283,-997,4498,-200
-50,-80,2182,168,3538,-1000
-50,-80,9344,156,6151,-500
-50,-80,4542,-222,7460,-800
-50,-80,9975,-954,1370,800
-50,-80,2567,-923,2238,-600
-50,-80,8833,364,2967,-300
-50,-80,9694,46,6458,0
-50,-80,5671,-68,910,600
-50,-80,5732,-328,4316,400
-50,-80,3141,-263,30,500
-50,-80,7658,-900,7987,-800
-50,-80,4188,992,5771,-1000
-50,-80,9867,306,7771,-200
-50,-80,5314,-129,8381,800
-50,-80,3162,-243,9634,-400
-50,-80,4681,-60,2976,900
-50,-80,9574,885,3065,100
-50,-80,2309,527,4628,-200
-50,-80,2978,27,257,-800
-50,-80,6991,174,2573,300
-50,-80,3535,364,5404,400
-50,-80,8006,-229,3458,-200
-50,-80,983,-404,3640,700
-50,-80,6147,699,1574,400
-50,-80,9656,-52,7852,-1000
-50,-80,294,-977,2295,0
-50,-80,966,615,2958,100
-50,-80,7767,282,6763,900
-50,-80,5994,26,2195,-900
-50,-80,288,-871,8433,900
-50,-80,3648,-208,7705,100
-50,-80,6171,80,9582,200
-50,-80,2170,611,8812,-500
-50,-80,3488,248,9963,-600
-50,-80,3180,925,9533,-300
-50,-80,5771,577,5077,800
-50,-80,1412,-298,5403,900
-50,-80,8435,893,2123,200
-50,-80,26,-540,4284,-300
-50,-80,4660,296,6449,-800
-50,-80,4298,967,8630,100
-50,-80,5169,-926,5217,400
-50,-80,9414,-59,776,-600
-50,-80,4688,-274,8874,-600
-50,-80,1514,55,483,-500
-50,-80,6310,-167,3400,0
-50,-80,6439,990,4215,-100
-50,-80,5817,18,7951,900
-50,-80,5863,541,8530,900
-50,-80,723,-490,9077,900
-50,-80,2835,-653,8120,0
-50,-80,3404,692,8792,100
-50,-80,6054,-614,6568,900
-50,-80,4234,-600,8932,700
-50,-80,1179,-237,5134,900
-50,-80,2791,348,189,700
-50,-80,7621,503,7225,-600
-50,-80,3601,-701,418,700
-50,-80,6553,821,6752,900
-50,-80,8572,449,9085,-800
-50,-80,6396,102,1560,-600
-50,-80,5077,374,7747,-500
-50,-80,4844,-98,4944,900
-50,-80,3813,986,4353,-1000
-50,-80,1828,-846,9518,900
-50,-80,2928,675,1979,-400
-50,-80,2606,-331,247,-300
-50,-80,556,873,3485,-800
-50,-80,7579,-91,1580,-500
-50,-80,9164,1000,7157,100
-50,-80,6951,-260,8637,400
-50,-80,756,704,2937,500
-50,-80,9077,-331,3185,-600
-50,-80,3117,18,8132,-1000
-50,-80,9060,190,7771,-100
-50,-80,7322,745,296,900
-50,-80,6655,-877,4679,700
-50,-80,4292,-136,5398,100
-50,-80,2351,-422,1031,900
-50,-80,8935,-404,7010,300
-50,-80,7917,935,2119,700
-50,-80,2231,-848,51,-700
-50,-80,7371,-913,3891,0
-50,-80,4646,-284,7314,800
-50,-80,8620,168,9318,-100
-50,-80,1163,132,2810,400
-50,-80,1574,614,2093,-1000
-50,-80,1862,-985,8161,-300
-50,-80,4831,-586,8544,100
-50,-80,9905,-242,4301,-200
-50,-80,6375,926,4011,300
-50,-70,2171,-784,3732,-500
-50,-70,9734,106,2665,0
-50,-70,2474,-174,3480,-200
-50,-70,5536,-964,4745,-1000
-50,-70,6883,-816,6870,-1000
-50,-70,4600,442,1444,900
-50,-70,2439,291,4205,0
-50,-70,4189,-430,6548,-700
-50,-70,6200,-137,6092,-500
-50,-70,9671,-490,120,-500
-50,-70,7535,968,6756,100
-50,-70,7467,102,4808,-200
-50,-70,7765,799,3870,-800
-50,-70,9315,121,3757,300
-50,-70,597,-236,1335,-400
-50,-70,3778,-366,5349,900
-50,-70,4392,-142,2378,-700
-50,-70,5180,414,6450,900
-50,-70,8238,170,2314,500
-50,-70,4439,724,4671,-300
-50,-70,4256,-188,7836,900
-50,-70,1883,-821,4206,900
-50,-70,6488,565,7610,-100
-50,-70,9972,121,5923,-300
-50,-70,9160,353,6302,800
-50,-70,3622,546,5153,900
-50,-70,4457,397,9117,400
-50,-70,92,688,6867,-200
-50,-70,598,-395,7195,-700
-50,-70,3831,-420,4247,900
-50,-70,1905,982,8551,500
-50,-70,4105,597,7183,-600
-50,-70,6974,-3,8147,-1000
-50,-70,1074,-462,7492,0
-50,-70,4694,-99,6323,200
-50,-70,235,-53,9999,200
-50,-70,4858,186,530,-600
-50,-70,5525,-426,7316,-900
-50,-70,891,247,2973,-1000
-50,-70,249,576,992,600
-50,-70,6603,341,2871,600
-50,-70,9719,-895,4707,0
-50,-70,9926,-252,6140,-400
-50,-70,6365,-628,4688,800
-50,-70,6146,-337,3766,-300
-50,-70,9274,-500,595,-1000
-50,-70,2208,961,9110,900
-50,-70,7181,-275,465,900
-50,-70,2548,-7,809,-100
-50,-70,4929,742,3693,-1000
-50,-70,6928,-283,5328,400
-50,-70,2123,-947,8658,-900
-50,-70,5647,-27,17,-800
-50,-70,8047,62,1527,-500
-50,-70,5753,660,7226,700
-50,-70,5071,-172,2248,-800
-50,-70,9867,713,3684,0
-50,-70,4307,-847,2998,-300
-50,-70,1992,692,1959,900
-50,-70,3680,-242,1798,-500
-50,-70,2440,915,4511,600
-50,-70,6418,-355,3607,-400
-50,-70,845,712,1378,700
-50,-70,5061,-207,6651,-300
-50,-70,9296,-335,4135,-300
-50,-70,9174,693,9057,900
-50,-70,624,-567,2318,-700
-50,-70,8449,-393,7296,900
-50,-70,5660,-178,8665,100
-50,-70,3401,-169,731,900
-50,-70,1449,-150,7484,-1000
-50,-70,224,-543,3497,0
-50,-70,971,-443,8026,200
-50,-70,7208,-362,1245,700
-50,-70,4159,-55,4576,700
-50,-70,6255,-449,9494,-100
-50,-70,2872,346,3560,-700
-50,-70,2559,959,7517,-800
-50,-70,7130,-695,8812,-300
-50,-70,3506,-375,1973,-400
-50,-70,2104,-524,4174,500
-50,-70,531,-416,8205,-1000
-50,-70,6687,-583,6390,-500
-50,-70,212,175,8080,500
-50,-70,2595,7,1365,900
-50,-70,7861,137,2598,-100
-50,-70,8027,463,6486,500
-50,-70,7508,-6,7829,-900
-50,-70,9165,97,3117,-700
-50,-70,7846,859,4307,-900
-50,-70,1406,879,3412,500
-50,-70,2540,-348,7685,-1000
-50,-70,7878,-678,7053,-100
-50,-70,6843,769,796,300
-50,-70,9632,204,5863,500
-50,-70,5247,-353,2095,-500
-50,-70,7794,-280,9270,300
-50,-70,932,-342,9260,-500
-50,-70,5266,322,3157,-900
-50,-70,4944,261,2634,-800
-50,-60,927,-874,5518,900
-50,-60,6129,-223,2010,-1000
-50,-60,3672,-395,3593,900
-50,-60,2758,368,7373,-100
-50,-60,6341,-130,6269,-600
-50,-60,4096,17,9047,-1000
-50,-60,2837,-125,4611,900
-50,-60,9977,-743,5362,-200
-50,-60,7709,-949,2822,-600
-50,-60,4575,136,2671,100
-50,-60,8218,755,6805,600
-50,-60,5303,997,6479,600
-50,-60,7848,-866,9549,200
-50,-60,4528,337,9926,800
-50,-60,6624,-553,4809,-1000
-50,-60,7578,-491,1545,-500
-50,-60,116,390,9053,-900
-50,-60,8449,-487,7298,-1000
-50,-60,7911,-816,9587,-500
-50,-60,6224,560,1360,900
-50,-60,5549,-674,6766,-400
-50,-60,1672,-45,3071,-300
-50,-60,3169,-388,8148,600
-50,-60,6905,-664,2713,200
-50,-60,1906,776,9788,-500
-50,-60,4302,-263,4217,-400
-50,-60,8230,420,978,400
-50,-60,1346,596,8036,300
-50,-60,1603,688,407,-900
-50,-60,6353,342,5003,-500
-50,-60,3360,-643,5374,-400
-50,-60,3863,-936,1431,-1000
-50,-60,1516,-126,7156,-700
-50,-60,7860,229,3506,-600
-50,-60,1888,102,4774,700
-50,-60,6395,-957,6086,500
-50,-60,7206,571,7473,-400
-50,-60,7691,435,17,-1000
-50,-60,1004,-549,1670,-600
-50,-60,2059,840,9797,100
-50,-60,8402,494,8688,-700
-50,-60,1211,359,7540,-1000
-50,-60,8821,884,3552,600
-50,-60,6832,732,5039,800
-50,-60,2898,-940,9600,900
-50,-60,1984,994,181,800
-50,-60,5348,-61,9699,100
-50,-60,1144,-768,4865,300
-50,-60,1071,-349,4728,-1000
-50,-60,526,398,773,-1000
-50,-60,1997,-35,4133,-800
-50,-60,6702,505,6851,-1000
-50,-60,9461,994,8303,600
-50,-60,1242,532,1067,900
-50,-60,2199,-231,3748,900
-50,-60,3216,629,7981,-100
-50,-60,6400,985,4073,500
-50,-60,4531,-27,4954,600
-50,-60,1676,241,8111,-100
-50,-60,9218,-369,7499,500
-50,-60,5864,-124,4519,-400
-50,-60,91,636,8239,-1000
-50,-60,840,-641,2693,200
-50,-60,4516,764,7455,0
-50,-60,9582,-868,5901,-1000
-50,-60,6602,436,7975,700
-50,-60,4757,597,3889,-300
-50,-60,9082,-895,3022,-1000
-50,-60,6885,-142,8708,900
-50,-60,8097,457,2905,300
-50,-60,7932,687,9654,-300
-50,-60,6525,670,8123,-900
-50,-60,288,869,7089,400
-50,-60,9606,313,4642,900
-50,-60,7876,-484,2373,200
-50,-60,5010,794,8507,-1000
-50,-60,2310,-374,4952,-900
-50,-60,5235,280,5603,300
-50,-60,4766,494,733,-700
-50,-60,3789,-175,1567,-700
-50,-60,6741,-611,5648,-1000
-50,-60,4678,595,7323,-1000
-50,-60,3441,-588,680,-800
-50,-60,1436,-754,7485,800
-50,-60,2530,177,2210,-300
-50,-60,4410,-801,1749,-1000
-50,-60,4275,909,6631,300
-50,-60,6911,-391,3216,-400
-50,-60,8636,-774,9447,-700
-50,-60,5593,798,8504,-500
-50,-60,302,-246,6907,-600
-50,-60,6541,898,9285,-500
-50,-60,7883,-923,6289,900
-50,-60,6643,-528,3555,0
-50,-60,2568,720,530,500
-50,-60,1265,-230,7788,-800
-50,-60,5692,-359,8973,-300
-50,-60,7960,-331,9181,600
-50,-60,6835,29,9429,-200
-50,-60,8678,872,7853,300
-50,-50,410,-839,2973,900
-50,-50,1612,446,3505,-200
-50,-50,6987,164,1525,-300
-50,-50,9791,-274,7195,-300
-50,-50,5359,421,2522,-400
-50,-50,286,80,1595,900
-50,-50,7974,405,4951,500
-50,-50,9356,-60,9734,500
-50,-50,8715,-592,2608,-1000
-50,-50,4298,-212,7572,900
-50,-50,778,319,6737,-600
-50,-50,1467,-146,731,0
-50,-50,2241,375,2607,-1000
-50,-50,9071,-937,1762,700
-50,-50,1508,375,5841,-500
-50,-50,1834,174,1667,200
-50,-50,1686,712,1192,500
-50,-50,7992,481,4072,400
-50,-50,6069,316,6447,-200
-50,-50,2623,-82,2590,-800
-50,-50,1260,394,5751,400
-50,-50,3223,-995,4513,-1000
-50,-50,4720,-640,8691,-600
-50,-50,8416,-845,8578,700
-50,-50,4489,-467,9515,-500
-50,-50,6424,228,343,-1000
-50,-50,7024,964,3088,-500
-50,-50,6369,422,9624,500
-50,-50,8201,763,8861,500
-50,-50,1071,378,6632,500
-50,-50,8466,-290,9966,-400
-50,-50,1684,-585,6594,0
-50,-50,1431,361,8771,900
-50,-50,2172,944,2108,600
-50,-50,6704,522,8311,-1000
-50,-50,6315,75,8775,300
-50,-50,9688,252,8035,-900
-50,-50,5354,124,4011,-700
-50,-50,405,-446,6543,-700
-50,-50,5892,-775,8163,-100
-50,-50,343,623,8701,800
-50,-50,6940,154,5888,-300
-50,-50,7165,-840,4240,900
-50,-50,264,858,2344,-300
-50,-50,907,-292,2027,700
-50,-50,5549,137,2913,900
-50,-50,8548,481,8961,-900
-50,-50,5403,-15,9346,600
-50,-50,7882,-855,6079,700
-50,-50,6098,521,8995,0
-50,-50,4566,895,6890,-700
-50,-50,8367,-684,2106,-400
-50,-50,889,869,1809,0
-50,-50,7399,-749,2524,-100
-50,-50,7086,487,7725,400
-50,-50,8154,888,6796,600
-50,-50,3059,-430,2269,400
-50,-50,1608,-284,4065,-1000
-50,-50,8761,521,3768,900
-50,-50,9350,-511,2667,100
-50,-50,4284,-358,8899,-500
-50,-50,1152,-807,5324,-1000
-50,-50,2454,-487,2393,600
-50,-50,4801,-85,6033,0
-50,-50,6407,-258,3241,900
-50,-50,106,-928,8644,300
-50,-50,8283,996,4395,-100
-50,-50,2801,-601,8311,-1000
-50,-50,6986,-481,4484,400
-50,-50,8433,-800,6061,600
-50,-50,8163,-338,5197,500
-50,-50,7241,-912,2840,900
-50,-50,9316,-397,8516,200
-50,-50,6718,-812,871,100
-50,-50,6149,-466,6569,-1000
-50,-50,5416,616,7069,500
-50,-50,5877,-710,8208,700
-50,-50,7665,-133,7798,900
-50,-50,4254,451,4241,600
-50,-50,9591,-108,2843,400
-50,-50,4132,904,5259,-800
-50,-50,7821,362,8261,100
-50,-50,9785,-180,3423,-600
-50,-50,798,-903,8108,-400
-50,-50,775,661,1908,900
-50,-50,9782,-304,8837,-400
-50,-50,1278,550,7713,-100
-50,-50,3246,825,2884,400
-50,-50,3518,-150,2163,-1000
-50,-50,1240,430,9240,800
-50,-50,4723,-393,203,-1000
-50,-50,687,-31,144,200
-50,-50,5399,-749,906,200
-50,-50,9885,-819,4243,800
-50,-50,7174,-149,5588,900
-50,-50,7213,-750,1434,600
-50,-50,5486,-501,7411,-1000
-50,-50,4596,632,3849,900
-50,-50,2284,-948,1070,-900
-50,-50,6202,-581,6688,700
-50,-40,5507,661,8222,-900
-50,-40,9963,-542,8720,500
-50,-40,8960,-606,613,-800
-50,-40,330,853,3635,800
-50,-40,3013,769,530,900
-50,-40,4728,-839,6225,-100
-50,-40,8456,849,9553,300
-50,-40,9169,-592,5324,-200
-50,-40,4198,-694,4834,-1000
-50,-40,2196,-968,6408,700
-50,-40,6432,437,7999,500
-50,-40,9255,96,6834,600
-50,-40,1279,39,4790,-700
-50,-40,6308,-734,1614,200
-50,-40,7958,14,2793,400
-50,-40,2179,620,3714,-400
-50,-40,656,-335,8600,-400
-50,-40,3264,132,3993,500
-50,-40,3513,-352,6890,900
-50,-40,7162,340,7323,200
-50,-40,3496,631,9727,-900
-50,-40,3036,-66,7389,200
-50,-40,7607,928,5145,-400
-50,-40,7700,-787,2141,-1000
-50,-40,8106,293,7828,-700
-50,-40,3989,377,6840,-200
-50,-40,8293,63,1173,-700
-50,-40,1874,-300,3779,-100
-50,-40,8428,-178,8074,700
-50,-40,9590,-601,191,-200
-50,-40,9176,-357,8089,-400
-50,-40,4419,-468,3680,-700
-50,-40,3883,-39,6532,-400
-50,-40,175,899,471,300
-50,-40,2426,-314,498,-900
-50,-40,8084,-832,9693,200
-50,-40,3095,-43,6326,-400
-50,-40,6359,692,2881,-500
-50,-40,3170,810,860,900
-50,-40,1305,-270,8318,700
-50,-40,9307,73,9891,100
-50,-40,3124,-756,5348,100
-50,-40,5019,-389,5972,-700
-50,-40,3593,-115,3057,-200
-50,-40,4957,949,5670,-500
-50,-40,597,-177,9899,200
-50,-40,232,484,3507,-100
-50,-40,6562,-433,2225,-300
-50,-40,5047,461,4743,-700
-50,-40,1210,-824,140,400
-50,-40,535,840,5506,600
-50,-40,6657,476,3354,100
-50,-40,7845,270,9753,700
-50,-40,5315,424,4831,700
-50,-40,1658,-854,9287,900
-50,-40,4654,100,8521,-100
-50,-40,4241,262,9677,-100
-50,-40,5058,93,6840,100
-50,-40,234,-338,2492,900
-50,-40,9414,658,662,-900
-50,-40,9535,-905,5169,-500
-50,-40,4718,-976,7726,0
-50,-40,2355,200,1669,800
-50,-40,6783,960,5363,400
-50,-40,6983,-300,3859,-300
-50,-40,3068,-650,22,100
-50,-40,7492,782,1691,500
-50,-40,5651,-562,4838,-700
-50,-40,263,-2,2998,400
-50,-40,9172,782,1150,-800
-50,-40,7208,-635,4948,-600
-50,-40,7563,-945,6807,700
-50,-40,627,-1,4320,300
-50,-40,1768,-646,9524,-500
-50,-40,4542,910,2109,-100
-50,-40,3980,-31,1888,-500
-50,-40,4883,-250,5946,700
-50,-40,5506,323,2677,700
-50,-40,2504,-152,3620,400
-50,-40,2537,167,4732,-1000
-50,-40,623,11,2952,400
-50,-40,860,-180,4101,-1000
-50,-40,1129,362,6776,-600
-50,-40,6719,952,8095,300
-50,-40,6639,266,692,100
-50,-40,2809,-143,9905,200
-50,-40,5488,797,2943,-300
-50,-40,2983,-375,9299,-800
-50,-40,2645,370,3668,100
-50,-40,4866,679,624,900
-50,-40,4700,-710,4414,-800
-50,-40,1862,-344,7553,-1000
-50,-40,2109,-199,2398,-500
-50,-40,6958,836,6381,600
-50,-40,7387,486,5598,200
-50,-40,4729,-807,715,-100
-50,-40,6326,653,7827,300
-50,-40,4655,151,5330,-1000
-50,-40,2916,913,4560,0
-50,-40,348,761,7365,-400
-50,-30,9553,538,2866,800
-50,-30,3482,-422,311,800
-50,-30,536,-719,3421,0
-50,-30,4890,-911,4598,200
-50,-30,6612,-347,5822,-500
-50,-30,5878,-33,7468,-400
-50,-30,209,449,8895,-600
-50,-30,4611,949,7374,-100
-50,-30,7186,672,7407,-700
-50,-30,6431,60,2689,900
-50,-30,3017,-374,5237,-500
-50,-30,1869,48,5122,100
-50,-30,8341,-66,7442,900
-50,-30,9353,-321,2148,300
-50,-30,6364,449,7855,400
-50,-30,8503,-895,3505,-200
-50,-30,2873,-744,9053,400
-50,-30,5775,610,1454,-700
-50,-30,5176,584,9019,200
-50,-30,2017,477,194,-400
-50,-30,7197,705,141,100
-50,-30,2735,112,2525,900
-50,-30,9930,-593,9310,400
-50,-30,5411,169,5756,0
-50,-30,2949,-613,1977,400
-50,-30,3891,574,6803,900
-50,-30,2819,462,1103,-100
-50,-30,2529,-332,9647,-1000
-50,-30,3995,-661,7254,-800
-50,-30,9582,-609,7960,-300
-50,-30,7111,-815,9577,-800
-50,-30,4716,364,8803,400
-50,-30,9036,-452,592,300
-50,-30,7907,557,924,-500
-50,-30,2202,26,1035,400
-50,-30,3767,891,9053,0
-50,-30,6632,-949,8743,200
-50,-30,3977,587,9511,-200
-50,-30,679,811,7113,700
-50,-30,5764,-922,8787,800
-50,-30,1026,897,2098,500
-50,-30,9373,263,779,0
-50,-30,1784,944,3722,800
-50,-30,640,-163,9319,-200
-50,-30,9245,-416,7018,-500
-50,-30,522,-522,1424,600
-50,-30,403,-927,5078,-300
-50,-30,8230,-910,3936,-800
-50,-30,2633,-235,7709,900
-50,-30,6840,317,4984,400
-50,-30,7930,654,1323,-500
-50,-30,1104,988,5264,900
-50,-30,695,423,9455,200
-50,-30,9484,621,6238,-100
-50,-30,1372,-725,611,700
-50,-30,2325,-842,3777,-100
-50,-30,6824,651,1161,400
-50,-30,516,31,3753,500
-50,-30,8484,-665,7974,400
-50,-30,4884,204,5706,200
-50,-30,2032,832,9423,200
-50,-30,8685,-183,5057,400
-50,-30,4626,-406,4074,900
-50,-30,2596,-138,7238,-500
-50,-30,3279,692,841,300
-50,-30,7100,-589,1579,100
-50,-30,1829,-741,9204,100
-50,-30,4635,317,3904,-500
-50,-30,7470,-858,7670,800
-50,-30,6282,-459,7625,-200
-50,-30,9984,-665,7123,-900
-50,-30,8207,723,7028,-800
-50,-30,2811,938,6338,-100
-50,-30,9479,-841,7951,200
-50,-30,309,-856,9525,700
-50,-30,9427,-855,636,-1000
-50,-30,253,448,8703,-600
-50,-30,8542,538,2292,900
-50,-30,4955,866,8365,-100
-50,-30,9510,-170,7277,300
-50,-30,3445,141,8030,-800
-50,-30,1281,-769,7271,-100
-50,-30,1137,-655,210,600
-50,-30,6432,321,4245,0
-50,-30,2455,263,1416,300
-50,-30,7539,-444,9334,-500
-50,-30,8406,-747,8077,200
-50,-30,7454,842,125,500
-50,-30,8717,-693,9066,300
-50,-30,6419,-327,5901,800
-50,-30,1720,368,1042,-800
-50,-30,423,670,6028,-500
-50,-30,7539,-819,738,900
-50,-30,6791,-640,6432,-500
-50,-30,4038,805,2314,0
-50,-30,7060,-26,4617,100
-50,-30,6294,-533,1266,-300
-50,-30,1855,2,8826,600
-50,-30,2259,145,6855,500
-50,-30,6017,-359,7804,-500
-50,-20,5356,-319,5515,-400
-50,-20,4821,-916,6085,-800
-50,-20,3763,-782,666,800
-50,-20,3189,846,748,-900
-50,-20,2275,375,3806,-300
-50,-20,4782,-345,9446,-300
-50,-20,7900,341,3918,200
-50,-20,8233,356,2124,-100
-50,-20,9683,745,6268,-900
-50,-20,829,-829,7891,600
-50,-20,5131,-193,5320,-800
-50,-20,7154,-395,4953,400
-50,-20,9423,692,1038,-400
-50,-20,9751,-280,7920,700
-50,-20,5880,187,8720,-1000
-50,-20,9082,196,218,100
-50,-20,9824,-108,9140,-900
-50,-20,9576,279,828,400
-50,-20,6049,302,9038,-500
-50,-20,2704,951,4672,500
-50,-20,328,-88,2651,-400
-50,-20,3073,770,960,100
-50,-20,2683,144,9417,400
-50,-20,6146,633,9072,700
-50,-20,1796,584,3442,700
-50,-20,6260,783,1548,-1000
-50,-20,9546,-473,2231,-1000
-50,-20,4924,-708,665,-100
-50,-20,4091,75,2215,-700
-50,-20,3122,-699,2280,500
-50,-20,5274,161,5189,-300
-50,-20,8311,607,953,-800
-50,-20,2377,322,6400,-1000
-50,-20,773,413,3036,-1000
-50,-20,5164,-950,7397,900
-50,-20,8119,-669,8032,0
-50,-20,8863,-797,7838,-900
-50,-20,5574,-992,4328,300
-50,-20,7557,77,215,-800
-50,-20,6312,-237,4799,-400
-50,-20,3228,-777,4249,400
-50,-20,7650,524,2222,-100
-50,-20,5578,559,7134,-800
-50,-20,4870,-406,6329,300
-50,-20,9195,-278,7135,800
-50,-20,2447,938,3056,-600
-50,-20,1676,724,9598,-400
-50,-20,4312,-639,8019,100
-50,-20,1349,848,4464,-600
-50,-20,4883,350,9609,800
-50,-20,5756,873,7219,500
-50,-20,5758,-673,968,900
-50,-20,4882,-333,2143,-300
-50,-20,7028,26,6499,900
-50,-20,8607,-214,9962,600
-50,-20,4152,-5,1147,-1000
-50,-20,2801,-31,4272,-600
-50,-20,4664,867,6105,-1000
-50,-20,3162,-581,4187,-400
-50,-20,5649,534,5181,-600
-50,-20,2593,-306,3887,500
-50,-20,248,-850,2280,-100
-50,-20,5845,-193,969,-600
-50,-20,4326,538,2433,900
-50,-20,1662,-390,3728,900
-50,-20,8430,-199,5201,-700
-50,-20,58,-174,8041,-200
-50,-20,3513,-449,4594,100
-50,-20,7748,-236,7718,-500
-50,-20,4615,-235,2673,600
-50,-20,6700,903,1083,-1000
-50,-20,7030,641,1339,800
-50,-20,5760,-388,2120,900
-50,-20,5860,90,1530,-600
-50,-20,355,-347,6056,-600
-50,-20,6898,451,4628,100
-50,-20,237,-223,6492,-800
-50,-20,3326,-830,9342,600
-50,-20,3193,-448,2739,900
-50,-20,506,790,4379,900
-50,-20,7771,379,6385,700
-50,-20,6596,-157,3022,-1000
-50,-20,6545,615,5909,100
-50,-20,2236,-480,6580,300
-50,-20,1090,-537,3264,600
-50,-20,1418,346,3927,0
-50,-20,3456,-714,1000,800
-50,-20,9136,-493,1204,800
-50,-20,525,61,8796,100
-50,-20,3234,-111,1135,-800
-50,-20,5169,-40,150,-300
-50,-20,8541,156,6782,500
-50,-20,5320,619,8473,-1000
-50,-20,6501,-459,4663,400
-50,-20,2859,-421,3488,600
-50,-20,4969,-698,6026,400
-50,-20,1569,625,7217,-200
-50,-20,9353,348,1259,-100
-50,-20,9367,967,8595,-900
-50,-20,1567,394,6677,400
-50,-10,1423,423,3934,-400
-50,-10,4964,622,4335,-700
-50,-10,8499,473,1769,-700
-50,-10,5266,763,3994,500
-50,-10,1275,-536,533,-1000
-50,-10,5701,-900,842,-600
-50,-10,9117,483,7826,100
-50,-10,434,-202,9922,-600
-50,-10,5689,-921,3455,-700
-50,-10,1295,67,3468,800
-50,-10,5804,-773,7508,-200
-50,-10,662,652,1188,100
-50,-10,7762,945,4064,-500
-50,-10,2382,-670,2931,-400
-50,-10,3141,598,5595,700
-50,-10,6863,772,8602,600
-50,-10,2431,975,2733,200
-50,-10,8677,-411,5563,-400
-50,-10,2268,482,5684,-1000
-50,-10,1320,225,3440,-600
-50,-10,7236,-118,9954,600
-50,-10,4977,311,3733,200
-50,-10,3823,451,8903,700
-50,-10,3419,-3,7186,400
-50,-10,1192,875,7008,-200
-50,-10,5762,359,6708,200
-50,-10,5267,850,2580,300
-50,-10,3941,825,5221,500
-50,-10,4620,-57,7647,-1000
-50,-10,9872,320,6485,-600
-50,-10,7229,597,8225,200
-50,-10,4842,157,2061,900
-50,-10,6174,-655,6869,-900
-50,-10,4231,144,5696,-1000
-50,-10,7023,-932,823,900
-50,-10,2826,-475,1116,-700
-50,-10,2117,-67,7129,800
-50,-10,427,367,5794,-300
-50,-10,4034,-458,1085,700
-50,-10,1984,-994,8362,200
-50,-10,8135,757,466,600
-50,-10,710,857,8510,-200
-50,-10,6600,40,7657,-700
-50,-10,8657,-481,3716,400
-50,-10,8899,-460,3221,500
-50,-10,1814,463,3836,-1000
-50,-10,5168,380,9477,-500
-50,-10,9689,131,4250,100
-50,-10,1396,-661,9347,300
-50,-10,510,-741,948,300
-50,-10,893,-251,9771,-1000
-50,-10,6608,304,760,-800
-50,-10,4131,-186,7270,200
-50,-10,5847,-971,4679,-400
-50,-10,6158,-407,8312,-900
-50,-10,3077,-666,5663,700
-50,-10,7364,202,9390,-1000
-50,-10,6587,-319,6977,-200
-50,-10,1318,-155,7670,900
-50,-10,6545,-400,3817,-300
-50,-10,2646,-354,5095,-400
-50,-10,6828,-423,687,500
-50,-10,5407,307,9584,-1000
-50,-10,2840,-208,8936,-100
-50,-10,4378,-22,2730,300
-50,-10,7795,959,5518,-500
-50,-10,8873,118,3653,-600
-50,-10,6022,-252,9831,600
-50,-10,7687,-480,6080,-700
-50,-10,9217,-872,7602,0
-50,-10,9150,-599,1920,-500
-50,-10,9176,710,6168,700
-50,-10,1291,302,7542,-400
-50,-10,2245,-82,2699,800
-50,-10,7562,816,8971,200
-50,-10,1466,-489,908,700
-50,-10,2422,-709,2578,600
-50,-10,75,4,8265,700
-50,-10,1266,-218,1027,-700
-50,-10,7411,746,1767,-700
-50,-10,2296,549,8350,300
-50,-10,8057,156,2700,400
-50,-10,9257,-995,7587,0
-50,-10,9688,-69,4512,600
-50,-10,8056,609,7835,-700
-50,-10,9505,197,3438,-100
-50,-10,1117,953,1125,-400
-50,-10,937,389,7096,-200
-50,-10,5307,-913,938,100
-50,-10,6621,-616,5701,-1000
-50,-10,9730,491,6430,-600
-50,-10,8714,-762,4973,-1000
-50,-10,1428,-182,5050,800
-50,-10,7175,-893,1393,300
-50,-10,2436,-524,7199,-600
-50,-10,8252,185,3019,-300
-50,-10,1982,982,7093,-100
-50,-10,213,821,4373,500
-50,-10,1647,456,8997,-300
-50,-10,3374,975,7508,-200
-50,0,7826,-881,3848,-900
-50,0,5992,-849,3894,-500
-50,0,6472,-317,9097,600
-50,0,1689,-676,4765,700
-50,0,9400,907,985,-300
-50,0,5650,-625,4467,-200
-50,0,2944,-267,5041,-1000
-50,0,3731,-8,4826,300
-50,0,3903,-452,7866,-200
-50,0,1144,-82,8594,300
-50,0,5813,-757,5276,-600
-50,0,6418,114,64,0
-50,0,660,195,3246,900
-50,0,3363,-90,5424,-900
-50,0,2874,33,6852,-300
-50,0,9107,-524,9143,500
-50,0,8653,210,8682,-700
-50,0,9001,513,6288,-800
-50,0,8069,-446,3530,400
-50,0,5451,122,6851,0
-50,0,5848,907,6055,-1000
-50,0,7688,-419,7314,-1000
-50,0,7851,865,8927,-600
-50,0,1024,667,447,0
-50,0,3481,609,727,-600
-50,0,4098,-615,7075,600
-50,0,2737,859,9907,-1000
-50,0,6730,-83,9453,400
-50,0,7112,358,9375,900
-50,0,5627,-370,2203,600
-50,0,8079,-201,1613,-300
-50,0,4841,975,7494,-1000
-50,0,3510,-813,8642,-700
-50,0,7078,897,9597,600
-50,0,9596,-633,6708,-200
-50,0,7165,506,1564,500
-50,0,1846,154,738,-700
-50,0,1938,195,1363,-200
-50,0,4503,-823,7121,-700
-50,0,7505,-970,3593,700
-50,0,9146,-554,6948,-200
-50,0,5288,616,8152,-400
-50,0,8784,-753,2064,800
-50,0,2299,884,1234,-500
-50,0,3403,945,7313,400
-50,0,1379,309,9191,-100
-50,0,7384,606,9146,0
-50,0,4267,593,973,700
-50,0,9618,6,3553,-200
-50,0,7044,610,1321,400
-50,0,5051,11,1701,100
-50,0,9256,-538,9846,600
-50,0,4618,-344,9044,-700
-50,0,6486,200,2115,-1000
-50,0,1025,745,7135,-1000
-50,0,3679,-846,9194,800
-50,0,5136,347,1253,-600
-50,0,7739,964,1131,-600
-50,0,4284,-647,7440,-1000
-50,0,4768,852,605,800
-50,0,3857,977,4411,-1000
-50,0,6915,992,6952,-600
-50,0,4097,425,2905,-300
-50,0,9842,893,4442,-400
-50,0,9659,187,2663,-700
-50,0,9667,16,885,300
-50,0,4643,416,2080,-300
-50,0,6143,-680,7245,-900
-50,0,652,51,7788,900
-50,0,275,803,9925,-900
-50,0,514,346,7403,700
-50,0,5986,699,6064,-900
-50,0,4885,-547,5055,200
-50,0,1307,64,3528,-600
-50,0,1139,-764,6369,-400
-50,0,3603,-616,9048,200
-50,0,4782,698,6957,700
-50,0,8051,915,8357,-200
-50,0,2087,-411,3283,900
-50,0,1589,-782,2541,900
-50,0,1632,-543,9509,800
-50,0,5201,942,7438,800
-50,0,8628,-815,5209,-100
-50,0,4252,63,3773,700
-50,0,4446,-480,8935,600
-50,0,5298,-777,263,-700
-50,0,4834,-923,8391,0
-50,0,1145,578,7261,600
-50,0,5631,-820,7681,-1000
-50,0,4595,-204,8252,-700
-50,0,8278,94,7647,-700
-50,0,1322,977,4226,900
-50,0,2714,764,7746,800
-50,0,9977,-736,8330,-700
-50,0,9212,669,3139,900
-50,0,9403,-83,7988,-500
-50,0,6390,263,1584,800
-50,0,7119,586,1503,-500
-50,0,2654,-885,8409,-300
-50,0,6580,522,2473,200
-50,10,4320,-729,2018,-400
-50,10,6370,-693,2147,600
-50,10,8571,955,9544,-500
-50,10,4861,490,9023,900
-50,10,4783,-507,8492,-500
-50,10,1088,300,9104,100
-50,10,4540,816,4981,-800
-50,10,2774,223,8418,400
-50,10,7949,-282,9095,800
-50,10,1537,641,2820,-700
-50,10,2682,412,4386,-1000
-50,10,2069,-232,3115,300
-50,10,6440,-933,6849,-500
-50,10,5612,117,402,400
-50,10,3273,291,4361,-400
-50,10,7719,110,2514,-300
-50,10,811,-716,2295,0
-50,10,2579,-492,9609,-300
-50,10,1247,-177,8274,100
-50,10,5390,356,9785,200
-50,10,7532,474,8190,-100
-50,10,2901,-104,3988,-600
-50,10,9983,-457,8888,200
-50,10,4812,-803,9633,-900
-50,10,3281,-356,2297,800
-50,10,4450,-830,595,-200
-50,10,9791,-164,939,800
-50,10,1210,348,1787,200
-50,10,6352,463,9948,-400
-50,10,272,-736,9105,300
-50,10,7927,-658,6436,900
-50,10,9293,663,6482,200
-50,10,5214,817,1143,300
-50,10,3153,-963,2149,300
-50,10,9535,666,8265,-500
-50,10,7328,-840,6750,400
-50,10,7587,-499,7555,400
-50,10,9366,-893,3180,-100
-50,10,5798,966,4653,500
-50,10,3855,88,2659,900
-50,10,5905,-978,3290,100
-50,10,144,-134,8871,-1000
-50,10,7832,-35,591,0
-50,10,3300,345,5245,-400
-50,10,167,-705,9348,-400
-50,10,4640,584,3074,-1000
-50,10,6421,-809,8560,700
-50,10,5175,-710,5106,400
-50,10,470,297,9816,-600
-50,10,7581,482,5429,700
-50,10,5941,831,4433,-800
-50,10,6954,160,4103,-300
-50,10,1286,742,2869,-300
-50,10,3806,188,7923,-1000
-50,10,1317,452,7558,-600
-50,10,5159,819,566,300
-50,10,1781,-570,3387,900
-50,10,4120,146,1066,800
-50,10,6446,-80,8869,-1000
-50,10,7051,-43,1931,-1000
-50,10,8519,856,1363,700
-50,10,2145,412,9912,600
-50,10,4151,-821,4649,-1000
-50,10,4727,-868,2477,600
-50,10,7347,990,8780,900
-50,10,7727,728,5493,-900
-50,10,4437,-226,305,600
-50,10,1468,-645,736,800
-50,10,715,184,259,600
-50,10,4156,-157,8214,-500
-50,10,8288,-152,1589,-400
-50,10,5767,-893,6815,-700
-50,10,1254,-866,3153,800
-50,10,4940,-159,6481,-600
-50,10,8758,824,6426,300
-50,10,6207,-461,7474,0
-50,10,9231,-392,603,700
-50,10,2264,600,2145,-400
-50,10,6033,739,409,-100
-50,10,952,304,7644,900
-50,10,3982,688,6831,-1000
-50,10,2058,-663,4105,800
-50,10,9261,26,7336,500
-50,10,2437,-343,3176,-200
-50,10,8026,157,7586,900
-50,10,7058,403,1953,-600
-50,10,8436,170,4844,500
-50,10,8231,983,8637,-800
-50,10,3515,-14,3997,300
-50,10,8924,-872,2578,-400
-50,10,9949,521,4075,-400
-50,10,5643,-832,7873,700
-50,10,2475,-260,7689,-100
-50,10,4982,-649,6793,-800
-50,10,1976,-876,6721,200
-50,10,6172,-892,2012,500
-50,10,5897,-592,2200,800
-50,10,7911,363,422,800
-50,10,9906,944,9198,0
-50,10,154,395,7446,400
-50,20,8453,554,5592,-100
-50,20,9658,-41,8752,0
-50,20,5094,-263,1848,800
-50,20,8646,-974,5082,-300
-50,20,6782,-152,5346,-200
-50,20,5472,583,3941,700
-50,20,3371,555,5685,200
-50,20,5377,53,3357,0
-50,20,2224,-81,4118,900
-50,20,8275,194,7771,500
-50,20,9251,272,169,-400
-50,20,6314,-893,1996,-100
-50,20,7957,-370,4546,0
-50,20,494,-543,9037,600
-50,20,6244,4,5098,-1000
-50,20,4474,-480,9116,200
-50,20,3307,262,2330,-700
-50,20,2070,-296,8735,-1000
-50,20,7727,453,5555,-600
-50,20,1495,742,95,900
-50,20,9531,37,9805,-100
-50,20,548,-688,9408,0
-50,20,795,-790,7693,-300
-50,20,7774,778,6564,800
-50,20,6612,-79,535,-600
-50,20,1254,310,8626,-600
-50,20,7190,292,814,900
-50,20,4663,-454,6711,-600
-50,20,5538,-76,1280,800
-50,20,2003,999,2941,500
-50,20,6931,-485,7572,-400
-50,20,1962,-914,6445,900
-50,20,1359,-231,3286,900
-50,20,5568,920,8597,-700
-50,20,1446,-644,1758,-100
-50,20,9005,-549,3353,800
-50,20,3721,-793,9799,900
-50,20,7383,281,2809,-900
-50,20,9647,-690,6561,-800
-50,20,7685,426,1344,300
-50,20,3393,120,8894,700
-50,20,5139,-860,9710,500
-50,20,4641,-488,7654,700
-50,20,3213,-549,8628,-200
-50,20,2199,516,7935,-400
-50,20,6090,892,6720,600
-50,20,1278,-865,1782,-1000
-50,20,3668,-516,2108,-900
-50,20,5430,-306,3151,400
-50,20,4806,-287,6951,-800
-50,20,1898,-707,8496,-1000
-50,20,3791,523,4124,500
-50,20,8869,942,6856,100
-50,20,1476,510,4475,-900
-50,20,9387,-678,5953,900
-50,20,1977,735,3035,-100
-50,20,6932,-544,1069,400
-50,20,8084,109,7585,-1000
-50,20,3145,-76,2756,100
-50,20,4270,-926,387,600
-50,20,6491,128,2438,900
-50,20,2169,-598,1156,200
-50,20,8358,-667,2935,800
-50,20,1800,-839,6111,700
-50,20,1805,145,8205,-200
-50,20,1407,437,9704,600
-50,20,2148,867,1450,-500
-50,20,368,-197,845,-700
-50,20,2182,-943,5515,700
-50,20,9459,-456,5900,-600
-50,20,5125,493,7284,-700
-50,20,4635,-397,2970,500
-50,20,8711,184,4275,-200
-50,20,2950,438,8888,400
-50,20,7065,-395,3323,-800
-50,20,5850,-168,2825,-100
-50,20,3670,-171,5141,200
-50,20,6069,-24,9214,800
-50,20,8938,-786,4041,300
-50,20,2757,-498,2135,100
-50,20,5595,-360,9958,-800
-50,20,1001,-599,5411,-100
-50,20,7143,434,6028,900
-50,20,2507,732,7652,-700
-50,20,2985,349,4867,200
-50,20,7044,-249,3961,-1000
-50,20,3024,574,6887,-500
-50,20,9650,-90,6308,-900
-50,20,390,997,9646,100
-50,20,5922,-802,1825,-700
-50,20,3560,201,2728,-900
-50,20,1885,240,7357,-800
-50,20,5173,-505,8361,300
-50,20,5678,-370,7594,200
-50,20,3977,209,3439,-200
-50,20,4567,963,8969,-600
-50,20,511,-586,9839,-800
-50,20,1063,409,8694,300
-50,20,5828,518,8194,-500
-50,20,6536,825,7664,800
-50,30,3755,145,1236,300
-50,30,2812,-641,9102,500
-50,30,9507,832,9932,100
-50,30,923,75,448,-1000
-50,30,7639,615,5980,-300
-50,30,5367,-532,5217,-1000
-50,30,157,-757,2186,300
-50,30,7733,-910,2248,400
-50,30,8287,-758,7856,-800
-50,30,2472,956,7127,900
-50,30,2169,-198,7532,800
-50,30,9943,285,7363,500
-50,30,8959,718,4953,800
-50,30,6367,739,8511,800
-50,30,790,-67,4173,500
-50,30,7505,-918,6431,-800
-50,30,2050,-646,7326,200
-50,30,6339,579,2592,0
-50,30,4729,-763,1061,-800
-50,30,1183,-339,7236,400
-50,30,843,943,4481,500
-50,30,1514,-327,5142,400
-50,30,1084,-693,9173,-600
-50,30,5547,722,4910,500
-50,30,5806,-922,6950,-100
-50,30,9885,783,753,900
-50,30,6911,419,9030,-900
-50,30,4262,228,1761,-600
-50,30,329,57,9760,200
-50,30,5228,-167,481,0
-50,30,2376,-828,2883,200
-50,30,3559,-120,6127,-800
-50,30,8811,150,4891,600
-50,30,7600,-155,9005,-700
-50,30,5437,-360,599,100
-50,30,8874,802,34,400
-50,30,6064,-795,7158,300
-50,30,2397,657,5483,-500
-50,30,8754,187,6715,-1000
-50,30,4591,656,6386,0
-50,30,4282,-863,9289,-100
-50,30,3952,-93,6966,800
-50,30,6967,551,1896,900
-50,30,2330,-700,8770,800
-50,30,5860,-910,561,-400
-50,30,6994,206,6595,-1000
-50,30,414,-551,7720,-900
-50,30,7182,-372,5681,800
-50,30,6234,954,3385,600
-50,30,1545,930,1571,-700
-50,30,3678,-778,3757,-600
-50,30,4144,-744,3237,100
-50,30,7637,-501,631,-200
-50,30,514,717,9770,-800
-50,30,5134,-839,1981,400
-50,30,9586,-632,3415,-600
-50,30,7837,945,9336,-500
-50,30,591,-600,7595,400
-50,30,9125,971,1037,200
-50,30,3914,853,2567,100
-50,30,9770,-976,6664,-1000
-50,30,486,-545,2548,-800
-50,30,3504,284,3247,-400
-50,30,1821,-662,515,900
-50,30,3768,715,8448,-800
-50,30,8426,904,1669,600
-50,30,1832,665,5998,300
-50,30,6903,-71,7640,600
-50,30,4865,693,8015,0
-50,30,1377,537,3236,-600
-50,30,4740,911,8756,900
-50,30,6381,570,6826,600
-50,30,7345,587,942,200
-50,30,7516,-573,8798,-200
-50,30,5778,-166,6740,-500
-50,30,3379,897,7670,900
-50,30,1775,-181,8479,600
-50,30,6153,340,2065,600
-50,30,4558,-29,5774,-900
-50,30,5344,-650,8529,700
-50,30,2123,766,6691,-500
-50,30,1134,-979,6378,-500
-50,30,2949,402,9289,-400
-50,30,4428,792,6290,-400
-50,30,4409,-437,152,200
-50,30,5604,915,9397,-600
-50,30,8730,664,3118,-200
-50,30,5195,-672,7313,700
-50,30,0,928,2579,100
-50,30,6054,-265,3159,-300
-50,30,453,152,4454,300
-50,30,6121,-932,6909,-100
-50,30,734,-344,3115,200
-50,30,753,854,4541,600
-50,30,7166,-801,972,-900
-50,30,2820,-340,2068,200
-50,30,9156,152,2674,500
-50,30,4352,-494,1054,-300
-50,30,488,-35,318,300
-50,30,798,863,5334,100
-50,40,5840,157,6743,700
-50,40,4910,-355,6451,-200
-50,40,5931,430,1533,300
-50,40,4658,18,3966,-600
-50,40,4358,369,2554,200
-50,40,9614,-739,8302,-400
-50,40,9372,-58,3248,300
-50,40,7969,-743,7428,-400
-50,40,850,201,8340,300
-50,40,8447,785,983,900
-50,40,1419,-594,7494,700
-50,40,5686,528,2460,200
-50,40,5595,471,1794,-600
-50,40,2578,852,2764,700
-50,40,1599,227,6533,700
-50,40,588,278,5672,200
-50,40,9527,725,3802,700
-50,40,153,936,9629,200
-50,40,9717,136,9287,900
-50,40,8035,445,3284,600
-50,40,2233,553,8957,-100
-50,40,7718,-183,727,-700
-50,40,7598,-468,728,500
-50,40,6622,323,2415,-1000
-50,40,2992,-399,1869,-100
-50,40,9329,-159,4494,-700
-50,40,7318,39,9068,700
-50,40,581,-930,9156,-700
-50,40,779,-831,8222,-800
-50,40,5279,-61,2269,-300
-50,40,8459,465,8192,-500
-50,40,6057,-995,8658,-800
-50,40,5178,75,7080,800
-50,40,2565,415,6645,900
-50,40,4709,519,6321,900
-50,40,4418,949,979,-600
-50,40,7166,976,4818,-300
-50,40,3210,-872,9194,-700
-50,40,1133,-859,6668,-600
-50,40,6074,-987,6739,-900
-50,40,4247,936,1572,-400
-50,40,3932,780,2342,300
-50,40,6224,289,981,-700
-50,40,2505,-313,3078,-800
-50,40,1168,-369,5885,0
-50,40,633,-330,2504,900
-50,40,88,-761,7606,100
-50,40,9919,934,5634,-900
-50,40,9879,-678,4408,-400
-50,40,845,411,6383,-200
-50,40,5759,531,6822,-1000
-50,40,4112,930,5667,600
-50,40,9136,-968,5101,600
-50,40,6382,-904,1384,-100
-50,40,7678,667,6527,100
-50,40,8397,244,8313,100
-50,40,5408,395,1856,-700
-50,40,3550,-544,821,-1000
-50,40,8813,755,2731,600
-50,40,1624,264,7339,800
-50,40,4661,992,6268,-300
-50,40,284,277,7478,-300
-50,40,6823,650,9310,-1000
-50,40,3909,435,8578,-900
-50,40,6138,-480,323,-100
-50,40,7894,-674,6729,-1000
-50,40,2083,-685,7399,800
-50,40,9133,-995,9427,-200
-50,40,2364,-944,6886,-200
-50,40,747,-719,438,100
-50,40,1264,268,2336,900
-50,40,4312,394,2321,-1000
-50,40,4595,-508,6674,400
-50,40,3536,207,2569,-1000
-50,40,2111,188,2412,0
-50,40,9884,-572,9040,-300
-50,40,1022,207,7083,-800
-50,40,9935,-918,7792,900
-50,40,1070,467,6348,-300
-50,40,1125,-377,5623,-900
-50,40,5252,-424,1330,100
-50,40,4059,-389,6410,600
-50,40,8800,-21,2761,400
-50,40,4330,787,3200,400
-50,40,4620,-28,6565,-400
-50,40,9487,-696,6474,-900
-50,40,1892,230,1,500
-50,40,6016,866,8126,500
-50,40,8833,808,639,100
-50,40,1684,781,6147,900
-50,40,8468,638,2724,900
-50,40,3677,99,8518,0
-50,40,4039,105,5637,-900
-50,40,5096,719,6700,400
-50,40,6399,394,5114,100
-50,40,3827,-511,3458,-700
-50,40,7998,-675,6221,200
-50,40,7956,-509,3981,-100
-50,40,8647,-108,8381,-500
-50,40,6518,807,9107,-800
-50,50,3830,-120,2109,600
-50,50,9388,-80,1430,600
-50,50,7425,764,8733,-400
-50,50,3530,-240,933,100
-50,50,410,-218,2057,-1000
-50,50,528,-679,6527,900
-50,50,6111,591,314,-1000
-50,50,2095,-888,2767,900
-50,50,4202,648,6515,600
-50,50,6138,310,9070,-1000
-50,50,7342,978,4244,100
-50,50,7066,433,9414,200
-50,50,7974,-198,2767,800
-50,50,2276,-526,7086,200
-50,50,9816,564,9068,-1000
-50,50,2211,338,5886,-300
-50,50,3828,662,7886,200
-50,50,745,583,4402,-600
-50,50,7566,980,4941,800
-50,50,5336,187,3138,200
-50,50,2511,-937,7025,400
-50,50,6937,989,9037,600
-50,50,1518,910,9415,-1000
-50,50,5783,-449,7117,500
-50,50,5592,-466,3701,-400
-50,50,9144,620,8066,-900
-50,50,6341,-648,6532,300
-50,50,3541,530,4400,-300
-50,50,8556,765,2030,-300
-50,50,3398,59,7100,700
-50,50,7277,-90,2767,900
-50,50,7176,-712,5360,0
-50,50,4987,574,8869,900
-50,50,4095,-671,9113,0
-50,50,4159,781,8058,-1000
-50,50,3382,-230,6892,-900
-50,50,8162,966,1692,-200
-50,50,288,839,9898,800
-50,50,3002,468,5028,200
-50,50,9206,-522,6365,-1000
-50,50,8389,-46,2848,-600
-50,50,1297,-523,7100,800
-50,50,7108,941,8109,400
-50,50,7637,-577,5351,-1000
-50,50,4429,40,5348,-400
-50,50,7141,791,8516,200
-50,50,5339,-839,4362,-500
-50,50,6246,-451,8074,300
-50,50,8350,942,1923,500
-50,50,1204,-706,4967,900
-50,50,9579,516,3965,-900
-50,50,9658,-35,9133,-500
-50,50,8505,73,26,-900
-50,50,6507,303,5998,-800
-50,50,8970,805,1805,-1000
-50,50,7014,250,4169,-200
-50,50,318,-883,2655,900
-50,50,8108,-346,502,500
-50,50,5960,127,5526,900
-50,50,4282,474,5362,200
-50,50,805,-424,5797,-800
-50,50,5052,-187,1710,600
-50,50,4653,-49,298,100
-50,50,5527,-225,2656,900
-50,50,6572,770,7426,-100
-50,50,9895,859,9457,500
-50,50,8941,620,4397,600
-50,50,7467,331,1098,-700
-50,50,4537,398,6169,900
-50,50,8825,-929,6445,-400
-50,50,9663,-256,7103,600
-50,50,9623,-948,528,900
-50,50,7258,8,4773,900
-50,50,9028,-671,4362,-300
-50,50,4730,601,1381,0
-50,50,7708,368,6516,900
-50,50,638,999,8349,-1000
-50,50,5978,-273,8684,-1000
-50,50,2520,-202,8779,100
-50,50,5733,551,2126,700
-50,50,4880,19,9457,100
-50,50,9738,-561,334,-400
-50,50,4716,849,502,300
-50,50,8314,326,3801,900
-50,50,5729,-790,8263,0
-50,50,9357,-321,9226,-1000
-50,50,4070,-977,5527,900
-50,50,6837,972,7888,0
-50,50,606,-140,5029,200
-50,50,9381,-290,5886,-200
-50,50,5538,877,7102,500
-50,50,843,277,4197,0
-50,50,4072,-330,110,-1000
-50,50,7568,-211,2114,0
-50,50,8562,-431,8075,500
-50,50,3273,-267,4396,500
-50,50,1886,-386,6771,0
-50,50,8485,54,1710,500
-50,50,6275,-366,7101,500
-50,50,5414,-386,2704,500
-40,-100,7575,-535,4874,-1000
-40,-100,6675,-205,1154,-200
-40,-100,894,-422,3995,-100
-40,-100,800,-185,2019,500
-40,-100,6657,-222,5712,-1000
-40,-100,2035,278,7663,-400
-40,-100,674,-461,3930,500
-40,-100,1582,454,9963,300
-40,-100,3509,755,9567,-600
-40,-100,2546,403,1856,-1000
-40,-100,9119,171,7697,-700
-40,-100,5083,137,2561,500
-40,-100,899,-507,4514,400
-40,-100,9690,14,1261,400
-40,-100,9729,-676,7212,-100
-40,-100,6273,707,2462,300
-40,-100,8013,40,7769,0
-40,-100,8269,903,1647,700
-40,-100,1270,906,2476,-100
-40,-100,2433,-828,3035,-400
-40,-100,5223,-103,4131,-600
-40,-100,300,-284,8043,-100
-40,-100,915,698,8200,-100
-40,-100,93,-561,7038,-600
-40,-100,5937,108,7186,-1000
-40,-100,9190,-656,9148,500
-40,-100,2243,-328,1618,-1000
-40,-100,533,-579,5628,800
-40,-100,2691,-557,2292,-400
-40,-100,3199,-1,361,-500
-40,-100,46,-64,6175,-700
-40,-100,5846,-953,6682,900
-40,-100,9518,626,4817,800
-40,-100,9224,511,3617,-900
-40,-100,3418,361,1560,-300
-40,-100,694,220,9592,-500
-40,-100,9324,624,7404,300
-40,-100,8490,-880,2884,100
-40,-100,2196,573,8484,-300
-40,-100,2960,852,8690,900
-40,-100,1296,410,9900,100
-40,-100,7216,-119,511,900
-40,-100,2090,517,4395,800
-40,-100,9728,-668,3077,-1000
-40,-100,5227,230,429,-700
-40,-100,9777,18,2345,-1000
-40,-100,6232,-264,6062,0
-40,-100,7933,998,7003,200
-40,-100,9998,150,8637,900
-40,-100,7909,239,4751,400
-40,-100,9504,734,1088,-600
-40,-100,2638,-792,1514,-500
-40,-100,3023,-149,1543,-1000
-40,-100,1397,45,8383,200
-40,-100,927,-263,6008,100
-40,-100,5365,-756,4429,-700
-40,-100,951,-660,1836,-700
-40,-100,4256,-155,3681,-400
-40,-100,4658,-781,4072,-600
-40,-100,3814,-652,5539,-1000
-40,-100,6127,29,6984,0
-40,-100,1167,890,5955,-200
-40,-100,4025,-741,9125,700
-40,-100,4366,-771,3540,800
-40,-100,634,-64,6141,700
-40,-100,6675,-436,6046,900
-40,-100,9520,-963,5408,900
-40,-100,6201,-997,1032,400
-40,-100,3740,78,4297,-900
-40,-100,2566,450,9681,-100
-40,-100,9788,-263,1470,900
-40,-100,5519,-793,2712,900
-40,-100,7377,62,6082,100
-40,-100,9896,264,4021,-300
-40,-100,7737,-189,9276,200
-40,-100,142,389,8290,300
-40,-100,4350,-883,8890,-400
-40,-100,9816,-713,7077,900
-40,-100,4620,318,9580,700
-40,-100,8639,-521,4441,-500
-40,-100,3679,-56,9970,800
-40,-100,5833,893,5839,400
-40,-100,8066,-919,2852,-800
-40,-100,3153,-248,4527,-1000
-40,-100,994,534,8255,300
-40,-100,8202,901,2148,400
-40,-100,8199,-321,9226,900
-40,-100,6813,705,1541,800
-40,-100,1611,60,2153,-100
-40,-100,9301,-514,9139,-300
-40,-100,5720,399,9981,-800
-40,-100,6994,-715,220,-1000
-40,-100,1409,-24,9044,-100
-40,-100,5855,-29,2855,400
-40,-100,8734,-569,8049,600
-40,-100,213,709,7736,-300
-40,-100,9097,101,6666,-500
-40,-100,8228,-560,7496,300
-40,-100,8193,896,3177,-300
-40,-100,8131,139,401,-200
-40,-90,1180,513,2961,100
-40,-90,6530,43,8962,0
-40,-90,9682,262,5985,900
-40,-90,4471,-665,3046,900
-40,-90,2887,816,806,800
-40,-90,8448,98,481,100
-40,-90,6558,245,8171,700
-40,-90,328,-611,3914,-100
-40,-90,1205,-98,146,0
-40,-90,9871,821,4338,-900
-40,-90,4317,135,6516,-500
-40,-90,1604,-883,426,-1000
-40,-90,5584,-497,4269,-900
-40,-90,6295,732,5784,-900
-40,-90,2473,613,228,800
-40,-90,5254,-595,6033,-800
-40,-90,1214,-896,8144,-900
-40,-90,6493,621,2609,700
-40,-90,6719,-716,5422,400
-40,-90,5002,334,4476,-600
-40,-90,5937,-988,3728,300
-40,-90,4895,116,6166,300
-40,-90,5923,740,1323,900
-40,-90,7024,908,7159,-500
-40,-90,7511,-607,6345,100
-40,-90,7223,878,2527,-900
-40,-90,6938,867,9651,-400
-40,-90,4355,478,6800,200
-40,-90,3705,401,9796,-600
-40,-90,8330,80,1274,-400
-40,-90,6929,276,8023,-500
-40,-90,5466,-196,635,800
-40,-90,5829,938,4021,-1000
-40,-90,9602,430,9215,900
-40,-90,4220,501,3956,600
-40,-90,4462,-720,3634,-100
-40,-90,4069,83,2247,-600
-40,-90,9859,-722,3835,-1000
-40,-90,4846,88,6387,-1000
-40,-90,7194,726,7386,500
-40,-90,9415,-768,6432,800
-40,-90,9887,300,4267,-100
-40,-90,7886,39,5125,-100
-40,-90,7268,-866,8814,900
-40,-90,8810,922,958,300
-40,-90,7271,-240,8307,-800
-40,-90,7959,-487,4377,900
-40,-90,6655,946,1268,-500
-40,-90,932,190,5551,0
-40,-90,1828,655,7276,800
-40,-90,3865,-865,4213,-500
-40,-90,3971,489,7430,100
-40,-90,5153,-140,3055,800
-40,-90,416,-653,9100,-700
-40,-90,1868,435,110,200
-40,-90,3899,645,3696,-800
-40,-90,2293,156,479,-600
-40,-90,6039,715,1192,100
-40,-90,2029,-213,4268,-900
-40,-90,7028,-578,7714,-700
-40,-90,2570,-917,8803,-1000
-40,-90,6490,-171,5197,600
-40,-90,8766,-72,2967,100
-40,-90,5840,-97,9826,-1000
-40,-90,5242,992,5526,600
-40,-90,1778,-263,8090,-400
-40,-90,8660,-943,3948,-1000
-40,-90,2472,807,7732,-1000
-40,-90,6995,228,1733,-900
-40,-90,968,370,7587,200
-40,-90,9151,382,1330,-1000
-40,-90,6175,30,4791,900
-40,-90,5068,-359,3537,100
-40,-90,990,310,6921,900
-40,-90,6824,597,6288,-300
-40,-90,4736,244,408,-100
-40,-90,5264,45,9393,100
-40,-90,4726,-184,1507,-200
-40,-90,9501,-856,5617,-700
-40,-90,4487,-563,3748,-600
-40,-90,912,755,2929,-500
-40,-90,836,-756,7290,-200
-40,-90,1151,503,6520,-900
-40,-90,3899,-528,5913,-700
-40,-90,10,-881,1380,-600
-40,-90,9381,-820,5949,800
-40,-90,9730,330,9713,900
-40,-90,7189,826,124,800
-40,-90,9215,378,6,-700
-40,-90,7719,-822,9143,-900
-40,-90,8422,-177,9413,300
-40,-90,8527,-796,2620,-1000
-40,-90,2007,899,4823,600
-40,-90,66,329,7307,400
-40,-90,9803,872,8234,400
-40,-90,678,-538,3735,-600
-40,-90,640,-886,3383,300
-40,-90,2365,449,1085,-700
-40,-90,1320,-893,513,-400
-40,-90,7126,136,3554,-500
-40,-80,5668,539,1744,0
-40,-80,5479,81,9450,-500
-40,-80,3721,137,3209,-300
-40,-80,3195,661,618,-900
-40,-80,5262,93,4004,-900
-40,-80,28,642,7656,-500
-40,-80,3845,722,274,-900
-40,-80,5349,-653,811,-1000
-40,-80,129,-936,6833,-800
-40,-80,4231,-154,6445,500
-40,-80,3403,-567,5211,-200
-40,-80,9233,-823,6536,-300
-40,-80,2363,908,9018,800
-40,-80,9547,-848,9592,-400
-40,-80,8199,197,7360,400
-40,-80,8290,-184,1278,-500
-40,-80,4516,45,1689,200
-40,-80,5764,898,2686,-200
-40,-80,887,188,1030,-500
-40,-80,4992,636,8199,-1000
-40,-80,4030,-807,2542,200
-40,-80,1811,-209,247,-300
-40,-80,2944,-958,9985,100
-40,-80,1505,-11,3245,800
-40,-80,5799,-896,6969,-300
-40,-80,7417,719,134,-700
-40,-80,1727,-696,1608,400
-40,-80,8954,238,5781,-400
-40,-80,6126,141,1749,100
-40,-80,5189,-431,8803,-400
-40,-80,61,474,7706,-500
-40,-80,1795,48,7339,-400
-40,-80,7422,-446,2695,-500
-40,-80,3716,900,450,200
-40,-80,7514,333,6838,-400
-40,-80,1175,-578,2448,-400
-40,-80,8466,-441,4995,-300
-40,-80,9002,554,3040,200
-40,-80,7005,-386,2935,-100
-40,-80,9021,-625,189,-600
-40,-80,9841,-299,7037,700
-40,-80,5729,-407,7046,600
-40,-80,5595,702,4969,-1000
-40,-80,3159,-398,6819,0
-40,-80,7310,-26,9438,300
-40,-80,6117,-51,3204,-200
-40,-80,8584,-243,9954,-600
-40,-80,2883,-353,2974,-700
-40,-80,3899,720,287,600
-40,-80,3962,27,2882,200
-40,-80,3303,-476,1903,-700
-40,-80,2762,-774,9010,800
-40,-80,3955,128,4066,-700
-40,-80,5251,-230,1290,-200
-40,-80,6379,289,130,100
-40,-80,403,569,6397,-400
-40,-80,6203,-306,1901,-600
-40,-80,3419,441,1883,600
-40,-80,4421,809,654,-700
-40,-80,1691,-701,6526,-1000
-40,-80,3700,104,922,300
-40,-80,3882,-744,1212,0
-40,-80,9084,-611,1463,-500
-40,-80,9059,-127,2224,400
-40,-80,8851,-410,7185,400
-40,-80,1587,269,5306,900
-40,-80,1675,174,9970,100
-40,-80,2710,700,7969,-900
-40,-80,6446,23,3939,300
-40,-80,4724,-734,9006,-1000
-40,-80,2195,-15,5918,-600
-40,-80,4913,957,5571,-200
-40,-80,4328,390,238,-200
-40,-80,9114,221,793,0
-40,-80,8454,275,5058,-200
-40,-80,8018,-714,3461,700
-40,-80,982,107,2822,500
-40,-80,3261,-175,5071,-1000
-40,-80,635,786,8564,-800
-40,-80,4191,215,1264,600
-40,-80,1096,-881,6913,900
-40,-80,2072,680,745,600
-40,-80,9889,241,3944,200
-40,-80,139,208,7192,-700
-40,-80,8067,221,3053,900
-40,-80,3210,-63,6355,-400
-40,-80,3750,316,1180,900
-40,-80,6356,-423,3503,-700
-40,-80,8058,-8,8345,0
-40,-80,8608,275,6823,900
-40,-80,967,28,4698,-800
-40,-80,4116,-754,3015,500
-40,-80,4755,857,7177,-800
-40,-80,7042,-561,1549,700
-40,-80,3027,101,1921,-1000
-40,-80,5585,-261,2929,-1000
-40,-80,23,701,6990,400
-40,-80,3609,475,1555,700
-40,-80,960,658,9728,-200
-40,-80,7089,184,826,400
-40,-70,8179,-355,1393,-600
-40,-70,948,-786,3234,0
-40,-70,4472,632,2420,-1000
-40,-70,995,556,5582,0
-40,-70,1304,-419,4976,700
-40,-70,8906,-509,9642,-400
-40,-70,535,840,3833,-1000
-40,-70,4698,-694,378,-400
-40,-70,8290,668,4198,300
-40,-70,8212,-791,2719,-900
-40,-70,9779,462,6930,-500
-40,-70,3463,948,5692,-200
-40,-70,1640,984,3460,-200
-40,-70,5966,-297,8497,900
-40,-70,3931,-161,8741,-300
-40,-70,3259,776,3166,-600
-40,-70,5606,-477,5813,600
-40,-70,6855,804,5236,900
-40,-70,3393,198,6418,-500
-40,-70,4055,-428,9115,800
-40,-70,7325,691,1330,800
-40,-70,2812,-445,7212,300
-40,-70,4700,460,7351,-600
-40,-70,9757,546,6564,-100
-40,-70,1872,871,712,-100
-40,-70,6224,195,1147,-900
-40,-70,8329,210,5325,-400
-40,-70,3018,455,6854,-1000
-40,-70,2819,171,4023,500
-40,-70,5109,953,2500,800
-40,-70,101,764,6533,400
-40,-70,5050,530,1967,-500
-40,-70,4582,115,1443,-500
-40,-70,8092,320,4629,600
-40,-70,5803,-239,3255,100
-40,-70,6100,152,5452,900
-40,-70,9888,-70,4668,-600
-40,-70,6811,-905,4908,700
-40,-70,5558,-93,877,700
-40,-70,6373,286,3465,900
-40,-70,6244,-550,7313,100
-40,-70,6281,702,954,-600
-40,-70,7145,717,790,-700
-40,-70,7966,-139,2545,-200
-40,-70,4314,-223,6511,0
-40,-70,9363,-749,7699,-1000
-40,-70,1892,-53,7284,-200
-40,-70,828,442,2340,-600
-40,-70,138,-772,1465,-1000
-40,-70,5632,877,8348,-200
-40,-70,9968,-126,9775,500
-40,-70,5289,222,5768,-100
-40,-70,3097,819,5498,-400
-40,-70,2175,-347,2095,-800
-40,-70,6012,872,4767,700
-40,-70,6222,522,7579,-300
-40,-70,9516,-967,9358,700
-40,-70,2322,-779,5479,-900
-40,-70,7689,56,8280,900
-40,-70,8804,675,8801,200
-40,-70,7291,-112,9477,500
-40,-70,2024,-350,1822,400
-40,-70,5882,-724,6431,-100
-40,-70,1888,441,4386,-1000
-40,-70,5096,630,9889,-900
-40,-70,9520,985,6616,0
-40,-70,6092,-52,2031,-1000
-40,-70,9738,-294,2846,-300
-40,-70,2734,-18,163,600
-40,-70,888,687,7430,-600
-40,-70,2669,242,5322,-1000
-40,-70,1889,70,8223,-800
-40,-70,5109,840,3207,-800
-40,-70,3368,-24,2057,0
-40,-70,9326,656,2012,-1000
-40,-70,8582,354,9498,200
-40,-70,5135,970,3204,-800
-40,-70,830,-556,9508,-100
-40,-70,4530,188,4377,-100
-40,-70,7080,-151,2743,-600
-40,-70,7362,383,2225,-800
-40,-70,7060,-773,4785,400
-40,-70,1346,-215,9826,700
-40,-70,3464,1000,4868,200
-40,-70,3265,487,4835,800
-40,-70,2061,-874,2818,0
-40,-70,9733,-74,7927,-1000
-40,-70,1045,-90,4350,200
-40,-70,9075,-469,5816,900
-40,-70,5245,-128,5379,800
-40,-70,1092,-83,8636,-500
-40,-70,3433,523,8065,500
-40,-70,2352,40,8254,200
-40,-70,9739,608,5843,200
-40,-70,7256,976,3176,-900
-40,-70,7603,820,3112,-1000
-40,-70,1416,-958,9222,-800
-40,-70,7748,-235,6419,-400
-40,-70,3926,59,3947,900
-40,-70,7753,-791,4591,800
-40,-60,6142,682,2822,-400
-40,-60,4046,-238,8774,-1000
-40,-60,5557,-196,7819,400
-40,-60,35,700,8919,100
-40,-60,1603,-466,80,700
-40,-60,5322,-133,7856,-500
-40,-60,2094,-535,342,900
-40,-60,4154,793,5324,700
-40,-60,2351,-871,9947,200
-40,-60,382,-85,7793,800
-40,-60,1758,72,5698,-100
-40,-60,3479,-847,9603,900
-40,-60,926,317,932,-100
-40,-60,1659,96,9344,200
-40,-60,4618,-788,1669,-1000
-40,-60,7312,-215,3918,700
-40,-60,194,-484,4659,-500
-40,-60,5419,519,6726,900
-40,-60,3588,-513,560,-800
-40,-60,1960,898,8086,-800
-40,-60,4164,-569,2319,700
-40,-60,1570,388,6799,900
-40,-60,7828,-280,6265,-100
-40,-60,950,910,7431,-300
-40,-60,5779,557,8990,-600
-40,-60,4268,259,9941,-1000
-40,-60,4998,627,1095,-600
-40,-60,1192,-70,2907,500
-40,-60,8403,839,7833,200
-40,-60,9283,475,6261,-500
-40,-60,5552,-462,8123,-500
-40,-60,9341,-306,4455,-500
-40,-60,8140,568,8212,-200
-40,-60,8137,-290,7765,900
-40,-60,8951,-307,9778,200
-40,-60,5349,-684,7013,-1000
-40,-60,6820,489,197,-800
-40,-60,5753,387,2692,700
-40,-60,7329,673,914,-500
-40,-60,1282,450,5419,800
-40,-60,1066,-623,9004,-800
-40,-60,7696,-188,9284,-400
-40,-60,706,-410,2669,-700
-40,-60,346,-236,9914,800
-40,-60,5336,433,7256,-200
-40,-60,3271,-931,108,400
-40,-60,8762,503,4470,500
-40,-60,3567,252,7802,-300
-40,-60,7582,760,1044,-1000
-40,-60,3810,842,1744,800
-40,-60,2711,926,808,800
-40,-60,2436,414,9153,500
-40,-60,7693,-931,9125,-300
-40,-60,4367,826,1018,300
-40,-60,6863,75,5927,-700
-40,-60,4787,901,6406,-400
-40,-60,9191,-638,8877,-1000
-40,-60,8515,-475,7502,900
-40,-60,210,-428,9481,900
-40,-60,3906,125,2433,200
-40,-60,3467,879,9183,-900
-40,-60,2327,180,5480,-300
-40,-60,7580,352,7116,-800
-40,-60,7798,-868,7665,600
-40,-60,3782,778,3917,-500
-40,-60,1388,634,4380,0
-40,-60,3252,-72,5986,900
-40,-60,6721,-493,1413,800
-40,-60,2820,193,4042,-700
-40,-60,6915,729,6845,-100
-40,-60,2226,972,9421,900
-40,-60,6843,-556,7986,-900
-40,-60,4805,-865,7417,-1000
-40,-60,1723,-617,5186,0
-40,-60,9687,252,7278,0
-40,-60,3779,-503,1002,-500
-40,-60,2961,335,5952,300
-40,-60,9042,228,6032,900
-40,-60,5773,560,2692,-1000
-40,-60,8907,61,6925,-800
-40,-60,1423,-337,2275,-200
-40,-60,2962,397,2517,700
-40,-60,3929,-889,307,600
-40,-60,950,-203,2942,-500
-40,-60,1009,542,4056,100
-40,-60,2402,751,7979,400
-40,-60,4971,966,1330,500
-40,-60,6728,-215,8370,600
-40,-60,4558,-91,8268,-500
-40,-60,4197,-303,4925,-500
-40,-60,1270,752,9420,900
-40,-60,4877,-596,6365,800
-40,-60,3407,518,3051,-800
-40,-60,7056,-479,4122,-900
-40,-60,5503,618,8139,-600
-40,-60,412,788,5674,-400
-40,-60,7022,-254,6222,700
-40,-60,360,-51,8890,800
-40,-60,6422,863,2071,-100
-40,-60,418,825,4041,-900
-40,-50,2003,-681,8488,-800
-40,-50,3661,-435,1277,-1000
-40,-50,5980,-281,4165,300
-40,-50,479,256,3092,500
-40,-50,9860,423,6732,-900
-40,-50,8080,-968,5924,900
-40,-50,9015,747,2956,900
-40,-50,5819,538,8603,100
-40,-50,8130,-356,6025,-1000
-40,-50,2111,-794,565,400
-40,-50,1760,841,2014,900
-40,-50,9163,281,8040,0
-40,-50,6264,-899,6086,-800
-40,-50,3833,-76,3447,200
-40,-50,6665,-878,8736,-1000
-40,-50,4987,977,4050,-1000
-40,-50,8672,303,9202,900
-40,-50,2273,-982,4103,-200
-40,-50,3653,-686,3116,900
-40,-50,5439,286,1784,-1000
-40,-50,8303,-66,1812,900
-40,-50,8658,349,8256,900
-40,-50,64,-666,802,100
-40,-50,7590,308,1170,-500
-40,-50,9653,604,5533,600
-40,-50,6944,832,5212,300
-40,-50,2476,726,2090,400
-40,-50,4195,871,9131,200
-40,-50,4330,-421,1682,-1000
-40,-50,1596,-824,1575,400
-40,-50,3925,717,3616,900
-40,-50,4821,447,1193,-1000
-40,-50,700,-880,2165,-400
-40,-50,6426,-139,3449,-800
-40,-50,5415,439,7183,100
-40,-50,7304,-924,8495,-200
-40,-50,4360,274,5813,200
-40,-50,6473,239,1217,-600
-40,-50,9684,597,2041,900
-40,-50,1809,-713,183,900
-40,-50,4076,577,9386,700
-40,-50,3108,-452,3690,-600
-40,-50,9122,239,8932,-600
-40,-50,5991,282,5607,900
-40,-50,3662,918,280,900
-40,-50,4486,-661,4698,900
-40,-50,2955,-954,7610,-1000
-40,-50,684,907,710,-1000
-40,-50,7613,-484,5134,400
-40,-50,2969,-480,1346,-400
-40,-50,8228,-750,8058,-600
-40,-50,4154,133,9252,0
-40,-50,6968,638,8207,700
-40,-50,6006,-209,1730,800
-40,-50,5776,-205,2324,-700
-40,-50,2021,998,8560,-1000
-40,-50,5334,-520,6267,900
-40,-50,1216,481,6305,600
-40,-50,7048,578,7057,-1000
-40,-50,8774,-395,7417,-1000
-40,-50,6324,-942,2832,-900
-40,-50,4549,-4,8297,500
-40,-50,7795,93,8010,-1000
-40,-50,9459,222,622,800
-40,-50,7639,252,3163,-400
-40,-50,8069,843,61,-800
-40,-50,9726,382,202,700
-40,-50,9022,679,9093,-900
-40,-50,6420,-582,4936,900
-40,-50,6926,104,6075,-600
-40,-50,4830,199,4396,0
-40,-50,3487,41,9360,-1000
-40,-50,9476,266,8971,-700
-40,-50,1369,-874,5606,500
-40,-50,2300,-688,9560,700
-40,-50,7441,459,3893,-200
-40,-50,7350,-983,572,500
-40,-50,9211,-13,4509,-1000
-40,-50,3722,655,8371,-100
-40,-50,6416,-325,8295,0
-40,-50,9480,-383,9868,-500
-40,-50,66,-967,4323,-400
-40,-50,7617,612,218,-600
-40,-50,8904,440,1641,800
-40,-50,4638,861,6240,900
-40,-50,2085,-711,1088,500
-40,-50,2089,-153,6893,0
-40,-50,5962,-661,74,900
-40,-50,3689,25,4950,900
-40,-50,191,955,6219,-400
-40,-50,7212,663,473,0
-40,-50,9961,298,7959,-800
-40,-50,6414,434,5429,400
-40,-50,8815,979,3872,-200
-40,-50,5663,459,1675,-600
-40,-50,734,-150,7769,-900
-40,-50,114,629,2738,-900
-40,-50,2880,-87,766,300
-40,-50,4142,195,885,300
-40,-50,4584,160,9948,800
-40,-40,7201,976,8576,-900
-40,-40,4058,-840,9397,0
-40,-40,4454,608,6287,-100
-40,-40,5091,-622,6791,100
-40,-40,1230,805,1583,-100
-40,-40,7394,-526,7027,-1000
-40,-40,4801,-760,2056,-700
-40,-40,6659,82,7511,800
-40,-40,8889,-816,7986,200
-40,-40,8427,946,5268,300
-40,-40,2947,-881,6453,900
-40,-40,3975,494,9781,500
-40,-40,2756,-873,5945,200
-40,-40,7702,-381,5852,-500
-40,-40,965,-887,1584,-600
-40,-40,7836,407,1551,-200
-40,-40,8935,-949,7214,800
-40,-40,7983,53,6919,700
-40,-40,2970,194,3678,-300
-40,-40,9460,-337,7987,300
-40,-40,1764,-328,11,500
-40,-40,7746,-598,686,-900
-40,-40,168,-204,8137,900
-40,-40,1433,-592,7374,-100
-40,-40,3977,22,2337,900
-40,-40,1428,752,3274,-700
-40,-40,1701,512,2637,300
-40,-40,5601,242,5815,900
-40,-40,2383,565,8630,-600
-40,-40,3494,8,7331,-900
-40,-40,3700,582,3240,-900
-40,-40,8407,-196,7612,-700
-40,-40,7312,-336,5302,-200
-40,-40,3912,-122,9700,500
-40,-40,6398,970,2601,-1000
-40,-40,2759,225,2654,900
-40,-40,135,352,7543,-1000
-40,-40,5400,230,4046,-200
-40,-40,9320,-442,7544,-400
-40,-40,1593,222,6030,-500
-40,-40,3762,-286,2960,300
-40,-40,131,565,4175,-100
-40,-40,2707,-287,1191,700
-40,-40,6759,-996,645,500
-40,-40,7160,363,2089,-400
-40,-40,1380,-936,1109,-300
-40,-40,4709,-496,1233,-400
-40,-40,3514,-46,2068,-700
-40,-40,9164,-774,4105,-100
-40,-40,8253,-603,3804,-200
-40,-40,2307,-224,5392,100
-40,-40,2102,205,8509,-400
-40,-40,1850,-597,3712,-500
-40,-40,6083,-385,9237,-1000
-40,-40,4877,-43,5503,900
-40,-40,5344,-140,972,600
-40,-40,2729,-451,326,600
-40,-40,7836,915,3954,900
-40,-40,8556,73,3569,600
-40,-40,3838,-137,3219,-200
-40,-40,506,934,2479,-600
-40,-40,4181,194,3416,400
-40,-40,9911,-735,1740,400
-40,-40,4421,-165,1104,0
-40,-40,2876,-513,828,-400
-40,-40,7687,-101,7987,500
-40,-40,4665,495,550,-700
-40,-40,1879,-188,5259,-200
-40,-40,586,-380,8238,900
-40,-40,7207,-294,8915,200
-40,-40,7907,-623,7834,500
-40,-40,5275,781,155,900
-40,-40,432,-238,1947,0
-40,-40,3655,103,9768,700
-40,-40,9235,-198,2145,200
-40,-40,4423,516,2003,600
-40,-40,406,825,7948,-100
-40,-40,4856,845,1145,300
-40,-40,9509,-310,2529,-1000
-40,-40,4049,-884,8702,-600
-40,-40,394,-716,5803,100
-40,-40,1618,-696,8016,-1000
-40,-40,5434,-248,3289,700
-40,-40,6599,-524,6311,300
-40,-40,2708,234,2120,-1000
-40,-40,790,-151,6891,900
-40,-40,5409,-892,9801,100
-40,-40,3764,-196,7547,-200
-40,-40,1229,211,3532,900
-40,-40,4838,-624,4115,0
-40,-40,6407,665,5188,800
-40,-40,8714,275,1166,500
-40,-40,4461,-561,847,600
-40,-40,1809,-319,3266,900
-40,-40,8733,-194,2910,700
-40,-40,545,-259,9997,700
-40,-40,9968,429,9236,600
-40,-40,5241,464,6810,300
-40,-40,8209,-587,9860,900
-40,-40,1893,-428,9891,-1000
-40,-30,2186,40,5007,200
-40,-30,3700,927,7694,900
-40,-30,7476,-327,4245,500
-40,-30,3047,284,8540,-400
-40,-30,6435,75,9315,-200
-40,-30,5971,542,31,-300
-40,-30,2724,-255,3039,100
-40,-30,8031,797,8830,200
-40,-30,9562,-807,4623,600
-40,-30,4504,-840,7910,-100
-40,-30,3629,-606,5675,100
-40,-30,5330,-166,3005,600
-40,-30,1676,-216,7343,800
-40,-30,2759,582,3452,-500
-40,-30,8200,621,6316,100
-40,-30,6747,-444,8281,500
-40,-30,9914,610,5186,100
-40,-30,479,606,4969,-400
-40,-30,7322,-338,1577,-900
-40,-30,9918,12,7459,-500
-40,-30,1206,-785,4257,700
-40,-30,5596,-732,102,-300
-40,-30,8512,76,8576,-1000
-40,-30,9874,139,8091,600
-40,-30,3673,369,1251,-900
-40,-30,6405,-89,6005,-700
-40,-30,4888,-534,4431,0
-40,-30,9527,907,3919,-500
-40,-30,7437,-101,806,-900
-40,-30,1199,-103,4702,100
-40,-30,1883,-160,2831,200
-40,-30,8553,207,686,0
-40,-30,9002,398,1936,600
-40,-30,5956,881,1298,-1000
-40,-30,5204,-257,7530,-100
-40,-30,6572,973,7663,700
-40,-30,510,61,2159,-500
-40,-30,8089,-941,2895,300
-40,-30,5192,-480,8876,-1000
-40,-30,7527,-445,781,100
-40,-30,1407,-566,2446,-700
-40,-30,6325,34,7817,-400
-40,-30,6963,299,2548,700
-40,-30,1124,-784,6657,-700
-40,-30,7955,-947,2036,-1000
-40,-30,1956,381,9466,900
-40,-30,6896,771,6582,0
-40,-30,1385,952,402,400
-40,-30,4439,602,8778,500
-40,-30,2294,533,8492,300
-40,-30,5915,-792,8607,300
-40,-30,5853,-74,1879,900
-40,-30,4784,604,1416,-1000
-40,-30,9678,-710,1466,900
-40,-30,2869,-499,5195,700
-40,-30,5532,150,5535,900
-40,-30,5430,318,4083,900
-40,-30,2073,503,2000,-400
-40,-30,7880,992,5164,900
-40,-30,7580,-653,2975,400
-40,-30,3215,-646,6845,900
-40,-30,2300,970,1217,400
-40,-30,4094,65,9183,900
-40,-30,7283,766,7668,900
-40,-30,3582,-43,735,900
-40,-30,5766,618,3532,500
-40,-30,7152,116,5584,-1000
-40,-30,5925,-859,5992,-1000
-40,-30,1190,370,6724,-300
-40,-30,8209,-240,3912,-500
-40,-30,6769,536,3727,-400
-40,-30,2928,521,6537,100
-40,-30,1637,505,682,900
-40,-30,4037,-742,5909,200
-40,-30,6251,872,6038,-200
-40,-30,1798,-932,8502,0
-40,-30,6355,759,1712,800
-40,-30,2858,-350,2219,-900
-40,-30,6826,632,4844,-1000
-40,-30,4890,-11,6219,-800
-40,-30,7529,104,8378,800
-40,-30,5635,767,7164,500
-40,-30,2588,-545,3001,800
-40,-30,2065,-347,8005,-100
-40,-30,2327,-402,2509,-1000
-40,-30,1044,168,6026,400
-40,-30,9791,-499,4235,-1000
-40,-30,6922,38,812,-1000
-40,-30,9338,595,6541,-100
-40,-30,7696,-184,2089,700
-40,-30,8343,-501,5378,-400
-40,-30,8028,3,8282,-800
-40,-30,4687,778,9877,-500
-40,-30,8992,-914,512,-600
-40,-30,3315,90,5530,0
-40,-30,1417,380,6152,-800
-40,-30,8527,291,6737,200
-40,-30,7765,948,3081,900
-40,-30,3352,106,3304,-800
-40,-30,982,-268,9770,600
-40,-20,1722,-658,2838,-1000
-40,-20,5604,920,8774,500
-40,-20,5242,-178,8132,100
-40,-20,7796,-670,2086,800
-40,-20,5663,521,4550,-600
-40,-20,8529,593,9465,-1000
-40,-20,9419,403,4138,900
-40,-20,8735,101,3166,-200
-40,-20,364,807,4105,-1000
-40,-20,9444,794,6620,900
-40,-20,2802,338,3690,600
-40,-20,4298,-5,3992,-100
-40,-20,9418,312,2994,-100
-40,-20,8754,-841,8822,-300
-40,-20,7938,426,2633,900
-40,-20,7734,-701,908,-800
-40,-20,2557,173,7045,-700
-40,-20,1195,186,7475,100
-40,-20,1846,534,6858,-600
-40,-20,6259,-42,1667,-400
-40,-20,5839,570,1348,300
-40,-20,9740,59,2513,600
-40,-20,6855,895,8103,-300
-40,-20,4038,590,5913,0
-40,-20,2500,-729,4524,-600
-40,-20,970,-748,7984,900
-40,-20,4408,-920,2504,-200
-40,-20,5469,-792,6357,-700
-40,-20,5543,-181,6946,600
-40,-20,1308,-845,3322,-500
-40,-20,782,787,2468,900
-40,-20,361,-132,2364,-900
-40,-20,455,612,4785,-100
-40,-20,3946,-726,8194,400
-40,-20,8515,231,7343,800
-40,-20,1820,-228,90,-500
-40,-20,1274,269,8562,-400
-40,-20,4809,715,9415,600
-40,-20,7860,36,1539,-100
-40,-20,4975,-885,8660,500
-40,-20,6655,307,8648,-500
-40,-20,6465,-921,5292,200
-40,-20,5685,-982,7986,900
-40,-20,7353,-425,2897,-1000
-40,-20,6896,-837,89,-1000
-40,-20,9211,-272,9342,400
-40,-20,4652,-603,9828,100
-40,-20,7298,-69,9280,-1000
-40,-20,5416,-289,932,-300
-40,-20,9380,-30,9233,500
-40,-20,8154,-132,3342,-300
-40,-20,8144,-897,3719,800
-40,-20,2588,353,6773,0
-40,-20,8217,497,2519,-1000
-40,-20,5359,-517,8888,-1000
-40,-20,6444,-438,5218,900
-40,-20,4458,160,2319,900
-40,-20,3496,-939,9858,-200
-40,-20,6301,-472,8699,600
-40,-20,4840,860,6183,200
-40,-20,6913,85,3295,-200
-40,-20,5429,48,8564,-300
-40,-20,5625,-204,2689,0
-40,-20,4911,-736,3725,900
-40,-20,6089,828,7056,100
-40,-20,7777,-885,4072,-400
-40,-20,4766,538,4032,400
-40,-20,1507,-743,9159,-600
-40,-20,6698,724,1070,-1000
-40,-20,8128,-999,7205,-300
-40,-20,5072,-448,1083,0
-40,-20,9260,82,9950,300
-40,-20,4161,446,818,100
-40,-20,7932,763,6959,400
-40,-20,7838,212,1343,-700
-40,-20,4772,666,1028,-700
-40,-20,1920,972,981,-400
-40,-20,4440,-466,5993,200
-40,-20,3496,831,2722,900
-40,-20,3658,-328,6334,-300
-40,-20,694,512,4214,200
-40,-20,5100,-923,191,-600
-40,-20,1148,362,1715,-300
-40,-20,5566,-150,482,800
-40,-20,8155,-296,9548,-100
-40,-20,5608,4,2387,400
-40,-20,7815,663,4285,-500
-40,-20,415,461,4053,600
-40,-20,2558,459,5514,-700
-40,-20,6414,-255,8070,-200
-40,-20,844,-119,6042,300
-40,-20,7285,-692,5022,-100
-40,-20,7969,-59,8987,-1000
-40,-20,2049,-132,3850,500
-40,-20,3505,553,5990,-1000
-40,-20,1171,-536,8012,-200
-40,-20,2889,-124,7145,-400
-40,-20,3155,677,9663,300
-40,-20,1444,-796,8368,-900
-40,-20,2539,227,9186,-500
-40,-10,1622,-644,1832,-200
-40,-10,5550,-114,1936,-1000
-40,-10,4331,-522,2649,-300
-40,-10,1649,-269,6313,600
-40,-10,552,-589,1790,200
-40,-10,8851,875,2575,900
-40,-10,8687,-875,4345,-300
-40,-10,7445,-976,9287,900
-40,-10,9015,413,2869,-1000
-40,-10,391,586,7712,500
-40,-10,6509,866,9412,800
-40,-10,7695,-248,280,600
-40,-10,1858,-185,1037,600
-40,-10,3850,-989,823,-1000
-40,-10,4421,257,2942,-900
-40,-10,4278,-873,9382,100
-40,-10,7560,663,5439,-300
-40,-10,5846,32,5252,-700
-40,-10,4732,-106,8945,-100
-40,-10,2186,237,5670,-600
-40,-10,7031,-260,2983,200
-40,-10,6885,624,7805,-1000
-40,-10,7870,-1000,7092,-600
-40,-10,5231,-744,6316,100
-40,-10,7944,359,3392,300
-40,-10,3619,-302,2116,-700
-40,-10,9878,782,2482,-800
-40,-10,3153,33,1386,-600
-40,-10,9302,-426,7370,0
-40,-10,5303,690,2443,-600
-40,-10,628,-931,4311,900
-40,-10,372,-788,3120,-900
-40,-10,692,-711,1759,-1000
-40,-10,6376,487,7518,-1000
-40,-10,2726,-45,6505,700
-40,-10,6065,-282,5396,900
-40,-10,7376,-620,6493,300
-40,-10,6291,-618,1173,300
-40,-10,165,728,6796,-200
-40,-10,6519,469,1663,300
-40,-10,7487,308,1094,0
-40,-10,3014,706,7405,-800
-40,-10,4512,254,6929,800
-40,-10,1511,-955,7819,-1000
-40,-10,3047,74,776,-700
-40,-10,5079,-642,2990,-500
-40,-10,7821,-597,1381,900
-40,-10,7708,959,7091,300
-40,-10,3670,-299,633,-100
-40,-10,1626,673,5,400
-40,-10,8060,-901,337,-100
-40,-10,3521,182,9564,-1000
-40,-10,5598,-908,7263,-500
-40,-10,2809,-556,3210,-100
-40,-10,4708,-916,415,300
-40,-10,2444,942,7426,100
-40,-10,7546,-384,5496,-400
-40,-10,8981,-85,1027,500
-40,-10,212,-809,1072,600
-40,-10,7895,-964,4573,900
-40,-10,52,-205,7785,-600
-40,-10,610,-565,6406,-900
-40,-10,4293,621,7253,900
-40,-10,1299,256,6233,300
-40,-10,9357,866,6804,-100
-40,-10,7089,802,5428,-1000
-40,-10,4957,-423,5685,-1000
-40,-10,2416,902,6901,600
-40,-10,8848,954,472,800
-40,-10,4761,837,5958,-1000
-40,-10,8357,355,2186,700
-40,-10,1111,-914,6840,-200
-40,-10,2234,56,2481,200
-40,-10,5113,588,3320,600
-40,-10,5315,784,7151,400
-40,-10,512,258,8345,500
-40,-10,8456,-928,4616,-100
-40,-10,6122,-700,2214,700
-40,-10,7380,896,2979,-300
-40,-10,4318,212,4893,-1000
-40,-10,4197,251,6626,-800
-40,-10,6167,-26,563,-800
-40,-10,3701,533,6680,-200
-40,-10,4446,-612,8088,-800
-40,-10,5808,3,5445,-900
-40,-10,2881,970,4221,-400
-40,-10,5835,493,913,-1000
-40,-10,2066,-249,158,-900
-40,-10,8075,-878,1710,-700
-40,-10,4543,200,8922,900
-40,-10,8377,25,9460,-600
-40,-10,16,298,662,-1000
-40,-10,2169,62,8951,-700
-40,-10,2474,106,7974,-1000
-40,-10,5024,315,4565,-1000
-40,-10,4772,-725,5458,0
-40,-10,4391,-40,2386,-100
-40,-10,3053,-72,4975,900
-40,-10,6223,202,3668,-100
-40,-10,4441,-549,2063,-400
-40,0,3631,-495,427,300
-40,0,4149,154,6957,400
-40,0,1682,-257,7861,200
-40,0,2897,-264,4715,800
-40,0,4745,649,7391,0
-40,0,4510,-163,8657,500
-40,0,5625,171,5741,-500
-40,0,8344,-142,2039,900
-40,0,5409,882,3149,700
-40,0,1005,253,1210,800
-40,0,7343,720,4224,-900
-40,0,4392,-306,1429,-1000
-40,0,6727,848,5648,-800
-40,0,8576,-148,8538,500
-40,0,2593,175,535,200
-40,0,5906,-541,1490,300
-40,0,8864,-391,3903,400
-40,0,9978,245,6448,-700
-40,0,4080,-511,2571,-1000
-40,0,2002,666,2553,-500
-40,0,5275,841,1600,500
-40,0,4652,-79,1675,600
-40,0,4306,715,1938,-300
-40,0,7728,-850,7885,-500
-40,0,7884,689,3386,400
-40,0,7086,-553,5487,-900
-40,0,7773,368,8093,200
-40,0,4541,-979,6155,500
-40,0,4627,-36,4562,300
-40,0,335,-466,4703,900
-40,0,9817,505,7097,-300
-40,0,2049,912,4463,100
-40,0,1747,11,6925,-100
-40,0,5587,550,7978,-200
-40,0,8817,581,7098,800
-40,0,878,539,2516,700
-40,0,6765,536,6267,300
-40,0,1302,508,1390,900
-40,0,9993,-943,1681,0
-40,0,8595,-724,8749,900
-40,0,2985,-974,6168,400
-40,0,6923,187,9426,-1000
-40,0,6982,497,7102,500
-40,0,1306,659,7382,-200
-40,0,9027,-547,7280,800
-40,0,9532,-241,4266,700
-40,0,4640,165,1969,-400
-40,0,8095,-853,1864,-400
-40,0,4199,989,9202,500
-40,0,5842,-198,9044,0
-40,0,3,-893,9517,-900
-40,0,4620,-884,1080,-800
-40,0,1364,-603,3087,0
-40,0,4432,-40,9422,-1000
-40,0,7970,-575,4460,700
-40,0,4881,94,1850,700
-40,0,9835,-399,6250,-500
-40,0,7154,-160,7453,-500
-40,0,5578,269,8500,-900
-40,0,938,-371,7190,500
-40,0,3073,-562,1309,-400
-40,0,327,-573,1941,-600
-40,0,1765,492,1344,-100
-40,0,4890,-34,7765,-900
-40,0,6230,942,7038,800
-40,0,7621,-552,251,500
-40,0,9132,498,1614,700
-40,0,1476,-425,6617,-700
-40,0,8509,357,7750,-700
-40,0,8239,-741,508,-1000
-40,0,2419,945,8230,900
-40,0,4074,-348,1611,400
-40,0,6702,108,1893,300
-40,0,3040,563,9398,-100
-40,0,1467,578,451,-900
-40,0,5369,-423,8639,500
-40,0,3347,-497,7506,-600
-40,0,1028,-649,8369,-500
-40,0,367,-392,3262,-700
-40,0,2028,341,2758,900
-40,0,7215,236,7698,-700
-40,0,8567,611,952,-300
-40,0,2834,-92,6312,600
-40,0,7010,312,2018,-400
-40,0,5168,-225,5445,500
-40,0,3682,-881,9619,-800
-40,0,9915,-822,127,500
-40,0,6524,-689,4282,100
-40,0,852,405,3222,300
-40,0,8670,-550,7320,200
-40,0,7483,-793,1640,-300
-40,0,543,-958,2855,800
-40,0,813,756,1534,500
-40,0,2136,-398,9177,-1000
-40,0,689,13,1289,-700
-40,0,608,191,7869,600
-40,0,9416,-624,8674,-200
-40,0,8628,-395,4523,700
-40,0,6492,839,2579,900
-40,0,8332,-864,9032,200
-40,10,2508,957,1197,0
-40,10,6788,-241,2898,-700
-40,10,5087,589,8102,-500
-40,10,659,-161,4696,700
-40,10,2819,-514,606,-700
-40,10,3587,565,6428,800
-40,10,9032,429,2571,-800
-40,10,1856,-506,737,0
-40,10,3969,-153,2149,-1000
-40,10,8735,185,4064,-200
-40,10,6453,764,6399,-100
-40,10,4734,-622,3207,400
-40,10,2019,251,7230,-100
-40,10,5628,529,1409,-100
-40,10,3147,947,1398,900
-40,10,6618,-496,2630,400
-40,10,8839,-198,3780,900
-40,10,5572,-537,6239,700
-40,10,8810,-915,4250,-100
-40,10,2639,156,851,-600
-40,10,7683,725,7993,-900
-40,10,2792,-965,3152,-500
-40,10,2696,-932,274,-1000
-40,10,5677,-675,3048,-800
-40,10,1843,688,2136,900
-40,10,4872,453,545,200
-40,10,6075,336,1124,-100
-40,10,6617,-960,7892,600
-40,10,7155,625,6862,-200
-40,10,619,-309,3650,-600
-40,10,3750,341,3715,-700
-40,10,6231,450,2818,-500
-40,10,8900,140,1820,-600
-40,10,8663,651,6653,-1000
-40,10,8747,-183,8066,900
-40,10,4373,-922,6595,-600
-40,10,7284,690,4922,-700
-40,10,7663,-901,5289,500
-40,10,1579,683,9458,-1000
-40,10,1754,-868,6446,200
-40,10,1753,-595,7475,300
-40,10,7177,-723,1533,900
-40,10,4159,-282,8437,-400
-40,10,6330,-677,7701,-400
-40,10,8865,-247,6702,300
-40,10,2891,-939,2295,100
-40,10,4375,-60,7111,-200
-40,10,1482,-440,2941,-1000
-40,10,8009,515,4595,300
-40,10,8636,-801,1583,600
-40,10,8386,-248,7177,-400
-40,10,9854,-297,8038,-500
-40,10,1939,-713,4832,-600
-40,10,5800,505,4971,-500
-40,10,3285,-979,2572,600
-40,10,935,722,6932,600
-40,10,6975,325,2995,-100
-40,10,9113,410,7764,200
-40,10,3905,-204,7563,0
-40,10,2663,-627,9715,800
-40,10,5931,-204,9853,-800
-40,10,382,340,807,300
-40,10,9537,-134,1617,200
-40,10,9700,-205,7283,900
-40,10,4666,345,9539,-800
-40,10,295,821,5614,900
-40,10,1705,362,7834,-1000
-40,10,807,-503,928,600
-40,10,8257,-168,3651,-200
-40,10,9238,911,2899,-1000
-40,10,971,913,5560,-800
-40,10,342,495,2843,100
-40,10,583,361,2214,100
-40,10,904,887,3989,800
-40,10,6261,653,7891,800
-40,10,2880,-465,5782,-600
-40,10,5442,625,8709,-100
-40,10,7217,260,3381,300
-40,10,9258,838,8311,700
-40,10,4221,-925,337,-100
-40,10,9881,572,8061,-300
-40,10,6308,-378,6049,600
-40,10,2802,-446,7599,-1000
-40,10,6891,-573,936,400
-40,10,7741,-584,5713,900
-40,10,4891,-621,7816,-1000
-40,10,8465,-187,6488,300
-40,10,5221,535,9344,-100
-40,10,6479,-34,1202,-300
-40,10,4336,-333,3818,-800
-40,10,3295,576,2199,-500
-40,10,3797,-250,4620,900
-40,10,7754,-563,1051,0
-40,10,6271,-825,1435,800
-40,10,4710,845,3669,-700
-40,10,3991,-389,3244,700
-40,10,689,-86,1052,-300
-40,10,1661,206,6127,0
-40,10,3040,337,2959,-1000
-40,10,7913,626,8835,800
-40,20,8669,-618,4709,300
-40,20,6162,895,323,800
-40,20,9283,333,2837,-1000
-40,20,9415,-418,6589,-400
-40,20,2076,271,7834,100
-40,20,3723,-97,9567,800
-40,20,7806,-916,459,0
-40,20,7551,823,201,-200
-40,20,2698,-428,8187,-1000
-40,20,9058,800,4339,-600
-40,20,2711,422,3377,700
-40,20,3539,-564,9627,500
-40,20,6237,243,8502,-300
-40,20,3258,-749,956,-1000
-40,20,4251,627,796,900
-40,20,2040,122,6738,300
-40,20,3670,-103,7678,200
-40,20,7907,229,3080,500
-40,20,8036,140,5289,700
-40,20,8186,92,4462,-400
-40,20,9241,-895,831,300
-40,20,4618,-905,3210,400
-40,20,3009,336,429,-1000
-40,20,6483,573,3604,-300
-40,20,8577,-990,8993,-900
-40,20,7498,-817,2265,-900
-40,20,2669,448,1376,900
-40,20,5232,-333,9510,800
-40,20,8830,-561,3474,200
-40,20,2848,293,3035,-300
-40,20,1368,211,6808,-500
-40,20,3476,-627,4073,900
-40,20,2592,789,8166,700
-40,20,5079,886,7407,700
-40,20,1032,731,3407,-400
-40,20,3240,-319,6053,-400
-40,20,2764,717,8886,900
-40,20,6569,-380,9928,300
-40,20,8903,846,549,200
-40,20,3047,889,5091,900
-40,20,6658,-976,8019,600
-40,20,264,529,2069,-800
-40,20,4748,-56,2194,-400
-40,20,9762,989,56,-800
-40,20,1101,-335,5196,200
-40,20,4206,808,2881,900
-40,20,2894,-356,1361,-1000
-40,20,2732,-452,9030,-500
-40,20,6617,886,7961,400
-40,20,8134,-237,5894,300
-40,20,329,-539,5901,-900
-40,20,8775,-971,2712,-200
-40,20,6891,515,7682,-1000
-40,20,3621,-377,5453,-200
-40,20,8527,-76,453,500
-40,20,3240,25,1196,-600
-40,20,4824,765,2295,-700
-40,20,6346,748,2867,-900
-40,20,9912,-973,9825,-100
-40,20,7997,585,9113,500
-40,20,3700,-50,4149,400
-40,20,9058,-630,5527,-900
-40,20,8985,-464,7762,-1000
-40,20,4303,96,1720,800
-40,20,8454,-911,8349,-500
-40,20,5455,-905,8798,-200
-40,20,6562,-444,2003,-600
-40,20,6001,-320,9364,-400
-40,20,1117,-348,6020,700
-40,20,2457,-412,7332,-800
-40,20,4370,195,1451,-900
-40,20,303,256,644,-1000
-40,20,2708,-825,1484,-800
-40,20,3957,538,2151,0
-40,20,2876,-215,1970,100
-40,20,8340,44,9210,200
-40,20,8610,388,2597,-700
-40,20,4491,-209,7924,0
-40,20,2068,426,580,400
-40,20,7547,552,7700,-200
-40,20,9846,381,6958,-200
-40,20,950,-574,9364,-400
-40,20,4722,37,8571,-700
-40,20,6756,-878,8294,100
-40,20,3653,-422,4972,600
-40,20,9106,-616,5935,-800
-40,20,7002,687,7642,-300
-40,20,1547,913,6300,-700
-40,20,2278,481,2162,900
-40,20,6910,-819,267,100
-40,20,1560,654,1342,-200
-40,20,1189,812,848,200
-40,20,7727,-453,586,-300
-40,20,7278,316,4179,-1000
-40,20,9420,-131,3591,0
-40,20,4356,141,891,-1000
-40,20,3358,-499,9789,800
-40,20,6521,380,808,700
-40,20,2734,235,2198,300
-40,20,3523,-378,544,400
-40,30,1820,609,9529,400
-40,30,440,970,1245,400
-40,30,295,86,7780,-500
-40,30,1069,-212,5450,-200
-40,30,2913,460,3486,800
-40,30,2171,-31,6907,500
-40,30,168,93,8660,900
-40,30,8564,-450,4558,-700
-40,30,6545,882,3785,0
-40,30,4568,-230,3790,-700
-40,30,7073,469,9987,100
-40,30,1217,-818,7397,-500
-40,30,9641,-502,3504,-100
-40,30,372,-865,9832,-100
-40,30,2959,-163,1584,-800
-40,30,8097,167,3916,600
-40,30,4473,-396,362,-700
-40,30,9151,896,6656,900
-40,30,5468,-870,8720,900
-40,30,4650,-494,4468,900
-40,30,4137,670,6460,0
-40,30,896,572,3244,900
-40,30,9816,-499,7088,900
-40,30,2540,-616,5725,100
-40,30,3125,784,8377,-1000
-40,30,6229,-481,346,-1000
-40,30,6228,-760,565,600
-40,30,1874,-452,2379,700
-40,30,5696,745,9841,500
-40,30,3634,-123,9864,-200
-40,30,3344,-360,5429,800
-40,30,4708,-817,9218,900
-40,30,7250,-335,4600,-800
-40,30,2699,-606,3769,-200
-40,30,6708,413,9619,-200
-40,30,1768,640,7277,-800
-40,30,979,-994,2945,-600
-40,30,2910,366,2963,100
-40,30,3813,656,5563,100
-40,30,3035,-299,2388,-100
-40,30,2550,-626,6399,500
-40,30,88,-766,4972,-1000
-40,30,1987,107,7744,-300
-40,30,3103,-499,6503,600
-40,30,3041,-842,1714,-100
-40,30,8907,727,8222,-400
-40,30,8909,-269,9730,500
-40,30,4467,-479,8526,-300
-40,30,3321,-216,1125,-800
-40,30,4446,44,1970,100
-40,30,7935,-211,928,0
-40,30,4074,445,5361,300
-40,30,6713,-163,1436,200
-40,30,6624,-964,9471,900
-40,30,6533,580,6951,500
-40,30,7336,-393,8040,0
-40,30,3144,911,9245,200
-40,30,7405,-201,4312,-900
-40,30,8795,614,8258,200
-40,30,8553,-750,4310,-1000
-40,30,4220,-969,805,-1000
-40,30,6511,-41,8418,800
-40,30,3861,8,8217,-1000
-40,30,5973,-288,1362,-500
-40,30,5974,706,6544,-800
-40,30,2052,-399,5534,900
-40,30,7216,-247,750,-1000
-40,30,6366,-353,2661,-1000
-40,30,2315,97,4708,-900
-40,30,9610,-805,6948,-1000
-40,30,1801,193,3369,900
-40,30,2415,561,8071,-200
-40,30,288,-904,2783,-1000
-40,30,9529,-531,29,-400
-40,30,8642,-224,8445,-1000
-40,30,2645,956,2530,900
-40,30,8062,-638,7584,700
-40,30,5129,-682,3002,400
-40,30,8479,-238,7803,100
-40,30,1363,-736,437,-700
-40,30,3673,918,9822,-600
-40,30,8393,463,7528,-400
-40,30,6286,-106,1379,-300
-40,30,7595,273,4757,600
-40,30,8115,790,8147,900
-40,30,8645,-117,5881,-1000
-40,30,2230,-403,3458,400
-40,30,4027,536,2686,-200
-40,30,4061,693,2880,-1000
-40,30,7231,672,6083,-800
-40,30,5461,731,339,900
-40,30,4175,-723,967,500
-40,30,7988,-539,9658,-400
-40,30,7172,-934,2312,800
-40,30,7272,-552,7846,-200
-40,30,2305,-531,6966,900
-40,30,6971,-831,2879,500
-40,30,278,-823,4803,600
-40,30,9339,111,6476,-200
-40,30,7011,-666,420,-800
-40,40,5525,961,25,-900
-40,40,6354,912,4773,800
-40,40,9246,-680,4773,900
-40,40,9447,73,2386,-100
-40,40,7849,-392,7743,-1000
-40,40,7537,544,7428,-400
-40,40,2144,831,4773,900
-40,40,3056,-30,4089,900
-40,40,9765,-525,6865,-200
-40,40,2757,498,4773,900
-40,40,3370,809,4233,500
-40,40,7889,709,8869,900
-40,40,3707,-603,4234,600
-40,40,1497,-831,541,-200
-40,40,6961,-473,9114,300
-40,40,3997,-444,5027,200
-40,40,2787,89,7767,-900
-40,40,7116,965,787,-1000
-40,40,2821,-890,9446,400
-40,40,2454,-697,8428,-700
-40,40,1502,530,5528,800
-40,40,938,-973,6308,600
-40,40,4714,-652,97,-500
-40,40,4123,186,1098,-800
-40,40,1720,-764,3399,800
-40,40,5071,-767,4398,400
-40,40,4015,122,7597,-1000
-40,40,4492,766,786,-1000
-40,40,622,709,6400,400
-40,40,2826,205,4238,400
-40,40,6719,-431,4300,-900
-40,40,6940,819,4245,0
-40,40,2057,180,9037,400
-40,40,9715,929,6527,700
-40,40,2838,-400,5887,0
-40,40,7482,-894,1790,-500
-40,40,2497,-371,1842,0
-40,40,2326,-227,8813,-200
-40,40,1732,154,1533,-200
-40,40,3688,264,7743,300
-40,40,2293,552,6771,200
-40,40,7536,852,7101,500
-40,40,3039,689,4598,-600
-40,40,6691,901,4351,-800
-40,40,3745,357,4775,700
-40,40,1252,545,7100,800
-40,40,5699,179,4773,700
-40,40,2212,853,360,-600
-40,40,4359,133,3979,400
-40,40,3104,-486,9005,400
-40,40,1637,-966,5348,-500
-40,40,1276,486,9263,400
-40,40,654,692,2657,900
-40,40,8849,189,8162,-1000
-40,40,9202,-480,3704,-100
-40,40,3774,-667,9797,-300
-40,40,2874,781,8979,-900
-40,40,2962,368,1533,-300
-40,40,1194,452,238,-800
-40,40,6641,67,1136,0
-40,40,4817,742,4556,-1000
-40,40,8019,-289,8653,900
-40,40,3913,317,1539,-300
-40,40,4519,-43,9980,-300
-40,40,273,-356,8869,900
-40,40,4185,172,4362,-700
-40,40,2092,-988,9455,-100
-40,40,95,-659,1687,-200
-40,40,1029,-546,144,700
-40,40,6781,-694,1095,-1000
-40,40,5620,-691,8401,-500
-40,40,1627,-420,8917,400
-40,40,216,881,3826,-700
-40,40,6195,-410,9367,-200
-40,40,5202,296,2792,600
-40,40,2521,296,9821,-1000
-40,40,2276,957,8869,900
-40,40,848,-471,4774,800
-40,40,119,513,335,0
-40,40,2668,160,5356,400
-40,40,9280,-884,9623,900
-40,40,1692,-670,9457,100
-40,40,4468,364,9225,-1000
-40,40,6013,254,9005,200
-40,40,5115,-340,3671,-1000
-40,40,8157,537,8300,800
-40,40,6652,-26,3703,-500
-40,40,8365,125,1121,-1000
-40,40,2481,791,2086,-100
-40,40,429,480,933,-1000
-40,40,4291,92,201,-1000
-40,40,2072,291,1872,-400
-40,40,7698,258,3863,100
-40,40,215,-970,4410,-900
-40,40,2529,-804,6771,200
-40,40,1703,10,8729,-500
-40,40,3849,159,5029,100
-40,40,2443,-9,8564,900
-40,40,6485,-709,8521,400
-40,40,8078,231,8388,700
-40,50,4939,-563,4773,900
-40,50,5170,-495,7100,700
-40,50,6082,-174,2112,900
-40,50,1430,-710,8869,900
-40,50,3226,220,8869,900
-40,50,3467,714,4773,900
-40,50,8695,-224,8869,900
-40,50,4248,-860,4773,900
-40,50,2281,322,8869,900
-40,50,4094,-132,8869,900
-40,50,1751,-957,1533,-300
-40,50,6607,-592,4773,900
-40,50,129,547,9417,-1000
-40,50,5760,764,8869,900
-40,50,555,-193,8869,900
-40,50,4847,780,8869,900
-40,50,475,-347,8869,900
-40,50,229,854,8869,900
-40,50,8835,-189,8869,900
-40,50,6736,-989,1533,-300
-40,50,5144,764,8869,900
-40,50,6582,-672,8869,900
-40,50,8222,887,4773,900
-40,50,5326,326,7101,500
-40,50,4494,972,1533,-300
-40,50,3641,-868,4773,900
-40,50,6459,-879,1534,-400
-40,50,9468,-359,1534,-200
-40,50,5052,-738,4773,900
-40,50,5470,432,8869,900
-40,50,5675,911,1790,-300
-40,50,91,306,2676,100
-40,50,5923,745,8869,900
-40,50,2730,-344,4773,900
-40,50,8416,-399,4431,-400
-40,50,4995,-624,8869,900
-40,50,5258,600,1790,-200
-40,50,9804,-721,8869,900
-40,50,2231,-11,1177,-700
-40,50,8930,26,8869,900
-40,50,8952,-423,7101,500
-40,50,8542,702,9133,-500
-40,50,1484,-292,8869,900
-40,50,4144,722,4773,900
-40,50,3882,-640,8869,900
-40,50,8512,-576,4773,900
-40,50,8091,-621,8869,900
-40,50,2874,-927,8869,900
-40,50,147,857,4773,900
-40,50,5875,601,2676,100
-40,50,6407,-358,8869,900
-40,50,4531,-778,8869,900
-40,50,3250,-996,8869,900
-40,50,8336,-966,2676,100
-40,50,2396,912,8869,900
-40,50,2179,147,8869,900
-40,50,1412,-310,4773,900
-40,50,6647,-903,8869,900
-40,50,264,385,8869,900
-40,50,4985,569,7099,500
-40,50,5538,985,8869,900
-40,50,8665,-329,4773,900
-40,50,5973,-137,2656,900
-40,50,113,947,7099,400
-40,50,7824,486,8869,900
-40,50,6219,56,8869,900
-40,50,4816,831,8869,900
-40,50,150,-235,1533,-300
-40,50,3598,746,8869,900
-40,50,3244,-867,8869,900
-40,50,9870,335,6771,100
-40,50,1838,-583,2668,0
-40,50,174,229,4773,900
-40,50,6017,207,8869,900
-40,50,7822,-230,7098,400
-40,50,5040,758,4773,900
-40,50,4068,142,8869,900
-40,50,8289,860,4773,900
-40,50,1878,-949,8869,900
-40,50,88,-54,8869,900
-40,50,7618,-959,933,100
-40,50,2970,-492,4773,900
-40,50,1091,-872,4034,700
-40,50,2247,317,9457,100
-40,50,2582,217,8527,-200
-40,50,5049,-559,8869,900
-40,50,3105,894,7101,500
-40,50,4081,958,8869,900
-40,50,1834,-672,8869,900
-40,50,8144,848,8869,900
-40,50,5199,705,1533,-300
-40,50,6209,-975,8869,900
-40,50,2738,-400,7103,600
-40,50,5624,-254,4773,900
-40,50,2706,-782,8869,900
-40,50,2921,-382,8869,900
-40,50,2204,-495,4773,900
-40,50,2193,997,1534,-200
-40,50,3896,944,7099,500
-40,50,69,-791,8869,900
-30,-100,1273,793,7091,-600
-30,-100,2159,-250,6735,0
-30,-100,1469,339,7858,-900
-30,-100,705,413,9907,300
-30,-100,7369,-657,9080,900
-30,-100,6667,-797,448,600
-30,-100,7991,861,7529,-1000
-30,-100,3580,-677,8778,-100
-30,-100,1730,-899,1128,-400
-30,-100,4134,816,3209,900
-30,-100,4119,319,3869,-500
-30,-100,3366,-738,3989,800
-30,-100,1821,91,823,-700
-30,-100,2356,-503,8182,100
-30,-100,8774,57,806,700
-30,-100,1121,102,2802,300
-30,-100,5934,99,5190,-500
-30,-100,5582,615,4956,-700
-30,-100,6780,-252,6772,100
-30,-100,9067,-281,1460,200
-30,-100,4085,-824,496,900
-30,-100,4772,-708,1638,-500
-30,-100,6763,640,545,900
-30,-100,4602,-528,1761,-100
-30,-100,3389,704,3797,-1000
-30,-100,4305,269,4953,300
-30,-100,6375,192,5615,900
-30,-100,4943,272,6263,200
-30,-100,6737,-724,8836,-500
-30,-100,485,229,1533,0
-30,-100,5942,-897,6757,-800
-30,-100,6322,-629,6337,0
-30,-100,4676,-845,9411,0
-30,-100,2481,556,9995,-900
-30,-100,2192,-306,3608,-500
-30,-100,4918,788,5866,300
-30,-100,6255,-147,7841,-100
-30,-100,1343,261,15,300
-30,-100,502,212,8916,-1000
-30,-100,5770,-672,9319,900
-30,-100,6741,684,4980,-1000
-30,-100,8890,729,7564,900
-30,-100,2473,-222,4801,-700
-30,-100,6299,-79,6778,-100
-30,-100,8200,213,9135,-400
-30,-100,7543,998,8069,800
-30,-100,4163,-152,1728,800
-30,-100,6021,-975,8610,-1000
-30,-100,6901,-18,2338,-1000
-30,-100,3758,-201,8838,300
-30,-100,7163,395,7269,-300
-30,-100,6003,-306,2564,600
-30,-100,9647,-689,1609,700
-30,-100,8810,-806,9520,300
-30,-100,4664,-265,5996,300
-30,-100,3615,-694,830,600
-30,-100,9346,-129,5752,-300
-30,-100,9175,482,8779,200
-30,-100,2370,-396,2850,-400
-30,-100,1761,-804,176,0
-30,-100,3070,-851,69,400
-30,-100,5226,841,2089,900
-30,-100,6944,252,7376,400
-30,-100,4018,600,6648,500
-30,-100,639,30,6435,900
-30,-100,494,-508,1143,-900
-30,-100,4668,-845,1366,700
-30,-100,8985,875,8109,400
-30,-100,5327,-483,580,500
-30,-100,4170,-598,7470,-100
-30,-100,6898,-834,3759,-600
-30,-100,18,-729,9299,-200
-30,-100,9710,487,9220,500
-30,-100,3239,271,6720,900
-30,-100,8022,-693,3380,-100
-30,-100,8237,-10,9548,200
-30,-100,2060,468,6045,700
-30,-100,2820,-904,8503,-500
-30,-100,3684,-269,3953,300
-30,-100,5542,-124,2059,700
-30,-100,6326,627,2974,-800
-30,-100,7657,-878,6183,-400
-30,-100,7956,-514,5387,-400
-30,-100,8948,-741,5422,700
-30,-100,6675,-902,2887,600
-30,-100,9611,-567,8202,-700
-30,-100,6695,320,6188,700
-30,-100,570,676,1884,-1000
-30,-100,2538,78,5481,200
-30,-100,5421,-66,748,900
-30,-100,3765,142,9575,700
-30,-100,47,-304,5923,-300
-30,-100,9280,138,2270,-1000
-30,-100,2478,941,3976,900
-30,-100,1345,-454,2651,200
-30,-100,938,166,6090,-1000
-30,-100,1027,-791,1610,-1000
-30,-100,5775,836,7995,-600
-30,-100,4441,-336,6790,400
-30,-100,1869,-90,9590,-700
-30,-90,5832,799,2695,900
-30,-90,1292,301,9452,900
-30,-90,1311,-861,2723,500
-30,-90,3017,-725,2964,0
-30,-90,2040,711,1751,-900
-30,-90,6894,-324,2618,-1000
-30,-90,9375,720,360,100
-30,-90,5370,-444,2524,300
-30,-90,7986,20,9448,-200
-30,-90,987,-627,1055,-500
-30,-90,6953,-138,3588,-600
-30,-90,2427,848,8852,-1000
-30,-90,1228,-933,958,-700
-30,-90,9653,861,2593,-1000
-30,-90,8810,-468,8868,100
-30,-90,7837,-634,8317,-500
-30,-90,204,584,7125,900
-30,-90,9838,-496,6638,800
-30,-90,7889,736,5088,-300
-30,-90,8223,526,664,900
-30,-90,2921,978,1474,-800
-30,-90,1361,223,7682,800
-30,-90,3670,-614,9916,-600
-30,-90,3803,953,7393,500
-30,-90,5450,-680,2693,900
-30,-90,4164,-947,2739,-600
-30,-90,7693,203,2921,-500
-30,-90,5957,-727,9897,-1000
-30,-90,7779,-710,3207,700
-30,-90,7864,-148,3238,300
-30,-90,3553,-401,9748,300
-30,-90,5369,-618,5374,-800
-30,-90,5591,-967,609,300
-30,-90,1848,-883,6718,900
-30,-90,3341,-188,6006,-900
-30,-90,981,132,8336,-400
-30,-90,4097,-865,7947,200
-30,-90,1279,-973,9685,-500
-30,-90,6756,-401,7185,-300
-30,-90,1783,590,6425,0
-30,-90,1873,506,1511,-400
-30,-90,2017,-467,1369,-1000
-30,-90,7123,-102,7603,0
-30,-90,9018,-384,9709,-300
-30,-90,7797,61,5138,700
-30,-90,4642,-529,31,-1000
-30,-90,7156,965,3198,-600
-30,-90,9693,-475,872,-100
-30,-90,5312,925,2370,-300
-30,-90,467,-451,3765,-500
-30,-90,741,-411,8775,-300
-30,-90,5972,-131,3322,-1000
-30,-90,3205,-639,476,-600
-30,-90,8775,485,7376,900
-30,-90,1098,-458,4967,-100
-30,-90,3730,690,5239,-800
-30,-90,6270,674,8420,0
-30,-90,4472,17,7796,700
-30,-90,3678,-78,3108,-500
-30,-90,2472,169,2472,700
-30,-90,6513,-304,1344,-700
-30,-90,690,515,5863,500
-30,-90,214,-926,472,800
-30,-90,4384,-836,8109,100
-30,-90,8003,977,2294,100
-30,-90,5145,985,3815,800
-30,-90,206,-812,4162,-500
-30,-90,2518,844,1190,800
-30,-90,1839,-483,3927,-700
-30,-90,6024,-510,378,300
-30,-90,7284,-760,7762,-1000
-30,-90,8390,-495,7062,-700
-30,-90,1914,-153,8475,-200
-30,-90,6450,999,3712,-300
-30,-90,2067,-377,3432,-300
-30,-90,4772,-22,1100,400
-30,-90,1890,720,5314,-600
-30,-90,4209,601,9043,-1000
-30,-90,897,-696,8495,200
-30,-90,9327,-173,3494,-200
-30,-90,8626,103,2128,-600
-30,-90,4360,351,9758,600
-30,-90,7517,-775,5667,-1000
-30,-90,3305,-11,7063,-1000
-30,-90,1976,-923,9693,-500
-30,-90,8498,986,1266,900
-30,-90,2246,576,1884,500
-30,-90,6431,-558,5088,-700
-30,-90,4965,-584,8534,400
-30,-90,1272,-292,8731,-500
-30,-90,3233,-804,4337,-800
-30,-90,915,728,7343,-900
-30,-90,4352,-13,4983,100
-30,-90,6032,663,9933,-1000
-30,-90,8054,-798,2391,-600
-30,-90,6157,-416,4833,-600
-30,-90,8797,-461,6896,500
-30,-90,7730,281,7921,900
-30,-90,8186,803,9352,200
-30,-90,8106,-769,2536,-800
-30,-80,7654,238,5248,-400
-30,-80,456,989,1858,0
-30,-80,6110,616,4245,800
-30,-80,4688,309,4897,-300
-30,-80,3505,-710,2181,-600
-30,-80,8323,17,5687,-500
-30,-80,8183,56,8000,-400
-30,-80,9646,-31,5699,-1000
-30,-80,5271,303,4117,600
-30,-80,6262,723,5125,-1000
-30,-80,8151,238,8644,800
-30,-80,3065,-442,3903,300
-30,-80,6878,418,8663,900
-30,-80,379,612,5813,100
-30,-80,3108,794,3988,0
-30,-80,9310,-176,8729,0
-30,-80,8827,514,7240,100
-30,-80,1198,567,3965,300
-30,-80,8359,-180,8834,-200
-30,-80,8390,-749,9546,100
-30,-80,6758,648,9347,900
-30,-80,4505,307,2909,700
-30,-80,8896,825,9376,900
-30,-80,6956,-999,348,100
-30,-80,1954,612,4561,800
-30,-80,7855,70,8540,100
-30,-80,1521,-77,9610,600
-30,-80,6202,-965,4769,-500
-30,-80,147,-488,8644,300
-30,-80,2022,533,1230,-900
-30,-80,5566,397,2067,-1000
-30,-80,5834,-112,2297,-500
-30,-80,1036,874,6079,200
-30,-80,4772,428,7246,0
-30,-80,8887,-215,3334,600
-30,-80,9676,-139,7520,-500
-30,-80,6237,892,948,-200
-30,-80,7846,-976,4506,100
-30,-80,110,27,7708,-500
-30,-80,9512,-324,3608,-500
-30,-80,9600,284,6792,-800
-30,-80,1569,-613,8429,100
-30,-80,6499,34,2484,-300
-30,-80,4746,-704,9717,800
-30,-80,924,-570,3692,-400
-30,-80,9932,-562,2699,-300
-30,-80,990,481,7694,-300
-30,-80,7699,-284,4456,0
-30,-80,8155,144,3144,-300
-30,-80,3119,-126,3879,900
-30,-80,4235,-265,6880,600
-30,-80,2303,-47,1935,-1000
-30,-80,2749,334,8193,100
-30,-80,5713,751,3565,-300
-30,-80,6608,51,3471,0
-30,-80,4880,-496,5258,300
-30,-80,3057,-817,5319,-400
-30,-80,6102,-110,678,-400
-30,-80,6849,-156,5012,-1000
-30,-80,9971,-978,7347,-1000
-30,-80,5548,-356,7265,400
-30,-80,9941,503,3827,800
-30,-80,1045,917,5760,-200
-30,-80,3043,-973,1690,-400
-30,-80,9272,861,5647,300
-30,-80,6742,667,7222,700
-30,-80,2995,70,9847,-400
-30,-80,1160,338,7330,-400
-30,-80,5511,775,5194,400
-30,-80,9545,-761,2030,-300
-30,-80,5026,-434,6101,-1000
-30,-80,6050,126,6530,100
-30,-80,4905,-920,1207,-900
-30,-80,2464,-85,9328,100
-30,-80,4945,476,7343,700
-30,-80,5715,435,6111,-600
-30,-80,9623,-811,1179,-500
-30,-80,379,-901,1013,0
-30,-80,7411,-61,7950,-600
-30,-80,305,461,5541,900
-30,-80,114,414,3595,800
-30,-80,4276,-546,3991,100
-30,-80,462,413,6977,200
-30,-80,84,-669,129,200
-30,-80,5768,-873,7282,-100
-30,-80,3986,-746,4676,900
-30,-80,565,829,7207,200
-30,-80,2246,314,9110,300
-30,-80,5646,565,958,-200
-30,-80,3003,413,1339,500
-30,-80,3386,-587,5271,900
-30,-80,2033,-366,3545,-800
-30,-80,834,740,6656,-800
-30,-80,309,443,4955,600
-30,-80,109,668,1709,-700
-30,-80,1972,947,5259,-300
-30,-80,9145,168,296,300
-30,-80,4244,158,4539,600
-30,-80,3198,-656,6302,600
-30,-80,6808,-843,3334,900
-30,-70,5500,-492,1351,500
-30,-70,3305,428,7814,-500
-30,-70,525,-571,5172,-1000
-30,-70,4981,-58,5849,-900
-30,-70,1608,784,5794,-500
-30,-70,7765,-693,1820,-100
-30,-70,2000,504,5058,600
-30,-70,9831,775,2405,-200
-30,-70,7795,-148,6460,-900
-30,-70,109,-751,6007,600
-30,-70,5703,-91,3373,-800
-30,-70,1208,284,4635,400
-30,-70,3158,-42,122,-1000
-30,-70,6398,736,2631,300
-30,-70,767,-477,2239,500
-30,-70,1985,112,5674,900
-30,-70,8679,792,3279,600
-30,-70,3035,402,3515,0
-30,-70,6776,-609,3676,700
-30,-70,4756,-423,8124,700
-30,-70,3735,729,8554,-600
-30,-70,5897,-977,7936,500
-30,-70,5748,809,7151,-700
-30,-70,6852,408,4482,-700
-30,-70,135,157,6359,-900
-30,-70,5693,-414,1598,-1000
-30,-70,2999,411,9279,-200
-30,-70,117,662,5629,600
-30,-70,8693,639,9315,-700
-30,-70,7885,-815,2503,-300
-30,-70,5821,364,1782,-800
-30,-70,3893,490,3100,-1000
-30,-70,3754,547,2935,500
-30,-70,7264,-79,9104,-500
-30,-70,7352,-430,2743,-600
-30,-70,7626,236,2202,300
-30,-70,8112,324,7805,800
-30,-70,3427,966,4826,300
-30,-70,6355,-963,8055,-200
-30,-70,3162,628,2941,400
-30,-70,9144,14,8104,0
-30,-70,8529,694,697,-800
-30,-70,9478,884,2266,-900
-30,-70,4163,662,2369,-700
-30,-70,7162,622,2060,-200
-30,-70,9330,-22,1367,-1000
-30,-70,8226,124,4171,900
-30,-70,6449,-818,7557,100
-30,-70,9335,943,3664,-700
-30,-70,9476,-906,4218,-1000
-30,-70,6209,126,4879,200
-30,-70,605,-271,4216,500
-30,-70,3984,660,2309,900
-30,-70,9940,925,325,-700
-30,-70,8070,-70,9509,-700
-30,-70,1452,140,7490,-100
-30,-70,1657,-203,5988,900
-30,-70,6286,146,3901,0
-30,-70,8270,-616,4494,800
-30,-70,1326,-71,1356,500
-30,-70,3592,944,9877,0
-30,-70,8976,-611,8069,-800
-30,-70,8797,-839,9277,-1000
-30,-70,153,-817,7017,-900
-30,-70,1485,65,7204,-1000
-30,-70,8690,-42,7167,-400
-30,-70,2755,-419,7545,500
-30,-70,5830,-366,6133,-600
-30,-70,3795,-65,3459,-300
-30,-70,7288,-647,3720,100
-30,-70,2827,-424,4795,-300
-30,-70,2748,881,2489,-600
-30,-70,6243,-665,9310,200
-30,-70,9792,587,9567,-1000
-30,-70,7621,-280,687,-1000
-30,-70,3775,449,3408,900
-30,-70,8989,493,9470,400
-30,-70,6628,101,2616,-1000
-30,-70,5454,-959,9831,-300
-30,-70,6341,-569,2664,-600
-30,-70,9204,630,9885,-600
-30,-70,542,-439,7500,200
-30,-70,5061,-916,9247,-100
-30,-70,5053,332,5533,300
-30,-70,3721,99,712,700
-30,-70,2847,898,7420,900
-30,-70,7761,327,4215,-1000
-30,-70,8674,-888,5822,700
-30,-70,474,-605,9174,-100
-30,-70,2643,-697,7694,800
-30,-70,6658,-471,8469,900
-30,-70,918,-838,9357,200
-30,-70,5769,718,1149,900
-30,-70,6059,-936,2819,800
-30,-70,2863,907,8996,400
-30,-70,2053,-621,2843,-1000
-30,-70,1111,-610,5405,-400
-30,-70,3219,-759,107,0
-30,-70,8337,-455,9203,500
-30,-70,40,404,4084,200
-30,-60,7077,-452,684,500
-30,-60,1887,775,6464,800
-30,-60,6048,-853,3663,-1000
-30,-60,7243,-714,5000,-200
-30,-60,9421,16,6574,100
-30,-60,6395,521,5067,700
-30,-60,9486,-208,6065,-1000
-30,-60,8223,451,9267,-400
-30,-60,8076,627,4280,200
-30,-60,575,885,9895,0
-30,-60,5245,142,2764,-1000
-30,-60,3456,487,4606,100
-30,-60,794,972,7013,-400
-30,-60,2156,344,4517,-1000
-30,-60,9313,-206,9996,-1000
-30,-60,1376,-833,5972,-400
-30,-60,5958,-96,6767,300
-30,-60,9884,-3,6755,600
-30,-60,7746,195,2320,300
-30,-60,1869,-918,6444,-800
-30,-60,8196,118,1137,100
-30,-60,4274,645,8850,900
-30,-60,2021,852,1626,100
-30,-60,1908,-421,7474,0
-30,-60,4690,786,7056,-200
-30,-60,59,899,8250,500
-30,-60,4716,210,8719,-200
-30,-60,8549,902,9783,-1000
-30,-60,1367,899,1064,400
-30,-60,8905,302,4399,-1000
-30,-60,1504,317,1334,900
-30,-60,7922,511,5354,-700
-30,-60,5783,-577,5976,-300
-30,-60,3329,-938,4712,-700
-30,-60,1924,364,3801,-600
-30,-60,8606,423,9087,500
-30,-60,8554,308,9037,100
-30,-60,9001,-947,2670,-100
-30,-60,9028,-506,8984,200
-30,-60,7147,-963,1581,-300
-30,-60,9792,773,4330,-700
-30,-60,6983,569,7798,300
-30,-60,673,-190,6673,400
-30,-60,2421,958,1093,900
-30,-60,1766,182,3352,700
-30,-60,9423,-378,9194,800
-30,-60,8353,-834,8171,-1000
-30,-60,2203,523,4463,500
-30,-60,48,616,2816,800
-30,-60,7391,-991,4638,200
-30,-60,563,934,1907,-100
-30,-60,751,-678,6969,-800
-30,-60,9831,346,223,-400
-30,-60,9094,192,9282,-200
-30,-60,7137,510,5751,100
-30,-60,2560,210,5874,-200
-30,-60,923,-314,1404,-300
-30,-60,8614,-617,24,-300
-30,-60,4069,-114,8758,-400
-30,-60,5,319,3161,-100
-30,-60,7369,-414,8276,100
-30,-60,4533,-760,187,500
-30,-60,7865,-425,9757,-200
-30,-60,4420,937,5409,400
-30,-60,9322,-204,9872,-400
-30,-60,2687,949,2803,-700
-30,-60,307,904,846,-100
-30,-60,229,-336,4045,300
-30,-60,597,-150,8538,-1000
-30,-60,2772,-999,3576,-500
-30,-60,8192,611,2397,-1000
-30,-60,6252,966,3478,-100
-30,-60,273,811,7339,-900
-30,-60,5725,42,485,600
-30,-60,5716,855,3601,-200
-30,-60,3012,-105,9770,500
-30,-60,1049,127,6770,-900
-30,-60,1790,-814,6409,-900
-30,-60,55,-883,1641,900
-30,-60,8394,569,5328,-900
-30,-60,1550,572,1632,300
-30,-60,1432,90,7454,900
-30,-60,6470,766,3334,600
-30,-60,4255,832,4416,900
-30,-60,9524,-415,7424,700
-30,-60,9415,801,6442,300
-30,-60,9426,871,5996,300
-30,-60,9524,224,746,-800
-30,-60,3480,45,8282,600
-30,-60,2722,-492,8947,-1000
-30,-60,8753,124,3831,100
-30,-60,3784,985,9975,600
-30,-60,2904,216,8018,-1000
-30,-60,6498,-463,198,-700
-30,-60,2695,834,5691,-400
-30,-60,8096,-64,9413,-1000
-30,-60,5803,84,7130,600
-30,-60,7453,37,3252,-200
-30,-60,2063,-98,76,600
-30,-60,9855,-864,808,-1000
-30,-50,9969,-632,2054,600
-30,-50,4610,91,3065,900
-30,-50,1617,-911,368,300
-30,-50,9183,-251,2984,-1000
-30,-50,4663,810,8812,-200
-30,-50,5031,607,5469,700
-30,-50,5823,-633,1873,-900
-30,-50,151,692,7056,700
-30,-50,3632,867,7730,900
-30,-50,3253,-402,235,-1000
-30,-50,7311,599,6214,-500
-30,-50,1591,-559,6444,200
-30,-50,9939,581,6634,200
-30,-50,2996,149,6461,400
-30,-50,4760,-730,5345,600
-30,-50,5217,-545,83,-800
-30,-50,502,504,1694,-800
-30,-50,1054,-940,2722,-700
-30,-50,3325,824,8450,0
-30,-50,2195,-250,63,900
-30,-50,7974,-952,4771,-300
-30,-50,3249,-632,5106,-100
-30,-50,8298,722,1053,-1000
-30,-50,6068,-962,8837,-1000
-30,-50,3416,-411,289,0
-30,-50,7034,103,4694,-500
-30,-50,2665,458,1579,-1000
-30,-50,5974,-204,553,-500
-30,-50,4341,8,3014,500
-30,-50,1960,401,3586,-800
-30,-50,8968,-866,4052,-700
-30,-50,2257,-934,8861,-400
-30,-50,5747,831,63,200
-30,-50,2824,83,7400,0
-30,-50,2805,-165,3471,700
-30,-50,1191,519,2970,600
-30,-50,2678,187,7388,-100
-30,-50,9204,-665,9684,-800
-30,-50,2135,315,9002,500
-30,-50,2242,687,7073,900
-30,-50,3122,786,8434,-100
-30,-50,9947,321,9684,-300
-30,-50,5398,983,1828,600
-30,-50,4924,-384,3055,-700
-30,-50,5454,-340,7427,100
-30,-50,9540,739,5153,-600
-30,-50,8500,-744,2093,-100
-30,-50,2155,158,8072,900
-30,-50,3626,-711,5151,-700
-30,-50,279,164,4607,-600
-30,-50,2719,169,5021,-200
-30,-50,6688,-679,1065,-600
-30,-50,5477,783,8245,900
-30,-50,8293,440,7919,800
-30,-50,4500,235,7354,-1000
-30,-50,9626,395,278,-1000
-30,-50,1476,-71,6055,-400
-30,-50,2030,168,2915,600
-30,-50,8857,-886,6519,900
-30,-50,8864,-466,9662,900
-30,-50,2611,-407,505,900
-30,-50,6029,-513,375,-400
-30,-50,729,-364,6961,300
-30,-50,8975,-223,6520,200
-30,-50,9584,345,9645,-1000
-30,-50,6761,221,615,-800
-30,-50,2719,915,1949,-800
-30,-50,437,-980,915,-1000
-30,-50,78,262,3176,-300
-30,-50,3900,-140,7922,-400
-30,-50,8267,-413,8747,-500
-30,-50,1709,-927,206,-200
-30,-50,7419,-716,7253,100
-30,-50,2973,650,9215,-1000
-30,-50,4352,-618,5549,600
-30,-50,4929,-827,4499,-400
-30,-50,3051,-427,7037,600
-30,-50,7318,-333,2672,500
-30,-50,520,539,4170,100
-30,-50,541,531,2969,200
-30,-50,9412,782,9891,600
-30,-50,7244,731,9924,-1000
-30,-50,841,109,3931,-300
-30,-50,2364,-343,2845,-700
-30,-50,9106,804,2168,-500
-30,-50,3372,-127,4528,-700
-30,-50,9388,878,9457,200
-30,-50,1354,498,3621,100
-30,-50,1474,215,7788,200
-30,-50,8046,596,9354,0
-30,-50,2912,455,7732,-900
-30,-50,4557,-636,8164,400
-30,-50,8409,-672,5273,-600
-30,-50,8269,813,8745,900
-30,-50,6011,794,7664,900
-30,-50,3211,-106,2809,400
-30,-50,1782,-509,2922,-600
-30,-50,9772,-354,1522,900
-30,-50,3770,967,9584,-800
-30,-50,9560,-333,8588,600
-30,-40,2996,681,1605,-300
-30,-40,5498,-250,7235,-900
-30,-40,7013,-341,3878,-200
-30,-40,6519,981,6165,400
-30,-40,4772,-864,1110,300
-30,-40,928,-444,8695,-100
-30,-40,5226,-271,5426,-1000
-30,-40,737,516,9201,700
-30,-40,642,-753,7278,300
-30,-40,1383,145,2277,-300
-30,-40,8079,543,978,700
-30,-40,3617,-775,2649,-1000
-30,-40,2494,311,1019,-300
-30,-40,8601,384,8775,900
-30,-40,8700,-505,2768,-600
-30,-40,9738,-318,6711,800
-30,-40,1657,-533,333,-300
-30,-40,5663,208,2524,200
-30,-40,9470,869,447,-700
-30,-40,3742,453,8710,300
-30,-40,3959,612,9624,-500
-30,-40,4114,-174,6471,-1000
-30,-40,4707,-727,645,-800
-30,-40,3970,138,4179,800
-30,-40,2498,-188,3332,-900
-30,-40,1129,-338,7385,0
-30,-40,8284,695,2930,-500
-30,-40,6159,775,2995,300
-30,-40,8705,-26,6455,-800
-30,-40,5554,-386,4026,900
-30,-40,1857,-332,4251,0
-30,-40,2123,-916,5949,-900
-30,-40,934,-498,729,-1000
-30,-40,7532,15,4567,-1000
-30,-40,6424,-553,3284,-500
-30,-40,4435,462,9694,-300
-30,-40,3441,-186,7354,-1000
-30,-40,6355,794,7744,600
-30,-40,8029,-845,8875,-800
-30,-40,1575,657,2833,-1000
-30,-40,7827,456,4329,-100
-30,-40,6549,848,9255,-900
-30,-40,2655,115,4985,600
-30,-40,902,468,4796,500
-30,-40,9758,-693,2536,-100
-30,-40,2363,-864,6629,900
-30,-40,7882,-947,651,-800
-30,-40,6452,-602,9996,-100
-30,-40,2,114,5970,-500
-30,-40,8158,441,1256,100
-30,-40,8341,8,1455,100
-30,-40,7234,-61,8935,-1000
-30,-40,8292,-426,8775,-500
-30,-40,5848,-368,6809,600
-30,-40,6096,-388,9601,-1000
-30,-40,1709,-970,9149,600
-30,-40,263,-332,742,-300
-30,-40,8391,-703,9186,-300
-30,-40,9811,-718,8478,-1000
-30,-40,8770,617,2564,-900
-30,-40,4633,-631,8357,0
-30,-40,9219,-215,9699,-400
-30,-40,3217,426,2284,-900
-30,-40,8621,-602,9145,500
-30,-40,9461,-658,6451,-300
-30,-40,8443,-788,4805,500
-30,-40,1329,-964,8641,-300
-30,-40,51,-342,9869,300
-30,-40,7744,-95,3740,600
-30,-40,482,655,1073,400
-30,-40,2682,-119,5636,300
-30,-40,2105,-388,2875,900
-30,-40,7815,949,1904,900
-30,-40,9535,-960,9129,900
-30,-40,5921,-818,6987,-1000
-30,-40,9055,725,5059,0
-30,-40,6767,-693,9638,-100
-30,-40,3933,726,8509,700
-30,-40,8807,-491,304,-1000
-30,-40,8050,19,2995,-900
-30,-40,5176,948,1929,-100
-30,-40,9158,-932,2791,-500
-30,-40,622,927,2970,600
-30,-40,621,-147,39,-800
-30,-40,6142,138,1770,-400
-30,-40,2543,681,4756,500
-30,-40,5504,322,861,100
-30,-40,345,656,1159,-1000
-30,-40,4986,-894,4870,-100
-30,-40,3121,683,4244,500
-30,-40,9425,960,9775,-700
-30,-40,6727,811,9739,-200
-30,-40,8033,-660,662,700
-30,-40,7898,239,4,-1000
-30,-40,6398,-735,2062,-800
-30,-40,1721,-715,983,0
-30,-40,4425,842,5938,-900
-30,-40,341,-366,821,-400
-30,-40,2804,873,8650,200
-30,-40,4395,-820,339,-600
-30,-30,4200,-777,1063,-800
-30,-30,8564,739,4227,-1000
-30,-30,2463,-740,5025,100
-30,-30,9389,160,2235,-1000
-30,-30,7107,672,3967,600
-30,-30,489,-284,9535,-900
-30,-30,7253,682,8704,-800
-30,-30,3867,831,6446,-400
-30,-30,4756,-460,170,700
-30,-30,4377,-692,2988,-1000
-30,-30,3391,712,3789,-1000
-30,-30,9073,733,710,-1000
-30,-30,4720,293,5740,100
-30,-30,3696,85,1877,-900
-30,-30,6923,967,2180,400
-30,-30,7303,184,1303,-100
-30,-30,957,938,6434,-600
-30,-30,4037,402,9588,600
-30,-30,8687,-377,2324,300
-30,-30,829,-89,1780,-1000
-30,-30,8919,884,6465,-1000
-30,-30,9443,-653,2838,-100
-30,-30,2005,654,3717,-300
-30,-30,2307,490,9886,-300
-30,-30,421,751,8276,-300
-30,-30,6591,-398,4452,-200
-30,-30,7738,-849,6159,400
-30,-30,8029,992,2605,900
-30,-30,9094,491,2718,-700
-30,-30,3809,848,8534,-100
-30,-30,5139,-312,4891,900
-30,-30,9600,290,8802,900
-30,-30,8070,-254,3419,-600
-30,-30,1424,-293,2981,-1000
-30,-30,506,721,3275,800
-30,-30,5811,-86,6003,-400
-30,-30,1993,-934,2473,-1000
-30,-30,7712,-159,8066,-400
-30,-30,6205,35,3069,-200
-30,-30,266,620,8940,700
-30,-30,4207,-608,903,900
-30,-30,3219,-246,3471,400
-30,-30,8148,365,7594,-700
-30,-30,8366,246,9551,500
-30,-30,6262,903,8142,300
-30,-30,3626,457,2816,800
-30,-30,9271,-422,5435,-1000
-30,-30,7869,-1000,9280,-800
-30,-30,8965,-610,214,-900
-30,-30,2076,739,3927,900
-30,-30,1477,-352,9707,-900
-30,-30,2386,-155,3017,0
-30,-30,2367,-430,4948,700
-30,-30,4860,-311,8781,-600
-30,-30,2838,909,1484,-400
-30,-30,6316,-391,1512,-400
-30,-30,1492,-127,6068,0
-30,-30,865,797,9398,700
-30,-30,2477,553,1045,900
-30,-30,5300,411,8886,-500
-30,-30,1311,-598,4079,-400
-30,-30,882,996,4435,-1000
-30,-30,4416,-362,8993,-300
-30,-30,8152,-613,1428,-600
-30,-30,191,-321,2975,700
-30,-30,1828,-562,9809,900
-30,-30,4789,-984,6663,400
-30,-30,6810,-109,7826,0
-30,-30,4818,45,9349,800
-30,-30,8146,-25,2669,0
-30,-30,7341,1,1279,-1000
-30,-30,4805,896,2965,-800
-30,-30,2852,-142,3834,-1000
-30,-30,4461,1000,1325,800
-30,-30,6855,254,7112,-200
-30,-30,7959,252,5814,-1000
-30,-30,429,827,5032,900
-30,-30,6460,-626,6775,-700
-30,-30,6049,815,4721,900
-30,-30,5891,-642,331,-700
-30,-30,6688,940,7372,-700
-30,-30,8923,550,5926,500
-30,-30,2451,196,6333,500
-30,-30,9362,-350,4069,400
-30,-30,6656,-405,955,-900
-30,-30,4690,-296,4258,-200
-30,-30,242,-425,3150,500
-30,-30,2225,-805,6541,-900
-30,-30,169,191,9104,-400
-30,-30,4555,402,9472,-800
-30,-30,103,170,9451,-1000
-30,-30,3247,955,3851,500
-30,-30,5780,949,542,-300
-30,-30,8461,195,9249,900
-30,-30,7254,-792,8070,200
-30,-30,7171,-172,5048,400
-30,-30,2166,-1,9238,900
-30,-30,156,-403,364,0
-30,-30,7192,497,7996,-100
-30,-30,5286,-855,9862,-1000
-30,-20,8059,708,8549,800
-30,-20,9182,114,6053,500
-30,-20,2824,-704,4948,700
-30,-20,3411,424,5180,-400
-30,-20,2354,976,5024,-100
-30,-20,6477,156,7826,-100
-30,-20,4636,354,7639,-500
-30,-20,9574,208,9988,-900
-30,-20,1534,192,2138,400
-30,-20,783,-23,3549,-300
-30,-20,4228,-147,2751,-500
-30,-20,2237,205,2716,300
-30,-20,91,447,8079,-100
-30,-20,6914,-149,9548,900
-30,-20,5304,-512,3335,900
-30,-20,3447,706,9206,-900
-30,-20,4515,848,6717,400
-30,-20,1000,-406,6084,-200
-30,-20,6225,697,7937,900
-30,-20,9349,582,531,600
-30,-20,384,-589,9336,-600
-30,-20,8908,667,1835,400
-30,-20,2362,-620,2972,-800
-30,-20,5012,906,8527,-200
-30,-20,5769,753,8537,700
-30,-20,1600,640,6377,-800
-30,-20,9140,-211,3574,-400
-30,-20,9923,-337,1468,-200
-30,-20,5679,825,3221,-1000
-30,-20,8836,-349,3266,-300
-30,-20,5509,337,195,700
-30,-20,7382,-278,5921,-100
-30,-20,8002,637,8481,700
-30,-20,1604,814,9338,800
-30,-20,4564,-500,4165,900
-30,-20,1618,208,4010,-200
-30,-20,710,-280,4371,-1000
-30,-20,7025,611,7505,700
-30,-20,2307,876,7690,300
-30,-20,3168,926,8100,-200
-30,-20,5579,211,8701,-100
-30,-20,4167,-330,159,-1000
-30,-20,1139,722,2286,900
-30,-20,5346,979,5797,-900
-30,-20,401,-632,9079,-300
-30,-20,7793,-98,4657,-100
-30,-20,5939,131,4248,-600
-30,-20,1699,659,6273,800
-30,-20,827,-714,7888,-400
-30,-20,2240,972,7308,-500
-30,-20,9923,-459,7114,-600
-30,-20,1769,-283,6345,-700
-30,-20,1548,-192,7535,-700
-30,-20,1790,-269,1647,-200
-30,-20,4215,-781,9578,-1000
-30,-20,4988,222,1481,500
-30,-20,7111,-192,5535,-600
-30,-20,602,304,3365,0
-30,-20,3020,649,7645,-1000
-30,-20,7801,-250,5544,300
-30,-20,9802,552,399,-600
-30,-20,8891,810,2364,-400
-30,-20,5177,657,3973,300
-30,-20,4340,943,6004,600
-30,-20,8961,-100,3444,-300
-30,-20,5631,-655,8022,-1000
-30,-20,8869,-454,7147,300
-30,-20,694,-827,648,700
-30,-20,7234,-619,1087,-1000
-30,-20,8165,-374,9152,500
-30,-20,4085,319,9307,-800
-30,-20,2383,487,3839,-600
-30,-20,3749,-176,6517,-100
-30,-20,6507,531,2395,600
-30,-20,2702,168,4958,-700
-30,-20,5680,-28,3225,-200
-30,-20,6427,-872,6910,-600
-30,-20,9623,-214,5650,-200
-30,-20,665,-733,580,600
-30,-20,435,-785,9863,-900
-30,-20,698,-604,3864,100
-30,-20,8297,729,6785,-600
-30,-20,8101,-761,3343,-200
-30,-20,6201,-135,9965,800
-30,-20,7138,899,8610,700
-30,-20,4996,-936,5773,-1000
-30,-20,7287,26,6630,-700
-30,-20,6427,13,2736,0
-30,-20,8928,243,3956,-700
-30,-20,8318,459,4519,-100
-30,-20,26,-443,7744,900
-30,-20,9840,465,4615,-1000
-30,-20,2978,-296,943,-900
-30,-20,3910,801,2358,-400
-30,-20,7574,-330,2956,-800
-30,-20,2190,-778,9808,800
-30,-20,7437,-288,4295,-1000
-30,-20,8412,34,3620,-1000
-30,-20,3428,-594,3000,-400
-30,-20,622,170,6570,-1000
-30,-10,251,308,7458,-800
-30,-10,8040,813,7268,-800
-30,-10,4745,-126,5636,-700
-30,-10,1650,-991,6005,-300
-30,-10,989,-597,9575,200
-30,-10,2843,778,656,0
-30,-10,319,-835,6605,900
-30,-10,6561,1000,1286,-700
-30,-10,7576,-610,6225,-700
-30,-10,7975,-669,8457,-800
-30,-10,9026,88,5191,-100
-30,-10,1562,-531,1845,500
-30,-10,5122,-79,5602,-300
-30,-10,8867,936,7636,-1000
-30,-10,2756,-114,4590,600
-30,-10,3073,-70,1819,-800
-30,-10,6271,175,7963,900
-30,-10,8631,-663,391,800
-30,-10,7202,58,6087,600
-30,-10,3778,-58,4230,-400
-30,-10,3443,402,4041,-200
-30,-10,8331,367,1650,400
-30,-10,8289,637,4602,-900
-30,-10,8716,560,1087,500
-30,-10,8073,-649,3041,-100
-30,-10,1501,-60,9924,-300
-30,-10,5755,399,1402,-400
-30,-10,4158,502,5361,0
-30,-10,7957,-607,4821,-500
-30,-10,2381,-501,850,-900
-30,-10,2602,316,4523,-1000
-30,-10,604,-376,6577,-400
-30,-10,6768,-713,5685,300
-30,-10,6211,141,730,-400
-30,-10,7127,-989,8442,700
-30,-10,3558,255,4408,100
-30,-10,2283,-930,9147,-1000
-30,-10,4788,6,7816,900
-30,-10,2457,-635,7354,500
-30,-10,2487,945,8225,-400
-30,-10,7628,-730,2204,-700
-30,-10,5335,368,9446,-300
-30,-10,9440,-566,9678,-200
-30,-10,1383,-746,6925,-200
-30,-10,9782,479,6005,-700
-30,-10,1748,-956,4517,-1000
-30,-10,5654,694,2562,-600
-30,-10,8458,-283,8187,0
-30,-10,7518,812,5324,-400
-30,-10,2673,581,4150,-400
-30,-10,6842,761,7694,-300
-30,-10,4915,786,6276,600
-30,-10,1989,442,9702,900
-30,-10,2669,478,2756,800
-30,-10,4517,460,4635,-500
-30,-10,1034,114,535,-200
-30,-10,4782,55,9300,900
-30,-10,1784,-11,7812,-800
-30,-10,7255,165,2950,600
-30,-10,5548,-814,2413,-900
-30,-10,9964,484,4540,600
-30,-10,8188,-227,7567,900
-30,-10,8100,654,1912,-800
-30,-10,1905,-180,9379,600
-30,-10,5546,963,8403,400
-30,-10,1258,-54,8226,900
-30,-10,8213,171,7074,-500
-30,-10,941,-789,656,-1000
-30,-10,416,-780,6084,-200
-30,-10,5774,271,765,900
-30,-10,6834,-783,9601,-800
-30,-10,2139,481,6881,900
-30,-10,9347,515,7413,-1000
-30,-10,2493,626,4187,-500
-30,-10,6963,-151,7766,600
-30,-10,7368,-953,3864,-500
-30,-10,7521,-99,6855,800
-30,-10,4310,-174,4789,100
-30,-10,5575,-886,7103,700
-30,-10,9629,724,7617,900
-30,-10,1655,506,4294,100
-30,-10,6093,474,5948,700
-30,-10,7651,456,536,800
-30,-10,5617,-205,4599,-300
-30,-10,6530,-549,9298,-600
